"sp_id","pressure_score"
248100,0.200357265194835
248200,0.0625047240434004
248400,0.0367945269305526
248500,0
248600,0
258410,0
258420,0
258431,0
258432,0
258441,0
258442,0
288100,0
288200,0
288300,0.0946280798537624
