"rgn_id","score"
248100,0.246084
248200,0.322324
248300,0.22307
248400,0.263633
248500,NaN
248600,0.333393
258410,0.338297
258420,0.290773
258431,0.390972
258432,0.35766
258441,0.384525
258442,0.35034
258510,0.137652
258520,0.381804
258600,0.185047
258700,0.0676913
288100,0.323835
288200,0.32414
288300,0.31807
