"rgn_id","resilience.score"
260,0
261,0.749903457818162
262,0.699381868415686
263,0.892857143
264,0.836244993458598
266,0.732895854208811
267,0.591824074115111
269,0.471684087975772
270,0.546282533031336
272,0.435615601721776
273,0.385958994594974
274,0.471701681028235
275,0.373746305380552
276,0.505532750735519
277,0.697388996230162
