"rgn_id","score"
9,0.0239152969050793
14,0.0875642343268244
15,0.468725033047167
17,0.00565484574373731
18,0.0152967869428384
24,0.0596360447270337
25,0.13214205270666
132,0.0153205976924531
205,0.0326678293463831
206,0.293686760723956
207,0.495137734714806
208,0.0148423005565863
216,0.450844831734265
231,0.114714424007744
255,0.314874264312466
