"rgn_id","year","value"
1,2005,0.678241241276429
1,2006,0.688069104465706
1,2007,0.701735718708172
1,2008,0.70096125401382
1,2009,0.696967077872618
1,2010,0.7004794168488
1,2011,0.708911350198529
1,2012,0.722711611665796
1,2013,0.732478407758385
1,2014,0.743578291239559
1,2015,0.75210031645647
1,2016,0.761896415153238
1,2017,0.768936632424155
1,2018,0.780523555258378
1,2019,0.786075844851402
1,2020,0.770131253662793
1,2021,0.792747314489698
1,2022,0.815072335708307
1,2023,0.812519106720927
2,2005,0.678241241276429
2,2006,0.688069104465706
2,2007,0.701735718708172
2,2008,0.70096125401382
2,2009,0.696967077872618
2,2010,0.7004794168488
2,2011,0.708911350198529
2,2012,0.722711611665796
2,2013,0.732478407758385
2,2014,0.743578291239559
2,2015,0.75210031645647
2,2016,0.761896415153238
2,2017,0.768936632424155
2,2018,0.780523555258378
2,2019,0.786075844851402
2,2020,0.770131253662793
2,2021,0.792747314489698
2,2022,0.815072335708307
2,2023,0.812519106720927
3,2005,0.678241241276429
3,2006,0.688069104465706
3,2007,0.701735718708172
3,2008,0.70096125401382
3,2009,0.696967077872618
3,2010,0.7004794168488
3,2011,0.708911350198529
3,2012,0.722711611665796
3,2013,0.732478407758385
3,2014,0.743578291239559
3,2015,0.75210031645647
3,2016,0.761896415153238
3,2017,0.768936632424155
3,2018,0.780523555258378
3,2019,0.786075844851402
3,2020,0.770131253662793
3,2021,0.792747314489698
3,2022,0.815072335708307
3,2023,0.812519106720927
4,2005,0.678241241276429
4,2006,0.688069104465706
4,2007,0.701735718708172
4,2008,0.70096125401382
4,2009,0.696967077872618
4,2010,0.7004794168488
4,2011,0.708911350198529
4,2012,0.722711611665796
4,2013,0.732478407758385
4,2014,0.743578291239559
4,2015,0.75210031645647
4,2016,0.761896415153238
4,2017,0.768936632424155
4,2018,0.780523555258378
4,2019,0.786075844851402
4,2020,0.770131253662793
4,2021,0.792747314489698
4,2022,0.815072335708307
4,2023,0.812519106720927
5,2005,0.0700146676366968
5,2006,0.0714336347407274
5,2007,0.0714920140183249
5,2008,0.0719150248982511
5,2009,0.0717528780280288
5,2010,0.0740925181525331
5,2011,0.0753231912557909
5,2012,0.075823203262713
5,2013,0.0777771609103032
5,2014,0.0813903296252488
5,2015,0.0835356554674045
5,2016,0.0856158657997227
5,2017,0.0887685524695575
5,2018,0.0903131271836566
5,2019,0.0904245294490678
5,2020,0.0793201820511852
5,2021,0.076225301232472
5,2022,0.0843508372414417
5,2023,0.0879787500896724
6,2005,0.0449373265064049
6,2006,0.0475825264961858
6,2007,0.0477886195817269
6,2008,0.0492557829802598
6,2009,0.0495370762839034
6,2010,0.048982753429693
6,2011,0.0493464274632937
6,2012,0.0486788919094754
6,2013,0.047750023379953
6,2014,0.0480814825704442
6,2015,0.0471210881932364
6,2016,0.0481495511098554
6,2017,0.0499529667031435
6,2018,0.0501812429365298
6,2019,0.0505983131652192
6,2020,0.0469492242794068
6,2021,0.0451411648620769
6,2022,0.0449355672434168
6,2023,0.0448636401835139
7,2005,0.0343963468293596
7,2006,0.0350253018505047
7,2007,0.0354952198438789
7,2008,0.0368734377620352
7,2009,0.0370793552136867
7,2010,0.0397336103224606
7,2011,0.0416584324622287
7,2012,0.0416300200836793
7,2013,0.0427120046369435
7,2014,0.0421339732255301
7,2015,0.0417713978282851
7,2016,0.0430076848292825
7,2017,0.0432605536177635
7,2018,0.043395677690014
7,2019,0.0431245906002287
7,2020,0.0406900341821308
7,2021,0.0407512289357045
7,2022,0.0407840870764656
7,2023,0.0410713770770395
8,2005,0.260919733819408
8,2006,0.263412887520921
8,2007,0.2715347790797
8,2008,0.26016341588836
8,2009,0.244811174296862
8,2010,0.246360584214334
8,2011,0.263229382157633
8,2012,0.270895244160348
8,2013,0.264750173872259
8,2014,0.278908234476633
8,2015,0.306131766835046
8,2016,0.308451869071919
8,2017,0.297183581939408
8,2018,0.298614226704948
8,2019,0.300455443960378
8,2020,0.276851557900761
8,2021,0.23695256561703
8,2022,0.235688745661502
8,2023,0.236706314991438
9,2005,0.056531741760712
9,2006,0.0568131561969071
9,2007,0.0561615099690233
9,2008,0.0552263441060645
9,2009,0.0562627174357469
9,2010,0.0576836448198989
9,2011,0.059357968019501
9,2012,0.058064184661133
9,2013,0.0557334235920523
9,2014,0.0542410781665968
9,2015,0.0565209669295962
9,2016,0.0565553692715442
9,2017,0.0567600873710569
9,2018,0.0565047593360241
9,2019,0.0585734640681131
9,2020,0.0570525676717936
9,2021,0.0581186530274964
9,2022,0.0571445802042883
9,2023,0.0570629498685491
10,2005,0.0698062171153864
10,2006,0.0640141614666093
10,2007,0.0611972721445052
10,2008,0.107720185596707
10,2009,0.10183515010337
10,2010,0.101755599160998
10,2011,0.116242926787512
10,2012,0.142330062613709
10,2013,0.144734799326431
10,2014,0.163892963823948
10,2015,0.165783441599755
10,2016,0.168830222686664
10,2017,0.154794873887075
10,2018,0.150368083213182
10,2019,0.160421690519469
10,2020,0.160526620739897
10,2021,0.170260751303656
10,2022,0.171779786635971
10,2023,0.171473476496033
11,2005,0.0584249331427711
11,2006,0.0586925833188388
11,2007,0.0608886369207363
11,2008,0.0564648946482569
11,2009,0.0587967290950834
11,2010,0.0622046900373384
11,2011,0.0625929202382619
11,2012,0.0626824627805539
11,2013,0.0660218526314708
11,2014,0.0664651921897147
11,2015,0.0692470999281483
11,2016,0.0723140580309127
11,2017,0.076829579329443
11,2018,0.0832921778362285
11,2019,0.0945108904055341
11,2020,0.0946024325452119
11,2021,0.0987552277893525
11,2022,0.0992231003740778
11,2023,0.101382626373336
12,2005,0.0956722247299253
12,2006,0.0953801706490264
12,2007,0.0968276129694336
12,2008,0.102454848053955
12,2009,0.0987886801346284
12,2010,0.0999936584209132
12,2011,0.106790388199367
12,2012,0.113573178050178
12,2013,0.113417904549371
12,2014,0.119857938390135
12,2015,0.127394172374796
12,2016,0.129527084688945
12,2017,0.125572642710557
12,2018,0.126368672038325
12,2019,0.131548507605003
12,2020,0.126353852523515
12,2021,0.121935261268341
12,2022,0.122066639831667
12,2023,0.122857189311979
13,2005,0.0956722247299253
13,2006,0.0953801706490264
13,2007,0.0968276129694336
13,2008,0.102454848053955
13,2009,0.0987886801346284
13,2010,0.0999936584209132
13,2011,0.106790388199367
13,2012,0.113573178050178
13,2013,0.113417904549371
13,2014,0.119857938390135
13,2015,0.127394172374796
13,2016,0.129527084688945
13,2017,0.125572642710557
13,2018,0.126368672038325
13,2019,0.131548507605003
13,2020,0.126353852523515
13,2021,0.121935261268341
13,2022,0.122066639831667
13,2023,0.122857189311979
14,2005,0.395989700775532
14,2006,0.409897025517889
14,2007,0.426201178898832
14,2008,0.430949771762883
14,2009,0.423267748819651
14,2010,0.447255302999944
14,2011,0.45778489490317
14,2012,0.468565274959685
14,2013,0.482651468792015
14,2014,0.49310985724852
14,2015,0.505826780149135
14,2016,0.517549979321393
14,2017,0.532603996672423
14,2018,0.545019080473901
14,2019,0.553605820282418
14,2020,0.54462682051657
14,2021,0.569471512306677
14,2022,0.58238986360523
14,2023,0.596675243043058
15,2005,0.0825235363885625
15,2006,0.08528874247954
15,2007,0.0891655637051581
15,2008,0.0913152868906464
15,2009,0.0909488382485495
15,2010,0.0958764738698282
15,2011,0.0978172245501946
15,2012,0.10275633915826
15,2013,0.107857987260439
15,2014,0.112865117460761
15,2015,0.118042486727601
15,2016,0.124258098002699
15,2017,0.130551016733676
15,2018,0.136489392030073
15,2019,0.142462885146983
15,2020,0.126823033039123
15,2021,0.132081768073699
15,2022,0.140030706219954
15,2023,0.145556603244727
16,2005,0.74004664002819
16,2006,0.750244334967552
16,2007,0.764474282226786
16,2008,0.776179238688317
16,2009,0.774737306044573
16,2010,0.77976147800305
16,2011,0.787526436384871
16,2012,0.804221414603373
16,2013,0.8110999316446
16,2014,0.81992713853948
16,2015,0.826006396833862
16,2016,0.835805028643619
16,2017,0.841216826240109
16,2018,0.852811699275932
16,2019,0.858632061902675
16,2020,0.845268000798966
16,2021,0.861903396126483
16,2022,0.887332352532046
16,2023,0.892685494944579
17,2005,0.047379552796819
17,2006,0.0483837819195135
17,2007,0.0505607926243241
17,2008,0.0488789241785225
17,2009,0.0506358503293998
17,2010,0.0541144812545479
17,2011,0.0531483192922811
17,2012,0.0540995501596935
17,2013,0.0546764524880353
17,2014,0.0604788913345966
17,2015,0.062838796583935
17,2016,0.0646720198816327
17,2017,0.0653739131831651
17,2018,0.0636929407039092
17,2019,0.0650594494264018
17,2020,0.0616602118712628
17,2021,0.0599505083445842
17,2022,0.061846154737237
17,2023,0.0623527378713307
18,2005,0.153345444414204
18,2006,0.154742928696706
18,2007,0.15212342402337
18,2008,0.152651954672187
18,2009,0.149759230285125
18,2010,0.153539227603431
18,2011,0.15713958580536
18,2012,0.158884350898004
18,2013,0.165970163136281
18,2014,0.174866971370424
18,2015,0.182411339264162
18,2016,0.18663420737812
18,2017,0.196486776374158
18,2018,0.203982647404173
18,2019,0.202915764604421
18,2020,0.16798125787194
18,2021,0.159058302787522
18,2022,0.189837539908648
18,2023,0.203627245226806
19,2005,0.0545023276627386
19,2006,0.0551748097544165
19,2007,0.058422716717706
19,2008,0.061571355344548
19,2009,0.056968884700999
19,2010,0.0549531641634375
19,2011,0.0578770740238751
19,2012,0.0558419404838522
19,2013,0.0579282800970139
19,2014,0.0580292652627945
19,2015,0.0642035774862429
19,2016,0.0679940216042263
19,2017,0.0698131793780963
19,2018,0.0705406442368922
19,2019,0.0796239497223846
19,2020,0.0754419727214443
19,2021,0.0758776279205348
19,2022,0.0756622147481244
19,2023,0.0779981413959329
20,2005,0.471703053390369
20,2006,0.493934077042781
20,2007,0.51994642936163
20,2008,0.531560744477097
20,2009,0.533023966318252
20,2010,0.56646599597635
20,2011,0.582844861727868
20,2012,0.593718412530525
20,2013,0.609725957217321
20,2014,0.62531189108614
20,2015,0.639496649869524
20,2016,0.655734395345816
20,2017,0.674555264036617
20,2018,0.691164475501085
20,2019,0.704219982191816
20,2020,0.698260786521482
20,2021,0.72925742977787
20,2022,0.749714833608223
20,2023,0.759297952834216
21,2005,0.395989700775532
21,2006,0.409897025517889
21,2007,0.426201178898832
21,2008,0.430949771762883
21,2009,0.423267748819651
21,2010,0.447255302999944
21,2011,0.45778489490317
21,2012,0.468565274959685
21,2013,0.482651468792015
21,2014,0.49310985724852
21,2015,0.505826780149135
21,2016,0.517549979321393
21,2017,0.532603996672423
21,2018,0.545019080473901
21,2019,0.553605820282418
21,2020,0.54462682051657
21,2021,0.569471512306677
21,2022,0.58238986360523
21,2023,0.596675243043058
24,2005,0.0342006088348651
24,2006,0.0372345214056448
24,2007,0.040327941840861
24,2008,0.0423195949662866
24,2009,0.0417223890029941
24,2010,0.0435707530878987
24,2011,0.0459776778263807
24,2012,0.0486302615944522
24,2013,0.0514663106228666
24,2014,0.054376924438613
24,2015,0.0573848844394709
24,2016,0.0605503530107999
24,2017,0.0639435193838158
24,2018,0.0678853022808255
24,2019,0.0718556554395257
24,2020,0.0688279069156423
24,2021,0.070089493553519
24,2022,0.0729754219285354
24,2023,0.0761127274720103
25,2005,0.217716873327655
25,2006,0.226815992691648
25,2007,0.237328634742447
25,2008,0.239625997678713
25,2009,0.236267682667112
25,2010,0.252319614330076
25,2011,0.252801411663685
25,2012,0.269370027564678
25,2013,0.274933350195911
25,2014,0.276122663268927
25,2015,0.283425590025181
25,2016,0.291863619067645
25,2017,0.302808048727324
25,2018,0.314576500828386
25,2019,0.320417711430874
25,2020,0.300325172069027
25,2021,0.304500421779849
25,2022,0.311582125171082
25,2023,0.316987740939703
26,2005,0.29214712856862
26,2006,0.295718088236028
26,2007,0.300643681175265
26,2008,0.304019210719299
26,2009,0.304136791399567
26,2010,0.310299965254267
26,2011,0.313765675126986
26,2012,0.319268219925837
26,2013,0.323472757901602
26,2014,0.327985499337814
26,2015,0.332852755471654
26,2016,0.33781425910239
26,2017,0.343430664161733
26,2018,0.349251726002742
26,2019,0.356017762124444
26,2020,0.350150970747831
26,2021,0.352301281074089
26,2022,0.357738998548069
26,2023,0.360871294015463
28,2005,0.0463050233463318
28,2006,0.0465893710340803
28,2007,0.0460302463255424
28,2008,0.0468994621406474
28,2009,0.0474379169480059
28,2010,0.0482146039317834
28,2011,0.0491597545641437
28,2012,0.0496443909735443
28,2013,0.0507612114265315
28,2014,0.0507267472108425
28,2015,0.0502123430141954
28,2016,0.0507661510501128
28,2017,0.0516354512447301
28,2018,0.0525063975528636
28,2019,0.0524397620973613
28,2020,0.0513517097172458
28,2021,0.0514497601605235
28,2022,0.0517245258712129
28,2023,0.0521677301508743
29,2005,0.0853393577976671
29,2006,0.0897555468887681
29,2007,0.0949727873216645
29,2008,0.095070936463689
29,2009,0.0953419081419421
29,2010,0.0981452642747207
29,2011,0.104811027807306
29,2012,0.107500698724126
29,2013,0.108718201456395
29,2014,0.111951598713178
29,2015,0.116976953628725
29,2016,0.124142920750034
29,2017,0.129330333070652
29,2018,0.133791147060744
29,2019,0.138295268280599
29,2020,0.123969633853009
29,2021,0.126006821042153
29,2022,0.127764830746046
29,2023,0.133363327253931
30,2005,0.0853393577976671
30,2006,0.0897555468887681
30,2007,0.0949727873216645
30,2008,0.095070936463689
30,2009,0.0953419081419421
30,2010,0.0981452642747207
30,2011,0.104811027807306
30,2012,0.107500698724126
30,2013,0.108718201456395
30,2014,0.111951598713178
30,2015,0.116976953628725
30,2016,0.124142920750034
30,2017,0.129330333070652
30,2018,0.133791147060744
30,2019,0.138295268280599
30,2020,0.123969633853009
30,2021,0.126006821042153
30,2022,0.127764830746046
30,2023,0.133363327253931
31,2005,0.299038069919171
31,2006,0.320429295201455
31,2007,0.347094313124884
31,2008,0.330166085336536
31,2009,0.320718632879211
31,2010,0.325937912130976
31,2011,0.366440872495847
31,2012,0.374151258468669
31,2013,0.371909593669721
31,2014,0.38104969010618
31,2015,0.405864886280606
31,2016,0.448999354245745
31,2017,0.474381228454389
31,2018,0.493085164403824
31,2019,0.515676113354342
31,2020,0.451267458012738
31,2021,0.450120797029946
31,2022,0.428514499739159
31,2023,0.44245044232442
32,2005,0.0853393577976671
32,2006,0.0897555468887681
32,2007,0.0949727873216645
32,2008,0.095070936463689
32,2009,0.0953419081419421
32,2010,0.0981452642747207
32,2011,0.104811027807306
32,2012,0.107500698724126
32,2013,0.108718201456395
32,2014,0.111951598713178
32,2015,0.116976953628725
32,2016,0.124142920750034
32,2017,0.129330333070652
32,2018,0.133791147060744
32,2019,0.138295268280599
32,2020,0.123969633853009
32,2021,0.126006821042153
32,2022,0.127764830746046
32,2023,0.133363327253931
33,2005,0.0853393577976671
33,2006,0.0897555468887681
33,2007,0.0949727873216645
33,2008,0.095070936463689
33,2009,0.0953419081419421
33,2010,0.0981452642747207
33,2011,0.104811027807306
33,2012,0.107500698724126
33,2013,0.108718201456395
33,2014,0.111951598713178
33,2015,0.116976953628725
33,2016,0.124142920750034
33,2017,0.129330333070652
33,2018,0.133791147060744
33,2019,0.138295268280599
33,2020,0.123969633853009
33,2021,0.126006821042153
33,2022,0.127764830746046
33,2023,0.133363327253931
34,2005,0.0853393577976671
34,2006,0.0897555468887681
34,2007,0.0949727873216645
34,2008,0.095070936463689
34,2009,0.0953419081419421
34,2010,0.0981452642747207
34,2011,0.104811027807306
34,2012,0.107500698724126
34,2013,0.108718201456395
34,2014,0.111951598713178
34,2015,0.116976953628725
34,2016,0.124142920750034
34,2017,0.129330333070652
34,2018,0.133791147060744
34,2019,0.138295268280599
34,2020,0.123969633853009
34,2021,0.126006821042153
34,2022,0.127764830746046
34,2023,0.133363327253931
35,2005,0.0853393577976671
35,2006,0.0897555468887681
35,2007,0.0949727873216645
35,2008,0.095070936463689
35,2009,0.0953419081419421
35,2010,0.0981452642747207
35,2011,0.104811027807306
35,2012,0.107500698724126
35,2013,0.108718201456395
35,2014,0.111951598713178
35,2015,0.116976953628725
35,2016,0.124142920750034
35,2017,0.129330333070652
35,2018,0.133791147060744
35,2019,0.138295268280599
35,2020,0.123969633853009
35,2021,0.126006821042153
35,2022,0.127764830746046
35,2023,0.133363327253931
36,2005,0.0853393577976671
36,2006,0.0897555468887681
36,2007,0.0949727873216645
36,2008,0.095070936463689
36,2009,0.0953419081419421
36,2010,0.0981452642747207
36,2011,0.104811027807306
36,2012,0.107500698724126
36,2013,0.108718201456395
36,2014,0.111951598713178
36,2015,0.116976953628725
36,2016,0.124142920750034
36,2017,0.129330333070652
36,2018,0.133791147060744
36,2019,0.138295268280599
36,2020,0.123969633853009
36,2021,0.126006821042153
36,2022,0.127764830746046
36,2023,0.133363327253931
37,2005,0.228299664836162
37,2006,0.238293680876209
37,2007,0.250795751611984
37,2008,0.263351938865494
37,2009,0.271360735898188
37,2010,0.282565760279422
37,2011,0.293616910669738
37,2012,0.303040543887353
37,2013,0.31246633379644
37,2014,0.323837577600183
37,2015,0.335344682721158
37,2016,0.348058037963247
37,2017,0.361438460983583
37,2018,0.375715408457089
37,2019,0.386453825691988
37,2020,0.330230607895547
37,2021,0.341384703889548
37,2022,0.37282126978956
37,2023,0.399209486202036
38,2005,0.115384736099038
38,2006,0.126407237769063
38,2007,0.132734049532142
38,2008,0.136253924861915
38,2009,0.132775340864039
38,2010,0.138434906630337
38,2011,0.14395466921387
38,2012,0.144906218869924
38,2013,0.147863936972334
38,2014,0.154065879616698
38,2015,0.155718809236154
38,2016,0.16320065984598
38,2017,0.169254893497733
38,2018,0.173446086674322
38,2019,0.175458744716251
38,2020,0.155036312084325
38,2021,0.173246205521901
38,2022,0.180802301466075
38,2023,0.186395787455529
39,2005,0.207519134764867
39,2006,0.250482224355265
39,2007,0.259473846222229
39,2008,0.272905487464358
39,2009,0.241914750222396
39,2010,0.249488706914753
39,2011,0.261569850987097
39,2012,0.258702534844084
39,2013,0.26760916687648
39,2014,0.277402737940763
39,2015,0.275942841622394
39,2016,0.281991674829736
39,2017,0.290261691250327
39,2018,0.304269472126624
39,2019,0.316931093019698
39,2020,0.208528412993636
39,2021,0.28325221932654
39,2022,0.321207951526284
39,2023,0.335741864095165
40,2005,0.11498278911521
40,2006,0.122573637271568
40,2007,0.129549010428904
40,2008,0.135856762687009
40,2009,0.139312844978821
40,2010,0.149125337535484
40,2011,0.160568460722765
40,2012,0.173122667889258
40,2013,0.179160177493616
40,2014,0.189620547707719
40,2015,0.196695378677359
40,2016,0.205779233205164
40,2017,0.218245637165157
40,2018,0.22160581930912
40,2019,0.219768381939692
40,2020,0.208495883373802
40,2021,0.214944226018334
40,2022,0.19892831691917
40,2023,0.195626872473582
41,2005,0.0146369223615096
41,2006,0.0156803336290686
41,2007,0.016447853940343
41,2008,0.0171244397121865
41,2009,0.0176618552859719
41,2010,0.0183214043412417
41,2011,0.0190611833840631
41,2012,0.0199737322698148
41,2013,0.020642163577613
41,2014,0.0215602138967537
41,2015,0.0224602068585976
41,2016,0.0227907280630313
41,2017,0.0226772451840419
41,2018,0.0227860604960032
41,2019,0.0226508393372171
41,2020,0.0217340143421775
41,2021,0.0216272380100297
41,2022,0.0219591952194949
41,2023,0.0224260413118466
42,2005,0.025318015184786
42,2006,0.0259151302851759
42,2007,0.0266049258460856
42,2008,0.0275761377336988
42,2009,0.0257222367808759
42,2010,0.0251502962057378
42,2011,0.0248418322989603
42,2012,0.0249011662305324
42,2013,0.0248024369436453
42,2014,0.024966056442669
42,2015,0.0250902095919855
42,2016,0.0254260034149468
42,2017,0.0257519407355183
42,2018,0.0259044094406406
42,2019,0.026372639963141
42,2020,0.0238897799222165
42,2021,0.0246577557581199
42,2022,0.0249921981248723
42,2023,0.025376338235757
43,2005,0.0576504002410789
43,2006,0.0595827781113099
43,2007,0.0618041770540226
43,2008,0.0601296241469373
43,2009,0.0603059085391738
43,2010,0.0633552110107827
43,2011,0.0648544612272278
43,2012,0.0661258687254204
43,2013,0.0670028911672482
43,2014,0.0687705546944987
43,2015,0.070615886971954
43,2016,0.0719884254717742
43,2017,0.0731425054787776
43,2018,0.0757186462797286
43,2019,0.0780318190078007
43,2020,0.076270656847176
43,2021,0.0804811298772349
43,2022,0.0827857643425089
43,2023,0.0855778131855757
44,2005,0.0158198174977067
44,2006,0.0163497370403161
44,2007,0.0169215834753062
44,2008,0.0175388789198558
44,2009,0.0182580646990599
44,2010,0.0189998825942715
44,2011,0.019956216363356
44,2012,0.0209096446333009
44,2013,0.0196909115099731
44,2014,0.0204463082826351
44,2015,0.0217374649020069
44,2016,0.0222766185451556
44,2017,0.0234568060701238
44,2018,0.0233006732018939
44,2019,0.0232850403870019
44,2020,0.0219258009270523
44,2021,0.0219501784262716
44,2022,0.0218056609675841
44,2023,0.0218058737899086
45,2005,0.0853393577976671
45,2006,0.0897555468887681
45,2007,0.0949727873216645
45,2008,0.095070936463689
45,2009,0.0953419081419421
45,2010,0.0981452642747207
45,2011,0.104811027807306
45,2012,0.107500698724126
45,2013,0.108718201456395
45,2014,0.111951598713178
45,2015,0.116976953628725
45,2016,0.124142920750034
45,2017,0.129330333070652
45,2018,0.133791147060744
45,2019,0.138295268280599
45,2020,0.123969633853009
45,2021,0.126006821042153
45,2022,0.127764830746046
45,2023,0.133363327253931
46,2005,0.0473788908865384
46,2006,0.0501458780199516
46,2007,0.0529128651533648
46,2008,0.0556798522867779
46,2009,0.0584468394201911
46,2010,0.0612138265536043
46,2011,0.0639808136870175
46,2012,0.0667478008204306
46,2013,0.067656967382667
46,2014,0.0711651588094254
46,2015,0.0752152786943855
46,2016,0.0792344238315518
46,2017,0.0821957962139026
46,2018,0.0847381841775699
46,2019,0.088038337493167
46,2020,0.0878748569164909
46,2021,0.0905693597599793
46,2022,0.0926645765737298
46,2023,0.0974940199771284
47,2005,0.511437080562211
47,2006,0.517144884790701
47,2007,0.524493330627396
47,2008,0.531925120186294
47,2009,0.517386215567934
47,2010,0.513793320490903
47,2011,0.523725176660752
47,2012,0.525166255334461
47,2013,0.522796946793279
47,2014,0.521973253143394
47,2015,0.527301978536024
47,2016,0.533336297976654
47,2017,0.533423946196225
47,2018,0.537365844790443
47,2019,0.539904799449915
47,2020,0.522086959945849
47,2021,0.542167449477338
47,2022,0.560332279475914
47,2023,0.560930672680574
48,2005,0.620199060234556
48,2006,0.641914166412038
48,2007,0.658904086873163
48,2008,0.700744784343899
48,2009,0.730756854609632
48,2010,0.695728769138974
48,2011,0.643327695683323
48,2012,0.635234158815034
48,2013,0.619211102935477
48,2014,0.59708441135643
48,2015,0.599739278629728
48,2016,0.600453934445462
48,2017,0.583212957645354
48,2018,0.58310589915134
48,2019,0.576322530945926
48,2020,0.564120811807321
48,2021,0.584514707790124
48,2022,0.602276611322426
48,2023,0.601162138211555
49,2005,0.0651073929910124
49,2006,0.0672638842983411
49,2007,0.0688834447820634
49,2008,0.0692936719543264
49,2009,0.0653179206051782
49,2010,0.0658445292196142
49,2011,0.0700355147584164
49,2012,0.0653694510087709
49,2013,0.0651088372205625
49,2014,0.0662791543408254
49,2015,0.0654785013364764
49,2016,0.0656741394571585
49,2017,0.0640219848385132
49,2018,0.0603485209977645
49,2019,0.0573502564650381
49,2020,0.0537657337050101
49,2021,0.0513550836557618
49,2022,0.0495426268881682
49,2023,0.0424559244458123
50,2005,0.652772074138227
50,2006,0.644930420419549
50,2007,0.631534904996256
50,2008,0.645636574041427
50,2009,0.609110122475251
50,2010,0.619616347015451
50,2011,0.670878721951037
50,2012,0.691779864503486
50,2013,0.694423334449744
50,2014,0.706460481016749
50,2015,0.724241292771353
50,2016,0.723173806370206
50,2017,0.713182408554411
50,2018,0.718658941824161
50,2019,0.710137439596544
50,2020,0.681474887492893
50,2021,0.716990880390799
50,2022,0.760961254179322
50,2023,0.744215451383967
51,2005,1
51,2006,1
51,2007,1
51,2008,1
51,2009,0.990160726317476
51,2010,0.91814446155264
51,2011,0.942364650336504
51,2012,0.930560959672573
51,2013,0.876245177910959
51,2014,0.853696034565814
51,2015,0.826425457934747
51,2016,0.821327941038719
51,2017,0.768050129617275
51,2018,0.751703886469
51,2019,0.740824710219022
51,2020,0.71473393573706
51,2021,0.745736409016135
51,2022,0.788033401487977
51,2023,0.763088498714405
52,2005,0.768532505905632
52,2006,0.76003750862406
52,2007,0.768058948409342
52,2008,0.764718118572043
52,2009,0.738194371817979
52,2010,0.748491376693734
52,2011,0.764325305327821
52,2012,0.784495478630285
52,2013,0.802912262186922
52,2014,0.806235468981673
52,2015,0.7982629668169
52,2016,0.798147008589375
52,2017,0.801740523332676
52,2018,0.803275516765366
52,2019,0.816920951907484
52,2020,0.787792829839458
52,2021,0.816045121115889
52,2022,0.850747939960329
52,2023,0.86406714816984
53,2005,0.0610656804069626
53,2006,0.0634162931942734
53,2007,0.0648316709146697
53,2008,0.0647794268276927
53,2009,0.0655512723425278
53,2010,0.065053653025406
53,2011,0.0654019662407681
53,2012,0.066181379034329
53,2013,0.0680179892455423
53,2014,0.0698269456994331
53,2015,0.0718347668699635
53,2016,0.0756408057780409
53,2017,0.0779514729589273
53,2018,0.0814845807581632
53,2019,0.0821875272309316
53,2020,0.0797463155068012
53,2021,0.0833972297681164
53,2022,0.0857345964989326
53,2023,0.0840689124698474
54,2005,1
54,2006,1
54,2007,1
54,2008,1
54,2009,0.873852414675746
54,2010,0.836657884019959
54,2011,0.87898280594219
54,2012,0.885747799075506
54,2013,0.921290131437335
54,2014,0.950533745701175
54,2015,1
54,2016,1
54,2017,1
54,2018,1
54,2019,1
54,2020,0.99979635080916
54,2021,1
54,2022,1
54,2023,1
55,2005,0.453616273363697
55,2006,0.470208692960596
55,2007,0.487248202492593
55,2008,0.494369769072048
55,2009,0.471092302311764
55,2010,0.474248821463642
55,2011,0.469884992128937
55,2012,0.459114315056114
55,2013,0.458909127454237
55,2014,0.466778130359074
55,2015,0.481059320151147
55,2016,0.492292391229214
55,2017,0.511914463921883
55,2018,0.527732484921596
55,2019,0.541606440517438
55,2020,0.494946723007749
55,2021,0.543088720761939
55,2022,0.572532592427142
55,2023,0.584669830333952
56,2005,0.0822574762740368
56,2006,0.0877462783381903
56,2007,0.0998869015837782
56,2008,0.105744095264227
56,2009,0.103083185772881
56,2010,0.10385357738705
56,2011,0.106638731310642
56,2012,0.106513583313215
56,2013,0.105980709711757
56,2014,0.105519890328489
56,2015,0.105332881232571
56,2016,0.10861676941114
56,2017,0.112241648196022
56,2018,0.115129157614057
56,2019,0.121884538046076
56,2020,0.095596713417178
56,2021,0.101400752982041
56,2022,0.118035309626107
56,2023,0.122966057513139
57,2005,0.453616273363697
57,2006,0.470208692960596
57,2007,0.487248202492593
57,2008,0.494369769072048
57,2009,0.471092302311764
57,2010,0.474248821463642
57,2011,0.469884992128937
57,2012,0.459114315056114
57,2013,0.458909127454237
57,2014,0.466778130359074
57,2015,0.481059320151147
57,2016,0.492292391229214
57,2017,0.511914463921883
57,2018,0.527732484921596
57,2019,0.541606440517438
57,2020,0.494946723007749
57,2021,0.543088720761939
57,2022,0.572532592427142
57,2023,0.584669830333952
58,2005,0.453616273363697
58,2006,0.470208692960596
58,2007,0.487248202492593
58,2008,0.494369769072048
58,2009,0.471092302311764
58,2010,0.474248821463642
58,2011,0.469884992128937
58,2012,0.459114315056114
58,2013,0.458909127454237
58,2014,0.466778130359074
58,2015,0.481059320151147
58,2016,0.492292391229214
58,2017,0.511914463921883
58,2018,0.527732484921596
58,2019,0.541606440517438
58,2020,0.494946723007749
58,2021,0.543088720761939
58,2022,0.572532592427142
58,2023,0.584669830333952
59,2005,0.828239390322452
59,2006,0.843795243407048
59,2007,0.868420043580861
59,2008,0.865437431336698
59,2009,0.841153942956921
59,2010,0.857377819039418
59,2011,0.860636151145531
59,2012,0.861637953816767
59,2013,0.861524662331846
59,2014,0.87124779283826
59,2015,0.883897381757732
59,2016,0.890573183958912
59,2017,0.901517137124959
59,2018,0.91351319498911
59,2019,0.92894931789693
59,2020,0.875890242809822
59,2021,0.932724749733226
59,2022,0.952652825116923
59,2023,0.954485177043667
60,2005,0.453616273363697
60,2006,0.470208692960596
60,2007,0.487248202492593
60,2008,0.494369769072048
60,2009,0.471092302311764
60,2010,0.474248821463642
60,2011,0.469884992128937
60,2012,0.459114315056114
60,2013,0.458909127454237
60,2014,0.466778130359074
60,2015,0.481059320151147
60,2016,0.492292391229214
60,2017,0.511914463921883
60,2018,0.527732484921596
60,2019,0.541606440517438
60,2020,0.494946723007749
60,2021,0.543088720761939
60,2022,0.572532592427142
60,2023,0.584669830333952
61,2005,0.154679183814037
61,2006,0.161312213240628
61,2007,0.170560021011432
61,2008,0.176123609427863
61,2009,0.179731623624279
61,2010,0.18319365089376
61,2011,0.177208475831364
61,2012,0.182336325185687
61,2013,0.184686126207041
61,2014,0.188250134521408
61,2015,0.187953164745013
61,2016,0.187973456764665
61,2017,0.19013354067515
61,2018,0.193136090355115
61,2019,0.194309485227659
61,2020,0.175973085224383
61,2021,0.182557533364061
61,2022,0.185898843583407
61,2023,0.185156343242728
62,2005,0.0913979717745663
62,2006,0.09720577596028
62,2007,0.0992321693102668
62,2008,0.10350720607644
62,2009,0.105985078779799
62,2010,0.10823482919427
62,2011,0.112655967740668
62,2012,0.114508041850844
62,2013,0.117599338226164
62,2014,0.119195886341573
62,2015,0.122798491295435
62,2016,0.121911888305068
62,2017,0.126535123683994
62,2018,0.128938585575507
62,2019,0.131262915417456
62,2020,0.120546651513341
62,2021,0.128841140402003
62,2022,0.129118755044662
62,2023,0.13185840718343
63,2005,0.170809148957901
63,2006,0.177376000530802
63,2007,0.183885664036824
63,2008,0.186002654150568
63,2009,0.18313230422388
63,2010,0.187817308440281
63,2011,0.160675790074069
63,2012,0.190533490395392
63,2013,0.179903090408174
63,2014,0.1701829441143
63,2015,0.17089195775496
63,2016,0.171219089953239
63,2017,0.183101777914881
63,2018,0.187201209835529
63,2019,0.184800930532029
63,2020,0.151514858417544
63,2021,0.182281323310962
63,2022,0.185328116413375
63,2023,0.185059415282277
64,2005,0.07977474525961
64,2006,0.0922900594865612
64,2007,0.0883988317431951
64,2008,0.0859309040144722
64,2009,0.0837037524639181
64,2010,0.0834642330242324
64,2011,0.0843617818852534
64,2012,0.0854213847885028
64,2013,0.0864274250482148
64,2014,0.0877720130495357
64,2015,0.0900757569658452
64,2016,0.0888328078604518
64,2017,0.0919494319086076
64,2018,0.0938403493333586
64,2019,0.0942900080446309
64,2020,0.0915533727380578
64,2021,0.0899076212484071
64,2022,0.093203019574533
64,2023,0.0938431545591051
65,2005,0.0400021407668431
65,2006,0.0385960957979414
65,2007,0.0385630725439575
65,2008,0.0397228063806583
65,2009,0.0410716742191487
65,2010,0.0421700758840904
65,2011,0.0375600109525613
65,2012,0.0383242483918965
65,2013,0.0382404378681403
65,2014,0.0365973704953823
65,2015,0.0369988621275132
65,2016,0.036674946928792
65,2017,0.0374107592038753
65,2018,0.0390716077241681
65,2019,0.0404445034217477
65,2020,0.0396545884303858
65,2021,0.040696566532859
65,2022,0.0416553352302203
65,2023,0.0427989211425931
66,2005,0.0507548509893173
66,2006,0.0506036692590356
66,2007,0.0506822072560856
66,2008,0.0511909089714783
66,2009,0.0512104509294429
66,2010,0.0515309849089931
66,2011,0.0508162208611986
66,2012,0.0514286497065862
66,2013,0.0512602029852254
66,2014,0.0529900816571909
66,2015,0.0548490024348304
66,2016,0.0567724961709695
66,2017,0.0593428656162851
66,2018,0.0613396471787951
66,2019,0.0624617106920547
66,2020,0.0616233833874343
66,2021,0.063941938662849
66,2022,0.0646999276659949
66,2023,0.0654065246078205
67,2005,0.341630040910542
67,2006,0.355591612687827
67,2007,0.370074499887762
67,2008,0.361692265677249
67,2009,0.338610588707769
67,2010,0.348413495719776
67,2011,0.181523480019291
67,2012,0.357522147522803
67,2013,0.287525184382546
67,2014,0.217187434258223
67,2015,0.212071721238308
67,2016,0.205918269153284
67,2017,0.268715725107865
67,2018,0.285598695829394
67,2019,0.264746457698776
67,2020,0.108943763790568
67,2021,0.272829470530183
67,2022,0.273347278927639
67,2023,0.265808051865113
68,2005,0.499585009067865
68,2006,0.510262839209565
68,2007,0.532765099454277
68,2008,0.549563184581477
68,2009,0.539251018172359
68,2010,0.56635646459958
68,2011,0.566595870918425
68,2012,0.584645729398498
68,2013,0.608047956521589
68,2014,0.641525105923005
68,2015,0.686582060022782
68,2016,0.693738412186709
68,2017,0.748364306187788
68,2018,0.776278865560915
68,2019,0.799524798835606
68,2020,0.71825042770094
68,2021,0.803138512625593
68,2022,0.847441726508013
68,2023,0.859260421222815
69,2005,0.352672376553999
69,2006,0.398532651333476
69,2007,0.441745197982529
69,2008,0.431907683651727
69,2009,0.376481820944543
69,2010,0.367272481957574
69,2011,0.38364713059803
69,2012,0.415789945790887
69,2013,0.428705958998863
69,2014,0.440994226246181
69,2015,0.461893747910401
69,2016,0.477175199546437
69,2017,0.497369808303575
69,2018,0.521263025782639
69,2019,0.527983475541225
69,2020,0.51301592116315
69,2021,0.55218778589328
69,2022,0.570048294429042
69,2023,0.567722660842857
70,2005,0.455711083949664
70,2006,0.503172182205609
70,2007,0.543783336503503
70,2008,0.51726146508979
70,2009,0.442443068175593
70,2010,0.454292419320911
70,2011,0.48876963259949
70,2012,0.506357334106403
70,2013,0.515573818191127
70,2014,0.532494305476181
70,2015,0.542006116503287
70,2016,0.558946725287804
70,2017,0.590605686257686
70,2018,0.610825775092346
70,2019,0.633107867871846
70,2020,0.625758312314455
70,2021,0.670410583002043
70,2022,0.658460236504394
70,2023,0.630559726128179
71,2005,0.267595027554994
71,2006,0.287977339013593
71,2007,0.309407139876078
71,2008,0.330685461460922
71,2009,0.321682828949105
71,2010,0.32884374181261
71,2011,0.337876785957596
71,2012,0.342384285282234
71,2013,0.342437076990448
71,2014,0.347658790776914
71,2015,0.361771691390282
71,2016,0.375344564956473
71,2017,0.38847853019635
71,2018,0.401838812117375
71,2019,0.421006852772891
71,2020,0.406743192528253
71,2021,0.441489677134456
71,2022,0.488109735593929
71,2023,0.4998068344454
72,2005,0.310650136148133
72,2006,0.337585602490202
72,2007,0.367393223689651
72,2008,0.408336292027574
72,2009,0.389034306549215
72,2010,0.376084325652046
72,2011,0.395010534590787
72,2012,0.404410807016604
72,2013,0.407011093694921
72,2014,0.425373060775732
72,2015,0.440884517291855
72,2016,0.456091925867899
72,2017,0.496336112633865
72,2018,0.529361155188347
72,2019,0.552662158260146
72,2020,0.535277940378542
72,2021,0.570073525111337
72,2022,0.595825086146577
72,2023,0.608335385947743
73,2005,0.419464523114442
73,2006,0.455349478024021
73,2007,0.494900019491854
73,2008,0.52086354259678
73,2009,0.480091666783104
73,2010,0.501470574820119
73,2011,0.522416917779089
73,2012,0.54207398162333
73,2013,0.549951117496467
73,2014,0.543780958315964
73,2015,0.531403397893462
73,2016,0.530922594082219
73,2017,0.539490966076277
73,2018,0.554146743630727
73,2019,0.566016697687493
73,2020,0.551714573094959
73,2021,0.584627347577088
73,2022,0.574494633053478
73,2023,0.596863270868076
74,2005,0.127403637681327
74,2006,0.140201711056426
74,2007,0.158658356340662
74,2008,0.162994861544513
74,2009,0.158445379859555
74,2010,0.169575032801278
74,2011,0.184503789350993
74,2012,0.1980957262284
74,2013,0.20889151275765
74,2014,0.217334129630778
74,2015,0.224263595694891
74,2016,0.231862438602568
74,2017,0.243793678050801
74,2018,0.258673497079183
74,2019,0.273060067654886
74,2020,0.255707681558135
74,2021,0.284001935991879
74,2022,0.314794018903441
74,2023,0.334016957283791
75,2005,0.236769250429178
75,2006,0.256423763045584
75,2007,0.279152358580541
75,2008,0.286964834024074
75,2009,0.244611768779799
75,2010,0.25563481783104
75,2011,0.2705259241599
75,2012,0.271607967330859
75,2013,0.272350785173173
75,2014,0.259073022542967
75,2015,0.234606600985697
75,2016,0.241304145878769
75,2017,0.248086350481714
75,2018,0.258050449372569
75,2019,0.267840155712469
75,2020,0.259532683420085
75,2021,0.270859959059502
75,2022,0.225549522239001
75,2023,0.24369938225985
76,2005,0.270114400146079
76,2006,0.285160483073325
76,2007,0.297165386751406
76,2008,0.295819662325358
76,2009,0.277692255255378
76,2010,0.296553341844882
76,2011,0.324962748557121
76,2012,0.336210399586125
76,2013,0.360085774398443
76,2014,0.372809376575318
76,2015,0.390251621130718
76,2016,0.397831316256847
76,2017,0.422166494316885
76,2018,0.429040146866912
76,2019,0.42641176758241
76,2020,0.430147929370475
76,2021,0.475009756965588
76,2022,0.496382819830057
76,2023,0.516699472237871
77,2005,0.0839882494281456
77,2006,0.0843742642377918
77,2007,0.0836883284305075
77,2008,0.0842953215541848
77,2009,0.087834378470256
77,2010,0.0902837296321608
77,2011,0.0912506883560929
77,2012,0.0675882968662036
77,2013,0.0523841660030788
77,2014,0.0503153827898272
77,2015,0.0503889401069332
77,2016,0.0477603774041922
77,2017,0.0473671766101281
77,2018,0.0471574111968601
77,2019,0.0459167034060951
77,2020,0.0443450999629818
77,2021,0.0437591186442512
77,2022,0.0339206304876175
77,2023,0.0304824153581388
78,2005,0.196735649183407
78,2006,0.196532433045074
78,2007,0.21082222955784
78,2008,0.226272155488148
78,2009,0.246224609396654
78,2010,0.26348441965683
78,2011,0.263174956366392
78,2012,0.262977469030887
78,2013,0.248978781419839
78,2014,0.230946266649062
78,2015,0.227496281361454
78,2016,0.236212681317962
78,2017,0.24417313832754
78,2018,0.245948645358561
78,2019,0.235630545041179
78,2020,0.189097215388363
78,2021,0.178068372222367
78,2022,0.180278075132915
78,2023,0.184573560052526
79,2005,0.501139795294672
79,2006,0.519845201893648
79,2007,0.541504980780858
79,2008,0.549264871364053
79,2009,0.541028063135416
79,2010,0.561347654406039
79,2011,0.581714487567599
79,2012,0.585851092873425
79,2013,0.600410196037462
79,2014,0.612078430258334
79,2015,0.614987450239253
79,2016,0.630316896242249
79,2017,0.644653011436226
79,2018,0.658090614117523
79,2019,0.672480907661768
79,2020,0.648452913192314
79,2021,0.692551054966105
79,2022,0.725465772125541
79,2023,0.724846173694106
80,2005,0.580046852282291
80,2006,0.610995841940564
80,2007,0.629392829114504
80,2008,0.625620312756829
80,2009,0.597141343669061
80,2010,0.563704114416288
80,2011,0.50724192515108
80,2012,0.473850673890719
80,2013,0.465290318033618
80,2014,0.470628184196017
80,2015,0.472810264885014
80,2016,0.472467834016907
80,2017,0.47857348996055
80,2018,0.487546279463308
80,2019,0.497233169585997
80,2020,0.451877414304014
80,2021,0.495740114203662
80,2022,0.530430741929678
80,2023,0.54452756575117
81,2005,0.632589961678529
81,2006,0.651449341619781
81,2007,0.670237873670817
81,2008,0.677453391125483
81,2009,0.64621838617595
81,2010,0.643912897298181
81,2011,0.630307404526816
81,2012,0.599375790418409
81,2013,0.561195053026616
81,2014,0.557328564607493
81,2015,0.579674212047121
81,2016,0.614952414598905
81,2017,0.644190482616382
81,2018,0.672320731264433
81,2019,0.699987888073796
81,2020,0.668265100092046
81,2021,0.727687125840068
81,2022,0.754152449068072
81,2023,0.759389621296972
82,2005,0.134492149452545
82,2006,0.143332214853386
82,2007,0.153060500414363
82,2008,0.165807544841541
82,2009,0.172527956538705
82,2010,0.179813956768707
82,2011,0.18488766371316
82,2012,0.187817898032733
82,2013,0.190047736639
82,2014,0.193820921770975
82,2015,0.198699059166751
82,2016,0.205614369044605
82,2017,0.213629447988008
82,2018,0.222764908748769
82,2019,0.228386472204483
82,2020,0.222116718435185
82,2021,0.244156724503233
82,2022,0.259145546814086
82,2023,0.271154118810168
84,2005,0.207264372110564
84,2006,0.210223494061706
84,2007,0.213240650071992
84,2008,0.214868075256641
84,2009,0.213576219271371
84,2010,0.219706009864699
84,2011,0.222041698056461
84,2012,0.222995300798934
84,2013,0.224337426597522
84,2014,0.228958917681898
84,2015,0.231606959578606
84,2016,0.235890140542873
84,2017,0.234788422368592
84,2018,0.233586960389621
84,2019,0.231393499348041
84,2020,0.216048271091436
84,2021,0.220571214881461
84,2022,0.224820962679234
84,2023,0.230429730798142
85,2005,0.724653415235566
85,2006,0.754059667001993
85,2007,0.781592021960637
85,2008,0.781967653410553
85,2009,0.735175100796292
85,2010,0.74287445811775
85,2011,0.757821079045527
85,2012,0.767859329744637
85,2013,0.778455639448329
85,2014,0.799950608294342
85,2015,0.813268170949669
85,2016,0.829893402827171
85,2017,0.845930419987857
85,2018,0.858398604728481
85,2019,0.86775761184933
85,2020,0.844504987044194
85,2021,0.871859774690121
85,2022,0.882333205533156
85,2023,0.877468073188908
86,2005,0.724653415235566
86,2006,0.754059667001993
86,2007,0.781592021960637
86,2008,0.781967653410553
86,2009,0.735175100796292
86,2010,0.74287445811775
86,2011,0.757821079045527
86,2012,0.767859329744637
86,2013,0.778455639448329
86,2014,0.799950608294342
86,2015,0.813268170949669
86,2016,0.829893402827171
86,2017,0.845930419987857
86,2018,0.858398604728481
86,2019,0.86775761184933
86,2020,0.844504987044194
86,2021,0.871859774690121
86,2022,0.882333205533156
86,2023,0.877468073188908
88,2005,0.724653415235566
88,2006,0.754059667001993
88,2007,0.781592021960637
88,2008,0.781967653410553
88,2009,0.735175100796292
88,2010,0.74287445811775
88,2011,0.757821079045527
88,2012,0.767859329744637
88,2013,0.778455639448329
88,2014,0.799950608294342
88,2015,0.813268170949669
88,2016,0.829893402827171
88,2017,0.845930419987857
88,2018,0.858398604728481
88,2019,0.86775761184933
88,2020,0.844504987044194
88,2021,0.871859774690121
88,2022,0.882333205533156
88,2023,0.877468073188908
89,2005,0.325121266559152
89,2006,0.334579253978588
89,2007,0.344319229155031
89,2008,0.348748345955727
89,2009,0.336658403567177
89,2010,0.340319756356117
89,2011,0.345415256539778
89,2012,0.349473474681274
89,2013,0.351498690446007
89,2014,0.356237228745391
89,2015,0.360576198010178
89,2016,0.365329609303344
89,2017,0.370843690313875
89,2018,0.375986450936595
89,2019,0.380468738948665
89,2020,0.357825406068796
89,2021,0.375020626771664
89,2022,0.387784002892783
89,2023,0.391637052169927
90,2005,0.325121266559152
90,2006,0.334579253978588
90,2007,0.344319229155031
90,2008,0.348748345955727
90,2009,0.336658403567177
90,2010,0.340319756356117
90,2011,0.345415256539778
90,2012,0.349473474681274
90,2013,0.351498690446007
90,2014,0.356237228745391
90,2015,0.360576198010178
90,2016,0.365329609303344
90,2017,0.370843690313875
90,2018,0.375986450936595
90,2019,0.380468738948665
90,2020,0.357825406068796
90,2021,0.375020626771664
90,2022,0.387784002892783
90,2023,0.391637052169927
91,2005,0.325121266559152
91,2006,0.334579253978588
91,2007,0.344319229155031
91,2008,0.348748345955727
91,2009,0.336658403567177
91,2010,0.340319756356117
91,2011,0.345415256539778
91,2012,0.349473474681274
91,2013,0.351498690446007
91,2014,0.356237228745391
91,2015,0.360576198010178
91,2016,0.365329609303344
91,2017,0.370843690313875
91,2018,0.375986450936595
91,2019,0.380468738948665
91,2020,0.357825406068796
91,2021,0.375020626771664
91,2022,0.387784002892783
91,2023,0.391637052169927
92,2005,0.325121266559152
92,2006,0.334579253978588
92,2007,0.344319229155031
92,2008,0.348748345955727
92,2009,0.336658403567177
92,2010,0.340319756356117
92,2011,0.345415256539778
92,2012,0.349473474681274
92,2013,0.351498690446007
92,2014,0.356237228745391
92,2015,0.360576198010178
92,2016,0.365329609303344
92,2017,0.370843690313875
92,2018,0.375986450936595
92,2019,0.380468738948665
92,2020,0.357825406068796
92,2021,0.375020626771664
92,2022,0.387784002892783
92,2023,0.391637052169927
93,2005,0.325121266559152
93,2006,0.334579253978588
93,2007,0.344319229155031
93,2008,0.348748345955727
93,2009,0.336658403567177
93,2010,0.340319756356117
93,2011,0.345415256539778
93,2012,0.349473474681274
93,2013,0.351498690446007
93,2014,0.356237228745391
93,2015,0.360576198010178
93,2016,0.365329609303344
93,2017,0.370843690313875
93,2018,0.375986450936595
93,2019,0.380468738948665
93,2020,0.357825406068796
93,2021,0.375020626771664
93,2022,0.387784002892783
93,2023,0.391637052169927
94,2005,0.325121266559152
94,2006,0.334579253978588
94,2007,0.344319229155031
94,2008,0.348748345955727
94,2009,0.336658403567177
94,2010,0.340319756356117
94,2011,0.345415256539778
94,2012,0.349473474681274
94,2013,0.351498690446007
94,2014,0.356237228745391
94,2015,0.360576198010178
94,2016,0.365329609303344
94,2017,0.370843690313875
94,2018,0.375986450936595
94,2019,0.380468738948665
94,2020,0.357825406068796
94,2021,0.375020626771664
94,2022,0.387784002892783
94,2023,0.391637052169927
95,2005,0.724653415235566
95,2006,0.754059667001993
95,2007,0.781592021960637
95,2008,0.781967653410553
95,2009,0.735175100796292
95,2010,0.74287445811775
95,2011,0.757821079045527
95,2012,0.767859329744637
95,2013,0.778455639448329
95,2014,0.799950608294342
95,2015,0.813268170949669
95,2016,0.829893402827171
95,2017,0.845930419987857
95,2018,0.858398604728481
95,2019,0.86775761184933
95,2020,0.844504987044194
95,2021,0.871859774690121
95,2022,0.882333205533156
95,2023,0.877468073188908
96,2005,0.0183391545857377
96,2006,0.0187084250564937
96,2007,0.0197606274908802
96,2008,0.0203158893867761
96,2009,0.0204018932713031
96,2010,0.0211582933448411
96,2011,0.0218339231578911
96,2012,0.0245001978389746
96,2013,0.0289138235851705
96,2014,0.0294876573940934
96,2015,0.0228873422030755
96,2016,0.0237580997351987
96,2017,0.0240602907580031
96,2018,0.0243140712494601
96,2019,0.0250013724317829
96,2020,0.0239521770749544
96,2021,0.0243825688403284
96,2022,0.0246830968767188
96,2023,0.0249915911158559
97,2005,0.0202661391888412
97,2006,0.0206981640993688
97,2007,0.0215650001785729
97,2008,0.0221830028083125
97,2009,0.0226339688906034
97,2010,0.0233282661746459
97,2011,0.0242682442635257
97,2012,0.0252970923074585
97,2013,0.0269011912380849
97,2014,0.0265379045664934
97,2015,0.0259983810478955
97,2016,0.0250841595450815
97,2017,0.025214939907604
97,2018,0.0250229143172889
97,2019,0.0239360550724241
97,2020,0.0227552410595047
97,2021,0.0234031469657202
97,2022,0.0240229722386098
97,2023,0.0246175843270763
98,2005,0.0298792618070852
98,2006,0.02982189569102
98,2007,0.0286269245173009
98,2008,0.0289448793214042
98,2009,0.0296832284430561
98,2010,0.0305927468591129
98,2011,0.0315260259919129
98,2012,0.0326519801585814
98,2013,0.033680450551161
98,2014,0.0346885787414172
98,2015,0.0356804433210354
98,2016,0.03627127317442
98,2017,0.0368053855543981
98,2018,0.0376408798811389
98,2019,0.03855285848242
98,2020,0.0383917951885077
98,2021,0.0397398002267707
98,2022,0.0410603103773193
98,2023,0.042701660587357
99,2005,0.040866366698363
99,2006,0.0411979605484679
99,2007,0.042426505698174
99,2008,0.0432112369836778
99,2009,0.0429310393820137
99,2010,0.0425706952026977
99,2011,0.0425675329698549
99,2012,0.0433337760161919
99,2013,0.0451224236567077
99,2014,0.0466071792628649
99,2015,0.0460564292930251
99,2016,0.0462111108461809
99,2017,0.0474142432387792
99,2018,0.0491326598974953
99,2019,0.0510117418544748
99,2020,0.0514973419386846
99,2021,0.053680164385173
99,2022,0.0555163907399684
99,2023,0.057493352994918
100,2005,0.119011360104971
100,2006,0.123781325786827
100,2007,0.111416143328233
100,2008,0.114582630767963
100,2009,0.122880225842622
100,2010,0.129584899362589
100,2011,0.128215732699156
100,2012,0.137110040335009
100,2013,0.132896041109475
100,2014,0.138380849147938
100,2015,0.135675898822264
100,2016,0.120967571183017
100,2017,0.111501483903409
100,2018,0.106355071852606
100,2019,0.105047525154244
100,2020,0.0961936968956739
100,2021,0.0949450699447114
100,2022,0.0941734920328522
100,2023,0.093825023849491
101,2005,0.139070466281786
101,2006,0.147131199197021
101,2007,0.153116277636292
101,2008,0.155087229104785
101,2009,0.1533372937323
101,2010,0.160169365997705
101,2011,0.165713706416931
101,2012,0.171279796944812
101,2013,0.177857265866936
101,2014,0.185455184853776
101,2015,0.190000155428071
101,2016,0.18673911060263
101,2017,0.181601892216735
101,2018,0.180387785020126
101,2019,0.17587917594193
101,2020,0.158873732881516
101,2021,0.161928563103534
101,2022,0.168141593576474
101,2023,0.172637168654389
102,2005,0.194891950355572
102,2006,0.203839638783206
102,2007,0.21259994325644
102,2008,0.216912330471537
102,2009,0.211051020980296
102,2010,0.214887370728311
102,2011,0.218912895010201
102,2012,0.221198847317815
102,2013,0.223630844002403
102,2014,0.223245705600216
102,2015,0.221553663634037
102,2016,0.220868683586084
102,2017,0.222562617430598
102,2018,0.223274306850667
102,2019,0.220974284663272
102,2020,0.205270550935905
102,2021,0.212788314530797
102,2022,0.215037220344209
102,2023,0.214466828336471
103,2005,0.065617549808423
103,2006,0.0696916881875627
103,2007,0.0704773909245421
103,2008,0.0730778172567487
103,2009,0.073743386583454
103,2010,0.0731644401959833
103,2011,0.0730605230269244
103,2012,0.0736741423677554
103,2013,0.0759139609780532
103,2014,0.0781303460017183
103,2015,0.077902643553946
103,2016,0.0805309064045596
103,2017,0.082471229883799
103,2018,0.0847345630370936
103,2019,0.0851302599197338
103,2020,0.0857497028551123
103,2021,0.085629267366205
103,2022,0.0840749442802571
103,2023,0.0820606831706911
104,2005,0.514902578004714
104,2006,0.52965123852969
104,2007,0.582666384997631
104,2008,0.654534633168199
104,2009,0.632365952978391
104,2010,0.549181827355865
104,2011,0.559421834294758
104,2012,0.581027601289458
104,2013,0.534486976935159
104,2014,0.515471494756565
104,2015,0.450497936360566
104,2016,0.395524414542211
104,2017,0.359793935641593
104,2018,0.325811955170661
104,2019,0.297850587464047
104,2020,0.27593703940159
104,2021,0.271769337765391
104,2022,0.275062378103559
104,2023,0.253391358921845
105,2005,0.325121266559152
105,2006,0.334579253978588
105,2007,0.344319229155031
105,2008,0.348748345955727
105,2009,0.336658403567177
105,2010,0.340319756356117
105,2011,0.345415256539778
105,2012,0.349473474681274
105,2013,0.351498690446007
105,2014,0.356237228745391
105,2015,0.360576198010178
105,2016,0.365329609303344
105,2017,0.370843690313875
105,2018,0.375986450936595
105,2019,0.380468738948665
105,2020,0.357825406068796
105,2021,0.375020626771664
105,2022,0.387784002892783
105,2023,0.391637052169927
106,2005,0.0557541711349125
106,2006,0.0577772547062575
106,2007,0.0587382132465141
106,2008,0.0624844852559221
106,2009,0.0638713709101636
106,2010,0.0672356280483521
106,2011,0.0748333028943438
106,2012,0.0797995040644856
106,2013,0.0835602729284966
106,2014,0.0839023694772794
106,2015,0.0836797488726918
106,2016,0.0845025145852221
106,2017,0.0893521799046879
106,2018,0.0928990570211631
106,2019,0.0968992697465354
106,2020,0.0954054352103208
106,2021,0.0982559935429688
106,2022,0.100048076046667
106,2023,0.101044035045251
107,2005,0.175688581111459
107,2006,0.183080044405255
107,2007,0.190741565112586
107,2008,0.194587049600409
107,2009,0.188247346905373
107,2010,0.193177968685081
107,2011,0.200073443048085
107,2012,0.207528863761028
107,2013,0.211964453390563
107,2014,0.216734404585883
107,2015,0.222149287164464
107,2016,0.226180728078346
107,2017,0.230558748399616
107,2018,0.233072351147332
107,2019,0.235312071166522
107,2020,0.210286289090065
107,2021,0.231194567084677
107,2022,0.242994371020388
107,2023,0.252294625216288
108,2005,1
108,2006,1
108,2007,1
108,2008,1
108,2009,1
108,2010,1
108,2011,1
108,2012,1
108,2013,1
108,2014,1
108,2015,1
108,2016,1
108,2017,1
108,2018,1
108,2019,1
108,2020,1
108,2021,1
108,2022,1
108,2023,1
110,2005,0.524859552910472
110,2006,0.530653106189772
110,2007,0.53079831717792
110,2008,0.511134661864795
110,2009,0.482790184578177
110,2010,0.483369828457506
110,2011,0.480314213241569
110,2012,0.489390419835096
110,2013,0.470953620219329
110,2014,0.475362587584713
110,2015,0.475741109283962
110,2016,0.467263289073031
110,2017,0.476680013193601
110,2018,0.485703217072897
110,2019,0.475971395772243
110,2020,0.372240731124786
110,2021,0.428066285646448
110,2022,0.47181686723981
110,2023,0.481171158389209
111,2005,0.472635367941975
111,2006,0.465143438200798
111,2007,0.457651508459621
111,2008,0.450159578718444
111,2009,0.442667648977266
111,2010,0.435175719236089
111,2011,0.415449700208581
111,2012,0.395187785807185
111,2013,0.381430771909672
111,2014,0.398171564865682
111,2015,0.42438535865834
111,2016,0.434831726977508
111,2017,0.406957380640303
111,2018,0.412769227869484
111,2019,0.418617209278141
111,2020,0.298219970048633
111,2021,0.319096354618073
111,2022,0.334512987563069
111,2023,0.33588870517729
112,2005,0.438532984567508
112,2006,0.446276065950309
112,2007,0.451743869521716
112,2008,0.453901066101938
112,2009,0.434917373373258
112,2010,0.432787133699851
112,2011,0.435022741293745
112,2012,0.434574732184805
112,2013,0.434301810942207
112,2014,0.438758469422274
112,2015,0.440035019565234
112,2016,0.44247794211462
112,2017,0.440141523308339
112,2018,0.442030949698462
112,2019,0.446377241307223
112,2020,0.392341904429092
112,2021,0.411336571904049
112,2022,0.435601970970122
112,2023,0.436959085916549
113,2005,1
113,2006,1
113,2007,1
113,2008,1
113,2009,1
113,2010,1
113,2011,1
113,2012,1
113,2013,1
113,2014,1
113,2015,1
113,2016,1
113,2017,1
113,2018,1
113,2019,1
113,2020,1
113,2021,1
113,2022,1
113,2023,1
114,2005,0.0472275091033595
114,2006,0.0472620585568422
114,2007,0.0486746920382731
114,2008,0.0491626342094169
114,2009,0.0512271644208234
114,2010,0.0477809070174804
114,2011,0.0496547346284121
114,2012,0.0491428185302811
114,2013,0.0505053680797236
114,2014,0.051208129036327
114,2015,0.0511827345760744
114,2016,0.0513803824173162
114,2017,0.0519444017595099
114,2018,0.0520967826584251
114,2019,0.050520068678282
114,2020,0.0482177754658678
114,2021,0.0467684439838742
114,2022,0.0454363471365764
114,2023,0.0440579300437453
115,2005,0.18052779857722
115,2006,0.194555363377895
115,2007,0.206359856242337
115,2008,0.210282561231748
115,2009,0.209519482389517
115,2010,0.224027626079555
115,2011,0.228061627385027
115,2012,0.231289585876108
115,2013,0.239552324882898
115,2014,0.25332270632137
115,2015,0.267649985634146
115,2016,0.282171607330829
115,2017,0.29202074305626
115,2018,0.308978533110345
115,2019,0.321118088727052
115,2020,0.296330795028846
115,2021,0.329159139325874
115,2022,0.341740444625078
115,2023,0.346592860638603
116,2005,0.645182025102864
116,2006,0.639905336242324
116,2007,0.637372236352729
116,2008,0.629986210173673
116,2009,0.61973464805045
116,2010,0.620476186361505
116,2011,0.623258317129148
116,2012,0.627330268407306
116,2013,0.631214214010834
116,2014,0.633580103468318
116,2015,0.637874273966928
116,2016,0.642338879040601
116,2017,0.639077358626459
116,2018,0.637007979210537
116,2019,0.64794904880088
116,2020,0.605313623735434
116,2021,0.611647764293047
116,2022,0.637234953355779
116,2023,0.642909153782105
117,2005,0.438532984567508
117,2006,0.446276065950309
117,2007,0.451743869521716
117,2008,0.453901066101938
117,2009,0.434917373373258
117,2010,0.432787133699851
117,2011,0.435022741293745
117,2012,0.434574732184805
117,2013,0.434301810942207
117,2014,0.438758469422274
117,2015,0.440035019565234
117,2016,0.44247794211462
117,2017,0.440141523308339
117,2018,0.442030949698462
117,2019,0.446377241307223
117,2020,0.392341904429092
117,2021,0.411336571904049
117,2022,0.435601970970122
117,2023,0.436959085916549
118,2005,0.438532984567508
118,2006,0.446276065950309
118,2007,0.451743869521716
118,2008,0.453901066101938
118,2009,0.434917373373258
118,2010,0.432787133699851
118,2011,0.435022741293745
118,2012,0.434574732184805
118,2013,0.434301810942207
118,2014,0.438758469422274
118,2015,0.440035019565234
118,2016,0.44247794211462
118,2017,0.440141523308339
118,2018,0.442030949698462
118,2019,0.446377241307223
118,2020,0.392341904429092
118,2021,0.411336571904049
118,2022,0.435601970970122
118,2023,0.436959085916549
119,2005,0.337601194169563
119,2006,0.347129966019954
119,2007,0.34816752640994
119,2008,0.385930109786767
119,2009,0.371863194862775
119,2010,0.371108495857416
119,2011,0.375697106522187
119,2012,0.372578593150815
119,2013,0.393522360173365
119,2014,0.422312988171096
119,2015,0.425235514472658
119,2016,0.441977261769007
119,2017,0.442981580574596
119,2018,0.452083888472143
119,2019,0.465361025397408
119,2020,0.394486156147577
119,2021,0.39667816507509
119,2022,0.437950836597075
119,2023,0.452048022810573
120,2005,0.41452104302644
120,2006,0.461272901109834
120,2007,0.497349984134852
120,2008,0.489903340224575
120,2009,0.424750444609277
120,2010,0.386144824160864
120,2011,0.374067801153292
120,2012,0.382516587479102
120,2013,0.376682811568581
120,2014,0.381824522367044
120,2015,0.384306306546194
120,2016,0.397309892562158
120,2017,0.404617358172594
120,2018,0.430356586426422
120,2019,0.441334558756328
120,2020,0.355895489076842
120,2021,0.382756968251129
120,2022,0.416749601640616
120,2023,0.430388777287404
121,2005,0.438532984567508
121,2006,0.446276065950309
121,2007,0.451743869521716
121,2008,0.453901066101938
121,2009,0.434917373373258
121,2010,0.432787133699851
121,2011,0.435022741293745
121,2012,0.434574732184805
121,2013,0.434301810942207
121,2014,0.438758469422274
121,2015,0.440035019565234
121,2016,0.44247794211462
121,2017,0.440141523308339
121,2018,0.442030949698462
121,2019,0.446377241307223
121,2020,0.392341904429092
121,2021,0.411336571904049
121,2022,0.435601970970122
121,2023,0.436959085916549
122,2005,0.286468580636689
122,2006,0.302235087570007
122,2007,0.305424971347974
122,2008,0.318529686040188
122,2009,0.307490461491105
122,2010,0.30625463868187
122,2011,0.317260306719862
122,2012,0.315123140489328
122,2013,0.307289024684076
122,2014,0.31048777616627
122,2015,0.309355426310701
122,2016,0.31852689327194
122,2017,0.327897898170076
122,2018,0.335988627507527
122,2019,0.332492364342031
122,2020,0.25010119415179
122,2021,0.280041507766007
122,2022,0.330281351492884
122,2023,0.340072387124776
123,2005,0.207531438904956
123,2006,0.216986417113932
123,2007,0.230660774333898
123,2008,0.247061115655081
123,2009,0.24415376358692
123,2010,0.245910424348349
123,2011,0.245407090777561
123,2012,0.242293625653782
123,2013,0.240111334958675
123,2014,0.249524271044915
123,2015,0.240503548277218
123,2016,0.246910387912889
123,2017,0.229493213874848
123,2018,0.23622543992463
123,2019,0.247112763955547
123,2020,0.204458882390279
123,2021,0.21728867176162
123,2022,0.228395996903665
123,2023,0.238166432082981
124,2005,0.257341161184934
124,2006,0.272006276013307
124,2007,0.276619445128299
124,2008,0.277155660853574
124,2009,0.262138502722246
124,2010,0.255466603924999
124,2011,0.252780259570717
124,2012,0.251501459254526
124,2013,0.247599044239388
124,2014,0.246894704182801
124,2015,0.252342721661838
124,2016,0.258258568709632
124,2017,0.259087730576448
124,2018,0.256693387531885
124,2019,0.257216080044767
124,2020,0.224550896631605
124,2021,0.22149394481783
124,2022,0.250965008671717
124,2023,0.261964960568333
125,2005,0.212502107531185
125,2006,0.202662752951039
125,2007,0.213653968481222
125,2008,0.214234540910838
125,2009,0.198704553081298
125,2010,0.196319401568743
125,2011,0.196307682519664
125,2012,0.192376656537015
125,2013,0.195160364166678
125,2014,0.20766558041367
125,2015,0.219177351428891
125,2016,0.225504932808758
125,2017,0.233654339270723
125,2018,0.242009761789764
125,2019,0.241887988569502
125,2020,0.207028332678917
125,2021,0.215085634363596
125,2022,0.22930780693434
125,2023,0.23891690458019
126,2005,0.422631280107899
126,2006,0.475727029288149
126,2007,0.495486150503289
126,2008,0.509370563216696
126,2009,0.484085039307811
126,2010,0.496943114999293
126,2011,0.492087395271221
126,2012,0.524903844944043
126,2013,0.539537562904389
126,2014,0.556493059708112
126,2015,0.548568069614309
126,2016,0.504116583619187
126,2017,0.476903754529423
126,2018,0.465807627574285
126,2019,0.462801270814282
126,2020,0.42128986923719
126,2021,0.414865393645023
126,2022,0.419534976872239
126,2023,0.427272397633655
127,2005,0.183628866935133
127,2006,0.197563425182862
127,2007,0.20523907055086
127,2008,0.207018492194426
127,2009,0.20505014277113
127,2010,0.196836802950805
127,2011,0.196732305081612
127,2012,0.200174041985236
127,2013,0.206311582604472
127,2014,0.209942178467086
127,2015,0.216656600425976
127,2016,0.22674420063293
127,2017,0.230931595391953
127,2018,0.238871605662012
127,2019,0.241270414569825
127,2020,0.232897106429961
127,2021,0.235327406800569
127,2022,0.25310803467181
127,2023,0.2689822055906
129,2005,0.259560077209365
129,2006,0.276768733445893
129,2007,0.304242917573186
129,2008,0.32814051203045
129,2009,0.326239435428184
129,2010,0.339128720595162
129,2011,0.37083858492667
129,2012,0.399924916393252
129,2013,0.420074152213218
129,2014,0.433725848608945
129,2015,0.45067554631
129,2016,0.464864762846224
129,2017,0.482500234974696
129,2018,0.491971896620843
129,2019,0.500041158263226
129,2020,0.4057614869759
129,2021,0.463873807966087
129,2022,0.507333137748567
129,2023,0.537202539384643
130,2005,0.235601776012118
130,2006,0.249266298009232
130,2007,0.265986471241447
130,2008,0.274758735208035
130,2009,0.268705643199333
130,2010,0.279487830288173
130,2011,0.288198141510438
130,2012,0.298653429637233
130,2013,0.30259419983616
130,2014,0.309900530472717
130,2015,0.317874824637303
130,2016,0.327892692300705
130,2017,0.338199231767894
130,2018,0.343817763704408
130,2019,0.349096365394492
130,2020,0.331662138284294
130,2021,0.355839147735114
130,2022,0.370105459974897
130,2023,0.386685515569645
131,2005,0.0781240729801437
131,2006,0.0802631728121812
131,2007,0.0831694341852228
131,2008,0.0848117276871954
131,2009,0.0808421072455932
131,2010,0.0831803632704453
131,2011,0.0871432491709476
131,2012,0.0914490074686785
131,2013,0.0945619164049518
131,2014,0.0976623676086106
131,2015,0.100881932687592
131,2016,0.103988701940332
131,2017,0.107271987777732
131,2018,0.102217276113714
131,2019,0.0978908629941626
131,2020,0.0948632669601288
131,2021,0.103203041447078
131,2022,0.105567602956805
131,2023,0.108857717153604
132,2005,0.183043789057216
132,2006,0.192817821174708
132,2007,0.203274037798889
132,2008,0.207510761407723
132,2009,0.207514210816382
132,2010,0.214411432245541
132,2011,0.226814489864111
132,2012,0.23325123338184
132,2013,0.242810489161055
132,2014,0.251342736792617
132,2015,0.256346006766761
132,2016,0.258915292874755
132,2017,0.258495969525187
132,2018,0.260146310200381
132,2019,0.263567110293746
132,2020,0.241057436990256
132,2021,0.264056851342654
132,2022,0.281351413562039
132,2023,0.281926263589574
133,2005,0.0750558237034827
133,2006,0.0781199948533428
133,2007,0.0810777774056442
133,2008,0.0826591132134259
133,2009,0.0789389390442551
133,2010,0.0802018857200287
133,2011,0.0816211086846234
133,2012,0.0833490169437509
133,2013,0.0840666791603152
133,2014,0.0850506213644062
133,2015,0.0867330349984747
133,2016,0.0885256674919292
133,2017,0.0912120504320531
133,2018,0.0931134737897549
133,2019,0.0939052384987259
133,2020,0.0841104459214843
133,2021,0.0932368046903191
133,2022,0.0956620361019579
133,2023,0.0975838919956409
134,2005,0.120226314776647
134,2006,0.125510810732603
134,2007,0.127624707795976
134,2008,0.12985930128014
134,2009,0.126639010401895
134,2010,0.12888366277301
134,2011,0.133239108924959
134,2012,0.136553997679091
134,2013,0.138985554545107
134,2014,0.14084533850553
134,2015,0.143727057167646
134,2016,0.146917920457744
134,2017,0.149833082405337
134,2018,0.153210863992259
134,2019,0.156848497352246
134,2020,0.144180990523819
134,2021,0.160797641506707
134,2022,0.164719465488981
134,2023,0.169737910080341
135,2005,0.309729129635123
135,2006,0.320225097491045
135,2007,0.322604630072835
135,2008,0.321546209168287
135,2009,0.297600658621181
135,2010,0.308278578373349
135,2011,0.31437549167616
135,2012,0.321030893021867
135,2013,0.31952984057177
135,2014,0.323489070768881
135,2015,0.328376164632944
135,2016,0.330430757640986
135,2017,0.332998236633369
135,2018,0.336349027456195
135,2019,0.332629820261457
135,2020,0.301739594858869
135,2021,0.317277170366973
135,2022,0.327739759251945
135,2023,0.335815739890502
136,2005,0.137510606784625
136,2006,0.141963501890112
136,2007,0.148007099591726
136,2008,0.149963249903751
136,2009,0.147870556756827
136,2010,0.149366851320608
136,2011,0.152781071593644
136,2012,0.154554109511239
136,2013,0.15747308423344
136,2014,0.161652281169952
136,2015,0.165445120796801
136,2016,0.167081978156013
136,2017,0.169447272243638
136,2018,0.172438247723219
136,2019,0.17658955148543
136,2020,0.17080920690384
136,2021,0.181767310246641
136,2022,0.186547032894682
136,2023,0.190365291648054
137,2005,0.160740698932317
137,2006,0.164856732889032
137,2007,0.165131324350794
137,2008,0.17299854804937
137,2009,0.171968178668861
137,2010,0.175951289580901
137,2011,0.187766207405254
137,2012,0.195467483321218
137,2013,0.206376193026063
137,2014,0.211930153343627
137,2015,0.209066965138008
137,2016,0.204551012381259
137,2017,0.213422430532635
137,2018,0.211611734612757
137,2019,0.207952355072618
137,2020,0.186099646691087
137,2021,0.201970106632099
137,2022,0.212042579043509
137,2023,0.214775847948898
138,2005,0.134179565601793
138,2006,0.143093177045748
138,2007,0.154091696535797
138,2008,0.166953642675497
138,2009,0.167601237525221
138,2010,0.180198430912229
138,2011,0.189987008071232
138,2012,0.199808884038118
138,2013,0.209466342338514
138,2014,0.212229624958634
138,2015,0.21657811814713
138,2016,0.222096240725625
138,2017,0.224285030147326
138,2018,0.228854276459789
138,2019,0.229556039719006
138,2020,0.201511897787191
138,2021,0.225641656245835
138,2022,0.229517028901488
138,2023,0.226240133842428
139,2005,0.229422118104651
139,2006,0.240585941281557
139,2007,0.253572577867677
139,2008,0.263622455287858
139,2009,0.262029232929366
139,2010,0.277670342597647
139,2011,0.291500351731172
139,2012,0.298608414302427
139,2013,0.307563951322538
139,2014,0.309204865178623
139,2015,0.308104816967251
139,2016,0.305052664034973
139,2017,0.308678732650361
139,2018,0.310500302624827
139,2019,0.310016322249384
139,2020,0.292240995281521
139,2021,0.316445268215596
139,2022,0.350159351790332
139,2023,0.370620143613624
140,2005,0.438532984567508
140,2006,0.446276065950309
140,2007,0.451743869521716
140,2008,0.453901066101938
140,2009,0.434917373373258
140,2010,0.432787133699851
140,2011,0.435022741293745
140,2012,0.434574732184805
140,2013,0.434301810942207
140,2014,0.438758469422274
140,2015,0.440035019565234
140,2016,0.44247794211462
140,2017,0.440141523308339
140,2018,0.442030949698462
140,2019,0.446377241307223
140,2020,0.392341904429092
140,2021,0.411336571904049
140,2022,0.435601970970122
140,2023,0.436959085916549
141,2005,0.70716208855199
141,2006,0.728130908339856
141,2007,0.74909972812773
141,2008,0.803748123132629
141,2009,0.768876943019439
141,2010,0.764741019676342
141,2011,0.793492487663925
141,2012,0.849063822147848
141,2013,0.898277342989467
141,2014,0.946159618600558
141,2015,0.948528154780219
141,2016,0.949171124633226
141,2017,0.968248679196777
141,2018,0.980544110086558
141,2019,1
141,2020,0.975905739550972
141,2021,1
141,2022,1
141,2023,1
143,2005,0.834666732644971
143,2006,0.866804312271718
143,2007,0.916604658226723
143,2008,0.919596456744458
143,2009,0.846227718758089
143,2010,0.823440095032173
143,2011,0.83608111258879
143,2012,0.840489805362885
143,2013,0.870479959052024
143,2014,0.875373879108539
143,2015,0.904735191223442
143,2016,0.948508986871682
143,2017,0.965386851913253
143,2018,0.985827694774058
143,2019,0.982335563884229
143,2020,0.899439232192103
143,2021,0.930371367944501
143,2022,0.987853369853378
143,2023,0.997708898960499
144,2005,0.724653415235566
144,2006,0.754059667001993
144,2007,0.781592021960637
144,2008,0.781967653410553
144,2009,0.735175100796292
144,2010,0.74287445811775
144,2011,0.757821079045527
144,2012,0.767859329744637
144,2013,0.778455639448329
144,2014,0.799950608294342
144,2015,0.813268170949669
144,2016,0.829893402827171
144,2017,0.845930419987857
144,2018,0.858398604728481
144,2019,0.86775761184933
144,2020,0.844504987044194
144,2021,0.871859774690121
144,2022,0.882333205533156
144,2023,0.877468073188908
145,2005,0.772929014757085
145,2006,0.818184242622232
145,2007,0.840674336277786
145,2008,0.896108223357274
145,2009,0.903948333084011
145,2010,0.910233617419972
145,2011,0.905952937676291
145,2012,0.91987722545769
145,2013,0.913190990741854
145,2014,0.959690012403178
145,2015,0.938433657107496
145,2016,0.981111823489239
145,2017,0.981873801769319
145,2018,0.990619201898774
145,2019,1
145,2020,1
145,2021,1
145,2022,1
145,2023,1
146,2005,0.0753954111605224
146,2006,0.0759388263307182
146,2007,0.076951882580127
146,2008,0.0800850076369073
146,2009,0.076609656952564
146,2010,0.0777045434839876
146,2011,0.08143545051301
146,2012,0.0795190671827305
146,2013,0.0801700181717032
146,2014,0.08085969386333
146,2015,0.0843289638695251
146,2016,0.0899772888423421
146,2017,0.0919130794235545
146,2018,0.0917799820602287
146,2019,0.0962527593798841
146,2020,0.0933693831247024
146,2021,0.0894386372230248
146,2022,0.0863462369917206
146,2023,0.0916270187334234
147,2005,0.0753954111605224
147,2006,0.0759388263307182
147,2007,0.076951882580127
147,2008,0.0800850076369073
147,2009,0.076609656952564
147,2010,0.0777045434839876
147,2011,0.08143545051301
147,2012,0.0795190671827305
147,2013,0.0801700181717032
147,2014,0.08085969386333
147,2015,0.0843289638695251
147,2016,0.0899772888423421
147,2017,0.0919130794235545
147,2018,0.0917799820602287
147,2019,0.0962527593798841
147,2020,0.0933693831247024
147,2021,0.0894386372230248
147,2022,0.0863462369917206
147,2023,0.0916270187334234
148,2005,0.0956722247299253
148,2006,0.0953801706490264
148,2007,0.0968276129694336
148,2008,0.102454848053955
148,2009,0.0987886801346284
148,2010,0.0999936584209132
148,2011,0.106790388199367
148,2012,0.113573178050178
148,2013,0.113417904549371
148,2014,0.119857938390135
148,2015,0.127394172374796
148,2016,0.129527084688945
148,2017,0.125572642710557
148,2018,0.126368672038325
148,2019,0.131548507605003
148,2020,0.126353852523515
148,2021,0.121935261268341
148,2022,0.122066639831667
148,2023,0.122857189311979
149,2005,0.0956722247299253
149,2006,0.0953801706490264
149,2007,0.0968276129694336
149,2008,0.102454848053955
149,2009,0.0987886801346284
149,2010,0.0999936584209132
149,2011,0.106790388199367
149,2012,0.113573178050178
149,2013,0.113417904549371
149,2014,0.119857938390135
149,2015,0.127394172374796
149,2016,0.129527084688945
149,2017,0.125572642710557
149,2018,0.126368672038325
149,2019,0.131548507605003
149,2020,0.126353852523515
149,2021,0.121935261268341
149,2022,0.122066639831667
149,2023,0.122857189311979
150,2005,0.0956722247299253
150,2006,0.0953801706490264
150,2007,0.0968276129694336
150,2008,0.102454848053955
150,2009,0.0987886801346284
150,2010,0.0999936584209132
150,2011,0.106790388199367
150,2012,0.113573178050178
150,2013,0.113417904549371
150,2014,0.119857938390135
150,2015,0.127394172374796
150,2016,0.129527084688945
150,2017,0.125572642710557
150,2018,0.126368672038325
150,2019,0.131548507605003
150,2020,0.126353852523515
150,2021,0.121935261268341
150,2022,0.122066639831667
150,2023,0.122857189311979
151,2005,0.0753954111605224
151,2006,0.0759388263307182
151,2007,0.076951882580127
151,2008,0.0800850076369073
151,2009,0.076609656952564
151,2010,0.0777045434839876
151,2011,0.08143545051301
151,2012,0.0795190671827305
151,2013,0.0801700181717032
151,2014,0.08085969386333
151,2015,0.0843289638695251
151,2016,0.0899772888423421
151,2017,0.0919130794235545
151,2018,0.0917799820602287
151,2019,0.0962527593798841
151,2020,0.0933693831247024
151,2021,0.0894386372230248
151,2022,0.0863462369917206
151,2023,0.0916270187334234
152,2005,0.088063927594093
152,2006,0.0895839410298065
152,2007,0.0894999194094682
152,2008,0.0920500453124281
152,2009,0.0908931454500287
152,2010,0.0957188271152396
152,2011,0.0985531219909083
152,2012,0.0940259604486862
152,2013,0.0932723822624369
152,2014,0.0930418999791705
152,2015,0.0957633402421546
152,2016,0.102416339945577
152,2017,0.102813184935983
152,2018,0.10117719801894
152,2019,0.104582283144302
152,2020,0.0999056926685717
152,2021,0.091206137202684
152,2022,0.0849613519601076
152,2023,0.0904102277641702
153,2005,0.0753954111605224
153,2006,0.0759388263307182
153,2007,0.076951882580127
153,2008,0.0800850076369073
153,2009,0.076609656952564
153,2010,0.0777045434839876
153,2011,0.08143545051301
153,2012,0.0795190671827305
153,2013,0.0801700181717032
153,2014,0.08085969386333
153,2015,0.0843289638695251
153,2016,0.0899772888423421
153,2017,0.0919130794235545
153,2018,0.0917799820602287
153,2019,0.0962527593798841
153,2020,0.0933693831247024
153,2021,0.0894386372230248
153,2022,0.0863462369917206
153,2023,0.0916270187334234
154,2005,0.0753954111605224
154,2006,0.0759388263307182
154,2007,0.076951882580127
154,2008,0.0800850076369073
154,2009,0.076609656952564
154,2010,0.0777045434839876
154,2011,0.08143545051301
154,2012,0.0795190671827305
154,2013,0.0801700181717032
154,2014,0.08085969386333
154,2015,0.0843289638695251
154,2016,0.0899772888423421
154,2017,0.0919130794235545
154,2018,0.0917799820602287
154,2019,0.0962527593798841
154,2020,0.0933693831247024
154,2021,0.0894386372230248
154,2022,0.0863462369917206
154,2023,0.0916270187334234
155,2005,0.0836199782247357
155,2006,0.0830577282079316
155,2007,0.0829330116132066
155,2008,0.0866336222537459
155,2009,0.0819669407066645
155,2010,0.0824416391732855
155,2011,0.0878761555242466
155,2012,0.0886893006156532
155,2013,0.0893093921556588
155,2014,0.0915079163480249
155,2015,0.0930199738801777
155,2016,0.0995215049772226
155,2017,0.103112873956584
155,2018,0.103622103924854
155,2019,0.104552045272966
155,2020,0.104760483984091
155,2021,0.101232146545856
155,2022,0.0984151442669297
155,2023,0.106472687040167
156,2005,0.0753954111605224
156,2006,0.0759388263307182
156,2007,0.076951882580127
156,2008,0.0800850076369073
156,2009,0.076609656952564
156,2010,0.0777045434839876
156,2011,0.08143545051301
156,2012,0.0795190671827305
156,2013,0.0801700181717032
156,2014,0.08085969386333
156,2015,0.0843289638695251
156,2016,0.0899772888423421
156,2017,0.0919130794235545
156,2018,0.0917799820602287
156,2019,0.0962527593798841
156,2020,0.0933693831247024
156,2021,0.0894386372230248
156,2022,0.0863462369917206
156,2023,0.0916270187334234
157,2005,0.0956722247299253
157,2006,0.0953801706490264
157,2007,0.0968276129694336
157,2008,0.102454848053955
157,2009,0.0987886801346284
157,2010,0.0999936584209132
157,2011,0.106790388199367
157,2012,0.113573178050178
157,2013,0.113417904549371
157,2014,0.119857938390135
157,2015,0.127394172374796
157,2016,0.129527084688945
157,2017,0.125572642710557
157,2018,0.126368672038325
157,2019,0.131548507605003
157,2020,0.126353852523515
157,2021,0.121935261268341
157,2022,0.122066639831667
157,2023,0.122857189311979
158,2005,0.0956722247299253
158,2006,0.0953801706490264
158,2007,0.0968276129694336
158,2008,0.102454848053955
158,2009,0.0987886801346284
158,2010,0.0999936584209132
158,2011,0.106790388199367
158,2012,0.113573178050178
158,2013,0.113417904549371
158,2014,0.119857938390135
158,2015,0.127394172374796
158,2016,0.129527084688945
158,2017,0.125572642710557
158,2018,0.126368672038325
158,2019,0.131548507605003
158,2020,0.126353852523515
158,2021,0.121935261268341
158,2022,0.122066639831667
158,2023,0.122857189311979
159,2005,0.0956722247299253
159,2006,0.0953801706490264
159,2007,0.0968276129694336
159,2008,0.102454848053955
159,2009,0.0987886801346284
159,2010,0.0999936584209132
159,2011,0.106790388199367
159,2012,0.113573178050178
159,2013,0.113417904549371
159,2014,0.119857938390135
159,2015,0.127394172374796
159,2016,0.129527084688945
159,2017,0.125572642710557
159,2018,0.126368672038325
159,2019,0.131548507605003
159,2020,0.126353852523515
159,2021,0.121935261268341
159,2022,0.122066639831667
159,2023,0.122857189311979
161,2005,0.0753954111605224
161,2006,0.0759388263307182
161,2007,0.076951882580127
161,2008,0.0800850076369073
161,2009,0.076609656952564
161,2010,0.0777045434839876
161,2011,0.08143545051301
161,2012,0.0795190671827305
161,2013,0.0801700181717032
161,2014,0.08085969386333
161,2015,0.0843289638695251
161,2016,0.0899772888423421
161,2017,0.0919130794235545
161,2018,0.0917799820602287
161,2019,0.0962527593798841
161,2020,0.0933693831247024
161,2021,0.0894386372230248
161,2022,0.0863462369917206
161,2023,0.0916270187334234
162,2005,0.616435842524668
162,2006,0.625893873963859
162,2007,0.638997155189558
162,2008,0.625743269339322
162,2009,0.619196849700662
162,2010,0.621197355694551
162,2011,0.630296264012187
162,2012,0.641201808728219
162,2013,0.653856883872169
162,2014,0.667229443939639
162,2015,0.678194236079078
162,2016,0.687987801662858
162,2017,0.696656438608202
162,2018,0.708235411240824
162,2019,0.713519627800129
162,2020,0.69499450652662
162,2021,0.723591232852914
162,2022,0.742812318884567
162,2023,0.732352718497276
163,2005,0.895247964784473
163,2006,0.911346302473441
163,2007,0.92080921049956
163,2008,0.91317673233599
163,2009,0.881883700380454
163,2010,0.898169803472286
163,2011,0.905614968059338
163,2012,0.919574717006547
163,2013,0.932565932299178
163,2014,0.949116178104389
163,2015,0.969905908974767
163,2016,0.980422185402281
163,2017,0.99818230157201
163,2018,1
163,2019,1
163,2020,1
163,2021,1
163,2022,1
163,2023,1
164,2005,0.189700847790169
164,2006,0.192522746007633
164,2007,0.193219483034652
164,2008,0.184957548311986
164,2009,0.179142424545719
164,2010,0.176895857139874
164,2011,0.172390787897237
164,2012,0.174715539433113
164,2013,0.178430200159539
164,2014,0.181549178188022
164,2015,0.183480616084953
164,2016,0.179743343792836
164,2017,0.17300789096221
164,2018,0.171460259778261
164,2019,0.175495075082436
164,2020,0.149163182292189
164,2021,0.173561612718497
164,2022,0.186280473745271
164,2023,0.192108396007871
166,2005,0.152515030835468
166,2006,0.156189951729983
166,2007,0.15774846779067
166,2008,0.155882113766198
166,2009,0.14850455103471
166,2010,0.145725314079118
166,2011,0.147584374873708
166,2012,0.145953380105501
166,2013,0.146004705441879
166,2014,0.14640926849814
166,2015,0.147234835254184
166,2016,0.148820282675788
166,2017,0.150000157076567
166,2018,0.15264703438477
166,2019,0.153903016613015
166,2020,0.138307828876072
166,2021,0.144300570577026
166,2022,0.151852330690246
166,2023,0.155293852948603
167,2005,0.124215388072965
167,2006,0.130818238180414
167,2007,0.140567853861551
167,2008,0.143484827293088
167,2009,0.149239093208133
167,2010,0.156106386475996
167,2011,0.16503493181126
167,2012,0.173804373913125
167,2013,0.179321582010496
167,2014,0.181448806988994
167,2015,0.181748533449185
167,2016,0.187660424166158
167,2017,0.193606297238129
167,2018,0.196473580391861
167,2019,0.203559715146031
167,2020,0.292635002169174
167,2021,0.347969301319461
167,2022,0.565795819673802
167,2023,0.747880271538081
168,2005,0.28782741953131
168,2006,0.301117860920905
168,2007,0.312958559598168
168,2008,0.322268077405
168,2009,0.328261383875892
168,2010,0.341376681231893
168,2011,0.357375240471377
168,2012,0.36306755588634
168,2013,0.369850514452574
168,2014,0.367062688135315
168,2015,0.350965770308123
168,2016,0.330296423605806
168,2017,0.331982747185714
168,2018,0.344797624050572
168,2019,0.344996447031441
168,2020,0.286652692197357
168,2021,0.27697062030083
168,2022,0.28139082173006
168,2023,0.284836291010904
169,2005,0.229422118104651
169,2006,0.240585941281557
169,2007,0.253572577867677
169,2008,0.263622455287858
169,2009,0.262029232929366
169,2010,0.277670342597647
169,2011,0.291500351731172
169,2012,0.298608414302427
169,2013,0.307563951322538
169,2014,0.309204865178623
169,2015,0.308104816967251
169,2016,0.305052664034973
169,2017,0.308678732650361
169,2018,0.310500302624827
169,2019,0.310016322249384
169,2020,0.292240995281521
169,2021,0.316445268215596
169,2022,0.350159351790332
169,2023,0.370620143613624
171,2005,0.225949703438016
171,2006,0.232384665148335
171,2007,0.243959350079547
171,2008,0.253868301078283
171,2009,0.251143689156627
171,2010,0.267525330346048
171,2011,0.27558692867901
171,2012,0.278363891479788
171,2013,0.284249218015279
171,2014,0.283241512462093
171,2015,0.270896948965285
171,2016,0.259905513845153
171,2017,0.26126559053262
171,2018,0.263823219966518
171,2019,0.265005887771136
171,2020,0.254622946033436
171,2021,0.265343336575831
171,2022,0.27209455426364
171,2023,0.278573609178769
172,2005,0.350659795736646
172,2006,0.374977988532243
172,2007,0.404662035701773
172,2008,0.416922427005679
172,2009,0.388288381395656
172,2010,0.426512640541093
172,2011,0.446936979442657
172,2012,0.437348909922188
172,2013,0.442884370239719
172,2014,0.427035396485224
172,2015,0.433994639802405
172,2016,0.420497129189724
172,2017,0.427887989339051
172,2018,0.412477133767819
172,2019,0.400228367487892
172,2020,0.357122678774485
172,2021,0.391670444358848
172,2022,0.407294691803588
172,2023,0.397371970336682
173,2005,0.28062907213254
173,2006,0.291724895288236
173,2007,0.310213414523554
173,2008,0.331729827348713
173,2009,0.344976410809781
173,2010,0.370954016546615
173,2011,0.3890603706497
173,2012,0.401691318545525
173,2013,0.419070949928907
173,2014,0.431306688739731
173,2015,0.431486456836858
173,2016,0.437370540195828
173,2017,0.443885776601156
173,2018,0.443987860545112
173,2019,0.447931904947648
173,2020,0.414792179569625
173,2021,0.438223627534988
173,2022,0.459316586651581
173,2023,0.460962173374324
174,2005,0.799331298857304
174,2006,0.828338562872808
174,2007,0.868532144930964
174,2008,0.871275719654531
174,2009,0.797103769438431
174,2010,0.818744871618186
174,2011,0.835720697611748
174,2012,0.820129566034773
174,2013,0.808998639533378
174,2014,0.802719933272422
174,2015,0.804429962887809
174,2016,0.824672476745221
174,2017,0.84900469689464
174,2018,0.857542748034981
174,2019,0.867089506400095
174,2020,0.845454556976389
174,2021,0.867649671594891
174,2022,0.876849060996727
174,2023,0.86339474801702
175,2005,0.918571950286701
175,2006,0.951383923311555
175,2007,0.955786276355381
175,2008,0.945321925546653
175,2009,0.894142064166546
175,2010,0.906834291227177
175,2011,0.915180736779633
175,2012,0.913808733618033
175,2013,0.918500450877076
175,2014,0.928653862247444
175,2015,0.943718171854894
175,2016,0.966776687924944
175,2017,0.987681833069144
175,2018,1
175,2019,1
175,2020,0.986225583561155
175,2021,1
175,2022,1
175,2023,1
176,2005,0.765446241419187
176,2006,0.795555913847671
176,2007,0.82033148113856
176,2008,0.829781943785702
176,2009,0.784520847324085
176,2010,0.818565967182037
176,2011,0.866612807726703
176,2012,0.868607412367935
176,2013,0.870030804224652
176,2014,0.885555128286813
176,2015,0.891019936389184
176,2016,0.903566406606503
176,2017,0.924323188741429
176,2018,0.930592065017758
176,2019,0.938481468178636
176,2020,0.901830917772034
176,2021,0.929969512145793
176,2022,0.939966236967409
176,2023,0.929509715513429
177,2005,0.876895057337835
177,2006,0.905788309629797
177,2007,0.937919877264409
177,2008,0.954552541908491
177,2009,0.914833243180783
177,2010,0.922373846324572
177,2011,0.932322831422189
177,2012,0.919308356746484
177,2013,0.915408846569299
177,2014,0.92510395314502
177,2015,0.939056983236346
177,2016,0.954544996051551
177,2017,0.9765404306613
177,2018,0.993775756621651
177,2019,1
177,2020,0.962117431356405
177,2021,1
177,2022,1
177,2023,1
178,2005,0.327617818160765
178,2006,0.347924925832743
178,2007,0.372696102720602
178,2008,0.388296312154923
178,2009,0.399023095827097
178,2010,0.411907747625496
178,2011,0.432444323586304
178,2012,0.439127596405484
178,2013,0.443156383483858
178,2014,0.460504651392577
178,2015,0.481010389325213
178,2016,0.495429989168279
178,2017,0.520830173503544
178,2018,0.551795717452756
178,2019,0.576491362959979
178,2020,0.565835526429271
178,2021,0.607511762157018
178,2022,0.657888862997205
178,2023,0.661386354499992
179,2005,0.748869752813618
179,2006,0.761908213678069
179,2007,0.775586267014199
179,2008,0.773240243996319
179,2009,0.747178975818133
179,2010,0.757999959936299
179,2011,0.770890586100305
179,2012,0.769571119473179
179,2013,0.770018621270131
179,2014,0.773749857753869
179,2015,0.779584120107432
179,2016,0.786047314210698
179,2017,0.801728945924514
179,2018,0.813759202420725
179,2019,0.825932218090916
179,2020,0.761583768702952
179,2021,0.808282267621045
179,2022,0.825601587585275
179,2023,0.828985485758205
180,2005,0.743540507827537
180,2006,0.755708143655323
180,2007,0.769495014464273
180,2008,0.761739266270708
180,2009,0.721110231292452
180,2010,0.731496988826177
180,2011,0.734113748395007
180,2012,0.740056486120347
180,2013,0.748292246489687
180,2014,0.766539909686821
180,2015,0.777374941211505
180,2016,0.786326797137612
180,2017,0.801738967439577
180,2018,0.8080824442863
180,2019,0.816727579760062
180,2020,0.729442531037559
180,2021,0.793370771041477
180,2022,0.818506148420105
180,2023,0.812656430956734
181,2005,0.940905566351689
181,2006,0.961560228339455
181,2007,0.983764875658618
181,2008,0.920689354655073
181,2009,0.864943345437093
181,2010,0.874720873698066
181,2011,0.882069020806755
181,2012,0.877200079308783
181,2013,0.882842873582907
181,2014,0.953791286473835
181,2015,1
181,2016,1
181,2017,1
181,2018,1
181,2019,1
181,2020,1
181,2021,1
181,2022,1
181,2023,1
182,2005,0.648825680613544
182,2006,0.664123513900481
182,2007,0.675443974627514
182,2008,0.670650721419981
182,2009,0.639722000704555
182,2010,0.637820881875087
182,2011,0.630382589831649
182,2012,0.611333017139159
182,2013,0.604732202285394
182,2014,0.615008735046465
182,2015,0.639111648562965
182,2016,0.65797065676528
182,2017,0.675962700902071
182,2018,0.688383248285052
182,2019,0.697019923112012
182,2020,0.61616429256806
182,2021,0.654925089832299
182,2022,0.687462103903211
182,2023,0.696003789145861
183,2005,0.537979271089822
183,2006,0.545736590093879
183,2007,0.558318831576957
183,2008,0.559294217674035
183,2009,0.541316320453862
183,2010,0.550469591930541
183,2011,0.541929230618534
183,2012,0.522053805834904
183,2013,0.520083583913936
183,2014,0.527037725361862
183,2015,0.538708885589117
183,2016,0.551324495338164
183,2017,0.572049303506929
183,2018,0.589291577309234
183,2019,0.604957261025674
183,2020,0.554159876947715
183,2021,0.582292883789315
183,2022,0.61918826386031
183,2023,0.626232772064457
184,2005,0.779148940961685
184,2006,0.790720528800444
184,2007,0.798437345450892
184,2008,0.785535072001183
184,2009,0.740669170514264
184,2010,0.751045318564867
184,2011,0.755058059367549
184,2012,0.730578623142316
184,2013,0.708862876386069
184,2014,0.702356834518178
184,2015,0.708505809884286
184,2016,0.718890311837359
184,2017,0.731976515541923
184,2018,0.740158670685628
184,2019,0.752360211489004
184,2020,0.688185929790526
184,2021,0.749228914056784
184,2022,0.781640211691828
184,2023,0.791243436202489
185,2005,0.804862610473273
185,2006,0.826761920140646
185,2007,0.850564417249507
185,2008,0.855753040256802
185,2009,0.821921752319981
185,2010,0.839079398120582
185,2011,0.857615594098682
185,2012,0.854781210601091
185,2013,0.854245733598982
185,2014,0.863914183005991
185,2015,0.873389605372674
185,2016,0.883682975206916
185,2017,0.90102742561305
185,2018,0.912910054762311
185,2019,0.92334075104162
185,2020,0.875355590160303
185,2021,0.917744132375016
185,2022,0.929555162417402
185,2023,0.928245094578825
186,2005,0.24962855866285
186,2006,0.270676125412134
186,2007,0.288710561269033
186,2008,0.309014497708662
186,2009,0.290482967852404
186,2010,0.297879399599813
186,2011,0.307173460146546
186,2012,0.2985553654557
186,2013,0.308849452311873
186,2014,0.314053546681376
186,2015,0.324519018637041
186,2016,0.334012686257667
186,2017,0.349726939447889
186,2018,0.367571911805235
186,2019,0.382628528249595
186,2020,0.324436565779513
186,2021,0.367995187067287
186,2022,0.392839030868765
186,2023,0.417038285643874
187,2005,0.415057108079441
187,2006,0.436026295253399
187,2007,0.458254854850048
187,2008,0.467564952374265
187,2009,0.43428545882946
187,2010,0.429940142529033
187,2011,0.431175844554332
187,2012,0.422555919518904
187,2013,0.422434237334436
187,2014,0.422709227936357
187,2015,0.437071737723472
187,2016,0.456196248501353
187,2017,0.47724191071609
187,2018,0.495890820223867
187,2019,0.515813522808286
187,2020,0.473912547735962
187,2021,0.559014751293416
187,2022,0.601919758385477
187,2023,0.620736734855372
188,2005,0.541930647873576
188,2006,0.571246292155085
188,2007,0.607712307208525
188,2008,0.628048059828617
188,2009,0.575415625221317
188,2010,0.580610312803531
188,2011,0.584396026995531
188,2012,0.567777527837703
188,2013,0.561171317774915
188,2014,0.576138509122527
188,2015,0.588429030118568
188,2016,0.606766518198927
188,2017,0.635570369102006
188,2018,0.661478227689367
188,2019,0.680028395107373
188,2020,0.64684238441876
188,2021,0.698188191013038
188,2022,0.714045715670754
188,2023,0.7223155913075
189,2005,0.372028932234539
189,2006,0.406042112775144
189,2007,0.456534465316556
189,2008,0.473313206825624
189,2009,0.407580636054986
189,2010,0.423090365541785
189,2011,0.458888502809184
189,2012,0.482961804950124
189,2013,0.505194119637886
189,2014,0.527579713904238
189,2015,0.543348612403452
189,2016,0.564158001769115
189,2017,0.596602991107893
189,2018,0.62637559147692
189,2019,0.657337963349231
189,2020,0.657000294855331
189,2021,0.696806437503556
189,2022,0.70604556252174
189,2023,0.693808619212644
190,2005,1
190,2006,1
190,2007,1
190,2008,1
190,2009,1
190,2010,1
190,2011,1
190,2012,1
190,2013,1
190,2014,1
190,2015,1
190,2016,1
190,2017,1
190,2018,1
190,2019,1
190,2020,1
190,2021,1
190,2022,1
190,2023,1
191,2005,0.200625215931001
191,2006,0.20742520532578
191,2007,0.221104799932619
191,2008,0.218639306781054
191,2009,0.217857704917815
191,2010,0.227274542167755
191,2011,0.230326176847217
191,2012,0.218881477616629
191,2013,0.212433399333901
191,2014,0.218831392589416
191,2015,0.210889088467181
191,2016,0.225304781909227
191,2017,0.228235332481873
191,2018,0.221129244327022
191,2019,0.211995326651502
191,2020,0.217233502785046
191,2021,0.225848046556902
191,2022,0.232717572869762
191,2023,0.242537943745496
192,2005,0.149776415724836
192,2006,0.15710051343809
192,2007,0.161429447312296
192,2008,0.171378485910071
192,2009,0.170907264920485
192,2010,0.176173845012846
192,2011,0.18295465235712
192,2012,0.199302577210578
192,2013,0.204728749627616
192,2014,0.198072156641539
192,2015,0.201871006478032
192,2016,0.224123280204654
192,2017,0.214917497221879
192,2018,0.215309437540845
192,2019,0.22186383312228
192,2020,0.190602698439036
192,2021,0.189125790846145
192,2022,0.199170964127588
192,2023,0.189039879573408
193,2005,0.0282450183497357
193,2006,0.0282931978784774
193,2007,0.0282876833847161
193,2008,0.0288155144085026
193,2009,0.0287715714371604
193,2010,0.0296083611516627
193,2011,0.031170896738833
193,2012,0.0298268980931995
193,2013,0.0299811079174955
193,2014,0.029479262994442
193,2015,0.0304898448975016
193,2016,0.0313091618381981
193,2017,0.0320183890142997
193,2018,0.0324438656782954
193,2019,0.0331209580642935
193,2020,0.0328611245698846
193,2021,0.0342025221453571
193,2022,0.0348799736933877
193,2023,0.0355963449929479
194,2005,0.0379841671112259
194,2006,0.0376512477644406
194,2007,0.0393062622887059
194,2008,0.0399568773891348
194,2009,0.0385560594651432
194,2010,0.0394305796349664
194,2011,0.0406269366283389
194,2012,0.0419892310889543
194,2013,0.0425929334703371
194,2014,0.0430842597834097
194,2015,0.0436066793490353
194,2016,0.0470898778988058
194,2017,0.0506255769498206
194,2018,0.0524976128380269
194,2019,0.0540570286491924
194,2020,0.0553096602864423
194,2021,0.0560790959526334
194,2022,0.0573276418106511
194,2023,0.0599433101992525
195,2005,0.0640455132922058
195,2006,0.0644096916162302
195,2007,0.0637270676343694
195,2008,0.06536731823897
195,2009,0.0663035490853337
195,2010,0.069360486208205
195,2011,0.0642874564425425
195,2012,0.0677788587436962
195,2013,0.0735399282346884
195,2014,0.0785912839241276
195,2015,0.0820995123579394
195,2016,0.0857466691245535
195,2017,0.089749719155321
195,2018,0.0917121941397281
195,2019,0.0954300695963191
195,2020,0.0937170803469004
195,2021,0.0979030559706835
195,2022,0.101470968065116
195,2023,0.105435413220056
196,2005,0.0677718027144892
196,2006,0.0699664858534114
196,2007,0.072584413007617
196,2008,0.0754151638747873
196,2009,0.0792840838595952
196,2010,0.0833132017812575
196,2011,0.085343550537729
196,2012,0.0865413547614584
196,2013,0.0898579363736042
196,2014,0.0930498361120592
196,2015,0.0931214487702903
196,2016,0.0893475098917744
196,2017,0.0878197808615386
196,2018,0.0873013022972988
196,2019,0.0870713014481075
196,2020,0.083447342256573
196,2021,0.0844343809717758
196,2022,0.0851295262733904
196,2023,0.0855050806457609
197,2005,0.0622975378642799
197,2006,0.0629360836336546
197,2007,0.063859069303313
197,2008,0.0638404981595706
197,2009,0.0636492179510409
197,2010,0.0636534078449286
197,2011,0.0639674398183588
197,2012,0.0650688578416079
197,2013,0.0664239882773516
197,2014,0.0681237134977337
197,2015,0.0697537759522549
197,2016,0.0707681581535084
197,2017,0.071226886295308
197,2018,0.072025906097156
197,2019,0.0724891934378558
197,2020,0.0707331902665244
197,2021,0.0711933917512043
197,2022,0.0718528334299419
197,2023,0.072810909447736
198,2005,0.319356665185249
198,2006,0.301266753387028
198,2007,0.309632278324501
198,2008,0.289994123290096
198,2009,0.280965910282136
198,2010,0.290764018023965
198,2011,0.300598706329985
198,2012,0.305323681959253
198,2013,0.311430275422968
198,2014,0.31419351250705
198,2015,0.31645957866971
198,2016,0.314144200181201
198,2017,0.307663980987999
198,2018,0.302910965726674
198,2019,0.307661248567862
198,2020,0.295448454911061
198,2021,0.293561564865871
198,2022,0.296224043743745
198,2023,0.297013600586454
199,2005,0.0143337250332737
199,2006,0.0146228575314861
199,2007,0.0150464837983541
199,2008,0.0154799341101309
199,2009,0.0154213484110096
199,2010,0.0159898040054242
199,2011,0.0165257536634885
199,2012,0.0171127515350199
199,2013,0.0179420319634019
199,2014,0.0189758844196812
199,2015,0.0196121618299364
199,2016,0.019398586167412
199,2017,0.0194406118647952
199,2018,0.0199098771253617
199,2019,0.020131069145405
199,2020,0.0198305748046553
199,2021,0.0203922519053973
199,2022,0.0215130770250741
199,2023,0.0226119540364009
200,2005,0.116831384559799
200,2006,0.125727182278275
200,2007,0.138218314512141
200,2008,0.148118955977829
200,2009,0.143975639258517
200,2010,0.144798058260083
200,2011,0.144298414553932
200,2012,0.150846754210328
200,2013,0.152515618666883
200,2014,0.15408764155793
200,2015,0.150015143204502
200,2016,0.14099639664532
200,2017,0.135877247468535
200,2018,0.129522717564154
200,2019,0.124319642135131
200,2020,0.113538105547799
200,2021,0.111318892000292
200,2022,0.111211185707166
200,2023,0.108814498602258
202,2005,0.0336074159057193
202,2006,0.0348137178013462
202,2007,0.0361433693634477
202,2008,0.0371720090310671
202,2009,0.0381649828268016
202,2010,0.0395484814246675
202,2011,0.0413872055753985
202,2012,0.0420118825080674
202,2013,0.0435313036337198
202,2014,0.0450420813754147
202,2015,0.0462516236236364
202,2016,0.0477465441647379
202,2017,0.0492935632708034
202,2018,0.0503653795370797
202,2019,0.0517090371933716
202,2020,0.0511818200964347
202,2021,0.0518204664677216
202,2022,0.0526157860862955
202,2023,0.0537622001078367
203,2005,0.0582862139337782
203,2006,0.0620317121028513
203,2007,0.0658116925042131
203,2008,0.0668849368109812
203,2009,0.0711466506092032
203,2010,0.076136289424962
203,2011,0.07904322953367
203,2012,0.0822530346918989
203,2013,0.0863777051283749
203,2014,0.0916348079386091
203,2015,0.0977936453533537
203,2016,0.104620609664018
203,2017,0.11044623413405
203,2018,0.116302544837931
203,2019,0.119572824813468
203,2020,0.111593167567825
203,2021,0.12143412916345
203,2022,0.129037847976069
203,2023,0.137710973907501
204,2005,0.0498293824424097
204,2006,0.0525143543646416
204,2007,0.0556332771902192
204,2008,0.0584576286003926
204,2009,0.0608688221134736
204,2010,0.0635309107136639
204,2011,0.0668183309517026
204,2012,0.0702962191433453
204,2013,0.073585183756093
204,2014,0.0770788458242499
204,2015,0.0811571344266747
204,2016,0.085866853689696
204,2017,0.0903889929960637
204,2018,0.0958848586870703
204,2019,0.102297314642215
204,2020,0.10462059027884
204,2021,0.110601382298065
204,2022,0.117187523006236
204,2023,0.122688158041582
205,2005,0.0354880879225193
205,2006,0.0398249611341902
205,2007,0.0442715370349865
205,2008,0.0485274003739006
205,2009,0.05333364004999
205,2010,0.0580279096924223
205,2011,0.060775978446054
205,2012,0.0646821503637195
205,2013,0.0695366457647715
205,2014,0.0745931225472478
205,2015,0.0791713819522362
205,2016,0.0831531645248036
205,2017,0.0875871526401239
205,2018,0.0924104002864956
205,2019,0.0977953352914023
205,2020,0.0883088247266344
205,2021,0.0771558823163399
205,2022,0.0797062346183439
205,2023,0.0799169933166853
206,2005,0.310847906959215
206,2006,0.32095464913018
206,2007,0.333826906037413
206,2008,0.342724681771867
206,2009,0.330923496097115
206,2010,0.349298084510983
206,2011,0.361911844015574
206,2012,0.375593882678807
206,2013,0.38703031979151
206,2014,0.403955681891471
206,2015,0.418205357678127
206,2016,0.430474508605468
206,2017,0.449095244532897
206,2018,0.464691274659021
206,2019,0.479212394330025
206,2020,0.447658877870556
206,2021,0.457271507456216
206,2022,0.491493332649743
206,2023,0.504081579638088
207,2005,0.0845846848254207
207,2006,0.0896142300210882
207,2007,0.0950853287068757
207,2008,0.0994888030525204
207,2009,0.103785232001126
207,2010,0.109278888296327
207,2011,0.115052372719784
207,2012,0.120091163619906
207,2013,0.125403332860862
207,2014,0.132041417061789
207,2015,0.139802612576455
207,2016,0.147657674153098
207,2017,0.156383121934468
207,2018,0.166496717900036
207,2019,0.177140163687475
207,2020,0.180572000328684
207,2021,0.183626615312364
207,2022,0.197090010567255
207,2023,0.205628484055238
208,2005,1
208,2006,1
208,2007,1
208,2008,1
208,2009,1
208,2010,1
208,2011,1
208,2012,1
208,2013,1
208,2014,1
208,2015,1
208,2016,1
208,2017,1
208,2018,1
208,2019,1
208,2020,1
208,2021,1
208,2022,1
208,2023,1
209,2005,0.0961624683079414
209,2006,0.107541675381591
209,2007,0.121851426607835
209,2008,0.132583758504023
209,2009,0.143794032105671
209,2010,0.158125474076799
209,2011,0.172043935394922
209,2012,0.184007023511864
209,2013,0.19674180737191
209,2014,0.209776616329284
209,2015,0.222993688819249
209,2016,0.236650494880616
209,2017,0.251380179191455
209,2018,0.266834919035633
209,2019,0.281314679937657
209,2020,0.28643459592986
209,2021,0.310287887129388
209,2022,0.319195801424323
209,2023,0.336048095342664
210,2005,0.620103580628286
210,2006,0.628215324129296
210,2007,0.636805680727031
210,2008,0.62870481230753
210,2009,0.592985248035031
210,2010,0.617174438946682
210,2011,0.618465887586719
210,2012,0.627970388836665
210,2013,0.641486641786813
210,2014,0.644241064330136
210,2015,0.65499000175863
210,2016,0.660265047737748
210,2017,0.671876546789198
210,2018,0.677057846884985
210,2019,0.675282798717779
210,2020,0.649185079098368
210,2021,0.668869220012772
210,2022,0.678258955783144
210,2023,0.694679680952296
212,2005,0.0326784978113488
212,2006,0.0339680647418557
212,2007,0.0343558667332034
212,2008,0.0326994000303863
212,2009,0.0322376297420799
212,2010,0.0319637738719959
212,2011,0.0325287437939282
212,2012,0.0338939360351462
212,2013,0.035849273324643
212,2014,0.0357822232937833
212,2015,0.0392875865814326
212,2016,0.0414839043836878
212,2017,0.0422950910258016
212,2018,0.0430641131012431
212,2019,0.0437810490715193
212,2020,0.0427360837599134
212,2021,0.0455891086041675
212,2022,0.0464969862824929
212,2023,0.0476605788305391
214,2005,0.164775932146683
214,2006,0.172659022936032
214,2007,0.181323199157425
214,2008,0.190531096510891
214,2009,0.195572394354887
214,2010,0.201511335749567
214,2011,0.200589604038216
214,2012,0.200469676005311
214,2013,0.200161629815206
214,2014,0.20122613754187
214,2015,0.20544290833592
214,2016,0.209946645496387
214,2017,0.214415870815172
214,2018,0.221598405865776
214,2019,0.229742969035206
214,2020,0.233811645180525
214,2021,0.2375334970323
214,2022,0.249240231357138
214,2023,0.25464803415844
215,2005,0.156867378455538
215,2006,0.15848234325003
215,2007,0.160902085660393
215,2008,0.168373456338935
215,2009,0.172982190841297
215,2010,0.173136727799674
215,2011,0.173404566927525
215,2012,0.175107961771542
215,2013,0.16840101291476
215,2014,0.154731095233319
215,2015,0.144625596293213
215,2016,0.140546076602024
215,2017,0.140487749017599
215,2018,0.139837099432019
215,2019,0.139109847087423
215,2020,0.134679985552636
215,2021,0.136854018893375
215,2022,0.138467976037518
215,2023,0.141448101551453
216,2005,0.108181989415701
216,2006,0.112659680297944
216,2007,0.118246528391963
216,2008,0.123735737513298
216,2009,0.127827559493625
216,2010,0.134094597784421
216,2011,0.140591354596617
216,2012,0.14720857198901
216,2013,0.153516133168113
216,2014,0.159343821684451
216,2015,0.165267819395397
216,2016,0.171757387704197
216,2017,0.178657956495502
216,2018,0.18609545915949
216,2019,0.193612107205654
216,2020,0.188026215736511
216,2021,0.193638685598588
216,2022,0.202621988162405
216,2023,0.211291548532464
218,2005,0.774200904379503
218,2006,0.786610582495899
218,2007,0.794981258513498
218,2008,0.794239200876641
218,2009,0.762310085108703
218,2010,0.777186166023283
218,2011,0.79378746204842
218,2012,0.79901726716268
218,2013,0.809033668753208
218,2014,0.82398792408563
218,2015,0.823062015670134
218,2016,0.822252975729787
218,2017,0.837131351119873
218,2018,0.847854389097865
218,2019,0.851497259757193
218,2020,0.799876035133889
218,2021,0.837513258528317
218,2022,0.853892259590225
218,2023,0.83805674574703
219,2005,0.834724434581988
219,2006,0.84897844248467
219,2007,0.857895234506529
219,2008,0.853707966606315
219,2009,0.822096892744578
219,2010,0.837677984747785
219,2011,0.849701215053879
219,2012,0.859295992084613
219,2013,0.870799800526193
219,2014,0.88655205109501
219,2015,0.896483962322451
219,2016,0.901337580566034
219,2017,0.917656826345941
219,2018,0.923927194548933
219,2019,0.925748629878596
219,2020,0.899938017566944
219,2021,0.918756629264158
219,2022,0.926946129795112
219,2023,0.919028372873515
220,2005,0.853657839895356
220,2006,0.841767655965732
220,2007,0.829877472036103
220,2008,0.817987288106479
220,2009,0.748733940043771
220,2010,0.776822752240613
220,2011,0.827648525002275
220,2012,0.809966105190293
220,2013,0.776459648751938
220,2014,0.766168607253312
220,2015,0.744458865752024
220,2016,0.74844410696279
220,2017,0.698803730516272
220,2018,0.64555393170972
220,2019,0.703438755015833
220,2020,0.599154780828812
220,2021,0.621071298416598
220,2022,0.678934225144551
220,2023,0.697327977213335
221,2005,0.438532984567508
221,2006,0.446276065950309
221,2007,0.451743869521716
221,2008,0.453901066101938
221,2009,0.434917373373258
221,2010,0.432787133699851
221,2011,0.435022741293745
221,2012,0.434574732184805
221,2013,0.434301810942207
221,2014,0.438758469422274
221,2015,0.440035019565234
221,2016,0.44247794211462
221,2017,0.440141523308339
221,2018,0.442030949698462
221,2019,0.446377241307223
221,2020,0.392341904429092
221,2021,0.411336571904049
221,2022,0.435601970970122
221,2023,0.436959085916549
222,2005,0.798321430811311
222,2006,0.830858736296745
222,2007,0.853084229683583
222,2008,0.842650415998165
222,2009,0.799243279184325
222,2010,0.839626473094637
222,2011,0.859936941017476
222,2012,0.84857715403787
222,2013,0.851411273285676
222,2014,0.865410552112704
222,2015,0.894749495513516
222,2016,0.901873010520774
222,2017,0.912651723902419
222,2018,0.919702665309199
222,2019,0.928509385385271
222,2020,0.901817672879215
222,2021,0.951520679301698
222,2022,0.970235793672483
222,2023,0.963765794148958
223,2005,1
223,2006,1
223,2007,1
223,2008,1
223,2009,1
223,2010,1
223,2011,1
223,2012,1
223,2013,1
223,2014,1
223,2015,1
223,2016,1
223,2017,1
223,2018,1
223,2019,1
223,2020,1
223,2021,1
223,2022,1
223,2023,1
224,2005,0.317553630439061
224,2006,0.333482092354389
224,2007,0.347294928359019
224,2008,0.356865685327366
224,2009,0.349270510907743
224,2010,0.36599687549851
224,2011,0.38494100918595
224,2012,0.404672078233706
224,2013,0.414045902730239
224,2014,0.41724617870137
224,2015,0.421859913291504
224,2016,0.424181399330452
224,2017,0.423276762751434
224,2018,0.432330983628632
224,2019,0.427349072774938
224,2020,0.395674477321078
224,2021,0.436161469629817
224,2022,0.44263067048328
224,2023,0.443014731702958
227,2005,0.724653415235566
227,2006,0.754059667001993
227,2007,0.781592021960637
227,2008,0.781967653410553
227,2009,0.735175100796292
227,2010,0.74287445811775
227,2011,0.757821079045527
227,2012,0.767859329744637
227,2013,0.778455639448329
227,2014,0.799950608294342
227,2015,0.813268170949669
227,2016,0.829893402827171
227,2017,0.845930419987857
227,2018,0.858398604728481
227,2019,0.86775761184933
227,2020,0.844504987044194
227,2021,0.871859774690121
227,2022,0.882333205533156
227,2023,0.877468073188908
228,2005,0.724653415235566
228,2006,0.754059667001993
228,2007,0.781592021960637
228,2008,0.781967653410553
228,2009,0.735175100796292
228,2010,0.74287445811775
228,2011,0.757821079045527
228,2012,0.767859329744637
228,2013,0.778455639448329
228,2014,0.799950608294342
228,2015,0.813268170949669
228,2016,0.829893402827171
228,2017,0.845930419987857
228,2018,0.858398604728481
228,2019,0.86775761184933
228,2020,0.844504987044194
228,2021,0.871859774690121
228,2022,0.882333205533156
228,2023,0.877468073188908
231,2005,0.0479275980122606
231,2006,0.044788105200042
231,2007,0.0481843712929498
231,2008,0.0524546049457622
231,2009,0.0565590764351548
231,2010,0.0605333309707135
231,2011,0.0627288874515722
231,2012,0.0643498022895415
231,2013,0.0649834993515483
231,2014,0.0665562450248744
231,2015,0.0672274219220722
231,2016,0.0684277859551908
231,2017,0.0652805811695256
231,2018,0.0638722128830912
231,2019,0.0776813687125002
231,2020,0.100967676792127
231,2021,0.104648436650313
231,2022,0.081890166163374
231,2023,0.0691372629557143
232,2005,0.149468515553354
232,2006,0.158966687987019
232,2007,0.170385720959812
232,2008,0.18259912753389
232,2009,0.180111161161656
232,2010,0.184848031548975
232,2011,0.190009249992567
232,2012,0.1919745903105
232,2013,0.199571593341536
232,2014,0.204502513033978
232,2015,0.216155686921473
232,2016,0.225942380145173
232,2017,0.236049655865574
232,2018,0.247960339444582
232,2019,0.258112122756347
232,2020,0.253521072396813
232,2021,0.276206839234766
232,2022,0.2912128246393
232,2023,0.298185588335818
237,2005,0.29214712856862
237,2006,0.295718088236028
237,2007,0.300643681175265
237,2008,0.304019210719299
237,2009,0.304136791399567
237,2010,0.310299965254267
237,2011,0.313765675126986
237,2012,0.319268219925837
237,2013,0.323472757901602
237,2014,0.327985499337814
237,2015,0.332852755471654
237,2016,0.33781425910239
237,2017,0.343430664161733
237,2018,0.349251726002742
237,2019,0.356017762124444
237,2020,0.350150970747831
237,2021,0.352301281074089
237,2022,0.357738998548069
237,2023,0.360871294015463
244,2005,0.502705883065161
244,2006,0.497975612782173
244,2007,0.500297044739604
244,2008,0.50485146033732
244,2009,0.498909881080748
244,2010,0.493041360670332
244,2011,0.488556820894002
244,2012,0.482828189510358
244,2013,0.474350654376858
244,2014,0.465017964031331
244,2015,0.461024483157153
244,2016,0.451291508963199
244,2017,0.444110726670718
244,2018,0.437055448126746
244,2019,0.428134724043179
244,2020,0.356553942206743
244,2021,0.377815278421456
244,2022,0.414112081083927
244,2023,0.389518972993619
245,2005,0.438532984567508
245,2006,0.446276065950309
245,2007,0.451743869521716
245,2008,0.453901066101938
245,2009,0.434917373373258
245,2010,0.432787133699851
245,2011,0.435022741293745
245,2012,0.434574732184805
245,2013,0.434301810942207
245,2014,0.438758469422274
245,2015,0.440035019565234
245,2016,0.44247794211462
245,2017,0.440141523308339
245,2018,0.442030949698462
245,2019,0.446377241307223
245,2020,0.392341904429092
245,2021,0.411336571904049
245,2022,0.435601970970122
245,2023,0.436959085916549
247,2005,1
247,2006,1
247,2007,1
247,2008,1
247,2009,1
247,2010,1
247,2011,1
247,2012,1
247,2013,1
247,2014,1
247,2015,1
247,2016,1
247,2017,1
247,2018,1
247,2019,1
247,2020,1
247,2021,1
247,2022,1
247,2023,1
248,2005,0.438532984567508
248,2006,0.446276065950309
248,2007,0.451743869521716
248,2008,0.453901066101938
248,2009,0.434917373373258
248,2010,0.432787133699851
248,2011,0.435022741293745
248,2012,0.434574732184805
248,2013,0.434301810942207
248,2014,0.438758469422274
248,2015,0.440035019565234
248,2016,0.44247794211462
248,2017,0.440141523308339
248,2018,0.442030949698462
248,2019,0.446377241307223
248,2020,0.392341904429092
248,2021,0.411336571904049
248,2022,0.435601970970122
248,2023,0.436959085916549
249,2005,0.438532984567508
249,2006,0.446276065950309
249,2007,0.451743869521716
249,2008,0.453901066101938
249,2009,0.434917373373258
249,2010,0.432787133699851
249,2011,0.435022741293745
249,2012,0.434574732184805
249,2013,0.434301810942207
249,2014,0.438758469422274
249,2015,0.440035019565234
249,2016,0.44247794211462
249,2017,0.440141523308339
249,2018,0.442030949698462
249,2019,0.446377241307223
249,2020,0.392341904429092
249,2021,0.411336571904049
249,2022,0.435601970970122
249,2023,0.436959085916549
250,2005,0.630590026853978
250,2006,0.630208874761269
250,2007,0.641752035185013
250,2008,0.645470238646607
250,2009,0.56310649108388
250,2010,0.541551539662633
250,2011,0.554563823602322
250,2012,0.544363408755319
250,2013,0.575049014929179
250,2014,0.562024907443013
250,2015,0.554968186718854
250,2016,0.561190395450221
250,2017,0.597526960758088
250,2018,0.608738965239177
250,2019,0.592038811458918
250,2020,0.449448810093393
250,2021,0.573932038413672
250,2022,0.634503597808938
250,2023,0.551649933549412
