"rgn_id","year","score"
1,2001,0.869908188425408
1,2002,0.863805620280304
1,2003,0.858794173254304
1,2004,0.850883356221023
1,2005,0.848416697141691
1,2006,0.842517270932184
1,2007,0.833357728148268
1,2008,0.827435994846781
1,2009,0.821535928050634
1,2010,0.819037550639368
1,2011,0.815355703941588
1,2012,0.811526262258946
1,2013,0.805277507766076
1,2014,0.800565672437908
1,2015,0.793523879552425
1,2016,0.791117867490963
1,2017,0.786734953447249
1,2018,0.785259188113024
1,2019,0.782390362397504
2,2001,0.869908188425408
2,2002,0.863805620280304
2,2003,0.858794173254304
2,2004,0.850883356221023
2,2005,0.848416697141691
2,2006,0.842517270932184
2,2007,0.833357728148268
2,2008,0.827435994846781
2,2009,0.821535928050634
2,2010,0.819037550639368
2,2011,0.815355703941588
2,2012,0.811526262258946
2,2013,0.805277507766076
2,2014,0.800565672437909
2,2015,0.793523879552425
2,2016,0.791117867490963
2,2017,0.786734953447249
2,2018,0.785259188113024
2,2019,0.782390362397504
3,2001,0.458869277779016
3,2002,0.437625329733691
3,2003,0.416381381688366
3,2004,0.407034044548423
3,2005,0.353074416513298
3,2006,0.404725
3,2007,0.422460000100686
3,2008,0.444592499924486
3,2009,0.524092499924486
3,2010,0.572694999949657
3,2011,0.638960000100686
3,2012,0.722869999949657
3,2013,0.771472499974829
3,2014,0.837737500125857
3,2015,0.904002500025171
3,2016,0.934957500075514
3,2017,0.987987500125857
3,2018,1
3,2019,1
4,2001,1
4,2002,1
4,2003,1
4,2004,1
4,2005,1
4,2006,1
4,2007,1
4,2008,1
4,2009,1
4,2010,1
4,2011,1
4,2012,1
4,2013,1
4,2014,1
4,2015,1
4,2016,1
4,2017,1
4,2018,1
4,2019,1
5,2001,1
5,2002,1
5,2003,1
5,2004,1
5,2005,1
5,2006,1
5,2007,1
5,2008,1
5,2009,1
5,2010,1
5,2011,1
5,2012,1
5,2013,1
5,2014,1
5,2015,1
5,2016,1
5,2017,1
5,2018,1
5,2019,1
6,2001,1
6,2002,1
6,2003,1
6,2004,1
6,2005,1
6,2006,1
6,2007,1
6,2008,1
6,2009,1
6,2010,1
6,2011,1
6,2012,1
6,2013,1
6,2014,1
6,2015,1
6,2016,1
6,2017,0.55076236513074
6,2018,0.540440806196008
6,2019,0.549772680384928
7,2001,1
7,2002,1
7,2003,1
7,2004,1
7,2005,1
7,2006,1
7,2007,1
7,2008,1
7,2009,1
7,2010,1
7,2011,1
7,2012,1
7,2013,1
7,2014,1
7,2015,1
7,2016,1
7,2017,1
7,2018,1
7,2019,1
8,2001,1
8,2002,1
8,2003,1
8,2004,1
8,2005,1
8,2006,1
8,2007,0.992545891871108
8,2008,0.97298244296602
8,2009,0.959848588614995
8,2010,0.951408123415957
8,2011,0.93814238524401
8,2012,0.920211410883958
8,2013,0.892017032144509
8,2014,0.849975825740427
8,2015,0.805732389995797
8,2016,0.771428102845784
8,2017,0.743879947257158
8,2018,0.728861512950324
8,2019,0.726810113750146
9,2001,0.859960891402081
9,2002,0.85591040957131
9,2003,0.85208299561859
9,2004,0.850082288550983
9,2005,0.849512181928428
9,2006,0.850749329151846
9,2007,0.848634438180984
9,2008,0.841344965360705
9,2009,0.836673253383793
9,2010,0.834260926156945
9,2011,0.830065823674429
9,2012,0.824260358948835
9,2013,0.81485028644475
9,2014,0.800055258100693
9,2015,0.784663442803765
9,2016,0.773878746244465
9,2017,0.766659137285058
9,2018,0.765451862827632
9,2019,0.770327249705173
10,2001,1
10,2002,1
10,2003,1
10,2004,1
10,2005,1
10,2006,1
10,2007,1
10,2008,1
10,2009,0.998283428037372
10,2010,0.989964656218481
10,2011,0.989568524227106
10,2012,1
10,2013,1
10,2014,1
10,2015,1
10,2016,1
10,2017,1
10,2018,1
10,2019,1
11,2001,1
11,2002,1
11,2003,1
11,2004,1
11,2005,1
11,2006,1
11,2007,1
11,2008,1
11,2009,1
11,2010,1
11,2011,1
11,2012,1
11,2013,1
11,2014,1
11,2015,1
11,2016,1
11,2017,1
11,2018,1
11,2019,1
12,2001,0.971306012569138
12,2002,0.973640713400062
12,2003,0.976584972220189
12,2004,0.981684204630071
12,2005,0.984929024952117
12,2006,0.984151212787131
12,2007,0.981843679923622
12,2008,0.979316393318919
12,2009,0.971830427921099
12,2010,0.966734672429325
12,2011,0.962574212362217
12,2012,0.968696600733106
12,2013,0.967459174785717
12,2014,0.969146822622193
12,2015,0.972010137355371
12,2016,0.973619980595496
12,2017,0.970871531428164
12,2018,0.970879538916504
12,2019,0.970900174539656
13,2001,0.887033155871657
13,2002,0.906027683102322
13,2003,0.911831212301476
13,2004,0.918425413053461
13,2005,0.917296261549818
13,2006,0.912984192780094
13,2007,0.904111821878879
13,2008,0.889395880807891
13,2009,0.86919645120117
13,2010,0.850774368312347
13,2011,0.834442225115453
13,2012,0.822295703675591
13,2013,0.815713456437608
13,2014,0.813858356436319
13,2015,0.818219952429781
13,2016,0.822910887835259
13,2017,0.828545543769426
13,2018,0.835640327539291
13,2019,0.843873787437455
14,2001,0.904756608712612
14,2002,0.88582911550343
14,2003,0.869870244482514
14,2004,0.85604940122474
14,2005,0.845195570777722
14,2006,0.836821757377109
14,2007,0.829013427721334
14,2008,0.824537595107835
14,2009,0.823525837861941
14,2010,0.823529594837735
14,2011,0.823744303109445
14,2012,0.824391708240226
14,2013,0.824662954503883
14,2014,0.839562371285736
14,2015,0.841025587180481
14,2016,0.842570825460235
14,2017,0.844314022085894
14,2018,0.838206647284506
14,2019,0.841833483594333
15,2001,0.954567491309769
15,2002,0.954609973114038
15,2003,0.95453064257137
15,2004,0.954141175735383
15,2005,0.952036752586054
15,2006,0.948738924964729
15,2007,0.942948438925846
15,2008,0.935100881520304
15,2009,0.924388770226327
15,2010,0.909917127808538
15,2011,0.899580727186762
15,2012,0.896175674020843
15,2013,0.890470174622008
15,2014,0.885288902056686
15,2015,0.882887394456233
15,2016,0.881345849911037
15,2017,0.879646079594231
15,2018,0.881058111525931
15,2019,0.882436740323338
16,2001,0.861718770294958
16,2002,0.853942721732708
16,2003,0.845528972708178
16,2004,0.837778577963613
16,2005,0.82947004703026
16,2006,0.820551720306013
16,2007,0.812472399623802
16,2008,0.803524998091224
16,2009,0.799869528362286
16,2010,0.796919318625107
16,2011,0.793325968083942
16,2012,0.794275114746256
16,2013,0.788865128725411
16,2014,0.787154580266832
16,2015,0.778037415987976
16,2016,0.7774745914623
16,2017,0.779635319150612
16,2018,0.779160152101176
16,2019,0.779204269486397
17,2001,1
17,2002,1
17,2003,1
17,2004,1
17,2005,1
17,2006,1
17,2007,1
17,2008,1
17,2009,1
17,2010,1
17,2011,1
17,2012,1
17,2013,1
17,2014,1
17,2015,1
17,2016,1
17,2017,1
17,2018,1
17,2019,1
18,2001,1
18,2002,1
18,2003,1
18,2004,1
18,2005,1
18,2006,1
18,2007,0.99253768757785
18,2008,0.972952706348684
18,2009,0.959804396345711
18,2010,0.951354641228882
18,2011,0.938074302248312
18,2012,0.920123592331772
18,2013,0.891898181717362
18,2014,0.849810703059072
18,2015,0.805518571197442
18,2016,0.771176527359855
18,2017,0.743599069141223
18,2018,0.692864022314938
18,2019,0.696383192682453
19,2001,1
19,2002,1
19,2003,1
19,2004,1
19,2005,1
19,2006,1
19,2007,1
19,2008,1
19,2009,1
19,2010,1
19,2011,1
19,2012,1
19,2013,1
19,2014,1
19,2015,1
19,2016,1
19,2017,1
19,2018,0.874901749473859
19,2019,0.877788296360937
20,2001,0.748648679891218
20,2002,0.743027578504528
20,2003,0.750966245458073
20,2004,0.756502717277775
20,2005,0.742708568843973
20,2006,0.73701565831772
20,2007,0.76082737782819
20,2008,0.768911421607392
20,2009,0.720893067360455
20,2010,0.724536566172664
20,2011,0.708648840225361
20,2012,0.69602365774686
20,2013,0.669078336820257
20,2014,0.699410674873647
20,2015,0.707783490757524
20,2016,0.683948953660262
20,2017,0.70633881994433
20,2018,0.705465907482832
20,2019,0.708088459278364
21,2001,0.750463085884212
21,2002,0.741093002451258
21,2003,0.718171373465345
21,2004,0.7080904117377
21,2005,0.688205439488374
21,2006,0.67272790419684
21,2007,0.670055354625625
21,2008,0.704021915377619
21,2009,0.676472509642016
21,2010,0.659261421445866
21,2011,0.646822762908231
21,2012,0.65297502507774
21,2013,0.621198843505509
21,2014,0.63657610819856
21,2015,0.637390869035673
21,2016,0.619670605975376
21,2017,0.622542449527831
21,2018,0.637716959560679
21,2019,0.639497181287724
24,2001,0.929003211149992
24,2002,0.905939409452052
24,2003,0.88378318260295
24,2004,0.865878725179791
24,2005,0.858350772494486
24,2006,0.85600600031748
24,2007,0.85500439077385
24,2008,0.854411658026495
24,2009,0.855062043149078
24,2010,0.856161228552367
24,2011,0.857916041065936
24,2012,0.859651486753322
24,2013,0.861541840912747
24,2014,0.863043091043516
24,2015,0.865163400038834
24,2016,0.867705098229483
24,2017,0.871301378426366
24,2018,0.875713295833973
24,2019,0.881473819329939
25,2001,0.97036288683284
25,2002,0.964777637876324
25,2003,0.952384728734036
25,2004,0.93456505690563
25,2005,0.924831171449783
25,2006,0.910905500514382
25,2007,0.888598995294789
25,2008,0.86904366448017
25,2009,0.860492585034377
25,2010,0.859949605501542
25,2011,0.854531448556879
25,2012,0.847961749929427
25,2013,0.841591063447326
25,2014,0.833765659266838
25,2015,0.82941210397859
25,2016,0.827506830438319
25,2017,0.822236822787309
25,2018,0.824073193311813
25,2019,0.825104403499135
26,2001,0.96165558160643
26,2002,0.96165558160643
26,2003,0.959618973303474
26,2004,0.93888590430834
26,2005,0.946205449645202
26,2006,0.938480383663529
26,2007,0.915196991360354
26,2008,0.909604750929483
26,2009,0.930378274328923
26,2010,0.951890340507706
26,2011,0.960817884494738
26,2012,0.95913920337153
26,2013,0.952578119066897
26,2014,0.946631088432134
26,2015,0.948807117830983
26,2016,0.95233025280537
26,2017,0.939246677923157
26,2018,0.944824889227925
26,2019,0.948187866647079
28,2001,1
28,2002,1
28,2003,1
28,2004,0.923916558470498
28,2005,1
28,2006,1
28,2007,0.863972028780587
28,2008,0.778729820793183
28,2009,0.848443568275127
28,2010,0.978049963710703
28,2011,1
28,2012,0.968842792239138
28,2013,0.965945803057174
28,2014,0.944732748579139
28,2015,0.924907948265372
28,2016,0.935108069496479
28,2017,0.8904008552946
28,2018,0.919626701264672
28,2019,0.935778307961332
29,2001,0.978528092259495
29,2002,0.974701550152252
29,2003,0.971229959623316
29,2004,0.927679703798099
29,2005,0.969560185871818
29,2006,0.967179578284541
29,2007,0.886158574315191
29,2008,0.845839624069852
29,2009,0.889338937990628
29,2010,0.953492455708658
29,2011,0.959814345289415
29,2012,0.935920717899398
29,2013,0.933348032347041
29,2014,0.919309495521498
29,2015,0.920172507686847
29,2016,0.934106286219426
29,2017,0.911521614715276
29,2018,0.931164510996338
29,2019,0.940556720821347
30,2001,0.999294543472014
30,2002,0.999291456836897
30,2003,0.999261206265881
30,2004,0.857052094607566
30,2005,0.999179145033672
30,2006,0.999138391106305
30,2007,0.744875468925133
30,2008,0.64755593632407
30,2009,0.803615645098151
30,2010,0.983467655136607
30,2011,0.999225676353513
30,2012,0.939263556139519
30,2013,0.952957664596428
30,2014,0.924072328235346
30,2015,0.933037854364021
30,2016,0.975853327841993
30,2017,0.898569847139606
30,2018,0.963118383001743
30,2019,0.977452984804599
31,2001,0.994288678348475
31,2002,0.992509538924293
31,2003,0.990611557379185
31,2004,0.977886079365493
31,2005,0.986591711582229
31,2006,0.984874063746877
31,2007,0.964902040246546
31,2008,0.9501427284412
31,2009,0.958135805348963
31,2010,0.976966732766858
31,2011,0.978911374390696
31,2012,0.969551767835409
31,2013,0.964482904326014
31,2014,0.957633412737678
31,2015,0.95732236106767
31,2016,0.963484705440491
31,2017,0.958712596870317
31,2018,0.970462121180533
31,2019,0.970654622116057
32,2001,1
32,2002,1
32,2003,1
32,2004,1
32,2005,1
32,2006,1
32,2007,1
32,2008,1
32,2009,1
32,2010,1
32,2011,1
32,2012,1
32,2013,1
32,2014,1
32,2015,1
32,2016,1
32,2017,1
32,2018,1
32,2019,1
33,2001,0.999843843265326
33,2002,0.999843678495771
33,2003,0.999835771538125
33,2004,0.88882374216303
33,2005,0.999813796743549
33,2006,0.999802941590559
33,2007,0.801324238045651
33,2008,0.676324955471451
33,2009,0.77781175765568
33,2010,0.967531375940338
33,2011,0.999823469514863
33,2012,0.95194497877295
33,2013,0.946599642632749
33,2014,0.913673197575924
33,2015,0.916695443709242
33,2016,0.950628070294003
33,2017,0.876530967522656
33,2018,0.925598595639904
33,2019,0.956073374619126
34,2001,0.999843843265326
34,2002,0.999843678495771
34,2003,0.999835771538125
34,2004,0.88882374216303
34,2005,0.999813796743549
34,2006,0.999802941590559
34,2007,0.801324238045651
34,2008,0.676324955471451
34,2009,0.77781175765568
34,2010,0.967531375940338
34,2011,0.999823469514863
34,2012,0.95194497877295
34,2013,0.946599642632749
34,2014,0.913673197575924
34,2015,0.916695443709242
34,2016,0.950628070294003
34,2017,0.876530967522656
34,2018,0.925598595639904
34,2019,0.956073374619126
35,2001,0.999843843265326
35,2002,0.999843678495771
35,2003,0.999835771538125
35,2004,0.88882374216303
35,2005,0.999813796743549
35,2006,0.999802941590559
35,2007,0.801324238045651
35,2008,0.676324955471451
35,2009,0.77781175765568
35,2010,0.967531375940338
35,2011,0.999823469514863
35,2012,0.95194497877295
35,2013,0.946599642632749
35,2014,0.913673197575924
35,2015,0.916695443709242
35,2016,0.950628070294003
35,2017,0.876530967522656
35,2018,0.925598595639904
35,2019,0.956073374619126
36,2001,0.995264885813324
36,2002,0.995258888468896
36,2003,0.995021415754831
36,2004,0.992801502634246
36,2005,0.994435562398448
36,2006,0.994114100851719
36,2007,0.990116944397282
36,2008,0.980279724319135
36,2009,0.976524034229307
36,2010,0.991341991511985
36,2011,0.997205840865796
36,2012,0.996847474710775
36,2013,0.992258203459343
36,2014,0.989132787184784
36,2015,0.98818168486722
36,2016,0.988452331102727
36,2017,0.984176831935032
36,2018,0.984020279431949
36,2019,0.970378860043816
37,2001,0.912367859467947
37,2002,0.90294809529601
37,2003,0.920401028119267
37,2004,0.914699713061665
37,2005,0.910901536502914
37,2006,0.907881572562347
37,2007,0.905730636683059
37,2008,0.88775658392476
37,2009,0.879901685516298
37,2010,0.894212526171863
37,2011,0.899197318617284
37,2012,0.89719497309114
37,2013,0.888960681367034
37,2014,0.884252267521484
37,2015,0.882684801104651
37,2016,0.883224373558965
37,2017,0.879044777163036
37,2018,0.879199066315884
37,2019,0.887001047712267
38,2001,0.952763958984982
38,2002,0.950055880943574
38,2003,0.946342322718709
38,2004,0.935897903438145
38,2005,0.939479405540915
38,2006,0.936711146602501
38,2007,0.920807518680443
38,2008,0.873172501508668
38,2009,0.865704547088971
38,2010,0.917359535133878
38,2011,0.936350319097298
38,2012,0.933776684519262
38,2013,0.917755079726741
38,2014,0.906011435267101
38,2015,0.903975148744965
38,2016,0.90601392930763
38,2017,0.890283998835335
38,2018,0.891878318653437
38,2019,0.90918491710428
39,2001,0.994875986958492
39,2002,0.99211202588517
39,2003,0.989416025041391
39,2004,0.889122020052313
39,2005,0.985306232751289
39,2006,0.983940420683944
39,2007,0.808060564810212
39,2008,0.735292960480675
39,2009,0.838353475526742
39,2010,0.968260822014107
39,2011,0.980066958015941
39,2012,0.936807805446079
39,2013,0.941784503122873
39,2014,0.919185101371038
39,2015,0.924441436733669
39,2016,0.954338138984157
39,2017,0.899755345450649
39,2018,0.941097514931844
39,2019,0.95013649854931
40,2001,1
40,2002,1
40,2003,1
40,2004,1
40,2005,1
40,2006,1
40,2007,1
40,2008,1
40,2009,1
40,2010,1
40,2011,1
40,2012,1
40,2013,1
40,2014,1
40,2015,1
40,2016,1
40,2017,1
40,2018,1
40,2019,0.999650266115222
41,2001,0.869908188425408
41,2002,0.863805620280304
41,2003,0.858794173254304
41,2004,0.850883356221023
41,2005,0.848416697141691
41,2006,0.842517270932184
41,2007,0.833357728148268
41,2008,0.827435994846781
41,2009,0.821535928050634
41,2010,1
41,2011,1
41,2012,1
41,2013,1
41,2014,1
41,2015,1
41,2016,1
41,2017,1
41,2018,1
41,2019,1
42,2001,1
42,2002,1
42,2003,1
42,2004,0.979425341081676
42,2005,0.955645885794764
42,2006,0.952941366635908
42,2007,0.918391886380976
42,2008,0.897116162790993
42,2009,0.913720471780228
42,2010,0.949218764705448
42,2011,0.961080210138302
42,2012,0.956218243762235
42,2013,0.954669538169759
42,2014,0.947817888774981
42,2015,0.949647617613693
42,2016,0.953980023175928
42,2017,0.942766114471928
42,2018,0.948495602330462
42,2019,0.94704524394748
43,2001,1
43,2002,1
43,2003,1
43,2004,0.922490834495162
43,2005,1
43,2006,1
43,2007,0.861423007127715
43,2008,0.829882480904967
43,2009,0.921148684443131
43,2010,1
43,2011,1
43,2012,0.987420089625172
43,2013,0.985545469506472
43,2014,0.979154894407462
43,2015,0.979727206099513
43,2016,0.987639398345329
43,2017,0.976709018429652
43,2018,0.985370832899961
43,2019,0.988621842713297
44,2001,1
44,2002,1
44,2003,1
44,2004,1
44,2005,1
44,2006,1
44,2007,1
44,2008,0.982088311139356
44,2009,0.975530479698574
44,2010,0.992757021990778
44,2011,1
44,2012,1
44,2013,0.994185957980277
44,2014,0.990091684537246
44,2015,0.986494840366942
44,2016,0.98550509535221
44,2017,0.980431781562913
44,2018,0.979601343184852
44,2019,0.982969703462321
45,2001,0.962762948300132
45,2002,0.956728362797074
45,2003,0.950686941292434
45,2004,0.948874768968437
45,2005,0.944573200337229
45,2006,0.940472546815624
45,2007,0.93767255125139
45,2008,0.93584082547376
45,2009,0.933865580536176
45,2010,0.931393371014968
45,2011,0.932885774876747
45,2012,0.924754229740332
45,2013,0.918079378170432
45,2014,0.914093383385107
45,2015,0.911079979161645
45,2016,0.912691458036283
45,2017,0.92286290697058
45,2018,0.92466052184359
45,2019,0.923614908385078
46,2001,0.869908188425408
46,2002,0.863805620280304
46,2003,0.858794173254304
46,2004,0.850883356221023
46,2005,0.848416697141691
46,2006,0.842517270932184
46,2007,0.833357728148268
46,2008,0.82743599484678
46,2009,0.821535928050634
46,2010,1
46,2011,1
46,2012,1
46,2013,1
46,2014,1
46,2015,1
46,2016,1
46,2017,1
46,2018,1
46,2019,0.952037957510726
47,2001,0.968116600316765
47,2002,0.967445866078799
47,2003,0.966380352582131
47,2004,0.953650687546698
47,2005,0.963844314653829
47,2006,0.962568550687742
47,2007,0.940922865841505
47,2008,0.894345652389641
47,2009,0.893028167022657
47,2010,0.945327343419211
47,2011,0.959751853590588
47,2012,0.957912074354306
47,2013,0.947365921015076
47,2014,0.938065942763313
47,2015,0.936960677201731
47,2016,0.942019727113638
47,2017,0.929705814734909
47,2018,0.936486338363468
47,2019,0.947896232914736
48,2001,0.977343189381634
48,2002,0.976875123540832
48,2003,0.976118234476123
48,2004,0.967515921961575
48,2005,0.974316756238991
48,2006,0.973410515447015
48,2007,0.958821538097987
48,2008,0.939613353600506
48,2009,0.943163226059062
48,2010,0.966706598159898
48,2011,0.97386272246808
48,2012,0.97056483314261
48,2013,0.965977995851042
48,2014,0.954526117117252
48,2015,0.944624632269167
48,2016,0.939481203519965
48,2017,0.927356305574066
48,2018,0.929357891783957
48,2019,0.933202461944981
49,2001,0.869908188425408
49,2002,0.863805620280304
49,2003,0.858794173254304
49,2004,0.850883356221023
49,2005,0.848416697141691
49,2006,0.842517270932184
49,2007,0.833357728148268
49,2008,0.827435994846781
49,2009,0.821535928050634
49,2010,0.819037550639368
49,2011,0.815355703941588
49,2012,0.811526262258946
49,2013,0.805277507766076
49,2014,0.800565672437909
49,2015,0.793523879552425
49,2016,0.791117867490964
49,2017,0.786734953447249
49,2018,0.785259188113024
49,2019,0.782390362397504
50,2001,0.962327139633227
50,2002,0.956832558922788
50,2003,0.95212786972793
50,2004,0.949006513620977
50,2005,0.94772931341292
50,2006,0.946357372871301
50,2007,0.945578750742479
50,2008,0.946336388571019
50,2009,0.945568762308579
50,2010,0.945133067122922
50,2011,0.944540228714419
50,2012,0.942014188648204
50,2013,0.93994637254287
50,2014,0.938744677702496
50,2015,0.936517604770349
50,2016,0.936142266318843
50,2017,0.937492273819354
50,2018,0.937987426531019
50,2019,0.938602724886379
51,2001,0.933082674642563
51,2002,0.927348734881713
51,2003,0.923088987187332
51,2004,0.921247553920567
51,2005,0.923809192657722
51,2006,0.925070600628347
51,2007,0.92648784888353
51,2008,0.928514582406246
51,2009,0.932428268375241
51,2010,0.936472191933342
51,2011,0.941397554765767
51,2012,0.940980070812273
51,2013,0.940571973996252
51,2014,0.940530592692232
51,2015,0.940818257883174
51,2016,0.941471571052411
51,2017,0.94252578513655
51,2018,0.944098670067806
51,2019,0.946149226517164
52,2001,0.922654629771934
52,2002,0.929788351307427
52,2003,0.930529723555873
52,2004,0.954212693146853
52,2005,0.954783772342647
52,2006,0.955296802708705
52,2007,0.955539189003038
52,2008,0.954965444943702
52,2009,0.95348713773418
52,2010,0.951491739123681
52,2011,0.949465915886464
52,2012,0.950310891027515
52,2013,0.948926589840258
52,2014,0.947902877701897
52,2015,0.945594796933034
52,2016,0.944100272774539
52,2017,0.943856914778475
52,2018,0.944902776559116
52,2019,0.944983716716922
53,2001,0.971310980366063
53,2002,0.969862973053338
53,2003,0.967758672230825
53,2004,0.963750799185111
53,2005,0.965792565154158
53,2006,0.965363712034791
53,2007,0.959502083355526
53,2008,0.956223544833594
53,2009,0.958688319275491
53,2010,0.964447822160501
53,2011,0.965184906726641
53,2012,0.963733909955856
53,2013,0.963052663114897
53,2014,0.962092655229078
53,2015,0.96239098304883
53,2016,0.963570799008414
53,2017,0.961535868874607
53,2018,0.962482665273391
53,2019,0.962674386110299
54,2001,0.988999921637836
54,2002,0.986886059550029
54,2003,0.985402065945587
54,2004,0.98601094185785
54,2005,0.988178477571107
54,2006,0.991042574114276
54,2007,0.995765170582935
54,2008,0.99471221076192
54,2009,0.993392314717713
54,2010,0.998044125156443
54,2011,1
54,2012,0.999407951796525
54,2013,0.996568459394216
54,2014,0.991473834109384
54,2015,0.983322538106544
54,2016,0.980014025692098
54,2017,0.974086845796235
54,2018,0.976825015415699
54,2019,0.976297569283978
55,2001,0.889154878905384
55,2002,0.881111960674863
55,2003,0.881598994709529
55,2004,0.878368166920479
55,2005,0.876484052910801
55,2006,0.875457403225949
55,2007,0.874038150711839
55,2008,0.87787369904915
55,2009,0.873023533060919
55,2010,0.865764174686806
55,2011,0.858709925145123
55,2012,0.852547734206528
55,2013,0.844293581821243
55,2014,0.839725763127394
55,2015,0.827470137737258
55,2016,0.823037838147712
55,2017,0.822566008553978
55,2018,0.821553716743875
55,2019,0.817430316344678
56,2001,0.885599222777081
56,2002,0.876160483167431
56,2003,0.876060989555361
56,2004,0.87824386372091
56,2005,0.880863047834809
56,2006,0.881871599859452
56,2007,0.879148698661612
56,2008,0.877815036122365
56,2009,0.873449497739527
56,2010,0.863547430351403
56,2011,0.851940175021479
56,2012,0.842459553911
56,2013,0.8348668454591
56,2014,0.832472728954777
56,2015,0.82206888318191
56,2016,0.814677327979312
56,2017,0.810922172803692
56,2018,0.809181799078005
56,2019,0.809607471598009
57,2001,0.967067202468315
57,2002,0.966462537921913
57,2003,0.965920463955965
57,2004,0.965549994755179
57,2005,0.965280417639385
57,2006,0.96510450948668
57,2007,0.965063873893059
57,2008,0.964469562074482
57,2009,0.963344595796765
57,2010,0.961497553742462
57,2011,0.960238144206578
57,2012,0.959559525626849
57,2013,0.95565718241727
57,2014,0.952116381088147
57,2015,0.949461245569961
57,2016,0.948256680607622
57,2017,0.947990422977936
57,2018,0.946085280394766
57,2019,0.945687271620808
58,2001,0.903604496257355
58,2002,0.899693460074221
58,2003,0.900732365212209
58,2004,0.897178741954856
58,2005,0.891292382130336
58,2006,0.887996281032148
58,2007,0.88686217257532
58,2008,0.886822675874174
58,2009,0.888479755681364
58,2010,0.877761246001215
58,2011,0.874650468945918
58,2012,0.869997889707405
58,2013,0.865296944279767
58,2014,0.862442680703875
58,2015,0.84657581927924
58,2016,0.840698343537936
58,2017,0.84041887525999
58,2018,0.84027096020918
58,2019,0.839517254761138
59,2001,0.869908188425408
59,2002,0.863805620280304
59,2003,0.858794173254304
59,2004,0.850883356221023
59,2005,0.848416697141691
59,2006,0.842517270932184
59,2007,0.833357728148268
59,2008,0.827435994846781
59,2009,0.821535928050634
59,2010,0.819037550639368
59,2011,0.815355703941588
59,2012,0.811526262258946
59,2013,0.805277507766076
59,2014,0.800565672437908
59,2015,0.793523879552425
59,2016,0.791117867490963
59,2017,0.786734953447249
59,2018,0.785259188113024
59,2019,0.782390362397504
60,2001,0.841860043856407
60,2002,0.836839006536121
60,2003,0.830515576773037
60,2004,0.823452889484899
60,2005,0.815994449704063
60,2006,0.794636531739338
60,2007,0.769094340886014
60,2008,0.749480949120481
60,2009,0.73638383568862
60,2010,0.723988700263307
60,2011,0.717543634799688
60,2012,0.716013128320724
60,2013,0.715227479591752
60,2014,0.714664127506828
60,2015,0.713627819179665
60,2016,0.712492981221043
60,2017,0.710731071465742
60,2018,0.707413765380293
60,2019,0.70326475466222
61,2001,0.877091129630883
61,2002,0.868866601204749
61,2003,0.863915832714269
61,2004,0.852031488804401
61,2005,0.842668211645728
61,2006,0.832097601389337
61,2007,0.827531381130059
61,2008,0.822239240081289
61,2009,0.807587406674604
61,2010,0.81536550301951
61,2011,0.806366099715991
61,2012,0.803119414068878
61,2013,0.798078178613884
61,2014,0.789941525718057
61,2015,0.783800097955405
61,2016,0.776412716316816
61,2017,0.772432660200277
61,2018,0.768200554061455
61,2019,0.765618007837144
62,2001,0.897027468096392
62,2002,0.894678313433013
62,2003,0.890483720396508
62,2004,0.88335089800484
62,2005,0.877417163225194
62,2006,0.871040086315566
62,2007,0.861774295517224
62,2008,0.851375855788203
62,2009,0.820597357554123
62,2010,0.801776412557877
62,2011,0.80067178475385
62,2012,0.792248676739122
62,2013,0.784398000575557
62,2014,0.774806365351176
62,2015,0.76361349247691
62,2016,0.751979730759507
62,2017,0.740102309915565
62,2018,0.729802809841508
62,2019,0.718047300429564
63,2001,1
63,2002,1
63,2003,1
63,2004,1
63,2005,1
63,2006,1
63,2007,1
63,2008,0.987165208074605
63,2009,0.962908357473203
63,2010,0.923550616047377
63,2011,0.896767902768383
63,2012,0.878479271816108
63,2013,0.86130055745819
63,2014,0.847400653421826
63,2015,0.834114034679889
63,2016,0.82054212424576
63,2017,0.804057789805969
63,2018,0.785125841073014
63,2019,0.75368735069789
64,2001,0.974620896419941
64,2002,0.974467041974277
64,2003,0.973350438850066
64,2004,0.971761874007173
64,2005,0.97058359175918
64,2006,0.966914392722082
64,2007,0.963226478895723
64,2008,0.959339029101876
64,2009,0.954772985255197
64,2010,0.949893754643253
64,2011,0.932089421703296
64,2012,0.870362432852601
64,2013,0.860710828352026
64,2014,0.847372668547266
64,2015,0.839172783407522
64,2016,0.831315989030991
64,2017,0.824601402079757
64,2018,0.817147989239839
64,2019,0.80787202884259
65,2001,0.966754428110774
65,2002,0.96696366429834
65,2003,0.967666278143443
65,2004,0.968394290436097
65,2005,0.970118783515914
65,2006,0.971983189005778
65,2007,0.973002578090045
65,2008,0.973598304747391
65,2009,0.972693592394199
65,2010,0.971503697072429
65,2011,0.955119663180114
65,2012,0.956667868102573
65,2013,0.952804727408709
65,2014,0.94632362347933
65,2015,0.935961158933187
65,2016,0.925996463559483
65,2017,0.91224238934817
65,2018,0.903471598806461
65,2019,0.894283201989638
66,2001,0.949226014837178
66,2002,0.945586292594277
66,2003,0.938252861568832
66,2004,0.935676615165423
66,2005,0.933999512525689
66,2006,0.929914973328284
66,2007,0.926081200532184
66,2008,0.918712011780427
66,2009,0.905762571472643
66,2010,0.893814337203998
66,2011,0.880544485524245
66,2012,0.875654169403953
66,2013,0.860038679433702
66,2014,0.840382974779199
66,2015,0.816169777461743
66,2016,0.805730885458161
66,2017,0.791416578414428
66,2018,0.776579713383816
66,2019,0.760663738666133
67,2001,0.871254420276161
67,2002,0.864232255612707
67,2003,0.856758375832364
67,2004,0.849258529770085
67,2005,0.844038094235784
67,2006,0.839625886819579
67,2007,0.833158939972963
67,2008,0.827365711653708
67,2009,0.828106089506811
67,2010,0.828057478210084
67,2011,0.828448263407897
67,2012,0.827624247261935
67,2013,0.826578617614415
67,2014,0.825344256720141
67,2015,0.824801971064146
67,2016,0.821759413158333
67,2017,0.820812075096021
67,2018,0.825919409464975
67,2019,0.821224995366768
68,2001,0.806577256244994
68,2002,0.807422656409957
68,2003,0.805297471243107
68,2004,0.792580468330656
68,2005,0.792614194120567
68,2006,0.790979734131077
68,2007,0.751204074284577
68,2008,0.755438455375979
68,2009,0.674509462449207
68,2010,0.68222303515899
68,2011,0.674100143857343
68,2012,0.676080575317504
68,2013,0.673041590561931
68,2014,0.660209246518131
68,2015,0.705960741148406
68,2016,0.711367194834633
68,2017,0.714178864235064
68,2018,0.718071523781913
68,2019,0.718945274349212
69,2001,0.948509824340725
69,2002,0.959495272314697
69,2003,0.960976398494304
69,2004,0.94714747401238
69,2005,0.969652524515835
69,2006,0.96955317644768
69,2007,0.967598866436105
69,2008,0.998632336423346
69,2009,0.998658826921751
69,2010,0.998680896515773
69,2011,0.99861141329975
69,2012,0.983423411122993
69,2013,0.976103531221346
69,2014,0.985574898409292
69,2015,0.994921321573007
69,2016,0.988650632627094
69,2017,0.956127263851773
69,2018,0.946528217363384
69,2019,0.943952386564312
70,2001,0.959262467446394
70,2002,0.981954263534655
70,2003,0.986712822219286
70,2004,0.959745583699109
70,2005,0.980747945074044
70,2006,0.989391711520277
70,2007,0.988768383554273
70,2008,0.998622341005129
70,2009,0.998622705699768
70,2010,0.998610898351541
70,2011,0.998535626976963
70,2012,0.993583338460115
70,2013,0.99101458132223
70,2014,0.993812199053074
70,2015,0.996521410688165
70,2016,0.994142381245991
70,2017,0.983093214415197
70,2018,0.979431451085326
70,2019,0.977826374648032
71,2001,0.724267721728198
71,2002,0.706646894597277
71,2003,0.702113428550205
71,2004,0.69271536704755
71,2005,0.682387170604527
71,2006,0.673165966745203
71,2007,0.672655070099719
71,2008,0.661199783704293
71,2009,0.64869392417972
71,2010,0.64502571773182
71,2011,0.587252244645667
71,2012,0.613181318645668
71,2013,0.64027338614582
71,2014,0.637587860560125
71,2015,0.63674771802553
71,2016,0.633063831085349
71,2017,0.634277052104951
71,2018,0.634459579569885
71,2019,0.637111135161263
72,2001,0.784958603669771
72,2002,0.782851863225453
72,2003,0.781150861749181
72,2004,0.778007763257875
72,2005,0.775733386117197
72,2006,0.774214474619389
72,2007,0.782460814841631
72,2008,0.779053728219784
72,2009,0.775831506542343
72,2010,0.775680016889269
72,2011,0.679042374270625
72,2012,0.727003728861161
72,2013,0.777775878007033
72,2014,0.77886869201409
72,2015,0.780500604406006
72,2016,0.780981202211115
72,2017,0.783961166645699
72,2018,0.787297866280824
72,2019,0.791943427846574
73,2001,0.967153539090061
73,2002,0.967637509949155
73,2003,0.96714641749127
73,2004,0.966395473544351
73,2005,0.965632199302551
73,2006,0.964965864184237
73,2007,0.964206507734055
73,2008,0.963366151465302
73,2009,0.962734778269974
73,2010,0.961777730506445
73,2011,0.962719658225095
73,2012,0.962865168056977
73,2013,0.962959162796074
73,2014,0.962407097309446
73,2015,0.96064038143999
73,2016,0.959864454727216
73,2017,0.95876763938138
73,2018,0.957076055629808
73,2019,0.94573230238636
74,2001,0.714447886374371
74,2002,0.712079361704698
74,2003,0.710734503292916
74,2004,0.697613776205118
74,2005,0.683803150978885
74,2006,0.671159189776736
74,2007,0.656114472438763
74,2008,0.639708022582405
74,2009,0.582372087254588
74,2010,0.581003415733583
74,2011,0.58500861822493
74,2012,0.588064565514127
74,2013,0.589809535446608
74,2014,0.583645243808585
74,2015,0.580088774145631
74,2016,0.570409289892203
74,2017,0.567218896669738
74,2018,0.563799707804445
74,2019,0.565150298374191
75,2001,0.71424322464888
75,2002,0.711812980368057
75,2003,0.710611345013188
75,2004,0.698252933022812
75,2005,0.685579942748723
75,2006,0.673988176434357
75,2007,0.659421557748752
75,2008,0.643032576905779
75,2009,0.582919724510301
75,2010,0.581385210143443
75,2011,0.585285246212476
75,2012,0.58824227149752
75,2013,0.589825406100456
75,2014,0.583162862320728
75,2015,0.579238857134748
75,2016,0.569202298273437
75,2017,0.56590377508574
75,2018,0.562589679875402
75,2019,0.564241167443163
76,2001,0.904281463705168
76,2002,0.899856791051842
76,2003,0.895449192097735
76,2004,0.891575129845824
76,2005,0.88436802814931
76,2006,0.877786170624169
76,2007,0.857385867855883
76,2008,0.846785647496526
76,2009,0.832646936177944
76,2010,0.828230178477467
76,2011,0.824759066802522
76,2012,0.821832137172158
76,2013,0.818740844571321
76,2014,0.813196509462216
76,2015,0.80731721127666
76,2016,0.799913698892969
76,2017,0.797028978577985
76,2018,0.793746169561387
76,2019,0.790680659447306
77,2001,0.88649260717453
77,2002,0.878142177256734
77,2003,0.868760387546826
77,2004,0.857800275094065
77,2005,0.844370981025842
77,2006,0.834460353076457
77,2007,0.823791945880513
77,2008,0.818118858775913
77,2009,0.784360058130701
77,2010,0.775033773441054
77,2011,0.789550473477903
77,2012,0.784953562188403
77,2013,0.774605385176964
77,2014,0.758633391267237
77,2015,0.746583063835529
77,2016,0.737910836504838
77,2017,0.733940832893857
77,2018,0.730440118598152
77,2019,0.727252607484468
78,2001,0.404672385082604
78,2002,0.395769257059607
78,2003,0.386940617379601
78,2004,0.379670029559426
78,2005,0.373857892661055
78,2006,0.369533290353731
78,2007,0.501201400457944
78,2008,0.497243964350067
78,2009,0.493356497302537
78,2010,0.485738580233285
78,2011,0.784020117205008
78,2012,0.776979345266783
78,2013,0.753014930079185
78,2014,0.699531390391809
78,2015,0.681532296588234
78,2016,0.703602124686947
78,2017,0.70127893214642
78,2018,0.699413668940026
78,2019,0.698882089658948
79,2001,0.951127857882196
79,2002,0.962285427986085
79,2003,0.962988677355202
79,2004,0.953282673829242
79,2005,0.949281449759534
79,2006,0.949986312311835
79,2007,0.952388543154966
79,2008,0.926301493161808
79,2009,0.876520772253113
79,2010,0.878650453457485
79,2011,0.841415498046401
79,2012,0.831910711269449
79,2013,0.82569112179179
79,2014,0.816132519007057
79,2015,0.814239431742668
79,2016,0.833068508405333
79,2017,0.835575246207046
79,2018,0.836926414112801
79,2019,0.836182725268481
80,2001,0.828913785400851
80,2002,0.817508639913335
80,2003,0.814107736364768
80,2004,0.805297407221736
80,2005,0.79803304321268
80,2006,0.782020589971023
80,2007,0.761693054919831
80,2008,0.743597915697175
80,2009,0.708694310002221
80,2010,0.701657842411363
80,2011,0.683266637922273
80,2012,0.672353154227938
80,2013,0.663971545083728
80,2014,0.656795780888595
80,2015,0.648789300081049
80,2016,0.642547532581565
80,2017,0.641032756785979
80,2018,0.640850928149555
80,2019,0.641273122902581
81,2001,0.879590316299639
81,2002,0.872146390395702
81,2003,0.857135556210011
81,2004,0.84858304871847
81,2005,0.840237455825196
81,2006,0.843290227564861
81,2007,0.830592251229276
81,2008,0.821531048536049
81,2009,0.78257194658424
81,2010,0.781011534609905
81,2011,0.754175345848242
81,2012,0.74523809665031
81,2013,0.738043960227149
81,2014,0.727765397162516
81,2015,0.720719281462733
81,2016,0.719447498894587
81,2017,0.71855385808314
81,2018,0.718366710618599
81,2019,0.715147454366399
82,2001,0.817879818893441
82,2002,0.810450683065422
82,2003,0.847685405478422
82,2004,0.845231920205063
82,2005,0.843850762856027
82,2006,0.828522027928633
82,2007,0.806615834015325
82,2008,0.784245112737527
82,2009,0.768001092869565
82,2010,0.754972920569929
82,2011,0.745938219304692
82,2012,0.74197079023779
82,2013,0.743743735351623
82,2014,0.736260190744024
82,2015,0.720977449770255
82,2016,0.706149415686171
82,2017,0.701073984221375
82,2018,0.692177564592886
82,2019,0.680923418956752
84,2001,0.808672217029017
84,2002,0.802625838212322
84,2003,0.797985250331074
84,2004,0.793018105826026
84,2005,0.788269991147749
84,2006,0.780830411081713
84,2007,0.758366452328695
84,2008,0.751424387583177
84,2009,0.721257982500295
84,2010,0.718880032479183
84,2011,0.720508304235135
84,2012,0.722845692718499
84,2013,0.721338488922071
84,2014,0.715523899519713
84,2015,0.712278151639091
84,2016,0.708783541282582
84,2017,0.706790763266564
84,2018,0.703749047418659
84,2019,0.701636562621633
85,2001,0.869908188425408
85,2002,0.863805620280304
85,2003,0.858794173254304
85,2004,0.850883356221023
85,2005,0.848416697141692
85,2006,0.842517270932184
85,2007,0.833357728148268
85,2008,0.827435994846781
85,2009,0.821535928050634
85,2010,0.819037550639368
85,2011,0.815355703941588
85,2012,0.811526262258946
85,2013,0.805277507766076
85,2014,0.800565672437908
85,2015,0.793523879552425
85,2016,0.791117867490963
85,2017,0.786734953447249
85,2018,0.785259188113024
85,2019,0.782390362397504
86,2001,0.782679140753002
86,2002,0.76348804509266
86,2003,0.752917498910834
86,2004,0.757182736523812
86,2005,0.756972745059869
86,2006,0.76026611897353
86,2007,0.756574129079601
86,2008,0.731675989302829
86,2009,0.731903163137496
86,2010,0.726392516910658
86,2011,0.718430913289971
86,2012,0.724356897675233
86,2013,0.736161790207718
86,2014,0.769341790837674
86,2015,0.794428472467484
86,2016,0.794428472467484
86,2017,0.794428472467484
86,2018,0.794428472467484
86,2019,0.794428472467484
88,2001,0.70399314
88,2002,0.69997946
88,2003,0.70334334
88,2004,0.69522356
88,2005,0.67598572
88,2006,0.66347458
88,2007,0.65356614
88,2008,0.6439503
88,2009,0.64487088
88,2010,0.6534002
88,2011,0.65321062
88,2012,0.64248692
88,2013,0.62243468
88,2014,0.59966678
88,2015,0.57506598
88,2016,0.55438844
88,2017,0.539384
88,2018,0.53123706
88,2019,0.52414166
89,2001,0.371430028362139
89,2002,0.375755292074834
89,2003,0.407438265087472
89,2004,0.395816011888534
89,2005,0.378732057358489
89,2006,0.364639843108349
89,2007,0.343141845356663
89,2008,0.343563173684298
89,2009,0.363416321657829
89,2010,0.399794326561672
89,2011,0.429325037733833
89,2012,0.452378529691876
89,2013,0.488688859568344
89,2014,0.521832310526039
89,2015,0.509248555828588
89,2016,0.526294605098361
89,2017,0.520613465101211
89,2018,0.55178892121092
89,2019,0.532003085343899
90,2001,0.974913970444249
90,2002,0.973463960044178
90,2003,0.972497425293517
90,2004,0.97166269118617
90,2005,0.971091558217647
90,2006,0.971443028735388
90,2007,0.97232158338979
90,2008,0.973112255801205
90,2009,0.974166578597361
90,2010,0.975089113615619
90,2011,0.976582775099386
90,2012,0.979658039489988
90,2013,0.981854625618401
90,2014,0.984754126477395
90,2015,0.970563499922395
90,2016,0.972760074576794
90,2017,0.980228681282474
90,2018,0.982425280406008
90,2019,0.984188718018886
91,2001,0.930902223119614
91,2002,0.877552647840096
91,2003,0.832274649884369
91,2004,0.788476323434373
91,2005,0.754684691141534
91,2006,0.736085489745147
91,2007,0.721372152154393
91,2008,0.708639289472686
91,2009,0.69601885715813
91,2010,0.689042324578177
91,2011,0.680958299663867
91,2012,0.671575527888359
91,2013,0.660586543913172
91,2014,0.646731678807273
91,2015,0.623804088000221
91,2016,0.597873018908649
91,2017,0.568151880919658
91,2018,0.538217775303144
91,2019,0.50658499337203
92,2001,0.993473416648884
92,2002,0.993181376777943
92,2003,0.992912316135658
92,2004,0.992171534706368
92,2005,0.99114231637058
92,2006,0.990120742308983
92,2007,0.988987385827123
92,2008,0.987328747611417
92,2009,0.986720992108135
92,2010,0.987633848716918
92,2011,0.988272403035135
92,2012,0.988837213987846
92,2013,0.98872182839704
92,2014,0.988855593791858
92,2015,0.985578761415602
92,2016,0.98556896657716
92,2017,0.986327439292133
92,2018,0.986452729791183
92,2019,0.986909512159569
93,2001,0.714156040223465
93,2002,0.67787486416556
93,2003,0.647689567346843
93,2004,0.618832598373119
93,2005,0.59753305181347
93,2006,0.634936175268664
93,2007,0.62485362495219
93,2008,0.616569622325838
93,2009,0.608519547317632
93,2010,0.605261566151602
93,2011,0.601266060639688
93,2012,0.553428674122337
93,2013,0.550088763917117
93,2014,0.544949076717641
93,2015,0.533602225903657
93,2016,0.520313027887162
93,2017,0.504665925745233
93,2018,0.48929157158817
93,2019,0.47312568395105
94,2001,0.927677907786275
94,2002,0.874534130575087
94,2003,0.829436953112446
94,2004,0.785817085825756
94,2005,0.752174492106141
94,2006,0.733683633659124
94,2007,0.719059307234086
94,2008,0.706413359188966
94,2009,0.693881633889361
94,2010,0.686979800725591
94,2011,0.678975635183035
94,2012,0.669666639248335
94,2013,0.658769974596299
94,2014,0.645016975733855
94,2015,0.622294637545293
94,2016,0.596515121479813
94,2017,0.566941760554857
94,2018,0.537183354977269
94,2019,0.505761755055841
95,2001,0.869908188425408
95,2002,0.863805620280304
95,2003,0.858794173254304
95,2004,0.850883356221023
95,2005,0.848416697141692
95,2006,0.842517270932185
95,2007,0.833357728148269
95,2008,0.827435994846781
95,2009,0.821535928050634
95,2010,0.819037550639368
95,2011,0.815355703941588
95,2012,0.811526262258946
95,2013,0.805277507766076
95,2014,0.800565672437909
95,2015,0.793523879552425
95,2016,0.791117867490964
95,2017,0.786734953447249
95,2018,0.785259188113024
95,2019,0.782390362397504
96,2001,0.983317183799126
96,2002,0.985458574201311
96,2003,0.986292614813053
96,2004,0.984915272780952
96,2005,0.983900918229171
96,2006,0.983943864827965
96,2007,0.984595399034689
96,2008,0.98611744387364
96,2009,0.988294171884809
96,2010,0.986167217608537
96,2011,0.983798440952628
96,2012,0.981274065213682
96,2013,0.980083457214991
96,2014,0.979842478418406
96,2015,0.978325180562113
96,2016,0.978597017693212
96,2017,0.979557702839166
96,2018,0.97990031148935
96,2019,0.978909639993263
97,2001,0.946507639718507
97,2002,0.941337590732296
97,2003,0.941809864953525
97,2004,0.940244716742295
97,2005,0.940412079422138
97,2006,0.940402281214274
97,2007,0.932171325002077
97,2008,0.935092418682171
97,2009,0.935679413933488
97,2010,0.937140370886623
97,2011,0.935737424300184
97,2012,0.93534833253133
97,2013,0.935445786396015
97,2014,0.938283295470128
97,2015,0.933142270718568
97,2016,0.932408139141814
97,2017,0.916987657026647
97,2018,0.911759760199017
97,2019,0.872367728030824
98,2001,0.973677408178614
98,2002,0.972066103480978
98,2003,0.95238867587418
98,2004,0.922539593603024
98,2005,0.899165054663788
98,2006,0.880379260206676
98,2007,0.8676609030857
98,2008,0.853339407218586
98,2009,0.839716458286569
98,2010,0.821569318591109
98,2011,0.795427802957723
98,2012,0.765255680932122
98,2013,0.734748553481776
98,2014,0.704109534141443
98,2015,0.67078364775563
98,2016,0.656872882885841
98,2017,0.652249144885836
98,2018,0.647371939555761
98,2019,0.641068960178834
99,2001,0.893861058987433
99,2002,0.873667523247217
99,2003,0.848136980777455
99,2004,0.815102137257585
99,2005,0.783153098337673
99,2006,0.758643192355088
99,2007,0.742642241142013
99,2008,0.736585813863764
99,2009,0.739709239194198
99,2010,0.750973718086027
99,2011,0.762042399426385
99,2012,0.769945961197465
99,2013,0.776430156335201
99,2014,0.781938758988228
99,2015,0.782530819133044
99,2016,0.781717502937705
99,2017,0.780154228304089
99,2018,0.778148272820038
99,2019,0.766327573900388
100,2001,0.965470264956649
100,2002,0.962505144093779
100,2003,0.968812598988649
100,2004,0.968005056870433
100,2005,0.967214157741236
100,2006,0.966323618668997
100,2007,0.96521593059424
100,2008,0.962814269904328
100,2009,0.959745485104306
100,2010,0.958013830388797
100,2011,0.952841906706583
100,2012,0.94659541037915
100,2013,0.917110767181632
100,2014,0.872777162615524
100,2015,0.816201118428768
100,2016,0.786156965398423
100,2017,0.759859320047082
100,2018,0.737661865868104
100,2019,0.717311465450944
101,2001,0.869908188425408
101,2002,0.863805620280304
101,2003,0.858794173254304
101,2004,0.850883356221023
101,2005,0.848416697141691
101,2006,0.842517270932184
101,2007,0.833357728148268
101,2008,0.827435994846781
101,2009,0.821535928050634
101,2010,0.819037550639368
101,2011,0.815355703941588
101,2012,0.811526262258946
101,2013,0.805277507766076
101,2014,0.800565672437908
101,2015,0.793523879552425
101,2016,0.791117867490963
101,2017,0.786734953447249
101,2018,0.785259188113024
101,2019,0.782390362397504
102,2001,0.883658057617553
102,2002,0.881881416411557
102,2003,0.872553584331908
102,2004,0.857720645328821
102,2005,0.853764334645957
102,2006,0.848070682433143
102,2007,0.829725571315296
102,2008,0.810276520731169
102,2009,0.81564951139822
102,2010,0.833935082906485
102,2011,0.83007809589184
102,2012,0.819248376724763
102,2013,0.808368264846511
102,2014,0.795279217950337
102,2015,0.779916518704939
102,2016,0.770145529594053
102,2017,0.755717963801824
102,2018,0.73591691837789
102,2019,0.734187743853671
103,2001,0.922368641451986
103,2002,0.909218230372276
103,2003,0.905937613598914
103,2004,0.89822618058465
103,2005,0.891979877418891
103,2006,0.883124192852803
103,2007,0.880532766235061
103,2008,0.876128646464892
103,2009,0.872527489440621
103,2010,0.875026647357866
103,2011,0.868953618014323
103,2012,0.867677281117684
103,2013,0.866940879263839
103,2014,0.870574741188014
103,2015,0.868824207496921
103,2016,0.860342233237043
103,2017,0.851749115017372
103,2018,0.844041898173964
103,2019,0.835700591109323
104,2001,0.857698082997976
104,2002,0.861018392619921
104,2003,0.864256519366762
104,2004,0.866398351647345
104,2005,0.873783252903311
104,2006,0.881984519310615
104,2007,0.88971426887678
104,2008,0.894100573531665
104,2009,0.914052749809653
104,2010,0.91312539772679
104,2011,0.912375993355634
104,2012,0.922492767759435
104,2013,0.938740776395102
104,2014,0.955709112278271
104,2015,0.949062066196564
104,2016,0.945075308852184
104,2017,0.942507991784179
104,2018,0.939992254965
104,2019,0.936667019284033
105,2004,0.850883356221023
105,2005,0.848416697141691
105,2006,0.842517270932184
105,2007,0.833357728148268
105,2008,0.827435994846781
105,2009,0.821535928050634
105,2010,0.819037550639368
105,2011,0.815355703941588
105,2012,0.811526262258946
105,2013,0.805277507766076
105,2014,0.800565672437908
105,2015,0.793523879552425
105,2016,0.791117867490963
105,2017,0.786734953447248
105,2018,0.785259188113024
105,2019,0.782390362397504
106,2001,0.978319315802856
106,2002,0.978942325307148
106,2003,0.971837745762268
106,2004,0.959029851551772
106,2005,0.949560924140696
106,2006,0.94040253779166
106,2007,0.934442848708397
106,2008,0.926721061939279
106,2009,0.919459101237254
106,2010,0.907754038864037
106,2011,0.868332551214857
106,2012,0.855570668450939
106,2013,0.821675408142888
106,2014,0.779808933649982
106,2015,0.752779018513702
106,2016,0.739198791194864
106,2017,0.726791584129287
106,2018,0.714277680843285
106,2019,0.701766689841445
107,2001,0.999991323589196
107,2002,0.999991328765021
107,2003,0.938956802139836
107,2004,0.782132289992761
107,2005,0.832994011640057
107,2006,0.999990267720886
107,2007,0.999990024457109
107,2008,0.999989988226334
107,2009,0.991512680937073
107,2010,0.999913203141179
107,2011,0.98701098823747
107,2012,0.999989315369077
107,2013,0.999988729473837
107,2014,0.923695847244574
107,2015,0.999988881448461
107,2016,0.999989038016777
107,2017,0.836279922288223
107,2018,0.906207708415374
107,2019,0.737785587777211
108,2001,0.908921171912702
108,2002,0.897171064536771
108,2003,0.889995057492507
108,2004,0.884186962888554
108,2005,0.880017389652164
108,2006,0.878182629449739
108,2007,0.877058887355025
108,2008,0.875937927857658
108,2009,0.875495769760151
108,2010,0.875966772969714
108,2011,0.869900868037911
108,2012,0.872626658735496
108,2013,0.874421754336575
108,2014,0.87979967533626
108,2015,0.874847861419441
108,2016,0.872929336191302
108,2017,0.862786233383909
108,2018,0.862238157387167
108,2019,0.86150087549944
110,2001,0.935615135273723
110,2002,0.934802266446483
110,2003,0.934314402465471
110,2004,0.935035969721814
110,2005,0.934898629416306
110,2006,0.934038625985757
110,2007,0.932384529951057
110,2008,0.929462900685519
110,2009,0.925414206897583
110,2010,0.917505683883295
110,2011,0.917402696531799
110,2012,0.916341341817265
110,2013,0.915624840405102
110,2014,0.915812361015456
110,2015,0.916633570154363
110,2016,0.918272291510659
110,2017,0.920535299088961
110,2018,0.922643963636358
110,2019,0.925000155338342
111,2001,1
111,2002,1
111,2003,1
111,2004,0.986939142163767
111,2005,0.987642360117069
111,2006,0.988522359529872
111,2007,0.989408860890598
111,2008,0.989663644267031
111,2009,0.989713481132789
111,2010,0.990032312419486
111,2011,0.99046313367627
111,2012,0.991043695961158
111,2013,0.991415206322514
111,2014,0.99241197764853
111,2015,0.992881497366297
111,2016,0.993262165956335
111,2017,0.993262165956335
111,2018,0.993262165956335
111,2019,0.993262165956335
112,2001,0.871258239067615
112,2002,0.844511726865561
112,2003,0.823146890474913
112,2004,0.806799648949879
112,2005,0.792022218491074
112,2006,0.778430215070476
112,2007,0.76943462413437
112,2008,0.762532837010071
112,2009,0.757158968620378
112,2010,0.75076605637597
112,2011,0.746726510978167
112,2012,0.74269320008311
112,2013,0.740212119186575
112,2014,0.739599796143548
112,2015,0.739477173109511
112,2016,0.739588803444325
112,2017,0.741628811980862
112,2018,0.745523448637184
112,2019,0.750308333929979
113,2001,1
113,2002,1
113,2003,1
113,2004,1
113,2005,1
113,2006,1
113,2007,1
113,2008,1
113,2009,1
113,2010,1
113,2011,1
113,2012,1
113,2013,1
113,2014,1
113,2015,1
113,2016,1
113,2017,1
113,2018,1
113,2019,1
114,2001,0.951537904843731
114,2002,0.952245827115542
114,2003,0.954407103504943
114,2004,0.955502988270544
114,2005,0.959791051737486
114,2006,0.961099237030493
114,2007,0.963439738521212
114,2008,0.961389711244531
114,2009,0.961091095128044
114,2010,0.963374557078254
114,2011,0.962474794595675
114,2012,0.960131518726932
114,2013,0.957933809878917
114,2014,0.963747740084549
114,2015,0.965931653485163
114,2016,0.969764881046865
114,2017,0.970089667069987
114,2018,0.970089667069987
114,2019,0.970089667069987
115,2001,0.887616537479337
115,2002,0.871658699084624
115,2003,0.856110642284447
115,2004,0.844642722597705
115,2005,0.835448676217793
115,2006,0.827415487682271
115,2007,0.820387233809796
115,2008,0.81172020967921
115,2009,0.802671628268746
115,2010,0.795197652471033
115,2011,0.794681782085593
115,2012,0.790612769380684
115,2013,0.784387717782438
115,2014,0.783776985268669
115,2015,0.781624284885907
115,2016,0.779559322826464
115,2017,0.777619589054635
115,2018,0.776410477463155
115,2019,0.775282523064762
116,2001,0.931310036518675
116,2002,0.924745296569444
116,2003,0.926804899792109
116,2004,0.923210705673248
116,2005,0.918243189653735
116,2006,0.915734670705403
116,2007,0.912554284762232
116,2008,0.909480329842234
116,2009,0.905880253224808
116,2010,0.901970870116555
116,2011,0.899183354684159
116,2012,0.896208768082643
116,2013,0.894100742636633
116,2014,0.895145396677212
116,2015,0.895913296610323
116,2016,0.89530749356707
116,2017,0.895996746264314
116,2018,0.897038287518113
116,2019,0.897672745322834
117,2001,0.854832934553835
117,2002,0.846028215221617
117,2003,0.841226437984375
117,2004,0.836964291562821
117,2005,0.831092949890035
117,2006,0.825640388767304
117,2007,0.821353466257219
117,2008,0.81841340145979
117,2009,0.817244704215343
117,2010,0.817931784292975
117,2011,0.836686279017661
117,2012,0.838096816917572
117,2013,0.840755199208048
117,2014,0.845580530338589
117,2015,0.849326144716465
117,2016,0.851245574708614
117,2017,0.853066051574524
117,2018,0.854355421257921
117,2019,0.855020014629335
118,2001,1
118,2002,1
118,2003,1
118,2004,1
118,2005,1
118,2006,1
118,2007,1
118,2008,1
118,2009,1
118,2010,1
118,2011,1
118,2012,1
118,2013,1
118,2014,1
118,2015,1
118,2016,1
118,2017,1
118,2018,1
118,2019,1
119,2001,1
119,2002,1
119,2003,1
119,2004,1
119,2005,1
119,2006,1
119,2007,1
119,2008,1
119,2009,1
119,2010,1
119,2011,1
119,2012,1
119,2013,1
119,2014,1
119,2015,1
119,2016,1
119,2017,1
119,2018,0.930706150678953
119,2019,0.929245055502012
120,2001,1
120,2002,1
120,2003,1
120,2004,1
120,2005,1
120,2006,1
120,2007,1
120,2008,1
120,2009,1
120,2010,1
120,2011,1
120,2012,1
120,2013,1
120,2014,1
120,2015,1
120,2016,1
120,2017,1
120,2018,1
120,2019,1
121,2001,0.909115969298459
121,2002,0.908375673211288
121,2003,0.896035424057974
121,2004,0.886848101001718
121,2005,0.880749847091452
121,2006,0.875048186027814
121,2007,0.869822855982594
121,2008,0.862891734325558
121,2009,0.835176218583934
121,2010,0.818858328638247
121,2011,0.817435980489807
121,2012,0.814662198663427
121,2013,0.811933493902933
121,2014,0.812249097067276
121,2015,0.805712983789594
121,2016,0.802166311005631
121,2017,0.800807066264232
121,2018,0.800549083634679
121,2019,0.800002609033168
122,2001,1
122,2002,1
122,2003,1
122,2004,1
122,2005,1
122,2006,1
122,2007,1
122,2008,1
122,2009,1
122,2010,1
122,2011,1
122,2012,1
122,2013,0.964766741309255
122,2014,0.907901685684269
122,2015,0.877608558422654
122,2016,0.863953140960759
122,2017,0.86346604983158
122,2018,0.863029167191369
122,2019,0.862060330574729
123,2001,0.909498009705369
123,2002,0.898214639411399
123,2003,0.89034202502831
123,2004,0.882369435949973
123,2005,0.874595203808658
123,2006,0.867741821081337
123,2007,0.86057710039161
123,2008,0.849890311055551
123,2009,0.839694400401819
123,2010,0.831235505388402
123,2011,0.826973527555515
123,2012,0.821343167269109
123,2013,0.815904481982509
123,2014,0.820997868068138
123,2015,0.816642818985537
123,2016,0.816747601716575
123,2017,0.817470991869143
123,2018,0.817784415906214
123,2019,0.817330370145636
124,2001,0.925794937883942
124,2002,0.910215635068388
124,2003,0.898487042075565
124,2004,0.889093111596643
124,2005,0.884028641714681
124,2006,0.880543265131833
124,2007,0.879060406787949
124,2008,0.875454860216001
124,2009,0.872808313492079
124,2010,0.873818143081205
124,2011,0.872044631715688
124,2012,0.871312963057616
124,2013,0.871438181844984
124,2014,0.880375932232403
124,2015,0.887075028591563
124,2016,0.893971991478683
124,2017,0.895076500600075
124,2018,0.894442993187726
124,2019,0.893204734162136
125,2001,0.885898191119382
125,2002,0.867403059614424
125,2003,0.851919778906243
125,2004,0.839448046675528
125,2005,0.826117857170679
125,2006,0.817807646977438
125,2007,0.809238210346476
125,2008,0.803030609136394
125,2009,0.79609157387287
125,2010,0.788869413496652
125,2011,0.789528320881498
125,2012,0.788645783515066
125,2013,0.787445804190073
125,2014,0.803086765559627
125,2015,0.805615172545214
125,2016,0.807413500028257
125,2017,0.810439269279115
125,2018,0.813958832693468
125,2019,0.817300325858865
126,2001,0.793545052041934
126,2002,0.795419921903971
126,2003,0.797539918838764
126,2004,0.798241475341638
126,2005,0.797883627653326
126,2006,0.798020395293179
126,2007,0.797734152114673
126,2008,0.797093079712305
126,2009,0.796143125539413
126,2010,0.794458788772692
126,2011,0.792933032488378
126,2012,0.791740345100249
126,2013,0.790576246048392
126,2014,0.791223960392194
126,2015,0.788315554038029
126,2016,0.785621285354965
126,2017,0.784936117212644
126,2018,0.786954893713605
126,2019,0.791293224791715
127,2001,0.94583587721909
127,2002,0.941240611267667
127,2003,0.932707694065643
127,2004,0.923074811642372
127,2005,0.913841459755613
127,2006,0.903755544783534
127,2007,0.895123292239993
127,2008,0.888190595220756
127,2009,0.883137643219404
127,2010,0.878473285515248
127,2011,0.875074488040659
127,2012,0.870295942320747
127,2013,0.865420623182431
127,2014,0.847826260728696
127,2015,0.84764257931091
127,2016,0.848483054079241
127,2017,0.848054944426239
127,2018,0.847592942007505
127,2019,0.847029438972363
129,2001,1
129,2002,1
129,2003,0.995325551602607
129,2004,0.970468037111076
129,2005,0.944577794198114
129,2006,0.921128467292873
129,2007,0.90125719542555
129,2008,0.876086028101012
129,2009,0.835058979482897
129,2010,0.79263389528537
129,2011,0.750363813862465
129,2012,0.713515270174649
129,2013,0.684169855034926
129,2014,0.67365392561099
129,2015,0.668491361286262
129,2016,0.6696575718141
129,2017,0.672905940921159
129,2018,0.687427945970191
129,2019,0.700768753085325
130,2001,0.939579368040952
130,2002,0.96627098103052
130,2003,0.978263303797509
130,2004,0.984917318026705
130,2005,0.987840147947389
130,2006,0.98643206786252
130,2007,0.986819493901808
130,2008,0.986968255325259
130,2009,0.991097310175283
130,2010,0.996758272429695
130,2011,1
130,2012,1
130,2013,1
130,2014,1
130,2015,1
130,2016,1
130,2017,1
130,2018,1
130,2019,1
131,2001,1
131,2002,1
131,2003,1
131,2004,1
131,2005,1
131,2006,1
131,2007,1
131,2008,0.998404171650493
131,2009,0.989131666505789
131,2010,0.975340488572677
131,2011,0.958636078754271
131,2012,0.942907575123823
131,2013,0.929506633599618
131,2014,0.92157376430389
131,2015,0.918804421152604
131,2016,0.919287369725538
131,2017,0.920205396767143
131,2018,0.921619631117936
131,2019,0.926302807105087
132,2001,0.875235012936962
132,2002,0.866753073324233
132,2003,0.862558423371479
132,2004,0.864476893500147
132,2005,0.861532396643857
132,2006,0.857594369085805
132,2007,0.853037638626734
132,2008,0.848036327630526
132,2009,0.841315458946579
132,2010,0.835346788526954
132,2011,0.830878892593208
132,2012,0.826658615315341
132,2013,0.822977117709763
132,2014,0.821148396218639
132,2015,0.820336769016085
132,2016,0.80682763893974
132,2017,0.808590389468445
132,2018,0.809454373382936
132,2019,0.779198297765
133,2001,0.965700782858043
133,2002,0.962505681706419
133,2003,0.957394513319067
133,2004,0.950304314080355
133,2005,0.942089048699605
133,2006,0.934951110484832
133,2007,0.92849838394829
133,2008,0.923581019625997
133,2009,0.919981322376367
133,2010,0.916345928874388
133,2011,0.914394802651326
133,2012,0.912562272065224
133,2013,0.892019070549674
133,2014,0.892220095491724
133,2015,0.88988169802796
133,2016,0.887840965767041
133,2017,0.887643902287356
133,2018,0.888572328245001
133,2019,0.889187391955438
134,2001,0.979370965237544
134,2002,0.972319736304306
134,2003,0.960179645101029
134,2004,0.927549560911406
134,2005,0.89435449759294
134,2006,0.864717431026982
134,2007,0.839234136950633
134,2008,0.810732036319697
134,2009,0.782099268534568
134,2010,0.760390191901451
134,2011,0.744996014982166
134,2012,0.73290424821302
134,2013,0.722862560961795
134,2014,0.716670841775647
134,2015,0.707319306894627
134,2016,0.700852642364055
134,2017,0.69868287838847
134,2018,0.701062561242411
134,2019,0.70692406829834
135,2001,0.893228852105191
135,2002,0.871923469434038
135,2003,0.85897887205612
135,2004,0.852203441173638
135,2005,0.857774277548536
135,2006,0.8572804638209
135,2007,0.852571656853315
135,2008,0.848757662413974
135,2009,0.848185082390503
135,2010,0.846414033729341
135,2011,0.840201618046942
135,2012,0.835172137459307
135,2013,0.828289723086076
135,2014,0.821066157083617
135,2015,0.818992877536756
135,2016,0.81852666898054
135,2017,0.822288342763086
135,2018,0.821760214760496
135,2019,0.824696862867117
136,2001,1
136,2002,1
136,2003,1
136,2004,1
136,2005,1
136,2006,1
136,2007,0.999749050228744
136,2008,0.995782492528799
136,2009,0.983994610972189
136,2010,0.968508234889125
136,2011,0.951407798590242
136,2012,0.936550296412398
136,2013,0.924722531550941
136,2014,0.917971417374629
136,2015,0.91510582191261
136,2016,0.915610769629466
136,2017,0.916570614392757
136,2018,0.92091355849698
136,2019,0.925222954915773
137,2001,0.934286496742058
137,2002,0.909293261119906
137,2003,0.892422063146856
137,2004,0.888411625153805
137,2005,0.875343240857911
137,2006,0.888882862638485
137,2007,0.892304524754807
137,2008,0.885197931278989
137,2009,0.878509379205139
137,2010,0.871803103433354
137,2011,0.863837413160045
137,2012,0.854733957890809
137,2013,0.846862657357701
137,2014,0.849858233476669
137,2015,0.846039119122987
137,2016,0.840205564207748
137,2017,0.83876068020867
137,2018,0.836926920333226
137,2019,0.82959285505369
138,2001,0.897569674923094
138,2002,0.891408484802568
138,2003,0.886832056341482
138,2004,0.882609997606491
138,2005,0.881984395543098
138,2006,0.87769100544893
138,2007,0.864278701784026
138,2008,0.856324047809127
138,2009,0.853607977110582
138,2010,0.847825170956288
138,2011,0.840028881210207
138,2012,0.835867455033812
138,2013,0.833998129979565
138,2014,0.833181352229334
138,2015,0.833106446255934
138,2016,0.816773342462346
138,2017,0.846668975767445
138,2018,0.855664304578908
138,2019,0.839229030112111
139,2001,0.89808390992353
139,2002,0.88315577125818
139,2003,0.871068454728222
139,2004,0.856808004503092
139,2005,0.813675140956619
139,2006,0.780061177989649
139,2007,0.769013728579457
139,2008,0.782631239416685
139,2009,0.793085093165631
139,2010,0.789092887078232
139,2011,0.786013720388961
139,2012,0.781741459770737
139,2013,0.779322735806103
139,2014,0.780727988494819
139,2015,0.777043850051546
139,2016,0.793962649898929
139,2017,0.795897827121722
139,2018,0.798783291140317
139,2019,0.800752714521377
140,2001,0.984872104503511
140,2002,0.976295904468844
140,2003,0.968260884889842
140,2004,0.956754358339781
140,2005,0.939370884254778
140,2006,0.923624515018043
140,2007,0.9093545174018
140,2008,0.884226879170475
140,2009,0.87212134886426
140,2010,0.860673809630808
140,2011,0.855217394846869
140,2012,0.849079011242555
140,2013,0.843926957430813
140,2014,0.846290976587543
140,2015,0.847689365195745
140,2016,0.847846398955513
140,2017,0.848814193667015
140,2018,0.849087455460222
140,2019,0.848332269439105
141,2001,0.917303056979695
141,2002,0.925851376939185
141,2003,0.912966037481112
141,2004,0.897401285731154
141,2005,0.885980505001832
141,2006,0.900531194641548
141,2007,0.907990051086524
141,2008,0.906651069966986
141,2009,0.906290104854121
141,2010,0.903224728534398
141,2011,0.90107986450302
141,2012,0.899224698021327
141,2013,0.896793851557568
141,2014,0.890024952663874
141,2015,0.885989008155969
141,2016,0.882016012559189
141,2017,0.879604500848725
141,2018,0.876634610376687
141,2019,0.874726784067058
143,2001,0.841415239794095
143,2002,0.930330008409706
143,2003,0.924084098822706
143,2004,0.941069474645601
143,2005,0.935528632706317
143,2006,0.930213754643331
143,2007,0.926187174979015
143,2008,0.922073557385184
143,2009,0.918418044389155
143,2010,0.915591006042258
143,2011,0.914906870602162
143,2012,0.912699054456833
143,2013,0.909437532975041
143,2014,0.906275245047472
143,2015,0.90400696373829
143,2016,0.90177834661336
143,2017,0.900232641799556
143,2018,0.899022018368588
143,2019,0.898602217189773
144,2001,0.938441419420219
144,2002,0.999610002284596
144,2003,0.999733884543273
144,2004,0.999938961830664
144,2005,0.999996291325495
144,2006,0.997383938367237
144,2007,0.996722319444999
144,2008,0.996154841480026
144,2009,0.99558736261445
144,2010,0.994981911588734
144,2011,0.99450315367698
144,2012,0.994154831952533
144,2013,0.993860908114041
144,2014,0.99369083983635
144,2015,0.993630304134087
144,2016,0.993550485096406
144,2017,0.993479521086298
144,2018,0.993415808509451
144,2019,0.993335549577877
145,2001,0.770508302167576
145,2002,0.795395541090395
145,2003,0.820493348398377
145,2004,0.850390585648392
145,2005,0.891255205507946
145,2006,0.900878098619414
145,2007,0.905055753450422
145,2008,0.899717414751702
145,2009,0.899075228290669
145,2010,0.894777849055474
145,2011,0.895325081526417
145,2012,0.89674719910159
145,2013,0.89553484897958
145,2014,0.886231505106867
145,2015,0.887270661367629
145,2016,0.884679376727532
145,2017,0.882746451207178
145,2018,0.878662604828855
145,2019,0.883176484357598
146,2001,1
146,2002,1
146,2003,0.928
146,2004,0.743
146,2005,0.803
146,2006,1
146,2007,1
146,2008,1
146,2009,0.99
146,2010,1
146,2011,0.985
146,2012,1
146,2013,1
146,2014,0.91
146,2015,1
146,2016,1
146,2017,0.82
146,2018,0.933
146,2019,0.76
147,2001,1
147,2002,1
147,2003,0.994840748349819
147,2004,0.95478103222435
147,2005,0.969023109567876
147,2006,0.995265298998975
147,2007,0.989558257748752
147,2008,0.981954389663535
147,2009,0.978275830939601
147,2010,0.976296631029804
147,2011,0.973084007913193
147,2012,0.975937261837725
147,2013,0.972595776657874
147,2014,0.961378820753261
147,2015,0.959317956434837
147,2016,0.952784625315804
147,2017,0.942569319931603
147,2018,0.943434536779358
147,2019,0.931571881650045
148,2001,1
148,2002,1
148,2003,1
148,2004,1
148,2005,1
148,2006,1
148,2007,1
148,2008,1
148,2009,1
148,2010,1
148,2011,1
148,2012,1
148,2013,1
148,2014,1
148,2015,1
148,2016,1
148,2017,1
148,2018,1
148,2019,0.98747077416474
149,2001,0.999043100095304
149,2002,0.999080479515564
149,2003,0.999080140317836
149,2004,0.999095351549451
149,2005,0.999087632785276
149,2006,0.999051268845813
149,2007,0.999031920230066
149,2008,0.999012747119247
149,2009,0.9972676196172
149,2010,0.989527255610366
149,2011,0.989151718021206
149,2012,0.998552607936236
149,2013,0.998523992573234
149,2014,0.998022637562472
149,2015,0.993172752571663
149,2016,0.992101948879099
149,2017,0.990986896572218
149,2018,0.990039015239458
149,2019,0.98943644269697
150,2001,0.996969630029656
150,2002,0.997134843235978
150,2003,0.997320930536808
150,2004,0.997660924620522
150,2005,0.997852232711498
150,2006,0.997731384888823
150,2007,0.997549658068036
150,2008,0.997379228604607
150,2009,0.995155861622353
150,2010,0.986633023927529
150,2011,0.985953869541862
150,2012,0.996586076712692
150,2013,0.996428069414198
150,2014,0.996551926791652
150,2015,0.996750949582289
150,2016,0.996878168067969
150,2017,0.996694210519218
150,2018,0.996694202869778
150,2019,0.996694216701045
151,2001,0.969441050136484
151,2002,0.958995727699232
151,2003,0.941474326320916
151,2004,0.892374490901849
151,2005,0.830298825558951
151,2006,0.774932101425121
151,2007,0.728339534527408
151,2008,0.685873075163538
151,2009,0.643247597064976
151,2010,0.603900236257618
151,2011,0.568217342707214
151,2012,0.529800603970576
151,2013,0.489603507232976
151,2014,0.454387594081737
151,2015,0.416759444043861
151,2016,0.388287454241453
151,2017,0.372704533225912
151,2018,0.369981966228681
151,2019,0.379261159731494
152,2001,0.993041170450034
152,2002,0.990662566660316
152,2003,0.983462708728048
152,2004,0.971271952687999
152,2005,0.958739575876546
152,2006,0.953923516879084
152,2007,0.952848837006215
152,2008,0.950471915606444
152,2009,0.941971487890311
152,2010,0.930420100873546
152,2011,0.932755490944009
152,2012,0.919665605066408
152,2013,0.918126333505724
152,2014,0.910404514429201
152,2015,0.899617642359079
152,2016,0.89503468424735
152,2017,0.884705686588711
152,2018,0.876341137137668
152,2019,0.869174196967712
153,2001,1
153,2002,1
153,2003,1
153,2004,1
153,2005,0.999015891163708
153,2006,0.995631092680901
153,2007,0.99036496620679
153,2008,0.983348558006193
153,2009,0.976765073187964
153,2010,0.9594846324762
153,2011,0.955784371994805
153,2012,0.972598661176785
153,2013,0.968788562103172
153,2014,0.962064499534688
153,2015,0.953747744083883
153,2016,0.946319864940639
153,2017,0.939719498493639
153,2018,0.943027470210515
153,2019,0.942091743357488
154,2001,1
154,2002,1
154,2003,1
154,2004,1
154,2005,1
154,2006,1
154,2007,1
154,2008,1
154,2009,1
154,2010,1
154,2011,1
154,2012,1
154,2013,1
154,2014,0.982490563270893
154,2015,0.95848428703359
154,2016,0.935101874119153
154,2017,0.911127080985136
154,2018,0.885673808866636
154,2019,0.865588976169791
155,2001,1
155,2002,1
155,2003,0.987639909057637
155,2004,0.960920947954086
155,2005,0.938975327802651
155,2006,0.933039642913346
155,2007,0.932054715747346
155,2008,0.928328744494077
155,2009,0.913375502001729
155,2010,0.905011141416556
155,2011,0.918489772896398
155,2012,0.879715037684815
155,2013,0.885878231833286
155,2014,0.889797484121547
155,2015,0.89309829612962
155,2016,0.906259382927028
155,2017,0.899772224198057
155,2018,0.873220559781795
155,2019,0.872529944732263
156,2001,1
156,2002,1
156,2003,1
156,2004,1
156,2005,1
156,2006,1
156,2007,1
156,2008,1
156,2009,0.996902598795604
156,2010,0.981892116035839
156,2011,0.981177331142517
156,2012,1
156,2013,1
156,2014,1
156,2015,1
156,2016,1
156,2017,1
156,2018,1
156,2019,0.999661444266746
157,2001,1
157,2002,1
157,2003,1
157,2004,1
157,2005,1
157,2006,1
157,2007,1
157,2008,1
157,2009,1
157,2010,1
157,2011,1
157,2012,1
157,2013,1
157,2014,1
157,2015,1
157,2016,1
157,2017,1
157,2018,1
157,2019,0.991046286602062
158,2001,0.998814883246452
158,2002,0.998836943185044
158,2003,0.998844765187127
158,2004,0.998878124907214
158,2005,0.99887635545967
158,2006,0.998808508850439
158,2007,0.998756703290718
158,2008,0.998724331526859
158,2009,0.99785679408002
158,2010,0.99411880678103
158,2011,0.993897543140373
158,2012,0.998527027496006
158,2013,0.998451260250784
158,2014,0.998471841703633
158,2015,0.998499368698789
158,2016,0.998530879839074
158,2017,0.998495973640238
158,2018,0.998485238849265
158,2019,0.998479407634302
159,2001,0.97618550062675
159,2002,0.978406070307572
159,2003,0.981214563648263
159,2004,0.985948128642943
159,2005,0.989041366632175
159,2006,0.988552307796083
159,2007,0.98657807784133
159,2008,0.984348290979114
159,2009,0.97135530545767
159,2010,0.936084368925282
159,2011,0.930896232722888
159,2012,0.974974361328485
159,2013,0.97399675585364
159,2014,0.975495759070666
159,2015,0.978058659620851
159,2016,0.979468399278522
159,2017,0.976984875211723
159,2018,0.976984851946881
159,2019,0.976984894012997
161,2001,1
161,2002,1
161,2003,1
161,2004,1
161,2005,1
161,2006,1
161,2007,1
161,2008,1
161,2009,1
161,2010,1
161,2011,1
161,2012,1
161,2013,1
161,2014,1
161,2015,1
161,2016,1
161,2017,1
161,2018,1
161,2019,0.984264795705386
162,2001,0.921564351920912
162,2002,0.883872739681712
162,2003,0.829825997720891
162,2004,0.799241149153057
162,2005,0.787533818926995
162,2006,0.802085058911219
162,2007,0.824002697810926
162,2008,0.850023070817708
162,2009,0.8844796251801
162,2010,0.881491795209507
162,2011,0.880994355372576
162,2012,0.88161359410098
162,2013,0.88169532145923
162,2014,0.881178858054321
162,2015,0.876270884160596
162,2016,0.875532065259379
162,2017,0.870578452662966
162,2018,0.873885972398858
162,2019,0.871386314108408
163,2001,0.897589216236764
163,2002,0.906212428501164
163,2003,0.902740370991603
163,2004,0.900029320066189
163,2005,0.893621921190469
163,2006,0.88709596577912
163,2007,0.879909458345115
163,2008,0.868507025167765
163,2009,0.866871047298358
163,2010,0.8706177424299
163,2011,0.875519844554354
163,2012,0.874001756161664
163,2013,0.866575611564576
163,2014,0.852025557039804
163,2015,0.836046492351686
163,2016,0.826753854446585
163,2017,0.806932138400753
163,2018,0.797742046238527
163,2019,0.796123970685052
164,2001,0.887696280828566
164,2002,0.882445898206968
164,2003,0.87667830678356
164,2004,0.871657176238176
164,2005,0.866999473478905
164,2006,0.86212816929789
164,2007,0.857717692420476
164,2008,0.853534988066168
164,2009,0.85055504965557
164,2010,0.847903207722952
164,2011,0.845823656132067
164,2012,0.843859762850521
164,2013,0.842608652380384
164,2014,0.840956735039361
164,2015,0.833831979250708
164,2016,0.827882420353773
164,2017,0.825347560605842
164,2018,0.825339726316097
164,2019,0.824669561022405
166,2001,0.918485705159751
166,2002,0.906131860071051
166,2003,0.895984952540238
166,2004,0.88763066320248
166,2005,0.879847829146843
166,2006,0.872963704434757
166,2007,0.866660917796649
166,2008,0.860554807001192
166,2009,0.856329624509504
166,2010,0.852781063097336
166,2011,0.850053065721014
166,2012,0.847556585730769
166,2013,0.84680421911172
166,2014,0.848587861266244
166,2015,0.846288896325151
166,2016,0.844088705058901
166,2017,0.843620792538398
166,2018,0.844487582317124
166,2019,0.844362376381018
167,2001,0.891801451789371
167,2002,0.880254885884335
167,2003,0.870780391216499
167,2004,0.862365361565016
167,2005,0.855139567319868
167,2006,0.848034852940197
167,2007,0.841542949134498
167,2008,0.836389638789099
167,2009,0.831761311850423
167,2010,0.827198993960627
167,2011,0.821788917512741
167,2012,0.815783986782934
167,2013,0.811263478540992
167,2014,0.812501856991734
167,2015,0.81500149961269
167,2016,0.817782864495543
167,2017,0.793987078624025
167,2018,0.794282427563272
167,2019,0.795608977995551
168,2001,0.869542186369707
168,2002,0.855603190889305
168,2003,0.843385018374743
168,2004,0.831739580401361
168,2005,0.816360961756594
168,2006,0.802357703183654
168,2007,0.791127920201075
168,2008,0.783792572229223
168,2009,0.781445496854797
168,2010,0.778690797659167
168,2011,0.77591665266085
168,2012,0.773795284983966
168,2013,0.771787310598294
168,2014,0.769836162450511
168,2015,0.764701499732832
168,2016,0.760205926881887
168,2017,0.758451764681353
168,2018,0.758685274991316
168,2019,0.759499302874606
169,2001,1
169,2002,1
169,2003,1
169,2004,1
169,2005,0.874825093142762
169,2006,0.874656975315249
169,2007,0.87491447797858
169,2008,0.875351418204407
169,2009,0.876107084808458
169,2010,0.877045372517043
169,2011,0.878267599856072
169,2012,0.879596500351766
169,2013,0.8811763137576
169,2014,0.88287911240459
169,2015,0.884753824774722
169,2016,0.88666164236155
169,2017,0.8886351577476
169,2018,0.890691184302106
169,2019,0.890744651336393
171,2001,0.883800612092374
171,2002,0.875128094420456
171,2003,0.865965717762043
171,2004,0.856655868342491
171,2005,0.847486028700929
171,2006,0.837288676690196
171,2007,0.827293027403571
171,2008,0.818707345808949
171,2009,0.808381807402753
171,2010,0.795772515607137
171,2011,0.785444845047848
171,2012,0.776222491333439
171,2013,0.769792972946314
171,2014,0.767221621773194
171,2015,0.765285389717887
171,2016,0.767268842892843
171,2017,0.764806231628222
171,2018,0.765103445996631
171,2019,0.765843733393734
172,2001,0.910284172905091
172,2002,0.911835135441999
172,2003,0.917088477255652
172,2004,0.91922935805887
172,2005,0.917827349333546
172,2006,0.913388709324826
172,2007,0.907418042808729
172,2008,0.893638851696665
172,2009,0.878263169729589
172,2010,0.862017366913127
172,2011,0.847248156426346
172,2012,0.831618830169855
172,2013,0.815623047849434
172,2014,0.801297335083836
172,2015,0.788656947542253
172,2016,0.778154865497059
172,2017,0.796315245566035
172,2018,0.798974797255371
172,2019,0.799974683496165
173,2001,0.991527682340756
173,2002,0.991367555136137
173,2003,0.991345647635257
173,2004,0.990504126208219
173,2005,0.989524407475232
173,2006,0.987393349804097
173,2007,0.984397835682656
173,2008,0.979657971304102
173,2009,0.977168259710274
173,2010,0.974671670259977
173,2011,0.972940996646948
173,2012,0.971358988193425
173,2013,0.969754046185734
173,2014,0.968353436918031
173,2015,0.967129770319212
173,2016,0.965984709114761
173,2017,0.965211441127872
173,2018,0.964719032828461
173,2019,0.9642024008903
174,2001,0.846427125723116
174,2002,0.850620809016782
174,2003,0.849661981396219
174,2004,0.840257865546837
174,2005,0.857618716091683
174,2006,0.859437516178116
174,2007,0.859162231257158
174,2008,0.881964622857419
174,2009,0.882703147845883
174,2010,0.882295919702268
174,2011,0.88140494471901
174,2012,0.86845565205079
174,2013,0.858856757452848
174,2014,0.859553462041882
174,2015,0.860180110895716
174,2016,0.8360367132861
174,2017,0.784088371636332
174,2018,0.737659355372733
174,2019,0.748587307518835
175,2001,0.820761466405413
175,2002,0.790518542749198
175,2003,0.767014665511053
175,2004,0.742664531180999
175,2005,0.746921502984986
175,2006,0.7366130495771
175,2007,0.739071537315903
175,2008,0.747035867341553
175,2009,0.739417345651909
175,2010,0.737678834871628
175,2011,0.733913675330782
175,2012,0.73020788130016
175,2013,0.727142462564184
175,2014,0.741276607209482
175,2015,0.758428546980328
175,2016,0.744689849451906
175,2017,0.727440617565268
175,2018,0.731845148508531
175,2019,0.745825520579795
176,2001,0.904195863953662
176,2002,0.889631901812202
176,2003,0.859583482827577
176,2004,0.862268862673338
176,2005,0.848679329410568
176,2006,0.837798772904826
176,2007,0.829773512749016
176,2008,0.814477450601308
176,2009,0.753044246467802
176,2010,0.744157788535386
176,2011,0.739724383580798
176,2012,0.769244420167331
176,2013,0.742455295945462
176,2014,0.762995390525205
176,2015,0.774067566952107
176,2016,0.730158199750205
176,2017,0.695950126514624
176,2018,0.711092746330651
176,2019,0.756795153663731
177,2001,0.674912640713746
177,2002,0.639856695824009
177,2003,0.610856055404891
177,2004,0.588088776681842
177,2005,1
177,2006,0.571975887375398
177,2007,0.565556352024101
177,2008,0.56401946673567
177,2009,0.562042730168279
177,2010,0.559827315582461
177,2011,0.55988523851136
177,2012,0.560283489554232
177,2013,0.564126019688464
177,2014,0.57005808564483
177,2015,0.581748488629536
177,2016,0.595804458106561
177,2017,0.698919628959696
177,2018,0.588818562967419
177,2019,0.603473149306076
178,2001,0.89946854555728
178,2002,0.917612099600939
178,2003,0.914911037830935
178,2004,0.888150043749433
178,2005,0.938074967089309
178,2006,0.939481639524101
178,2007,0.935979714305943
178,2008,0.991773458475355
178,2009,0.975769208369025
178,2010,0.944872716912927
178,2011,0.952550573458278
178,2012,0.915670638506906
178,2013,0.897063254980968
178,2014,0.92148323474419
178,2015,0.929320297712274
178,2016,0.906852384806443
178,2017,0.841773464463317
178,2018,0.822779748300033
178,2019,0.819169074425907
179,2001,0.848758944082306
179,2002,0.844617345435246
179,2003,0.840015805743651
179,2004,0.833597154953179
179,2005,0.827952309135794
179,2006,0.821214947920451
179,2007,0.813374801503841
179,2008,0.813416091278089
179,2009,0.801275341473305
179,2010,0.793609361448174
179,2011,0.802349319763995
179,2012,0.793372856268921
179,2013,0.791255240555745
179,2014,0.782602353675143
179,2015,0.781446913874427
179,2016,0.783535361939283
179,2017,0.776834235707693
179,2018,0.777060457307236
179,2019,0.77383810500533
180,2001,0.876262057343757
180,2002,0.879662142665008
180,2003,0.872036117837641
180,2004,0.871215594794073
180,2005,0.870212625062629
180,2006,0.853865453295763
180,2007,0.856570637798764
180,2008,0.862383752068252
180,2009,0.876701533706825
180,2010,0.88133424721795
180,2011,0.879584674686051
180,2012,0.879925032352379
180,2013,0.877866772281312
180,2014,0.873287405328142
180,2015,0.866010339798274
180,2016,0.856131999599245
180,2017,0.836374046744155
180,2018,0.8271215528772
180,2019,0.824982737929387
181,2001,0.802189783700682
181,2002,0.786371850624775
181,2003,0.771501966638134
181,2004,0.752425665820013
181,2005,0.815784946448282
181,2006,0.726117712326293
181,2007,0.719359939740672
181,2008,0.713855709140751
181,2009,0.71422720181041
181,2010,0.715872411470565
181,2011,0.717397652231371
181,2012,0.71864462707737
181,2013,0.720884032489378
181,2014,0.724501040159649
181,2015,0.725732655405666
181,2016,0.729497230067627
181,2017,0.73017338341585
181,2018,0.732106812558114
181,2019,0.736450892696528
182,2001,0.843140265435748
182,2002,0.834884353443904
182,2003,0.826158581465437
182,2004,0.816866374083405
182,2005,0.812325065972664
182,2006,0.806377276392371
182,2007,0.799254497224339
182,2008,0.792956111437683
182,2009,0.783989667657897
182,2010,0.773746933395603
182,2011,0.769551712146313
182,2012,0.766064189594387
182,2013,0.757901906071875
182,2014,0.752524900105265
182,2015,0.743160969244046
182,2016,0.737930991615207
182,2017,0.733629609961886
182,2018,0.726022948797288
182,2019,0.722271315818124
183,2001,0.892300823938922
183,2002,0.888416567046455
183,2003,0.882950040121228
183,2004,0.879569114154386
183,2005,0.877766780913472
183,2006,0.879425270447615
183,2007,0.877614274830637
183,2008,0.873233222818387
183,2009,0.786656767487289
183,2010,0.723301024412061
183,2011,0.694990067260415
183,2012,0.641319153029441
183,2013,0.645977559871125
183,2014,0.61824398240508
183,2015,0.645396612485838
183,2016,0.673173524545512
183,2017,0.663833418310946
183,2018,0.664495028357948
183,2019,0.668983440702949
184,2001,0.769565017589935
184,2002,0.75244497464385
184,2003,0.744779370488459
184,2004,0.733511650440742
184,2005,0.725568190868829
184,2006,0.712648943365878
184,2007,0.69274414963658
184,2008,0.679576683816313
184,2009,0.649083280597975
184,2010,0.640907623470051
184,2011,0.67881721420813
184,2012,0.675467916267064
184,2013,0.671181608355185
184,2014,0.661989696537947
184,2015,0.656277422674527
184,2016,0.651980364185203
184,2017,0.653023536476117
184,2018,0.655651590103013
184,2019,0.655980012612594
185,2001,0.778679134010784
185,2002,0.767506975424324
185,2003,0.757858971798744
185,2004,0.750366794803125
185,2005,0.747687872629838
185,2006,0.738987695391176
185,2007,0.72962090901525
185,2008,0.722420355658913
185,2009,0.717375867064617
185,2010,0.711548562668442
185,2011,0.707368700245642
185,2012,0.702065313173347
185,2013,0.69379176984035
185,2014,0.686471515658373
185,2015,0.6818934872948
185,2016,0.678863758632447
185,2017,0.677617554545385
185,2018,0.677686391979874
185,2019,0.679300912697226
186,2001,0.824326485050287
186,2002,0.829154957759766
186,2003,0.831900895304428
186,2004,0.826889874463558
186,2005,0.824124278886031
186,2006,0.814500768661983
186,2007,0.801402611808798
186,2008,0.792761291863276
186,2009,0.791261522759212
186,2010,0.783394321464611
186,2011,0.777691413724576
186,2012,0.774855485848579
186,2013,0.772376299928435
186,2014,0.764211515347891
186,2015,0.758080440957782
186,2016,0.754359450869596
186,2017,0.756860060394648
186,2018,0.740095830663983
186,2019,0.732166927968713
187,2001,0.896566876916919
187,2002,0.921258125918347
187,2003,0.930213307208048
187,2004,0.925860038997486
187,2005,0.929779897326798
187,2006,0.923981599763832
187,2007,0.912341594809878
187,2008,0.907277621969139
187,2009,0.911578225209073
187,2010,0.902861966886393
187,2011,0.896744734353501
187,2012,0.893768374270626
187,2013,0.891419970906015
187,2014,0.879277444460021
187,2015,0.86977554192615
187,2016,0.86133251725116
187,2017,0.840547168147498
187,2018,0.814435706274994
187,2019,0.787221935709212
188,2001,0.770799229309128
188,2002,0.772639871033895
188,2003,0.763404255145474
188,2004,0.754307434178502
188,2005,0.747777241847082
188,2006,0.743358502073514
188,2007,0.737200405000471
188,2008,0.731754199658191
188,2009,0.733816818239163
188,2010,0.726561033598604
188,2011,0.722382106689719
188,2012,0.719042597776456
188,2013,0.708238448992221
188,2014,0.706872817616547
188,2015,0.702401740933801
188,2016,0.699152918827011
188,2017,0.692172307680317
188,2018,0.696907770202609
188,2019,0.690370237002842
189,2001,0.857360446591018
189,2002,0.888363630257609
189,2003,0.892525842726378
189,2004,0.85346145206254
189,2005,0.916960237502972
189,2006,0.91661997337355
189,2007,0.911034366033646
189,2008,0.998668308623405
189,2009,0.99867222677285
189,2010,0.998663882430891
189,2011,0.997337715188556
189,2012,0.954693458653601
189,2013,0.933978128583907
189,2014,0.964470135577884
189,2015,0.990579794700474
189,2016,0.973968662585744
189,2017,0.881624819035958
189,2018,0.854024354238482
189,2019,0.846421885123382
190,2001,1
190,2002,1
190,2003,1
190,2004,1
190,2005,1
190,2006,1
190,2007,1
190,2008,1
190,2009,1
190,2010,1
190,2011,1
190,2012,1
190,2013,1
190,2014,1
190,2015,1
190,2016,1
190,2017,1
190,2018,1
190,2019,1
191,2001,0.927506618922555
191,2002,0.918012921123222
191,2003,0.908578652497129
191,2004,0.899767275935805
191,2005,0.892478615982888
191,2006,0.886196024409615
191,2007,0.88072811581163
191,2008,0.875977706882908
191,2009,0.8717289068307
191,2010,0.867889319065265
191,2011,0.883193169721135
191,2012,0.87156887043058
191,2013,0.871160494661576
191,2014,0.872065483725713
191,2015,0.87333876522066
191,2016,0.875521997302185
191,2017,0.872377198599022
191,2018,0.870380220410931
191,2019,0.878118906666156
192,2001,0.991763887223799
192,2002,0.991215757381101
192,2003,0.990239970733771
192,2004,0.990351033582242
192,2005,0.992332015420206
192,2006,0.993245876685689
192,2007,0.994142627316401
192,2008,0.995088746459119
192,2009,0.996561740230371
192,2010,0.998126643918324
192,2011,1
192,2012,1
192,2013,1
192,2014,1
192,2015,1
192,2016,1
192,2017,1
192,2018,1
192,2019,1
193,2001,0.961189610870613
193,2002,0.964319347507636
193,2003,0.96795489188462
193,2004,0.970670403901967
193,2005,0.973442618421183
193,2006,0.971397705088796
193,2007,0.969841484526702
193,2008,0.966712922009408
193,2009,0.964513469879374
193,2010,0.961913363446878
193,2011,0.938437528107133
193,2012,0.93554645975465
193,2013,0.933277677586594
193,2014,0.931327408177757
193,2015,0.930009753498497
193,2016,0.927618704813521
193,2017,0.924329000188237
193,2018,0.921037547337715
193,2019,0.917289448842298
194,2001,0.9842314482239
194,2002,0.985543205281161
194,2003,0.987769329420728
194,2004,0.990333433650662
194,2005,0.992866548212568
194,2006,0.995583599041061
194,2007,0.998398816804512
194,2008,1
194,2009,0.988053693065455
194,2010,0.990508735097604
194,2011,0.993180314738471
194,2012,0.995367788526662
194,2013,0.996911859017775
194,2014,0.998935123799233
194,2015,1
194,2016,1
194,2017,1
194,2018,1
194,2019,0.999538709321935
195,2001,0.956625241654949
195,2002,0.953964010507861
195,2003,0.955484380398522
195,2004,0.955015424510521
195,2005,0.957835303115306
195,2006,0.961664020051645
195,2007,0.964455416028196
195,2008,0.965497005773899
195,2009,0.967167066910119
195,2010,0.966891099019375
195,2011,0.966082714676276
195,2012,0.966083325569693
195,2013,0.949540013199959
195,2014,0.925880536022047
195,2015,0.904666965997189
195,2016,0.896374236016603
195,2017,0.88645745766802
195,2018,0.87676601904808
195,2019,0.867552058687966
196,2001,0.986151929685232
196,2002,0.987303925393068
196,2003,0.989258925703296
196,2004,0.990849940494193
196,2005,0.993609748779277
196,2006,0.996117671636256
196,2007,0.998592446883064
196,2008,1
196,2009,1
196,2010,1
196,2011,1
196,2012,1
196,2013,1
196,2014,0.996586019676469
196,2015,0.9811617727273
196,2016,0.971164896016885
196,2017,0.963057965808008
196,2018,0.956674890250295
196,2019,0.95048230657119
197,2001,0.961859330848047
197,2002,0.963244405802022
197,2003,0.966517478705578
197,2004,0.968659852861696
197,2005,0.970783641001225
197,2006,0.972941573255323
197,2007,0.974902683494831
197,2008,0.975378999364657
197,2009,0.975323749860091
197,2010,0.973971650625428
197,2011,0.967943663088958
197,2012,0.962073835453439
197,2013,0.958220862713115
197,2014,0.95667632437153
197,2015,0.951062958426221
197,2016,0.947940254509197
197,2017,0.929377072490811
197,2018,0.922886439248123
197,2019,0.91555077708288
198,2001,0.937317187553978
198,2002,0.932330211590662
198,2003,0.925375371437641
198,2004,0.916126219468732
198,2005,0.906673732694112
198,2006,0.897372174821993
198,2007,0.890496128149076
198,2008,0.885692630365778
198,2009,0.883102756777485
198,2010,0.882716875315487
198,2011,0.88232024654145
198,2012,0.881255155594391
198,2013,0.879839715929823
198,2014,0.884390648963422
198,2015,0.883622580404625
198,2016,0.879976858345196
198,2017,0.876905895392285
198,2018,0.874938426597205
198,2019,0.873760006753699
199,2001,0.910546131731735
199,2002,0.899378915238542
199,2003,0.891578413319448
199,2004,0.886580972889192
199,2005,0.884911301141145
199,2006,0.884535490744888
199,2007,0.885079808570239
199,2008,0.884542410829267
199,2009,0.883606098176766
199,2010,0.884476079700485
199,2011,0.879436366349017
199,2012,0.859806566834357
199,2013,0.840063351597407
199,2014,0.823130701782894
199,2015,0.811080023690777
199,2016,0.859614957756967
199,2017,0.848135764147409
199,2018,0.835676701209463
199,2019,0.826507629296785
200,2001,0.82384932554997
200,2002,0.812675118340383
200,2003,0.805580937618278
200,2004,0.804275929689776
200,2005,0.801034855179525
200,2006,0.798739892908143
200,2007,0.797878686914404
200,2008,0.791939515713697
200,2009,0.790947802327102
200,2010,0.788288247950676
200,2011,0.782890369515284
200,2012,0.778480143546629
200,2013,0.763157484855319
200,2014,0.726439831129548
200,2015,0.709788570730714
200,2016,0.701735154346587
200,2017,0.692910127237288
200,2018,0.687139912767218
200,2019,0.680259343510856
202,2001,1
202,2002,1
202,2003,1
202,2004,1
202,2005,0.958503987484554
202,2006,0.9559761459512
202,2007,0.953626295153876
202,2008,0.938510795465721
202,2009,0.933776183163014
202,2010,0.95596762122203
202,2011,0.972982617835971
202,2012,0.969836075372249
202,2013,0.965779181934604
202,2014,0.960376974292882
202,2015,0.961516288864181
202,2016,0.964532750468603
202,2017,0.955935988602705
202,2018,0.960573416754277
202,2019,0.963109430729401
203,2001,1
203,2002,1
203,2003,1
203,2004,0.984770635946006
203,2005,1
203,2006,1
203,2007,0.972650628976653
203,2008,0.955456251860193
203,2009,0.969452243095504
203,2010,0.994993337422616
203,2011,0.998781153006669
203,2012,0.992359855542779
203,2013,0.987149536157646
203,2014,0.974961500547233
203,2015,0.968050020018358
203,2016,0.966978701229074
203,2017,0.952785494219336
203,2018,0.957114082187211
203,2019,0.957236356826947
204,2001,1
204,2002,1
204,2003,1
204,2004,1
204,2005,1
204,2006,1
204,2007,1
204,2008,1
204,2009,1
204,2010,1
204,2011,1
204,2012,1
204,2013,1
204,2014,1
204,2015,1
204,2016,1
204,2017,1
204,2018,0.999558711390075
204,2019,0.997981898001663
205,2001,1
205,2002,1
205,2003,1
205,2004,0.975506524881054
205,2005,1
205,2006,1
205,2007,0.9562086353934
205,2008,0.945186610422615
205,2009,0.96416050059912
205,2010,0.97916044884739
205,2011,0.971368945032043
205,2012,0.956705592717943
205,2013,0.959616766307074
205,2014,0.954488957209119
205,2015,0.953698031480494
205,2016,0.958285696905245
205,2017,0.943620459462517
205,2018,0.951562997174254
205,2019,0.946598303421263
206,2001,0.927439213103195
206,2002,0.922002303479452
206,2003,0.915412196538379
206,2004,0.90805390350655
206,2005,0.913791865081259
206,2006,0.907028740954285
206,2007,0.899431915335391
206,2008,0.891887761233798
206,2009,0.885378741296728
206,2010,0.879945232170084
206,2011,0.876081341596394
206,2012,0.874356245402662
206,2013,0.873684905108655
206,2014,0.87355020835571
206,2015,0.872902378681996
206,2016,0.872134489091473
206,2017,0.871630953331616
206,2018,0.87106368990054
206,2019,0.867982610433971
207,2001,1
207,2002,1
207,2003,0.999723595842103
207,2004,0.997337867764228
207,2005,0.997154910057038
207,2006,0.997470448470462
207,2007,0.994893995970756
207,2008,0.992752040137748
207,2009,0.989903430776152
207,2010,0.980396700441982
207,2011,0.978821844861912
207,2012,0.982430617432131
207,2013,0.973432544015278
207,2014,0.964019510246171
207,2015,0.946434929655371
207,2016,0.918521766969419
207,2017,0.891188229301955
207,2018,0.861179305370796
207,2019,0.838180021173861
208,2001,1
208,2002,1
208,2003,1
208,2004,1
208,2005,1
208,2006,1
208,2007,0.997820582790868
208,2008,0.992100660772503
208,2009,0.988260610735677
208,2010,0.985792804421389
208,2011,0.981914194457077
208,2012,0.976671572077434
208,2013,0.968428156076079
208,2014,0.956136232328073
208,2015,0.943200425175071
208,2016,0.933170606386695
208,2017,0.925116429125581
208,2018,0.920725755755441
208,2019,0.920125976937585
209,2001,0.843470857789701
209,2002,0.826809183769733
209,2003,0.820849369447616
209,2004,0.813104200693792
209,2005,0.804167439029441
209,2006,0.798841794671465
209,2007,0.804016150260347
209,2008,0.80264215015268
209,2009,0.791834781582403
209,2010,0.797742189851437
209,2011,0.791946894685196
209,2012,0.790843517049814
209,2013,0.785502878046896
209,2014,0.788312415901194
209,2015,0.78871926829843
209,2016,0.783379608678933
209,2017,0.787644750151814
209,2018,0.788935355469486
209,2019,0.792215175960471
210,2001,0.669790178642439
210,2002,0.64803741277351
210,2003,0.63698199599531
210,2004,0.630511067714095
210,2005,0.630626767016076
210,2006,0.628276901927898
210,2007,0.617049770980301
210,2008,0.615081715924675
210,2009,0.60792545380941
210,2010,0.617801620032085
210,2011,0.624763060412201
210,2012,0.628958939699416
210,2013,0.63408697939187
210,2014,0.66318238905149
210,2015,0.694203120494874
210,2016,0.720091745731883
210,2017,0.752511982993728
210,2018,0.790249409913169
210,2019,0.793936667709209
212,2001,1
212,2002,1
212,2003,1
212,2004,1
212,2005,1
212,2006,1
212,2007,1
212,2008,1
212,2009,1
212,2010,1
212,2011,1
212,2012,1
212,2013,1
212,2014,1
212,2015,1
212,2016,1
212,2017,1
212,2018,1
212,2019,1
214,2001,0.940492434070656
214,2002,0.937912317680636
214,2003,0.90395782913386
214,2004,0.894559641966531
214,2005,0.884543607892547
214,2006,0.874556171586381
214,2007,0.877567302994531
214,2008,0.871123084347955
214,2009,0.865459330843885
214,2010,0.855813260584437
214,2011,0.838303911596641
214,2012,0.829538954611455
214,2013,0.79651928808431
214,2014,0.785648160356439
214,2015,0.788295584252152
214,2016,0.784694874711201
214,2017,0.791457588178583
214,2018,0.798898925409721
214,2019,0.795189768413698
215,2001,1
215,2002,1
215,2003,1
215,2004,1
215,2005,1
215,2006,1
215,2007,1
215,2008,1
215,2009,1
215,2010,1
215,2011,0.999150107984984
215,2012,0.993157865668043
215,2013,0.989266204915295
215,2014,0.987851829771191
215,2015,0.989280106890074
215,2016,0.994368161963429
215,2017,1
215,2018,1
215,2019,0.98436410140316
216,2001,0.983988464738518
216,2002,0.980441870237882
216,2003,0.975638315651076
216,2004,0.969763087864781
216,2005,0.963118213412085
216,2006,0.956751977796066
216,2007,0.950263689314765
216,2008,0.943278670704744
216,2009,0.937058375134726
216,2010,0.934421722911165
216,2011,0.931034515134264
216,2012,0.930057992281245
216,2013,0.928078251713635
216,2014,0.926795280327897
216,2015,0.926092960530389
216,2016,0.925818923672968
216,2017,0.926095560525244
216,2018,0.927273397192637
216,2019,0.929218618095581
218,2001,0.702294753709555
218,2002,0.693924863796887
218,2003,0.672121686872134
218,2004,0.69793938469318
218,2005,0.698887935799499
218,2006,0.677115228214818
218,2007,0.659347299220906
218,2008,0.67794084975751
218,2009,0.655714437070546
218,2010,0.646599921735405
218,2011,0.612063673480816
218,2012,0.599325091478494
218,2013,0.590960489379308
218,2014,0.596139315119617
218,2015,0.577114626603687
218,2016,0.518916528534673
218,2017,0.480398154059649
218,2018,0.464735596212371
218,2019,0.464560148640458
219,2001,0.649381183639453
219,2002,0.634739134183129
219,2003,0.643963922878606
219,2004,0.646566442134052
219,2005,0.63585502502652
219,2006,0.645590239145874
219,2007,0.64536848486923
219,2008,0.646075991991524
219,2009,0.645787691469308
219,2010,0.648920092719476
219,2011,0.697482553688443
219,2012,0.700897229438439
219,2013,0.702314981216049
219,2014,0.720574587651574
219,2015,0.72345639154194
219,2016,0.72755244782479
219,2017,0.734049997628338
219,2018,0.763930724915368
219,2019,0.76904853975784
220,2001,0.923195348802052
220,2002,0.918685538051919
220,2003,0.915115213939472
220,2004,0.91225302119071
220,2005,0.910265373389258
220,2006,0.908254640999444
220,2007,0.906315820885092
220,2008,0.904871457631888
220,2009,0.903703316492037
220,2010,0.902273465531473
220,2011,0.896008137739763
220,2012,0.8888394948957
220,2013,0.884586920280985
220,2014,0.887834584425123
220,2015,0.892981490021911
220,2016,0.898978873435578
220,2017,0.9003152315056
220,2018,0.901012795395866
220,2019,0.90178094992452
221,2001,0.867965633691205
221,2002,0.866982346511763
221,2003,0.866127832128591
221,2004,0.86446335554303
221,2005,0.862098347298946
221,2006,0.859909197766716
221,2007,0.85935661427531
221,2008,0.857117666533561
221,2009,0.854217314628976
221,2010,0.853127823228984
221,2011,0.853701698747671
221,2012,0.850753844661381
221,2013,0.846687737040882
221,2014,0.846526806066344
221,2015,0.846951358991644
221,2016,0.848057282540509
221,2017,0.847877654961331
221,2018,0.847723743946858
221,2019,0.847652296384088
222,2001,0.933279053436391
222,2002,0.943028071437317
222,2003,0.94260983228607
222,2004,0.927942572062124
222,2005,0.951600816177978
222,2006,0.951261404915215
222,2007,0.949569117503422
222,2008,0.980478313884205
222,2009,0.980104390045574
222,2010,0.980085687222738
222,2011,0.980002100541387
222,2012,0.964229581924386
222,2013,0.957091232223002
222,2014,0.970011847097724
222,2015,0.980931206174777
222,2016,0.973408033320619
222,2017,0.938742786980022
222,2018,0.927918949321182
222,2019,0.9244087145469
223,2001,0.77552028684541
223,2002,0.828005416326399
223,2003,0.850466985890916
223,2004,0.877130176967997
223,2005,0.84057684688993
223,2006,0.838892151208937
223,2007,0.919139167967681
223,2008,0.936335228594116
223,2009,0.938561415005987
223,2010,0.938650334361657
223,2011,0.939813001272314
223,2012,0.940077592528539
223,2013,0.940231919390667
223,2014,0.94367685912409
223,2015,0.940166920815877
223,2016,0.941551937857443
223,2017,0.941557084616384
223,2018,0.94473471901339
223,2019,0.942544803648521
224,2001,0.917281732621576
224,2002,0.912253204124356
224,2003,0.896605412312162
224,2004,0.889805182756077
224,2005,0.888532284342596
224,2006,0.885539059909098
224,2007,0.830362551582438
224,2008,0.815675047230921
224,2009,0.808326475655577
224,2010,0.774782352310826
224,2011,0.728667297220675
224,2012,0.701713237345777
224,2013,0.682161860030118
224,2014,0.684495282162546
224,2015,0.757561522354114
224,2016,0.742250682227736
224,2017,0.845096198915103
224,2018,0.857124963298753
224,2019,0.865888166464899
227,2001,0.952373409384207
227,2002,0.951346591327515
227,2003,0.950121152033609
227,2004,0.948530497816897
227,2005,0.946430281592273
227,2006,0.945855037676824
227,2007,0.945142699916703
227,2008,0.944102076990878
227,2009,0.935992185050627
227,2010,0.936244040735379
227,2011,0.939788098484337
227,2012,0.939397060698256
227,2013,0.93771371710177
227,2014,0.937071367209382
227,2015,0.931832905257135
227,2016,0.930459497755884
227,2017,0.928737658763355
227,2018,0.928189826620588
227,2019,0.921489279299383
228,2001,0.952373409384207
228,2002,0.951346591327515
228,2003,0.950121152033609
228,2004,0.948530497816897
228,2005,0.946430281592273
228,2006,0.945855037676824
228,2007,0.945142699916703
228,2008,0.944102076990878
228,2009,0.935992185050627
228,2010,0.936244040735379
228,2011,0.939788098484337
228,2012,0.939397060698256
228,2013,0.93771371710177
228,2014,0.937071367209382
228,2015,0.931832905257135
228,2016,0.930459497755884
228,2017,0.928737658763355
228,2018,0.928189826620588
228,2019,0.921489279299383
231,2001,0.99106209221949
231,2002,0.993248086579658
231,2003,0.994831537953934
231,2004,0.996613381861397
231,2005,0.994924495107019
231,2006,0.991364740948001
231,2007,0.984570278447216
231,2008,0.973027628660548
231,2009,0.960109076985
231,2010,0.948691341007273
231,2011,0.937629017534855
231,2012,0.927926665228829
231,2013,0.918770751738005
231,2014,0.90925252287857
231,2015,0.902300307328575
231,2016,0.897279013099799
231,2017,0.893576974827692
231,2018,0.893008347479594
231,2019,0.895300113435825
232,2001,0.744902045990788
232,2002,0.740494335183636
232,2003,0.747259614270523
232,2004,0.742709864914999
232,2005,0.745020350911939
232,2006,0.737693337536798
232,2007,0.724909903424717
232,2008,0.718374056943066
232,2009,0.720065583410237
232,2010,0.711423229690673
232,2011,0.706045535534277
232,2012,0.704068215201812
232,2013,0.70639792209563
232,2014,0.702880475630768
232,2015,0.702351455634365
232,2016,0.700593159573786
232,2017,0.702141221858667
232,2018,0.702655009296218
232,2019,0.704536107431942
237,2001,0.923337430876465
237,2002,0.86036746682891
237,2003,0.801636043689468
237,2004,0.75975989404857
237,2005,0.734361600151296
237,2006,0.717345896254743
237,2007,0.707170051445742
237,2008,0.705211623712518
237,2009,0.707076975210926
237,2010,0.707424607727041
237,2011,0.706961416497292
237,2012,0.706709188952008
237,2013,0.706039284435492
237,2014,0.70558828263361
237,2015,0.707533176505746
237,2016,0.71163895947855
237,2017,0.715517386032536
237,2018,0.721934212556885
237,2019,0.729458351992854
244,2001,0.95319819239643
244,2002,0.94459587185934
244,2003,0.943777082474315
244,2004,0.939629512333468
244,2005,0.930682478071313
244,2006,0.928381330651591
244,2007,0.924495225542364
244,2008,0.919370041671422
244,2009,0.913228248810085
244,2010,0.90482877934905
244,2011,0.89760522965493
244,2012,0.890115049995692
244,2013,0.885174392953648
244,2014,0.888280172339712
244,2015,0.880766709171519
244,2016,0.876346937424084
244,2017,0.877268035938012
244,2018,0.87856834318153
244,2019,0.878901795603459
245,2001,0.960954702370206
245,2002,0.953996849253892
245,2003,0.953993064113708
245,2004,0.950675502224967
245,2005,0.94337946268558
245,2006,0.941512060354942
245,2007,0.938411615186009
245,2008,0.934034139198785
245,2009,0.929074538659654
245,2010,0.9218644681469
245,2011,0.915513491565195
245,2012,0.908820004614815
245,2013,0.904393788219716
245,2014,0.906718987537699
245,2015,0.898272914835595
245,2016,0.893929494618626
245,2017,0.894653090474717
245,2018,0.895674584830453
245,2019,0.895936538125419
247,2001,0.956766736378413
247,2002,0.952268731526113
247,2003,0.94551966294981
247,2004,0.938696090900279
247,2005,0.92537188188504
247,2006,0.907498077802824
247,2007,0.884666517018648
247,2008,0.858286087648932
247,2009,0.828650265353039
247,2010,0.802179094423489
247,2011,0.781497230657825
247,2012,0.768302215672373
247,2013,0.760622188110252
247,2014,0.757873352986173
247,2015,0.76093796788074
247,2016,0.764111356327825
247,2017,0.877012018068286
247,2018,0.879215706751354
247,2019,0.876699751592536
248,2001,0.963912652705525
248,2002,0.961793678083104
248,2003,0.960116129598863
248,2004,0.95877130292317
248,2005,0.957837388955835
248,2006,0.956892628489695
248,2007,0.955981656644672
248,2008,0.955303009746017
248,2009,0.954754148259828
248,2010,0.954082320090721
248,2011,0.951145787881494
248,2012,0.947785581223649
248,2013,0.945792011267046
248,2014,0.947313394596184
248,2015,0.949725337525597
248,2016,0.952535502451502
248,2017,0.953162226446998
248,2018,0.953489983034334
248,2019,0.953850907259872
249,2001,0.963912652705525
249,2002,0.961793678083104
249,2003,0.960116129598863
249,2004,0.95877130292317
249,2005,0.957837388955835
249,2006,0.956892628489695
249,2007,0.955981656644672
249,2008,0.955303009746017
249,2009,0.954754148259828
249,2010,0.954082320090721
249,2011,0.951145787881494
249,2012,0.947785581223649
249,2013,0.945792011267046
249,2014,0.947313394596184
249,2015,0.949725337525597
249,2016,0.952535502451502
249,2017,0.953162226446998
249,2018,0.953489983034334
249,2019,0.953850907259872
250,2001,1
250,2002,1
250,2003,1
250,2004,1
250,2005,1
250,2006,1
250,2007,1
250,2008,1
250,2009,1
250,2010,1
250,2011,1
250,2012,1
250,2013,1
250,2014,1
250,2015,1
250,2016,1
250,2017,1
250,2018,1
250,2019,1
