"rgn_id","year","pressure_score"
1,2000,0.397792846417079
1,2001,0.397792846417079
1,2002,0.397792846417079
1,2003,0.396133031109008
1,2004,0.395965639875655
1,2005,0.395797989157823
1,2006,0.386335704537397
1,2007,0.386335704537397
1,2008,0.390291155759624
1,2009,0.391519964060676
1,2010,0.391519964060676
1,2011,0.390291155759624
1,2012,0.390291155759624
1,2013,0.390291155759624
1,2014,0.390291155759624
1,2015,0.390291155759624
1,2016,0.390291155759624
1,2017,0.390291155759624
1,2018,0.390291155759624
1,2019,0.390291155759624
1,2020,0.390291155759624
1,2021,0.390291155759624
1,2022,0.38976021933135
1,2023,0.38976021933135
2,2000,0.319027187490349
2,2001,0.163658212695006
2,2002,0.157599901323964
2,2003,0.151559153596184
2,2004,0.144359025957826
2,2005,0.13707647621301
2,2006,0.13707647621301
2,2007,0.264644095780227
2,2008,0.258448655317249
2,2009,0.258448655317249
2,2010,0.258448655317249
2,2011,0.258448655317249
2,2012,0.264842419091099
2,2013,0.265959433008802
2,2014,0.267065027834433
2,2015,0.267065027834433
2,2016,0.303750525564133
2,2017,0.303750525564133
2,2018,0.303750525564133
2,2019,0.303750525564133
2,2020,0.303750525564133
2,2021,0.303750525564133
2,2022,0.277069671837381
2,2023,0.277069671837381
3,2000,0.412266207827643
3,2001,0.411481203619096
3,2002,0.410747133632051
3,2003,0.410008047066343
3,2004,0.409321301047431
3,2005,0.408572371933239
3,2006,0.408572371933239
3,2007,0.407117381748345
3,2008,0.424657576791379
3,2009,0.425303313290332
3,2010,0.425994436905899
3,2011,0.426681171986066
3,2012,0.427314973454922
3,2013,0.427993400416753
3,2014,0.428667598113076
3,2015,0.428667598113076
3,2016,0.428667598113076
3,2017,0.428667598113076
3,2018,0.403845785858266
3,2019,0.403845785858266
3,2020,0.403845785858266
3,2021,0.403845785858266
3,2022,0.427606249138157
3,2023,0.427606249138157
4,2000,0.153887187752566
4,2001,0.095051816570291
4,2002,0.118120390806414
4,2003,0.115563808494081
4,2004,0.107819356420374
4,2005,0.108127703926364
4,2006,0.108127703926364
4,2007,0.113825215403408
4,2008,0.120343257364352
4,2009,0.139912682122599
4,2010,0.140826809957408
4,2011,0.140826809957408
4,2012,0.0291620882252986
4,2013,0
4,2014,0
4,2015,0
4,2016,0
4,2017,0
4,2018,0
4,2019,0
4,2020,0
4,2021,0
4,2022,0
4,2023,0
5,2000,0.264452415417661
5,2001,0.26607718979372
5,2002,0.267513664021082
5,2003,0.268905912105759
5,2004,0.270252131685926
5,2005,0.271551969491145
5,2006,0.272807791332013
5,2007,0.274024526937423
5,2008,0.275309327151881
5,2009,0.276461118332236
5,2010,0.28687222529051
5,2011,0.288423832263517
5,2012,0.289941102771629
5,2013,0.291424013844431
5,2014,0.292872546580677
5,2015,0.294285940545259
5,2016,0.295668248198411
5,2017,0.297024044318863
5,2018,0.298351948946596
5,2019,0.299650650498595
5,2020,0.300920298765554
5,2021,0.302172102257567
5,2022,0.303393512580845
5,2023,0.304591138126162
6,2000,0.300357095575398
6,2001,0.302185682334495
6,2002,0.30389323763742
6,2003,0.305555376049624
6,2004,0.3071747658476
6,2005,0.308741041633691
6,2006,0.310274701433543
6,2007,0.311780173495643
6,2008,0.313440614386278
6,2009,0.314888440179991
6,2010,0.319690983470291
6,2011,0.317681157197814
6,2012,0.331206818248382
6,2013,0.333362490378764
6,2014,0.335461331047002
6,2015,0.337503508956561
6,2016,0.33949330118763
6,2017,0.34143579507734
6,2018,0.343332142466291
6,2019,0.345178127906664
6,2020,0.346974349986918
6,2021,0.348588829722542
6,2022,0.350300391866801
6,2023,0.351974992724843
7,2000,0.306297277170002
7,2001,0.309205629523493
7,2002,0.31220718935889
7,2003,0.31514014427725
7,2004,0.317999567763204
7,2005,0.320783617190202
7,2006,0.323495748000031
7,2007,0.326141344544208
7,2008,0.328736698129259
7,2009,0.331239728651767
7,2010,0.330872506322818
7,2011,0.327053590321969
7,2012,0.329312639185397
7,2013,0.331522357295829
7,2014,0.333681906425448
7,2015,0.335790878939442
7,2016,0.337855277830586
7,2017,0.339880049088758
7,2018,0.341865725794313
7,2019,0.34381082426038
7,2020,0.345714895357321
7,2021,0.346544580479375
7,2022,0.348346871454333
7,2023,0.350116130661892
8,2000,0.394886444203802
8,2001,0.396633946460528
8,2002,0.398342793254043
8,2003,0.400041107817122
8,2004,0.401607767758409
8,2005,0.403126065247191
8,2006,0.40453100892319
8,2007,0.405897667573605
8,2008,0.407162160737294
8,2009,0.405664316175934
8,2010,0.406084998581163
8,2011,0.406473812396754
8,2012,0.406856210824427
8,2013,0.407237261925324
8,2014,0.407626949632762
8,2015,0.408020207271729
8,2016,0.408426891904156
8,2017,0.408836984610637
8,2018,0.409260265939309
8,2019,0.40967211034277
8,2020,0.410087267303496
8,2021,0.409735708258452
8,2022,0.410136004690244
8,2023,0.410544533939293
9,2000,0.552268163455667
9,2001,0.552288349332873
9,2002,0.546739923956779
9,2003,0.529945960664858
9,2004,0.52995985656785
9,2005,0.529910220142244
9,2006,0.529809885022066
9,2007,0.529667667001651
9,2008,0.529471437484309
9,2009,0.529240886505445
9,2010,0.528960770246821
9,2011,0.528641755819941
9,2012,0.528290556007513
9,2013,0.527903824795995
9,2014,0.527475090641882
9,2015,0.527001817690216
9,2016,0.526493675113551
9,2017,0.525956358901308
9,2018,0.525385302827503
9,2019,0.524776860517064
9,2020,0.524128319984224
9,2021,0.523328230712535
9,2022,0.522623131211039
9,2023,0.521887741646947
10,2000,0.676912625237176
10,2001,0.679095780810592
10,2002,0.68099906943823
10,2003,0.683059016523401
10,2004,0.685156483793202
10,2005,0.687288584796196
10,2006,0.689322603936999
10,2007,0.691263224197639
10,2008,0.693169635350272
10,2009,0.695104656656862
10,2010,0.650425151199993
10,2011,0.651063569239559
10,2012,0.651709745831482
10,2013,0.652352084557615
10,2014,0.652967890318078
10,2015,0.653557592753048
10,2016,0.654132848199505
10,2017,0.654693869227455
10,2018,0.65526312819921
10,2019,0.655796177963548
10,2020,0.66892426999077
10,2021,0.656128004806316
10,2022,0.656579861236143
10,2023,0.657029837639313
11,2000,0.590795166412832
11,2001,0.595046266655154
11,2002,0.568128138610588
11,2003,0.570584121296231
11,2004,0.573063896386918
11,2005,0.575540938392622
11,2006,0.577953605754202
11,2007,0.580442559473373
11,2008,0.58278013033112
11,2009,0.585053226663148
11,2010,0.587261545989189
11,2011,0.589403236279195
11,2012,0.591464028286274
11,2013,0.593438425992528
11,2014,0.595330394792529
11,2015,0.597151046859444
11,2016,0.598901924052803
11,2017,0.600597449906452
11,2018,0.602238337318718
11,2019,0.603830856886076
11,2020,0.605371229955362
11,2021,0.606627845216091
11,2022,0.608087365717468
11,2023,0.609507488630251
12,2000,0
12,2001,0
12,2002,0
12,2003,0
12,2004,0
12,2005,0
12,2006,0
12,2007,0
12,2008,0
12,2009,0
12,2010,0
12,2011,0
12,2012,0
12,2013,0
12,2014,0
12,2015,0
12,2016,0
12,2017,0
12,2018,0
12,2019,0
12,2020,0
12,2021,0
12,2022,0
12,2023,0
13,2000,0.579962601145421
13,2001,0.582613332790912
13,2002,0.585333217820558
13,2003,0.586061937544035
13,2004,0.58811645787924
13,2005,0.590118399867863
13,2006,0.592069936853652
13,2007,0.593975194041287
13,2008,0.595833926476826
13,2009,0.581564007421905
13,2010,0.581139905698702
13,2011,0.58129303683748
13,2012,0.57248187500933
13,2013,0.572603514560145
13,2014,0.573078580991199
13,2015,0.57390847673112
13,2016,0.574948792752923
13,2017,0.576634422844413
13,2018,0.576888463431241
13,2019,0.576753440996612
13,2020,0.57698571208122
13,2021,0.577044312246607
13,2022,0.577093609455506
13,2023,0.577124835664068
14,2000,0.702884741166141
14,2001,0.703733896411124
14,2002,0.7042532024935
14,2003,0.704959187442851
14,2004,0.705658385103047
14,2005,0.706351829938616
14,2006,0.70704395498673
14,2007,0.706210154890829
14,2008,0.706526859541458
14,2009,0.70679076092469
14,2010,0.707019157581903
14,2011,0.707238522654722
14,2012,0.707715598921114
14,2013,0.707860889166666
14,2014,0.708085624615346
14,2015,0.708340557277746
14,2016,0.708569294192188
14,2017,0.708767098212253
14,2018,0.708894050557518
14,2019,0.709037646562185
14,2020,0.709153599716045
14,2021,0.709011133083895
14,2022,0.709050703535894
14,2023,0.709086286466202
15,2000,0.612298427730315
15,2001,0.614334881538843
15,2002,0.613839740594105
15,2003,0.615933051009155
15,2004,0.617975117714189
15,2005,0.62019535076713
15,2006,0.622154636515308
15,2007,0.624026107180052
15,2008,0.629784930741501
15,2009,0.631957694022775
15,2010,0.634211796648377
15,2011,0.636266682854058
15,2012,0.638313635757554
15,2013,0.640373752564595
15,2014,0.642414743333064
15,2015,0.635552207907124
15,2016,0.63732665848173
15,2017,0.639091010726328
15,2018,0.640836872712051
15,2019,0.64249760476756
15,2020,0.644137375235183
15,2021,0.645872067624082
15,2022,0.649489299837946
15,2023,0.651206574147589
16,2000,0.288820064670591
16,2001,0.308394604380733
16,2002,0.308895568207181
16,2003,0.311693464965299
16,2004,0.315954583119755
16,2005,0.316956386954554
16,2006,0.317855699184829
16,2007,0.318685687497126
16,2008,0.321529616831766
16,2009,0.322950183356193
16,2010,0.324137279292927
16,2011,0.325357788110495
16,2012,0.326765478225016
16,2013,0.328965500498239
16,2014,0.330096261563542
16,2015,0.331207050586912
16,2016,0.33230862915712
16,2017,0.3333878085132
16,2018,0.334436756096243
16,2019,0.342106252971284
16,2020,0.3437104058293
16,2021,0.345101542800992
16,2022,0.34676880661479
16,2023,0.348026336724787
17,2000,0.269823060139048
17,2001,0.272500959792247
17,2002,0.274790751354751
17,2003,0.273830887365094
17,2004,0.276981596642216
17,2005,0.280163216384841
17,2006,0.282396447505121
17,2007,0.284174227900953
17,2008,0.286890873929132
17,2009,0.287047158253376
17,2010,0.289094434760239
17,2011,0.291123727540776
17,2012,0.286593075076436
17,2013,0.288818258641168
17,2014,0.291901694092473
17,2015,0.293634813581624
17,2016,0.295390627337964
17,2017,0.301943489119852
17,2018,0.303589278418324
17,2019,0.305565340157075
17,2020,0.307310888642345
17,2021,0.309274227396797
17,2022,0.336017589025572
17,2023,0.338820350794922
18,2000,0.410379635557155
18,2001,0.41245932555032
18,2002,0.413951431477418
18,2003,0.414871153292042
18,2004,0.416940311034486
18,2005,0.418429802374583
18,2006,0.419335869823101
18,2007,0.420813594191228
18,2008,0.422309621215709
18,2009,0.425113947015054
18,2010,0.415774179242847
18,2011,0.41663377434592
18,2012,0.417461495531857
18,2013,0.418256247286061
18,2014,0.419015188593839
18,2015,0.419736116777279
18,2016,0.420422646347682
18,2017,0.421072982990648
18,2018,0.421685348314271
18,2019,0.422257972948862
18,2020,0.422789202714148
18,2021,0.423191785970782
18,2022,0.42366512138598
18,2023,0.424116710230548
19,2000,0.598985544337764
19,2001,0.600476096432768
19,2002,0.60199472910979
19,2003,0.603539991038065
19,2004,0.605054087967074
19,2005,0.606667701024858
19,2006,0.608239344924572
19,2007,0.609896358629054
19,2008,0.611537217915627
19,2009,0.613258132410341
19,2010,0.595285079842159
19,2011,0.59602311331683
19,2012,0.596786579855848
19,2013,0.597584978493928
19,2014,0.59842749262186
19,2015,0.599283320316995
19,2016,0.600181591001545
19,2017,0.601101707059852
19,2018,0.602014060973737
19,2019,0.602947532449218
19,2020,0.60388251572871
19,2021,0.604884806451238
19,2022,0.605784594714067
19,2023,0.606667701024858
20,2000,0.688115356172189
20,2001,0.689054739832171
20,2002,0.689047775994777
20,2003,0.689784058718998
20,2004,0.687877171263804
20,2005,0.689700200875102
20,2006,0.689915306144819
20,2007,0.690725369389147
20,2008,0.689245875743415
20,2009,0.689534827287339
20,2010,0.689809244933045
20,2011,0.690072869323798
20,2012,0.690420953434761
20,2013,0.690629684928873
20,2014,0.690801895041365
20,2015,0.69097865394402
20,2016,0.695006443390505
20,2017,0.695418732187154
20,2018,0.695948121255132
20,2019,0.696403974798716
20,2020,0.696995554115604
20,2021,0.696752490270702
20,2022,0.696871736607775
20,2023,0.697054046756505
21,2000,0.608025472620081
21,2001,0.609532958699885
21,2002,0.61178149458683
21,2003,0.612787361845207
21,2004,0.614034514868644
21,2005,0.610880547874364
21,2006,0.610292635621975
21,2007,0.611183892936856
21,2008,0.612005820657354
21,2009,0.608368323878051
21,2010,0.610250048820746
21,2011,0.61805295810264
21,2012,0.618694879842414
21,2013,0.619284223469996
21,2014,0.619837336779571
21,2015,0.620417566334094
21,2016,0.620991701005357
21,2017,0.613863363462766
21,2018,0.621137216230662
21,2019,0.621694328945698
21,2020,0.622240651931451
21,2021,0.623009910695574
21,2022,0.628611735502853
21,2023,0.629564034921991
24,2000,0.427831890131342
24,2001,0.426300575169807
24,2002,0.428122358807344
24,2003,0.429866431755824
24,2004,0.431651520470983
24,2005,0.43384248455802
24,2006,0.435647962495468
24,2007,0.437145482447882
24,2008,0.43899045833215
24,2009,0.442588161562768
24,2010,0.442275651941276
24,2011,0.436268240424768
24,2012,0.438168577263529
24,2013,0.439978852466023
24,2014,0.441737119982263
24,2015,0.44345858481937
24,2016,0.444155305490813
24,2017,0.445794733965437
24,2018,0.447383276524076
24,2019,0.448936859378761
24,2020,0.450617387899652
24,2021,0.45307892858496
24,2022,0.449259263819351
24,2023,0.450393889949463
25,2000,0.573123816509995
25,2001,0.577373040136088
25,2002,0.581590219757029
25,2003,0.582781565329691
25,2004,0.583562416754635
25,2005,0.582123485400621
25,2006,0.583140151391659
25,2007,0.582436070566876
25,2008,0.583198255926763
25,2009,0.584031493571685
25,2010,0.585953698114238
25,2011,0.585359565229089
25,2012,0.60172880828155
25,2013,0.602330442826277
25,2014,0.602804286425632
25,2015,0.603111560599934
25,2016,0.603467855666071
25,2017,0.603817496315494
25,2018,0.60888965382616
25,2019,0.609214337851824
25,2020,0.60946962637521
25,2021,0.61024952269587
25,2022,0.609937409468111
25,2023,0.609945290251392
26,2000,0.409464242739377
26,2001,0.411028636407401
26,2002,0.416240969081165
26,2003,0.417816308808259
26,2004,0.419154400289254
26,2005,0.420652194503996
26,2006,0.423710117001338
26,2007,0.425427154915443
26,2008,0.42710161340576
26,2009,0.427921274493766
26,2010,0.429397284858697
26,2011,0.430774255822339
26,2012,0.422024970941066
26,2013,0.423399321674329
26,2014,0.42474060713768
26,2015,0.426049024119935
26,2016,0.427328219421222
26,2017,0.428581142040487
26,2018,0.422171993570212
26,2019,0.42336866258334
26,2020,0.424537206088169
26,2021,0.425590197378572
26,2022,0.429501481230663
26,2023,0.430227799189588
28,2000,0.631287227692806
28,2001,0.634547863768031
28,2002,0.637787346550134
28,2003,0.640998409439386
28,2004,0.644180931785431
28,2005,0.647335491177463
28,2006,0.650456396073225
28,2007,0.65360614647635
28,2008,0.656650388216281
28,2009,0.659655029488329
28,2010,0.66262115165964
28,2011,0.655182331988021
28,2012,0.657459657242642
28,2013,0.659633515800754
28,2014,0.661704468535965
28,2015,0.663671444611759
28,2016,0.665549112336413
28,2017,0.667353875616548
28,2018,0.669100633181325
28,2019,0.670749757828212
28,2020,0.67233930037591
28,2021,0.674617728456269
28,2022,0.676118572053181
28,2023,0.677579311667099
29,2000,0.646906868491744
29,2001,0.65192993892723
29,2002,0.656781188305311
29,2003,0.66145135473557
29,2004,0.665946158988235
29,2005,0.670271619413586
29,2006,0.674427497293026
29,2007,0.678402687555701
29,2008,0.682223954975603
29,2009,0.685883927016156
29,2010,0.68890876606901
29,2011,0.678788217147511
29,2012,0.68169062733464
29,2013,0.682216967688954
29,2014,0.682718902014105
29,2015,0.687674421894182
29,2016,0.688131392972683
29,2017,0.688566675902054
29,2018,0.703005593478358
29,2019,0.703401046794375
29,2020,0.710573247697642
29,2021,0.710948526649923
29,2022,0.718089122643618
29,2023,0.71797945321013
30,2000,0
30,2001,0
30,2002,0
30,2003,0
30,2004,0
30,2005,0
30,2006,0
30,2007,0
30,2008,0
30,2009,0
30,2010,0
30,2011,0
30,2012,0
30,2013,0
30,2014,0
30,2015,0
30,2016,0
30,2017,0
30,2018,0
30,2019,0
30,2020,0
30,2021,0
30,2022,0
30,2023,0
31,2000,0.551383465354415
31,2001,0.551941820856621
31,2002,0.552457054255407
31,2003,0.552953814986082
31,2004,0.553437665369256
31,2005,0.553910092069675
31,2006,0.554376508789859
31,2007,0.554842235429714
31,2008,0.555303350743159
31,2009,0.561931374926652
31,2010,0.562988472272404
31,2011,0.56401604252659
31,2012,0.565019603705005
31,2013,0.565997361563481
31,2014,0.555801551111566
31,2015,0.567856937479921
31,2016,0.568734469795965
31,2017,0.569576303320221
31,2018,0.570391170897607
31,2019,0.571170599380775
31,2020,0.571913064659899
31,2021,0.572367273997803
31,2022,0.573068326527531
31,2023,0.573731797011993
32,2000,0.611505207114736
32,2001,0.613263708188348
32,2002,0.614929623760916
32,2003,0.61653872721521
32,2004,0.618094979758039
32,2005,0.619603213090352
32,2006,0.621068940458422
32,2007,0.615183433672743
32,2008,0.616026385536031
32,2009,0.616633746226929
32,2010,0.617092399600748
32,2011,0.617770332427393
32,2012,0.626897587214078
32,2013,0.627423523933382
32,2014,0.627924949135824
32,2015,0.628748513875427
32,2016,0.629205131831481
32,2017,0.629639852827649
32,2018,0.631602763722357
32,2019,0.6319976641347
32,2020,0.631053385460532
32,2021,0.631427907906363
32,2022,0.632435497145466
32,2023,0.632325896585168
33,2000,0
33,2001,0
33,2002,0
33,2003,0
33,2004,0
33,2005,0
33,2006,0
33,2007,0
33,2008,0
33,2009,0
33,2010,0
33,2011,0
33,2012,0
33,2013,0
33,2014,0
33,2015,0
33,2016,0
33,2017,0
33,2018,0
33,2019,0
33,2020,0
33,2021,0
33,2022,0
33,2023,0
34,2000,0
34,2001,0
34,2002,0
34,2003,0
34,2004,0
34,2005,0
34,2006,0
34,2007,0
34,2008,0
34,2009,0
34,2010,0
34,2011,0
34,2012,0
34,2013,0
34,2014,0
34,2015,0
34,2016,0
34,2017,0
34,2018,0
34,2019,0
34,2020,0
34,2021,0
34,2022,0
34,2023,0
35,2000,0
35,2001,0
35,2002,0
35,2003,0
35,2004,0
35,2005,0
35,2006,0
35,2007,0
35,2008,0
35,2009,0
35,2010,0
35,2011,0
35,2012,0
35,2013,0
35,2014,0
35,2015,0
35,2016,0
35,2017,0
35,2018,0
35,2019,0
35,2020,0
35,2021,0
35,2022,0
35,2023,0
36,2000,0
36,2001,0
36,2002,0
36,2003,0
36,2004,0
36,2005,0
36,2006,0
36,2007,0
36,2008,0
36,2009,0
36,2010,0
36,2011,0
36,2012,0
36,2013,0
36,2014,0
36,2015,0
36,2016,0
36,2017,0
36,2018,0
36,2019,0
36,2020,0
36,2021,0
36,2022,0
36,2023,0
37,2000,0.687222238549708
37,2001,0.688172721714669
37,2002,0.689110606440094
37,2003,0.690028030136553
37,2004,0.69091933796656
37,2005,0.691810905860824
37,2006,0.692704407945108
37,2007,0.693575829395101
37,2008,0.695569143162142
37,2009,0.696419555685296
37,2010,0.69720800921037
37,2011,0.698042865449382
37,2012,0.698816818986454
37,2013,0.699566083341826
37,2014,0.700291860900966
37,2015,0.700993056158576
37,2016,0.701669152372823
37,2017,0.70231963439058
37,2018,0.70294636174168
37,2019,0.703551218540132
37,2020,0.704133610480917
37,2021,0.704661865563345
37,2022,0.698415348275979
37,2023,0.698516494845878
38,2000,0
38,2001,0
38,2002,0
38,2003,0
38,2004,0
38,2005,0
38,2006,0
38,2007,0
38,2008,0
38,2009,0
38,2010,0
38,2011,0
38,2012,0
38,2013,0
38,2014,0
38,2015,0
38,2016,0
38,2017,0
38,2018,0
38,2019,0
38,2020,0
38,2021,0
38,2022,0
38,2023,0
39,2000,0.750760589460101
39,2001,0.754011515592005
39,2002,0.757246235607916
39,2003,0.76041159601743
39,2004,0.763527075345287
39,2005,0.766601137132071
39,2006,0.769628465408223
39,2007,0.772603814470535
39,2008,0.777441718059231
39,2009,0.78031790510858
39,2010,0.77584164149198
39,2011,0.779953269395752
39,2012,0.779803234584048
39,2013,0.77967630917557
39,2014,0.779568456349005
39,2015,0.779474512085463
39,2016,0.779393962717304
39,2017,0.779324911933298
39,2018,0.77925994745181
39,2019,0.779189433353635
39,2020,0.779103156333935
39,2021,0.778762061078729
39,2022,0.778622274402404
39,2023,0.778457065658877
40,2000,0.618548876770738
40,2001,0.615194068396846
40,2002,0.618461494595759
40,2003,0.619305033318814
40,2004,0.619507035627321
40,2005,0.620349888852477
40,2006,0.621909766749727
40,2007,0.622977812089006
40,2008,0.62400754890193
40,2009,0.625004464951169
40,2010,0.625943694554345
40,2011,0.624763075613367
40,2012,0.625323620111801
40,2013,0.626309859990098
40,2014,0.627198280911936
40,2015,0.628120493356725
40,2016,0.628957690803541
40,2017,0.629853547430034
40,2018,0.630567040986287
40,2019,0.631265981381315
40,2020,0.631948971027612
40,2021,0.63267022982971
40,2022,0.632993218329208
40,2023,0.626708227193538
41,2000,0.439041270924044
41,2001,0.448985412649945
41,2002,0.43809981374817
41,2003,0.445675440577411
41,2004,0.448808670686817
41,2005,0.450919752522902
41,2006,0.456898970679028
41,2007,0.457751869920377
41,2008,0.459657783245456
41,2009,0.453138678406269
41,2010,0.45477268151373
41,2011,0.458985698131121
41,2012,0.461496386486119
41,2013,0.461940693087805
41,2014,0.464552971172984
41,2015,0.465399825618368
41,2016,0.468347394520909
41,2017,0.472746544332397
41,2018,0.474697971544761
41,2019,0.48253694662616
41,2020,0.486015868854474
41,2021,0.488813629407778
41,2022,0.48896830186707
41,2023,0.491704980480099
42,2000,0.360729542188078
42,2001,0.364360624037432
42,2002,0.367908933195103
42,2003,0.371100249881787
42,2004,0.370709183202518
42,2005,0.374997432326532
42,2006,0.379915168230063
42,2007,0.383247656065399
42,2008,0.386404812363729
42,2009,0.389553276823774
42,2010,0.392600324579355
42,2011,0.395854780134306
42,2012,0.396651714908024
42,2013,0.399691625354745
42,2014,0.405837532816124
42,2015,0.408790482534127
42,2016,0.412068785826568
42,2017,0.416586464777745
42,2018,0.420107308325614
42,2019,0.421449549353663
42,2020,0.423391132928189
42,2021,0.426704115753638
42,2022,0.429236869244204
42,2023,0.429982759417276
43,2000,0.470186363688582
43,2001,0.474440818778898
43,2002,0.475347273530559
43,2003,0.477450531187677
43,2004,0.482066609255431
43,2005,0.484902549498129
43,2006,0.491066776732291
43,2007,0.493958629598256
43,2008,0.497006769240527
43,2009,0.49963916952418
43,2010,0.502371701046
43,2011,0.507255096449073
43,2012,0.499051724978304
43,2013,0.513222269066139
43,2014,0.516160133641989
43,2015,0.518507901082362
43,2016,0.520477151397556
43,2017,0.52256972480768
43,2018,0.524382964112797
43,2019,0.539594174311155
43,2020,0.545670306132298
43,2021,0.547961607323984
43,2022,0.550409213021476
43,2023,0.552671020550778
44,2000,0.319906099050305
44,2001,0.333125264691907
44,2002,0.3315999060204
44,2003,0.332617757653516
44,2004,0.333802354556517
44,2005,0.338266008734896
44,2006,0.341871501201574
44,2007,0.344565720769848
44,2008,0.349515183032193
44,2009,0.352586788495539
44,2010,0.355469208929651
44,2011,0.354558383642126
44,2012,0.35591789529195
44,2013,0.357630390316676
44,2014,0.3594922800191
44,2015,0.361422238006574
44,2016,0.367969757732729
44,2017,0.37043396573774
44,2018,0.372582454083187
44,2019,0.374752673545985
44,2020,0.377420155528229
44,2021,0.380135407452746
44,2022,0.382752509564046
44,2023,0.385484490117599
45,2000,0.313704333532451
45,2001,0.316234880933844
45,2002,0.314406621348293
45,2003,0.312439212637378
45,2004,0.311261409291726
45,2005,0.313265268979099
45,2006,0.302687583244251
45,2007,0.307157431638033
45,2008,0.318893194984048
45,2009,0.313838298929519
45,2010,0.317030435954544
45,2011,0.31899351345931
45,2012,0.32144403643698
45,2013,0.323848656639473
45,2014,0.328682389625116
45,2015,0.330718704727127
45,2016,0.320223031444283
45,2017,0.322481524941525
45,2018,0.326464350143938
45,2019,0.327400926097959
45,2020,0.3283742755855
45,2021,0.329484350668042
45,2022,0.330482016979217
45,2023,0.331550205132446
46,2000,0.362912025823409
46,2001,0.364798327333199
46,2002,0.359824003183014
46,2003,0.361875273429876
46,2004,0.365803853826577
46,2005,0.367823937418367
46,2006,0.370064238014544
46,2007,0.372271182966312
46,2008,0.374094224819344
46,2009,0.411688164549486
46,2010,0.409281729741951
46,2011,0.411443950178719
46,2012,0.413842283202902
46,2013,0.416146212991796
46,2014,0.419630597825093
46,2015,0.421958307275741
46,2016,0.424961087351558
46,2017,0.428075177469342
46,2018,0.430662952612284
46,2019,0.433021457306368
46,2020,0.435092113571112
46,2021,0.436971350514703
46,2022,0.439067181466112
46,2023,0.446657082688639
47,2000,0.414192133870495
47,2001,0.414648462024057
47,2002,0.422504832487647
47,2003,0.426603134299644
47,2004,0.43066038467043
47,2005,0.432878411993836
47,2006,0.436584720686159
47,2007,0.43998911396542
47,2008,0.450254941319515
47,2009,0.449339363401954
47,2010,0.452276545243152
47,2011,0.454140359680844
47,2012,0.456771299616796
47,2013,0.459454952292832
47,2014,0.462164029874743
47,2015,0.46542710877014
47,2016,0.468006137466559
47,2017,0.455996897155023
47,2018,0.456702867033145
47,2019,0.459083906981009
47,2020,0.461281715225042
47,2021,0.463104588164713
47,2022,0.465143788837067
47,2023,0.467115769514723
48,2000,0.340909663954212
48,2001,0.35072160881889
48,2002,0.35426700300397
48,2003,0.358392123638342
48,2004,0.361803086694397
48,2005,0.365230349009314
48,2006,0.368730662698854
48,2007,0.372156151879335
48,2008,0.37555106510059
48,2009,0.378725591118374
48,2010,0.363783022783894
48,2011,0.365780142993001
48,2012,0.367949629942557
48,2013,0.370120675695226
48,2014,0.372186826146028
48,2015,0.374280825415087
48,2016,0.376349888046609
48,2017,0.37858134157605
48,2018,0.409986223562375
48,2019,0.386380072768939
48,2020,0.414733212349859
48,2021,0.39012587906249
48,2022,0.392089444631356
48,2023,0.394142929592754
49,2000,0.324888488759856
49,2001,0.329324852831776
49,2002,0.334457286840713
49,2003,0.337208698711071
49,2004,0.340396820664051
49,2005,0.34387505612344
49,2006,0.346495534034035
49,2007,0.34101067909212
49,2008,0.342181336764489
49,2009,0.344310133318666
49,2010,0.386346899586634
49,2011,0.391916776138256
49,2012,0.389101569252691
49,2013,0.38948436217475
49,2014,0.3914988043499
49,2015,0.389485780562926
49,2016,0.392473226589358
49,2017,0.401601595389977
49,2018,0.416583292131766
49,2019,0.419563127690033
49,2020,0.423195490482917
49,2021,0.430804668457153
49,2022,0.433382111858415
49,2023,0.437545108041219
50,2000,0.424367322714871
50,2001,0.429572707585219
50,2002,0.434452020091725
50,2003,0.437832922963406
50,2004,0.44622530451296
50,2005,0.447947077137833
50,2006,0.450100447945569
50,2007,0.452370486609223
50,2008,0.454529392598982
50,2009,0.456660671376363
50,2010,0.44483515362691
50,2011,0.446334263006832
50,2012,0.445774931257375
50,2013,0.447328043938382
50,2014,0.449518425335339
50,2015,0.451005413667708
50,2016,0.451892052561104
50,2017,0.452210557750907
50,2018,0.467542554490705
50,2019,0.466175686017266
50,2020,0.467969837922849
50,2021,0.469852772763313
50,2022,0.471652669777592
50,2023,0.474871384310217
51,2000,0.547856323702718
51,2001,0.551690780222908
51,2002,0.55531368376869
51,2003,0.558925262371237
51,2004,0.562526099471365
51,2005,0.566180926030222
51,2006,0.56991350903457
51,2007,0.573724486007969
51,2008,0.577562331841505
51,2009,0.581435034655129
51,2010,0.585244195039024
51,2011,0.57748883146717
51,2012,0.579570978046395
51,2013,0.581545115551306
51,2014,0.583347364198584
51,2015,0.585131090437683
51,2016,0.586845087929208
51,2017,0.588219095724001
51,2018,0.589760974264744
51,2019,0.590844888014431
51,2020,0.592250898807104
51,2021,0.593620423062855
51,2022,0.594907604335855
51,2023,0.596295894761612
52,2000,0.737942729699533
52,2001,0.73983920372539
52,2002,0.74167205569485
52,2003,0.74344165994875
52,2004,0.745152018885207
52,2005,0.74680624525059
52,2006,0.748401993717054
52,2007,0.749935662819397
52,2008,0.751409837644136
52,2009,0.752963576673521
52,2010,0.753919701429536
52,2011,0.808185310106379
52,2012,0.811138213329949
52,2013,0.813957388459026
52,2014,0.816686021061391
52,2015,0.819328799261086
52,2016,0.821890271475404
52,2017,0.824373096201915
52,2018,0.826776149181994
52,2019,0.829100567842695
52,2020,0.831349505312415
52,2021,0.832913036333976
52,2022,0.833873361870453
52,2023,0.834804575111753
53,2000,0.61148977537315
53,2001,0.608854310221204
53,2002,0.610078708492238
53,2003,0.612068217454221
53,2004,0.612030370767473
53,2005,0.620165451745141
53,2006,0.622434660248869
53,2007,0.621846417485611
53,2008,0.628028663333851
53,2009,0.631876687089159
53,2010,0.633340008715847
53,2011,0.634926588143701
53,2012,0.636608905203534
53,2013,0.638250743226284
53,2014,0.639680438607379
53,2015,0.687365395428571
53,2016,0.687902111045384
53,2017,0.69667933047505
53,2018,0.69821647713446
53,2019,0.708545370447261
53,2020,0.710775837653721
53,2021,0.712919057480532
53,2022,0.71504783390971
53,2023,0.717125320069964
54,2000,0.460434632613039
54,2001,0.46407961954394
54,2002,0.465882892795483
54,2003,0.466992060681614
54,2004,0.467191192960249
54,2005,0.468717614218835
54,2006,0.470773347254133
54,2007,0.530065601795802
54,2008,0.534290261666088
54,2009,0.538498910334887
54,2010,0.542366405367041
54,2011,0.545849782011547
54,2012,0.548954487579565
54,2013,0.552175569144797
54,2014,0.55500715451578
54,2015,0.557864993593149
54,2016,0.55916943970499
54,2017,0.563440785511721
54,2018,0.613993167982023
54,2019,0.61345067486297
54,2020,0.615087899521868
54,2021,0.613622219638142
54,2022,0.613826748838279
54,2023,0.614428306030846
55,2000,0.501824915548095
55,2001,0.501977366539646
55,2002,0.497533964111504
55,2003,0.497722096915946
55,2004,0.502130038834708
55,2005,0.50255854912447
55,2006,0.502946439421079
55,2007,0.503319148127858
55,2008,0.503663505205109
55,2009,0.503969063541891
55,2010,0.504134357187652
55,2011,0.504495751701648
55,2012,0.50481768139007
55,2013,0.504992721964415
55,2014,0.505137383809081
55,2015,0.505251364845178
55,2016,0.505335608151748
55,2017,0.505391451955751
55,2018,0.501983914060329
55,2019,0.50170288736336
55,2020,0.500918894012034
55,2021,0.500514800916333
55,2022,0.496887095064483
55,2023,0.496688335362785
56,2000,0.495675880867691
56,2001,0.496709138039037
56,2002,0.497623972503325
56,2003,0.498505416244559
56,2004,0.499321992225609
56,2005,0.500074851577492
56,2006,0.500778504786851
56,2007,0.501446010229841
56,2008,0.502298723653294
56,2009,0.502918038841543
56,2010,0.520967036803783
56,2011,0.522615786639642
56,2012,0.524157218535066
56,2013,0.525679010007962
56,2014,0.527181877175
56,2015,0.528658052189374
56,2016,0.530110664173672
56,2017,0.531549383141326
56,2018,0.532970536170574
56,2019,0.534371764647354
56,2020,0.535745864874931
56,2021,0.536880675921317
56,2022,0.538194665615375
56,2023,0.539481855131857
57,2000,0.6255497770329
57,2001,0.625728860852369
57,2002,0.612909234569303
57,2003,0.613103287437447
57,2004,0.617489476174448
57,2005,0.617918122707692
57,2006,0.618336485707705
57,2007,0.618711719290936
57,2008,0.619057495044161
57,2009,0.619365580719251
57,2010,0.619649027394288
57,2011,0.619897017521908
57,2012,0.627589579960754
57,2013,0.627767289044285
57,2014,0.627912470503629
57,2015,0.62802761143552
57,2016,0.628112415062111
57,2017,0.628168913892914
57,2018,0.620475143984018
57,2019,0.620192167920315
57,2020,0.61982628173528
57,2021,0.61941960761443
57,2022,0.61729403436472
57,2023,0.617094327885973
58,2000,0.575717914508269
58,2001,0.582555096887918
58,2002,0.582851933183133
58,2003,0.58454327112547
58,2004,0.584712479861056
58,2005,0.5848742186181
58,2006,0.58502864896898
58,2007,0.585162776746297
58,2008,0.585276613049212
58,2009,0.585367275670786
58,2010,0.600080032713828
58,2011,0.600767753716274
58,2012,0.609761466015306
58,2013,0.610509263900909
58,2014,0.611341877111047
58,2015,0.612259518832129
58,2016,0.613189744257613
58,2017,0.614062142075895
58,2018,0.616598504670205
58,2019,0.621089517458133
58,2020,0.62180868774013
58,2021,0.61570074572394
58,2022,0.612507166368531
58,2023,0.612642374692462
59,2000,0.668567396889407
59,2001,0.668571360617525
59,2002,0.668433366768095
59,2003,0.668089836479571
59,2004,0.66822134723055
59,2005,0.668763910845384
59,2006,0.669042273138465
59,2007,0.669154673469228
59,2008,0.669279996280934
59,2009,0.669389294341761
59,2010,0.669456235495529
59,2011,0.669641578419845
59,2012,0.668637900195712
59,2013,0.668558793631513
59,2014,0.668616742290099
59,2015,0.677353714710412
59,2016,0.678226373074757
59,2017,0.678984558662538
59,2018,0.680038207814842
59,2019,0.680697551156979
59,2020,0.681559004117122
59,2021,0.682386753917014
59,2022,0.683571059218435
59,2023,0.684219005423361
60,2000,0.892578585376205
60,2001,0.870438549671732
60,2002,0.870692706759505
60,2003,0.908003263541609
60,2004,0.90822278382879
60,2005,0.908433900826097
60,2006,0.908616800975053
60,2007,0.908819220655195
60,2008,0.909076658599338
60,2009,0.914714561581737
60,2010,0.914830901984496
60,2011,0.915686464643102
60,2012,0.917633697920977
60,2013,0.919420737252569
60,2014,0.919711544384264
60,2015,0.919793976906348
60,2016,0.920065916672508
60,2017,0.920201630565874
60,2018,0.920461867236759
60,2019,0.92069661191198
60,2020,0.920923757546876
60,2021,0.920508145138353
60,2022,0.920657523165992
60,2023,0.92084927795993
61,2000,0.546328269652874
61,2001,0.547151404349024
61,2002,0.548307678055995
61,2003,0.549244167759102
61,2004,0.550012205091522
61,2005,0.555302943510529
61,2006,0.556399980478319
61,2007,0.557564042734548
61,2008,0.55897747854387
61,2009,0.5600164535474
61,2010,0.56114702328045
61,2011,0.561579154330058
61,2012,0.562846665980575
61,2013,0.565601743595463
61,2014,0.56777499349793
61,2015,0.568859723612981
61,2016,0.570334840730322
61,2017,0.572866794317972
61,2018,0.573935113391632
61,2019,0.575613856484977
61,2020,0.576535913001304
61,2021,0.577394081994398
61,2022,0.578176817645296
61,2023,0.578982391821196
62,2000,0.560565879699426
62,2001,0.565016529971458
62,2002,0.567531675827474
62,2003,0.569346024549488
62,2004,0.57142099793042
62,2005,0.574152196299589
62,2006,0.575826520280222
62,2007,0.577353558149666
62,2008,0.579330048000937
62,2009,0.569219849796363
62,2010,0.570695801036124
62,2011,0.571727575584874
62,2012,0.572522412689159
62,2013,0.573704949006226
62,2014,0.573407642961483
62,2015,0.574580280385376
62,2016,0.575666542146456
62,2017,0.576403464494874
62,2018,0.582712194142484
62,2019,0.58551596358768
62,2020,0.586551765559985
62,2021,0.587578494329617
62,2022,0.588099967003023
62,2023,0.589059208071641
63,2000,0.121342662743141
63,2001,0.170183414244682
63,2002,0.172214739336144
63,2003,0.180283487195356
63,2004,0.18577601652255
63,2005,0.187798829407469
63,2006,0.215002266096283
63,2007,0.217745295426691
63,2008,0.221429317271844
63,2009,0.223995622035049
63,2010,0.242943221034605
63,2011,0.245719202753188
63,2012,0.250143624384167
63,2013,0.252413249525285
63,2014,0.25334451606582
63,2015,0.25613649370146
63,2016,0.258882628451873
63,2017,0.257226935003533
63,2018,0.261676467345403
63,2019,0.264280203494681
63,2020,0.266773390354145
63,2021,0.267819216371031
63,2022,0.268247984374026
63,2023,0.269132401615792
64,2000,0.343215218160061
64,2001,0.345996034478729
64,2002,0.349954396765302
64,2003,0.3634182557224
64,2004,0.366712157317886
64,2005,0.369742529174027
64,2006,0.372627600812776
64,2007,0.375652495914321
64,2008,0.378553353219303
64,2009,0.370957693866754
64,2010,0.373413050995189
64,2011,0.375867182757882
64,2012,0.378587990344975
64,2013,0.381099740259001
64,2014,0.391757153300746
64,2015,0.394053615236605
64,2016,0.396755206720589
64,2017,0.398906476693559
64,2018,0.401112727904048
64,2019,0.407319401439433
64,2020,0.412290177643217
64,2021,0.414129939556025
64,2022,0.41635677017327
64,2023,0.418418784976109
65,2000,0.608874616998335
65,2001,0.612452050529066
65,2002,0.616315693098529
65,2003,0.61960759203322
65,2004,0.633004202017605
65,2005,0.636316744549554
65,2006,0.639642514134676
65,2007,0.642672837435363
65,2008,0.645658819410638
65,2009,0.648306442505642
65,2010,0.651039351984939
65,2011,0.649483367486966
65,2012,0.652010694423284
65,2013,0.661293588128027
65,2014,0.66376417112196
65,2015,0.666024278563461
65,2016,0.668243194924995
65,2017,0.67042255633106
65,2018,0.672697514774483
65,2019,0.674786281200322
65,2020,0.67674871678947
65,2021,0.679069932666441
65,2022,0.688074690637453
65,2023,0.690531097897063
66,2000,0.575943941987485
66,2001,0.578305876067536
66,2002,0.578032513334646
66,2003,0.580820760738678
66,2004,0.586523265365544
66,2005,0.589545609082812
66,2006,0.596325900455118
66,2007,0.599212468955969
66,2008,0.602065723170661
66,2009,0.609074375911778
66,2010,0.597621526189114
66,2011,0.600359527189274
66,2012,0.603203483673563
66,2013,0.605914561180667
66,2014,0.607404470324766
66,2015,0.610981780305414
66,2016,0.613779488137014
66,2017,0.616486798849959
66,2018,0.619308681455079
66,2019,0.621859295188147
66,2020,0.624326080602891
66,2021,0.626707310161918
66,2022,0.638450634886223
66,2023,0.641170581973037
67,2000,0.423055293843656
67,2001,0.428250015465299
67,2002,0.430416571759078
67,2003,0.434101752671911
67,2004,0.438274484673514
67,2005,0.439560222576636
67,2006,0.442292926513074
67,2007,0.444695556477685
67,2008,0.447425854328959
67,2009,0.449910345772971
67,2010,0.451406995472207
67,2011,0.454633322488405
67,2012,0.437392983367755
67,2013,0.444403631371296
67,2014,0.447862435343945
67,2015,0.451014557649289
67,2016,0.453187611772875
67,2017,0.45446052322341
67,2018,0.454421608726057
67,2019,0.454471449551278
67,2020,0.456270242064992
67,2021,0.459218133982029
67,2022,0.460636678421566
67,2023,0.46239365289972
68,2000,0.768267069709299
68,2001,0.769066163637489
68,2002,0.769865649407246
68,2003,0.770657109453793
68,2004,0.769689615409264
68,2005,0.770146654951454
68,2006,0.770600961142239
68,2007,0.771050140219539
68,2008,0.771493444589687
68,2009,0.77192987178994
68,2010,0.772353652858238
68,2011,0.772771545543052
68,2012,0.773168582852967
68,2013,0.773547878269903
68,2014,0.773909350978976
68,2015,0.774251869544165
68,2016,0.774572746780076
68,2017,0.774869576054608
68,2018,0.783041925018148
68,2019,0.784066177228553
68,2020,0.785003325821131
68,2021,0.78585647527341
68,2022,0.786626374256168
68,2023,0.787311504935209
69,2000,0.459900679244366
69,2001,0.45833908479417
69,2002,0.457159481839046
69,2003,0.45613071731088
69,2004,0.454183422853747
69,2005,0.453182946653284
69,2006,0.452547481393696
69,2007,0.451851573118689
69,2008,0.451214910334743
69,2009,0.450540637234678
69,2010,0.449894358950496
69,2011,0.449295142418408
69,2012,0.448663623250559
69,2013,0.450675934451477
69,2014,0.449989149988925
69,2015,0.440706934051612
69,2016,0.44166723362361
69,2017,0.440413564910352
69,2018,0.440378969160147
69,2019,0.439199023249049
69,2020,0.438026719881664
69,2021,0.437068475529701
69,2022,0.435991453910631
69,2023,0.43744055452644
70,2000,0.404752956691826
70,2001,0.401977670705992
70,2002,0.401491811012119
70,2003,0.401101162510855
70,2004,0.395836160388559
70,2005,0.395175377620425
70,2006,0.393961331921824
70,2007,0.393287471458781
70,2008,0.392332802888201
70,2009,0.391638815338805
70,2010,0.390984986900519
70,2011,0.390342814704365
70,2012,0.389639919459436
70,2013,0.391425733284441
70,2014,0.390723305114757
70,2015,0.391349489105815
70,2016,0.390792501207037
70,2017,0.390252981960069
70,2018,0.390923629818745
70,2019,0.390308842243744
70,2020,0.390078040919863
70,2021,0.389398674158398
70,2022,0.388811138561522
70,2023,0.388044652182296
71,2000,0.463884763204917
71,2001,0.463861702263673
71,2002,0.464839146927474
71,2003,0.467127686337517
71,2004,0.465703632380766
71,2005,0.461809175962313
71,2006,0.460404900029691
71,2007,0.459481858212651
71,2008,0.458607460063483
71,2009,0.457716612002659
71,2010,0.456804881255145
71,2011,0.455999500781896
71,2012,0.461453769070747
71,2013,0.460591290385337
71,2014,0.459567752793204
71,2015,0.463394559172805
71,2016,0.465127504484043
71,2017,0.464522145871731
71,2018,0.47130291015438
71,2019,0.470704370325642
71,2020,0.470027973831313
71,2021,0.46930071070756
71,2022,0.467455539644492
71,2023,0.466762059906386
72,2000,0.474489900909935
72,2001,0.474311371310773
72,2002,0.473490606559062
72,2003,0.474580227002726
72,2004,0.469578199429371
72,2005,0.469597110249777
72,2006,0.468751998072726
72,2007,0.468603218132618
72,2008,0.468070330530491
72,2009,0.467945088616343
72,2010,0.466713094232918
72,2011,0.466453798260174
72,2012,0.465147459226874
72,2013,0.464876235559362
72,2014,0.464676109410154
72,2015,0.46441808595397
72,2016,0.467595108126479
72,2017,0.468330895821585
72,2018,0.46839922315223
72,2019,0.467287943380777
72,2020,0.466635978939257
72,2021,0.466245108946706
72,2022,0.451166566465738
72,2023,0.44999928548312
73,2000,0.228367687551972
73,2001,0.229279990832075
73,2002,0.228575056309413
73,2003,0.226803815091235
73,2004,0.226474971513859
73,2005,0.226786084339788
73,2006,0.225946824096621
73,2007,0.225278398041087
73,2008,0.224830349111945
73,2009,0.224424891205142
73,2010,0.223998380808846
73,2011,0.22352678354238
73,2012,0.228057150844934
73,2013,0.228103768303134
73,2014,0.228142707767549
73,2015,0.228167347550081
73,2016,0.228131314443786
73,2017,0.228141519189967
73,2018,0.227942599700144
73,2019,0.230615561164369
73,2020,0.230569287776682
73,2021,0.23092215232236
73,2022,0.230719635277173
73,2023,0.230443763409995
74,2000,0.501494295827395
74,2001,0.487542034053114
74,2002,0.484445552983525
74,2003,0.48437569764018
74,2004,0.488019925332402
74,2005,0.488165001187996
74,2006,0.486567482074662
74,2007,0.482559213464385
74,2008,0.482187810598515
74,2009,0.48052347853028
74,2010,0.480163553984402
74,2011,0.479898581881875
74,2012,0.479513775263033
74,2013,0.479164468041242
74,2014,0.487896352558074
74,2015,0.487876681934797
74,2016,0.487813065773385
74,2017,0.487752794944636
74,2018,0.471199444643206
74,2019,0.471237983765443
74,2020,0.449047253397924
74,2021,0.471449091987277
74,2022,0.471162469214827
74,2023,0.470934467037107
75,2000,0.486753453766687
75,2001,0.488886766167114
75,2002,0.488126709833845
75,2003,0.487450413071277
75,2004,0.485563215796764
75,2005,0.485154915024746
75,2006,0.484449808442612
75,2007,0.48264336497033
75,2008,0.483511152752624
75,2009,0.482937935793185
75,2010,0.482241118442165
75,2011,0.481570934159578
75,2012,0.483301565974563
75,2013,0.482640890017785
75,2014,0.487147138173804
75,2015,0.487481771421569
75,2016,0.48697002259796
75,2017,0.48648996193007
75,2018,0.486292065157706
75,2019,0.486347493089777
75,2020,0.486261412359473
75,2021,0.485691909632488
75,2022,0.479782729795873
75,2023,0.455998901901119
76,2000,0.558385468806141
76,2001,0.559574706793257
76,2002,0.565281897662277
76,2003,0.567804756623868
76,2004,0.569189856401547
76,2005,0.570375883209115
76,2006,0.571569817954146
76,2007,0.572709940735765
76,2008,0.573817858442239
76,2009,0.580934369655268
76,2010,0.58233028588832
76,2011,0.583679466453781
76,2012,0.585306119013184
76,2013,0.587137978658505
76,2014,0.587559360701517
76,2015,0.589482516783425
76,2016,0.585460048465509
76,2017,0.586041475108525
76,2018,0.587124786304893
76,2019,0.596737035914508
76,2020,0.597222030741743
76,2021,0.597707931221274
76,2022,0.599359424130093
76,2023,0.59991991390429
77,2000,0.588588013080661
77,2001,0.592913482815455
77,2002,0.592477545719961
77,2003,0.597393576573826
77,2004,0.600353989215633
77,2005,0.603375551401616
77,2006,0.60592976281974
77,2007,0.604188188679776
77,2008,0.606529209857297
77,2009,0.616828524713166
77,2010,0.617462499943304
77,2011,0.618820338376054
77,2012,0.617385343644745
77,2013,0.61011484161202
77,2014,0.604519931044739
77,2015,0.601556059700213
77,2016,0.603698552704587
77,2017,0.607553865679347
77,2018,0.610118693338704
77,2019,0.653016833260703
77,2020,0.652647558090708
77,2021,0.657976152550439
77,2022,0.663940926035996
77,2023,0.67059287232746
78,2000,0.651357155625554
78,2001,0.651375518923516
78,2002,0.652938838483225
78,2003,0.654400520817768
78,2004,0.655699656448616
78,2005,0.656896664499769
78,2006,0.658842669937941
78,2007,0.6613541768921
78,2008,0.662492557014119
78,2009,0.663722827394914
78,2010,0.665480301217913
78,2011,0.665954106951187
78,2012,0.677904743369991
78,2013,0.688544344563376
78,2014,0.721826132848593
78,2015,0.724964284260374
78,2016,0.709173115849174
78,2017,0.70748083891292
78,2018,0.706997932683935
78,2019,0.717791285172487
78,2020,0.712150725214311
78,2021,0.708275496876579
78,2022,0.691574641329396
78,2023,0.692329380317434
79,2000,0.69355827102782
79,2001,0.695681458097084
79,2002,0.698616739189221
79,2003,0.699863100597309
79,2004,0.701744477374229
79,2005,0.703993511642338
79,2006,0.705275895114742
79,2007,0.704496737317087
79,2008,0.712848337161158
79,2009,0.714895428737348
79,2010,0.71679015460537
79,2011,0.720291739989178
79,2012,0.722367840723989
79,2013,0.724274638624647
79,2014,0.726001248556305
79,2015,0.729178213078501
79,2016,0.728608995983097
79,2017,0.730429887531473
79,2018,0.732122239057782
79,2019,0.73382919617164
79,2020,0.735741007254322
79,2021,0.737237935794447
79,2022,0.738793848101029
79,2023,0.742913272662002
80,2000,0.491052506555877
80,2001,0.491239151314379
80,2002,0.491593825700802
80,2003,0.49184490805107
80,2004,0.491863417788336
80,2005,0.492127253547036
80,2006,0.492341946792953
80,2007,0.492534848397446
80,2008,0.492715451731161
80,2009,0.492861712175639
80,2010,0.492889639403879
80,2011,0.493007210930201
80,2012,0.493654636973985
80,2013,0.493743453518722
80,2014,0.49377370714321
80,2015,0.493836449967343
80,2016,0.493803758454672
80,2017,0.49369956641323
80,2018,0.493611425864787
80,2019,0.492563818803069
80,2020,0.492221835345055
80,2021,0.491843997834165
80,2022,0.491891954735917
80,2023,0.491616345783482
81,2000,0.476907792546555
81,2001,0.477556206973202
81,2002,0.478174162959613
81,2003,0.478777391912958
81,2004,0.479367221421832
81,2005,0.479945084474362
81,2006,0.480514561847548
81,2007,0.481079429538503
81,2008,0.481640013647375
81,2009,0.515235738920301
81,2010,0.51699365812328
81,2011,0.518712260734683
81,2012,0.521852094018717
81,2013,0.523451802838147
81,2014,0.525003179898464
81,2015,0.526504386155921
81,2016,0.527953493931202
81,2017,0.529366267767784
81,2018,0.529334341681752
81,2019,0.530633157839754
81,2020,0.533402902199783
81,2021,0.534635123456481
81,2022,0.534254493270089
81,2023,0.535328458999999
82,2000,0.540984115922331
82,2001,0.542423788724542
82,2002,0.548933823911858
82,2003,0.548176161493431
82,2004,0.548859745848002
82,2005,0.548887547007392
82,2006,0.549641398944652
82,2007,0.550098816898087
82,2008,0.550686611364051
82,2009,0.551761766972608
82,2010,0.530553023138618
82,2011,0.530823953406807
82,2012,0.536509957254252
82,2013,0.53681268416157
82,2014,0.537608069430228
82,2015,0.53793116861101
82,2016,0.538974728803801
82,2017,0.539333574231109
82,2018,0.53964212262793
82,2019,0.539955840801312
82,2020,0.540266718310197
82,2021,0.540751392765269
82,2022,0.541020050890561
82,2023,0.545508740313388
84,2000,0.623331541751584
84,2001,0.620084319797582
84,2002,0.624205667048814
84,2003,0.62600211424686
84,2004,0.624128501105391
84,2005,0.625472577535337
84,2006,0.626775211045671
84,2007,0.63150627488101
84,2008,0.632909259248634
84,2009,0.63172271898869
84,2010,0.632975504199551
84,2011,0.634263507275026
84,2012,0.641325157383
84,2013,0.643382843631303
84,2014,0.645407084133326
84,2015,0.647405907506138
84,2016,0.649349237048588
84,2017,0.651220749580415
84,2018,0.653021400956834
84,2019,0.654738850517354
84,2020,0.656375181174542
84,2021,0.6578885248436
84,2022,0.659362963903985
84,2023,0.664089904361308
85,2000,0.262491740048133
85,2001,0.262491740048133
85,2002,0.264823058698055
85,2003,0.26546692214319
85,2004,0.266198102763513
85,2005,0.266743262314865
85,2006,0.267285687619786
85,2007,0.271789658973017
85,2008,0.272565365946691
85,2009,0.29881935291813
85,2010,0.299222823900317
85,2011,0.299825222062485
85,2012,0.300224964781618
85,2013,0.300556958745913
85,2014,0.300821822083704
85,2015,0.301086038346257
85,2016,0.301086038346257
85,2017,0.269251624082276
85,2018,0.269428586132849
85,2019,0.269605259099783
85,2020,0.269693487471737
85,2021,0.270396735216055
85,2022,0.270484320522489
85,2023,0.270571834955382
86,2000,0.414343101985102
86,2001,0.41456062610488
86,2002,0.415820870337467
86,2003,0.41653447090933
86,2004,0.417225727263129
86,2005,0.417877475413316
86,2006,0.418455469037543
86,2007,0.419169305806206
86,2008,0.420033509768233
86,2009,0.412991948191402
86,2010,0.413432012500313
86,2011,0.413815605352678
86,2012,0.41419784246326
86,2013,0.41456062610488
86,2014,0.414868038261814
86,2015,0.415120546745006
86,2016,0.415120546745006
86,2017,0.422551811723511
86,2018,0.422719870846113
86,2019,0.422854130365889
86,2020,0.422988223420028
86,2021,0.423689497159548
86,2022,0.423822559083914
86,2023,0.423955457497338
88,2000,0.108030702061558
88,2001,0.108030702061558
88,2002,0.104278638441996
88,2003,0.10467977866562
88,2004,0.105079436513753
88,2005,0.105477622902026
88,2006,0.105874348625943
88,2007,0.0954915556279253
88,2008,0.0952733852190836
88,2009,0.112591353651096
88,2010,0.113148146483767
88,2011,0.113148146483767
88,2012,0.113333108899024
88,2013,0.11351775552445
88,2014,0.113702087436516
88,2015,0.113886105706197
88,2016,0.113886105706197
88,2017,0.118211143117843
88,2018,0.118387653056895
88,2019,0.118563875386351
88,2020,0.118739811041964
88,2021,0.119265907255046
88,2022,0.119440705482056
88,2023,0.119615221646179
89,2000,0
89,2001,0
89,2002,0
89,2003,0
89,2004,0
89,2005,0
89,2006,0
89,2007,0
89,2008,0
89,2009,0
89,2010,0
89,2011,0
89,2012,0
89,2013,0
89,2014,0
89,2015,0
89,2016,0
89,2017,0
89,2018,0
89,2019,0
89,2020,0
89,2021,0
89,2022,0
89,2023,0
90,2000,0
90,2001,0
90,2002,0
90,2003,0
90,2004,0
90,2005,0
90,2006,0
90,2007,0
90,2008,0
90,2009,0
90,2010,0
90,2011,0
90,2012,0
90,2013,0
90,2014,0
90,2015,0
90,2016,0
90,2017,0
90,2018,0
90,2019,0
90,2020,0
90,2021,0
90,2022,0
90,2023,0
91,2000,0
91,2001,0
91,2002,0
91,2003,0
91,2004,0
91,2005,0
91,2006,0
91,2007,0
91,2008,0
91,2009,0
91,2010,0
91,2011,0
91,2012,0
91,2013,0
91,2014,0
91,2015,0
91,2016,0
91,2017,0
91,2018,0
91,2019,0
91,2020,0
91,2021,0
91,2022,0
91,2023,0
92,2000,0
92,2001,0
92,2002,0
92,2003,0
92,2004,0
92,2005,0
92,2006,0
92,2007,0
92,2008,0
92,2009,0
92,2010,0
92,2011,0
92,2012,0
92,2013,0
92,2014,0
92,2015,0
92,2016,0
92,2017,0
92,2018,0
92,2019,0
92,2020,0
92,2021,0
92,2022,0
92,2023,0
93,2000,0
93,2001,0
93,2002,0
93,2003,0
93,2004,0
93,2005,0
93,2006,0
93,2007,0
93,2008,0
93,2009,0
93,2010,0
93,2011,0
93,2012,0
93,2013,0
93,2014,0
93,2015,0
93,2016,0
93,2017,0
93,2018,0
93,2019,0
93,2020,0
93,2021,0
93,2022,0
93,2023,0
94,2000,0
94,2001,0
94,2002,0
94,2003,0
94,2004,0
94,2005,0
94,2006,0
94,2007,0
94,2008,0
94,2009,0
94,2010,0
94,2011,0
94,2012,0
94,2013,0
94,2014,0
94,2015,0
94,2016,0
94,2017,0
94,2018,0
94,2019,0
94,2020,0
94,2021,0
94,2022,0
94,2023,0
95,2000,0.0223287252647523
95,2001,0.0226753942836752
95,2002,0.0231757471828516
95,2003,0.0236877922516388
95,2004,0.0258561997321858
95,2005,0.024746251831365
95,2006,0.024746251831365
95,2007,0.0258424812022742
95,2008,0.0243853117907257
95,2009,0.0246353216031141
95,2010,0.0248847548021758
95,2011,0.0251405186305732
95,2012,0.0243853117907257
95,2013,0.0243853117907257
95,2014,0.0222791102819186
95,2015,0.0259110564568857
95,2016,0.0229223364282766
95,2017,0.0229223364282766
95,2018,0.0247878213501173
95,2019,0.0247878213501173
95,2020,0.0247878213501173
95,2021,0.0247878213501173
95,2022,0.0279550792050506
95,2023,0.0279550792050506
96,2000,0.50287872584543
96,2001,0.501897163288493
96,2002,0.502898856025499
96,2003,0.519184613630373
96,2004,0.519612834558788
96,2005,0.515718433394295
96,2006,0.519036631364261
96,2007,0.521451005979071
96,2008,0.524419845218579
96,2009,0.502587934369266
96,2010,0.504707307670091
96,2011,0.507100985517111
96,2012,0.509070407751735
96,2013,0.511541149243867
96,2014,0.522068447699165
96,2015,0.526643201349369
96,2016,0.529122946045942
96,2017,0.531250774267728
96,2018,0.533829936833432
96,2019,0.536389319451392
96,2020,0.538922385452433
96,2021,0.54190673051292
96,2022,0.568121474445171
96,2023,0.570926105893864
97,2000,0.44072362375923
97,2001,0.434993351671294
97,2002,0.436584314695385
97,2003,0.43842705177385
97,2004,0.441539931034934
97,2005,0.442095560940026
97,2006,0.44733133160779
97,2007,0.452564648181082
97,2008,0.4572820430578
97,2009,0.460683791333706
97,2010,0.466512719643182
97,2011,0.469438249302106
97,2012,0.472806501138393
97,2013,0.475584245515922
97,2014,0.479267912846356
97,2015,0.482036039035037
97,2016,0.484442472696375
97,2017,0.493602328926141
97,2018,0.496328273889908
97,2019,0.497387509960968
97,2020,0.500270718839193
97,2021,0.50318355430163
97,2022,0.506133454628853
97,2023,0.50514016838377
98,2000,0.655897472325729
98,2001,0.658734092677883
98,2002,0.661962237195644
98,2003,0.664758146449046
98,2004,0.666696997844358
98,2005,0.663987981545845
98,2006,0.668183012198724
98,2007,0.671101753146088
98,2008,0.674005554731105
98,2009,0.677148088898346
98,2010,0.686842422039893
98,2011,0.690380443071846
98,2012,0.707270534997327
98,2013,0.710283873748155
98,2014,0.713218953922227
98,2015,0.717303814706377
98,2016,0.720757639293887
98,2017,0.723344817235105
98,2018,0.72562608115389
98,2019,0.728369303877053
98,2020,0.731069660927983
98,2021,0.726612112840476
98,2022,0.729438506221104
98,2023,0.732086279695457
99,2000,0.676837030664702
99,2001,0.676284161692318
99,2002,0.68066589906564
99,2003,0.684153188978316
99,2004,0.68753036490787
99,2005,0.68930004015573
99,2006,0.69216428550989
99,2007,0.695100462555421
99,2008,0.700370389509798
99,2009,0.703720200611557
99,2010,0.706796625254594
99,2011,0.709834164153451
99,2012,0.713039244678964
99,2013,0.71451447594843
99,2014,0.717573829944321
99,2015,0.720558651358411
99,2016,0.723725576606882
99,2017,0.726681748787663
99,2018,0.729635711971841
99,2019,0.739548902011724
99,2020,0.743415393824435
99,2021,0.746956318639752
99,2022,0.750619893447451
99,2023,0.752404574310638
100,2000,0.434274208723928
100,2001,0.430883464198412
100,2002,0.432278327652825
100,2003,0.434055139207484
100,2004,0.449450532723896
100,2005,0.457108653779978
100,2006,0.459898859086971
100,2007,0.462693021299724
100,2008,0.46553866147676
100,2009,0.468489398389076
100,2010,0.47135901411818
100,2011,0.474320195678639
100,2012,0.477538019832244
100,2013,0.498193865456375
100,2014,0.502217291600163
100,2015,0.504324670715828
100,2016,0.506464652408621
100,2017,0.508674494687878
100,2018,0.510982340048355
100,2019,0.513493507726708
100,2020,0.516312476347257
100,2021,0.518799751630352
100,2022,0.521310595915697
100,2023,0.528739226845139
101,2000,0.0618073139660373
101,2001,0.0621421303408673
101,2002,0.0651828027226314
101,2003,0.0874012466864183
101,2004,0.0949237993780863
101,2005,0.0961660246728498
101,2006,0.0958827601617275
101,2007,0.0953953423769009
101,2008,0.0964577695864916
101,2009,0.0970572485581756
101,2010,0.0975792326745806
101,2011,0.0981616538977161
101,2012,0.114432178151958
101,2013,0.115301631491634
101,2014,0.115845043951096
101,2015,0.116325909309211
101,2016,0.129064137034436
101,2017,0.130983920955524
101,2018,0.135268648971035
101,2019,0.136743586359196
101,2020,0.138810351823631
101,2021,0.139879107467246
101,2022,0.141273397010481
101,2023,0.14253198065879
102,2000,0.483415812350821
102,2001,0.494969141298621
102,2002,0.496262930379555
102,2003,0.49659528176725
102,2004,0.501059420828869
102,2005,0.500850535051081
102,2006,0.500470263906203
102,2007,0.500011848730565
102,2008,0.511066091365268
102,2009,0.511674674174575
102,2010,0.511737730712533
102,2011,0.511543206820866
102,2012,0.510125233602287
102,2013,0.509670991786864
102,2014,0.509291898745173
102,2015,0.520462963612839
102,2016,0.521914397229148
102,2017,0.523170157711661
102,2018,0.5242057841637
102,2019,0.525216676221546
102,2020,0.526330094797038
102,2021,0.527310934335549
102,2022,0.528304569730039
102,2023,0.533054179248821
103,2000,0.549972527599876
103,2001,0.553368220004055
103,2002,0.556790617120153
103,2003,0.560213857064473
103,2004,0.563633407560202
103,2005,0.567041749519865
103,2006,0.570433883079295
103,2007,0.573810775379376
103,2008,0.577311685987834
103,2009,0.580653222860897
103,2010,0.560167989558981
103,2011,0.562406711368954
103,2012,0.564583588549571
103,2013,0.566700813966155
103,2014,0.568760437602656
103,2015,0.570763268778704
103,2016,0.572706261778959
103,2017,0.574587663704152
103,2018,0.576407946688869
103,2019,0.578166510468593
103,2020,0.579862271344822
103,2021,0.581293619873946
103,2022,0.582899782967456
103,2023,0.584478532828022
104,2000,0.336516308749786
104,2001,0.344148182423225
104,2002,0.346011535270415
104,2003,0.35075013148852
104,2004,0.352427058434567
104,2005,0.353545429347635
104,2006,0.356909077778156
104,2007,0.359106370092413
104,2008,0.370823471996366
104,2009,0.37365836614051
104,2010,0.376537802527207
104,2011,0.37933477103605
104,2012,0.382070401116007
104,2013,0.384678321778402
104,2014,0.387471642070565
104,2015,0.410639865274455
104,2016,0.413248937239723
104,2017,0.415692715964353
104,2018,0.418275334244239
104,2019,0.420863608354784
104,2020,0.422719227788313
104,2021,0.425151816412731
104,2022,0.496827755237557
104,2023,0.500571107764078
105,2000,0
105,2001,0
105,2002,0
105,2003,0
105,2004,0
105,2005,0
105,2006,0
105,2007,0
105,2008,0
105,2009,0
105,2010,0
105,2011,0
105,2012,0
105,2013,0
105,2014,0
105,2015,0
105,2016,0
105,2017,0
105,2018,0
105,2019,0
105,2020,0
105,2021,0
105,2022,0
105,2023,0
106,2000,0.59654909787134
106,2001,0.611185286521844
106,2002,0.61347232678135
106,2003,0.615093773042451
106,2004,0.616823226692895
106,2005,0.622799077521329
106,2006,0.625100091632128
106,2007,0.627913028755422
106,2008,0.630019266127995
106,2009,0.63231315548317
106,2010,0.632189466253618
106,2011,0.634298503726453
106,2012,0.636775956904554
106,2013,0.639117590792822
106,2014,0.641497926038924
106,2015,0.643301974211514
106,2016,0.645633142295429
106,2017,0.647903470374282
106,2018,0.650855153593953
106,2019,0.653306389191777
106,2020,0.655650341611721
106,2021,0.670710005017757
106,2022,0.673071480865727
106,2023,0.675473233468653
107,2000,0
107,2001,0
107,2002,0
107,2003,0
107,2004,0
107,2005,0
107,2006,0
107,2007,0
107,2008,0
107,2009,0
107,2010,0
107,2011,0
107,2012,0
107,2013,0
107,2014,0
107,2015,0
107,2016,0
107,2017,0
107,2018,0
107,2019,0
107,2020,0
107,2021,0
107,2022,0
107,2023,0
108,2000,0.730753689913824
108,2001,0.731604175726375
108,2002,0.732448025520027
108,2003,0.733255190249159
108,2004,0.734011465933712
108,2005,0.734726136484277
108,2006,0.735398345369845
108,2007,0.736037015690761
108,2008,0.736644338057022
108,2009,0.738736338403217
108,2010,0.739409476927206
108,2011,0.740069013844839
108,2012,0.740697969728674
108,2013,0.741301518211777
108,2014,0.741878515600487
108,2015,0.742429367228869
108,2016,0.742954455434515
108,2017,0.743452615933836
108,2018,0.743927243678412
108,2019,0.744375614198145
108,2020,0.744795032906421
108,2021,0.745296797220498
108,2022,0.745675332618951
108,2023,0.746031708516913
110,2000,0.338574966573361
110,2001,0.339813263803416
110,2002,0.338862743367797
110,2003,0.33968186153156
110,2004,0.340451314466308
110,2005,0.341172798828658
110,2006,0.341849620056656
110,2007,0.342490039268519
110,2008,0.343097034460378
110,2009,0.34313106852203
110,2010,0.343960070311108
110,2011,0.345054509599506
110,2012,0.34600027138308
110,2013,0.346931003438582
110,2014,0.347838956949654
110,2015,0.348726554897503
110,2016,0.34959264644556
110,2017,0.350437687279329
110,2018,0.351267739296459
110,2019,0.352069757959197
110,2020,0.35215936604579
110,2021,0.357350017314621
110,2022,0.358218864339404
110,2023,0.372193369206458
111,2000,0.314031875695666
111,2001,0.317109240346819
111,2002,0.320534750050532
111,2003,0.323833848982731
111,2004,0.327004350418921
111,2005,0.330054476283636
111,2006,0.333001425187646
111,2007,0.335860698409583
111,2008,0.338701863503338
111,2009,0.341398105771318
111,2010,0.34401113978456
111,2011,0.411551477251663
111,2012,0.415070376125261
111,2013,0.418263507090012
111,2014,0.421142897583406
111,2015,0.42372437339088
111,2016,0.476048384761351
111,2017,0.428447478326189
111,2018,0.430706201431615
111,2019,0.43289353863423
111,2020,0.435016623622012
111,2021,0.437402067908463
111,2022,0.439408280353517
111,2023,0.441361836450339
112,2000,0.496214310405866
112,2001,0.497563528138965
112,2002,0.497794650551823
112,2003,0.498190620116992
112,2004,0.498613854839185
112,2005,0.49925854430098
112,2006,0.499601707318351
112,2007,0.4995119117631
112,2008,0.499851503146116
112,2009,0.500117151633306
112,2010,0.500407085020668
112,2011,0.496728466144463
112,2012,0.496585692013492
112,2013,0.496492068611695
112,2014,0.496607692055234
112,2015,0.496470411433165
112,2016,0.498042367145925
112,2017,0.498018345451966
112,2018,0.497688022522761
112,2019,0.496971631978911
112,2020,0.496411017738772
112,2021,0.496152067057378
112,2022,0.496821060881199
112,2023,0.496615575011476
113,2000,0.5182521376357
113,2001,0.520590127461469
113,2002,0.535343321984442
113,2003,0.538390166004554
113,2004,0.541341059197887
113,2005,0.544211143697639
113,2006,0.547004661755078
113,2007,0.549725530009015
113,2008,0.552595451496795
113,2009,0.555198406036914
113,2010,0.557740182258123
113,2011,0.560229868920289
113,2012,0.562663528697531
113,2013,0.565045629572349
113,2014,0.567376391331497
113,2015,0.569659898449842
113,2016,0.57189242848778
113,2017,0.574076120499665
113,2018,0.576211176087014
113,2019,0.578299584483866
113,2020,0.580339739404377
113,2021,0.582383053865788
113,2022,0.584373411743749
113,2023,0.586321223810843
114,2000,0.602887093952519
114,2001,0.605757353720692
114,2002,0.612278735632705
114,2003,0.614039027085716
114,2004,0.619938183666565
114,2005,0.62234042000994
114,2006,0.627004102165478
114,2007,0.628789061738719
114,2008,0.631158354064526
114,2009,0.632555323056913
114,2010,0.639691920239159
114,2011,0.640474409779819
114,2012,0.641377847743264
114,2013,0.642388873466085
114,2014,0.643504096142693
114,2015,0.644841263836013
114,2016,0.648715340314921
114,2017,0.650298488008767
114,2018,0.65148431969058
114,2019,0.652875703140294
114,2020,0.65425755796301
114,2021,0.655526068346693
114,2022,0.656861662297898
114,2023,0.659398133413326
115,2000,0.574161745393696
115,2001,0.576019026132421
115,2002,0.576684803173387
115,2003,0.578282246045978
115,2004,0.581293613953616
115,2005,0.583951560591585
115,2006,0.586004863996505
115,2007,0.587414885675953
115,2008,0.58905552058272
115,2009,0.588901507779626
115,2010,0.590775737879212
115,2011,0.592184110845585
115,2012,0.593536228032348
115,2013,0.59493390651664
115,2014,0.596224733932139
115,2015,0.599496078424108
115,2016,0.600842897695201
115,2017,0.602161965191232
115,2018,0.597768699851637
115,2019,0.599733124334289
115,2020,0.60074560283953
115,2021,0.601629363445897
115,2022,0.602582691550237
115,2023,0.603012359181649
116,2000,0.65573110897893
116,2001,0.652864226077161
116,2002,0.656922594394539
116,2003,0.653869528687999
116,2004,0.654403758758129
116,2005,0.654842586593383
116,2006,0.655723464051244
116,2007,0.656084430734786
116,2008,0.656455959388309
116,2009,0.656806818971612
116,2010,0.649798910079527
116,2011,0.649675869348151
116,2012,0.648424918758951
116,2013,0.646911976307412
116,2014,0.647063948522814
116,2015,0.646391849208845
116,2016,0.645780419745027
116,2017,0.639073356495977
116,2018,0.637265732206953
116,2019,0.635516997800069
116,2020,0.632866376357062
116,2021,0.636241578970888
116,2022,0.630189614124436
116,2023,0.629396622193046
117,2000,0.506373145070206
117,2001,0.58717414214678
117,2002,0.515027508966591
117,2003,0.517311852358699
117,2004,0.519544107856668
117,2005,0.521726481204226
117,2006,0.523861040602776
117,2007,0.525954284308914
117,2008,0.528155210758012
117,2009,0.530145809405703
117,2010,0.532074599907712
117,2011,0.553332853012515
117,2012,0.555977960071698
117,2013,0.558583505348833
117,2014,0.561140916290037
117,2015,0.563658539611942
117,2016,0.566131456753381
117,2017,0.56856445489213
117,2018,0.570955943385429
117,2019,0.573301573676015
117,2020,0.575600287571709
117,2021,0.577058729530857
117,2022,0.579143316132703
117,2023,0.581177544249157
118,2000,0.535751871508078
118,2001,0.538768246638805
118,2002,0.541513046406681
118,2003,0.544004497742388
118,2004,0.546258256766487
118,2005,0.548271576863003
118,2006,0.550064827214199
118,2007,0.551648215503456
118,2008,0.554983595409291
118,2009,0.557454700390628
118,2010,0.55988516925029
118,2011,0.562247966146996
118,2012,0.564567218419383
118,2013,0.566851435322389
118,2014,0.569095092515445
118,2015,0.571293147745901
118,2016,0.573460266222874
118,2017,0.575591110181614
118,2018,0.577680780769222
118,2019,0.579724776909292
118,2020,0.581730857761025
118,2021,0.583577621700584
118,2022,0.585537101473846
118,2023,0.587461709956511
119,2000,0.538468429902918
119,2001,0.538305046374255
119,2002,0.53824960606379
119,2003,0.538324443770636
119,2004,0.538526523852162
119,2005,0.538863406172981
119,2006,0.539333834417422
119,2007,0.539936069445939
119,2008,0.541206140368533
119,2009,0.54204999715872
119,2010,0.565467499672753
119,2011,0.566360615739167
119,2012,0.567237933851207
119,2013,0.568099776814076
119,2014,0.568946456139931
119,2015,0.569774129338132
119,2016,0.570589348341509
119,2017,0.571371935137928
119,2018,0.572146873033045
119,2019,0.572892147131627
119,2020,0.573610328899074
119,2021,0.574264167478008
119,2022,0.574935805116142
119,2023,0.57558366627184
120,2000,0.541141695711958
120,2001,0.542047007644279
120,2002,0.542811086765721
120,2003,0.543522343421536
120,2004,0.544192788367603
120,2005,0.544823148193496
120,2006,0.545421871226386
120,2007,0.546001833541791
120,2008,0.567071161674025
120,2009,0.568474810606241
120,2010,0.569823257242763
120,2011,0.571267796528126
120,2012,0.572647369696766
120,2013,0.574014341004165
120,2014,0.575365428642603
120,2015,0.576702174298228
120,2016,0.578028350095479
120,2017,0.579340733228223
120,2018,0.580641872428516
120,2019,0.581924215372816
120,2020,0.583190434946663
120,2021,0.584277117994724
120,2022,0.585529120666369
120,2023,0.586760429742128
121,2000,0.451076464023841
121,2001,0.468965642122862
121,2002,0.480490772107651
121,2003,0.487337981399152
121,2004,0.490270512050911
121,2005,0.491375806331738
121,2006,0.492492595401387
121,2007,0.493609191256506
121,2008,0.426441097348519
121,2009,0.426816298638355
121,2010,0.4272523946219
121,2011,0.427707378813216
121,2012,0.428201551868258
121,2013,0.42871392556063
121,2014,0.429244231641358
121,2015,0.429771950087665
121,2016,0.430297106029758
121,2017,0.430799670162804
121,2018,0.431259975594967
121,2019,0.431797846110679
121,2020,0.432412120230555
121,2021,0.432688394826987
121,2022,0.408197214616229
121,2023,0.433727944577128
122,2000,0.598290370742299
122,2001,0.599611472499381
122,2002,0.600944888276785
122,2003,0.602285985569852
122,2004,0.603646748232882
122,2005,0.605012632016601
122,2006,0.606396026287341
122,2007,0.607788472642823
122,2008,0.600565490503298
122,2009,0.601024910593165
122,2010,0.601343068611355
122,2011,0.601888600624433
122,2012,0.602301930354861
122,2013,0.602701773503544
122,2014,0.603085635351761
122,2015,0.603454337645585
122,2016,0.603809995758035
122,2017,0.604156652125834
122,2018,0.6044930873749
122,2019,0.604816797053945
122,2020,0.605127244854136
122,2021,0.605224279385047
122,2022,0.605537429856821
122,2023,0.605839389669053
123,2000,0.491645629252268
123,2001,0.490453621384107
123,2002,0.489501748785511
123,2003,0.48873202228825
123,2004,0.488149952813615
123,2005,0.487766356967167
123,2006,0.487581808649786
123,2007,0.492833513992797
123,2008,0.493035889896201
123,2009,0.493251144549444
123,2010,0.493476260840962
123,2011,0.493705309736977
123,2012,0.493935338161988
123,2013,0.494169259747749
123,2014,0.494407048223761
123,2015,0.494637044634174
123,2016,0.494857846347108
123,2017,0.495059369850625
123,2018,0.495246059893739
123,2019,0.495415105178051
123,2020,0.495557937405127
123,2021,0.496048476187397
123,2022,0.496113044180484
123,2023,0.496151766481143
124,2000,0.695785466027092
124,2001,0.6960890408505
124,2002,0.696422656527507
124,2003,0.696844465370898
124,2004,0.697242521048522
124,2005,0.697467721248487
124,2006,0.697870823523083
124,2007,0.698269354194708
124,2008,0.698661443388168
124,2009,0.699660537565977
124,2010,0.699867131025816
124,2011,0.700460451969601
124,2012,0.700846943181494
124,2013,0.701218594753789
124,2014,0.701575181756732
124,2015,0.701919078188544
124,2016,0.702248919252016
124,2017,0.702560766668565
124,2018,0.702854036067278
124,2019,0.703127405992786
124,2020,0.70337919202191
124,2021,0.706024643717407
124,2022,0.70631367635238
124,2023,0.706583433090323
125,2000,0.592105079965082
125,2001,0.59236126646267
125,2002,0.592340745571336
125,2003,0.592397470304497
125,2004,0.59251565179971
125,2005,0.592692682250941
125,2006,0.592933075617321
125,2007,0.59325556433034
125,2008,0.593698763188987
125,2009,0.594169831808237
125,2010,0.612750647513902
125,2011,0.613349748719998
125,2012,0.613936651482425
125,2013,0.614507601728266
125,2014,0.615059898920136
125,2015,0.615587970198349
125,2016,0.616098939529145
125,2017,0.616586283073565
125,2018,0.617051268912684
125,2019,0.617490348147931
125,2020,0.617900014799642
125,2021,0.618352754571539
125,2022,0.618711883942849
125,2023,0.619042477922954
126,2000,0.586380156110641
126,2001,0.585836585127808
126,2002,0.580344421261923
126,2003,0.579635417999065
126,2004,0.578889643304413
126,2005,0.576756795305091
126,2006,0.575828989806884
126,2007,0.574892544744213
126,2008,0.573947201130063
126,2009,0.591247035916426
126,2010,0.591136480208474
126,2011,0.591032479259981
126,2012,0.590933910544953
126,2013,0.590832263514297
126,2014,0.590717147378286
126,2015,0.590580414273469
126,2016,0.590414306040177
126,2017,0.590213737136026
126,2018,0.589976478329594
126,2019,0.589699179769708
126,2020,0.589377881620928
126,2021,0.590464412249439
126,2022,0.605630227442337
126,2023,0.605769190709002
127,2000,0.610289199141683
127,2001,0.610742817697255
127,2002,0.611162139662833
127,2003,0.611548478056618
127,2004,0.611899420800312
127,2005,0.612212556332874
127,2006,0.612500098528008
127,2007,0.612775020283853
127,2008,0.613032865664759
127,2009,0.599623722022453
127,2010,0.599256364172367
127,2011,0.598895014318406
127,2012,0.598550141842881
127,2013,0.598219821437841
127,2014,0.597904190140314
127,2015,0.597599181418631
127,2016,0.597306992898421
127,2017,0.597031951683499
127,2018,0.596774190873267
127,2019,0.596528535747123
127,2020,0.596292945619182
127,2021,0.596032350404903
127,2022,0.595844758992371
127,2023,0.595668596034281
129,2000,0.398140412832208
129,2001,0.39846399362445
129,2002,0.401085494007406
129,2003,0.402760315588192
129,2004,0.403923277838123
129,2005,0.408612404801282
129,2006,0.410310726627289
129,2007,0.41198182566045
129,2008,0.414174426589297
129,2009,0.415785482399769
129,2010,0.41736848951883
129,2011,0.419103837118576
129,2012,0.420603673938598
129,2013,0.422129761075986
129,2014,0.423601826275226
129,2015,0.425026749993472
129,2016,0.426546797028776
129,2017,0.427911859012088
129,2018,0.42927959186602
129,2019,0.430598529712545
129,2020,0.432113235250515
129,2021,0.43305256932183
129,2022,0.443573324032478
129,2023,0.445169727821341
130,2000,0.387031837025217
130,2001,0.406500651553062
130,2002,0.404488500002638
130,2003,0.406014494045673
130,2004,0.407548669827301
130,2005,0.408782044840977
130,2006,0.410340709097716
130,2007,0.411906043733049
130,2008,0.413776632756734
130,2009,0.41434241703054
130,2010,0.420366053409059
130,2011,0.421437276348186
130,2012,0.425827791714191
130,2013,0.42720327409499
130,2014,0.428513520015343
130,2015,0.429294446103312
130,2016,0.430561289732668
130,2017,0.431825786464343
130,2018,0.433368639684697
130,2019,0.434571527980373
130,2020,0.437623450890501
130,2021,0.438719474964265
130,2022,0.439902481406356
130,2023,0.440790412450129
131,2000,0.451673905616415
131,2001,0.449414445816133
131,2002,0.452938143631206
131,2003,0.455216797753035
131,2004,0.459602778704123
131,2005,0.461303555338693
131,2006,0.460149405709
131,2007,0.46213471585019
131,2008,0.464194590562677
131,2009,0.466124272299741
131,2010,0.468098261743331
131,2011,0.462179458107731
131,2012,0.463352644502211
131,2013,0.462328381768893
131,2014,0.463355236988991
131,2015,0.464127440299107
131,2016,0.464677898024031
131,2017,0.465682857519401
131,2018,0.466378258329512
131,2019,0.467338077035812
131,2020,0.466279341774083
131,2021,0.466981301799177
131,2022,0.467970386445584
131,2023,0.473099051471534
132,2000,0.472369627209513
132,2001,0.452188128856149
132,2002,0.457072828119869
132,2003,0.458472121138894
132,2004,0.462570410832163
132,2005,0.464470366773837
132,2006,0.466164157529941
132,2007,0.472425338513382
132,2008,0.473982936332498
132,2009,0.47074064135462
132,2010,0.472028898774363
132,2011,0.473275864048678
132,2012,0.474494353183511
132,2013,0.4756837073596
132,2014,0.47944493775504
132,2015,0.480557531482826
132,2016,0.481660949332798
132,2017,0.482736346947538
132,2018,0.483789086010174
132,2019,0.485918440724638
132,2020,0.48988944718407
132,2021,0.492615288470315
132,2022,0.489819226622824
132,2023,0.490405147315349
133,2000,0.465190648692971
133,2001,0.464293715148929
133,2002,0.465979482258574
133,2003,0.468683862451337
133,2004,0.474974072170207
133,2005,0.480318938348247
133,2006,0.482779836636549
133,2007,0.485116015805579
133,2008,0.487505514472052
133,2009,0.490192721294189
133,2010,0.492466772686802
133,2011,0.494430420483961
133,2012,0.496580819968441
133,2013,0.498519749124031
133,2014,0.500433406643535
133,2015,0.502420518923835
133,2016,0.504205378270425
133,2017,0.506138780839697
133,2018,0.507764703426218
133,2019,0.507326898309122
133,2020,0.509299966380147
133,2021,0.51633321559944
133,2022,0.517670108824877
133,2023,0.517150487252362
134,2000,0.639126846796091
134,2001,0.644222625975952
134,2002,0.64595130400979
134,2003,0.647892956977651
134,2004,0.649638928448776
134,2005,0.651575236865478
134,2006,0.653439141642144
134,2007,0.655407872583849
134,2008,0.656584882695985
134,2009,0.658495628820877
134,2010,0.640921551071653
134,2011,0.641374910950756
134,2012,0.64170809335665
134,2013,0.642030307101457
134,2014,0.642310368346518
134,2015,0.642525003688518
134,2016,0.642767639258438
134,2017,0.643034542153116
134,2018,0.643262389415737
134,2019,0.647375693507853
134,2020,0.648518489775357
134,2021,0.649305563784394
134,2022,0.650710324277861
134,2023,0.651273290621646
135,2000,0.410551753648212
135,2001,0.409763979860416
135,2002,0.414001100101321
135,2003,0.4142624288035
135,2004,0.415660722249804
135,2005,0.416973836103033
135,2006,0.41831616817184
135,2007,0.419500175043333
135,2008,0.420603631947459
135,2009,0.421803097577915
135,2010,0.423026867826946
135,2011,0.425856206881327
135,2012,0.427069918628152
135,2013,0.428253943413524
135,2014,0.431785431680741
135,2015,0.433536322203546
135,2016,0.43481486508723
135,2017,0.435999840853792
135,2018,0.436812906878842
135,2019,0.438684262487932
135,2020,0.439131780865374
135,2021,0.440412425302736
135,2022,0.439589067232126
135,2023,0.440137443930335
136,2000,0.532074424714025
136,2001,0.515541708079107
136,2002,0.517596096709862
136,2003,0.518510046885011
136,2004,0.516544154595742
136,2005,0.49786016326444
136,2006,0.501684022248323
136,2007,0.503874389179024
136,2008,0.506166211216081
136,2009,0.508236007713242
136,2010,0.511410725830791
136,2011,0.513964561051961
136,2012,0.516052626222468
136,2013,0.518491190752921
136,2014,0.520925900458969
136,2015,0.519608864802615
136,2016,0.521764800707893
136,2017,0.523889117511401
136,2018,0.531371949284383
136,2019,0.530824046877359
136,2020,0.531716942950154
136,2021,0.536103156999972
136,2022,0.537694778712556
136,2023,0.539351724984856
137,2000,0.488139567320195
137,2001,0.49523798354156
137,2002,0.496575847774287
137,2003,0.498994409228851
137,2004,0.494820432749426
137,2005,0.496043308148824
137,2006,0.497435020797436
137,2007,0.499032738583119
137,2008,0.500334037071129
137,2009,0.505124887995859
137,2010,0.506737707497171
137,2011,0.510657925033056
137,2012,0.512191675411432
137,2013,0.513666649339844
137,2014,0.515148364738158
137,2015,0.51661587611746
137,2016,0.517658147075296
137,2017,0.519048445943763
137,2018,0.520409755292016
137,2019,0.521326264850199
137,2020,0.522412663607423
137,2021,0.523604571870027
137,2022,0.524838253641753
137,2023,0.529975743580667
138,2000,0.509199139761733
138,2001,0.50669809955311
138,2002,0.508506201402974
138,2003,0.510634836654158
138,2004,0.50778514882049
138,2005,0.509074566316238
138,2006,0.512796866232056
138,2007,0.514181936286958
138,2008,0.516117226220693
138,2009,0.517443277336947
138,2010,0.518741673010136
138,2011,0.517859318667705
138,2012,0.518985492645642
138,2013,0.520092720855202
138,2014,0.521354172081309
138,2015,0.522450229047955
138,2016,0.523719358497679
138,2017,0.524875957102766
138,2018,0.5316949969744
138,2019,0.532765228005065
138,2020,0.534298001697597
138,2021,0.53531288121029
138,2022,0.53546918290229
138,2023,0.536075951359563
139,2000,0.517930145005155
139,2001,0.518988577835921
139,2002,0.521065849025208
139,2003,0.522713267691977
139,2004,0.524402698460383
139,2005,0.522472703761726
139,2006,0.523983638726023
139,2007,0.524883875406787
139,2008,0.526708231219182
139,2009,0.528320190128346
139,2010,0.529935441595208
139,2011,0.531551595159587
139,2012,0.53162082436586
139,2013,0.533189249854734
139,2014,0.534726763947991
139,2015,0.53622833624058
139,2016,0.541137408134274
139,2017,0.543412961504648
139,2018,0.544738862687853
139,2019,0.532660007114019
139,2020,0.532008796493932
139,2021,0.533658142534097
139,2022,0.536274900863618
139,2023,0.538514853972453
140,2000,0.612440067305608
140,2001,0.608532978179262
140,2002,0.613235579858102
140,2003,0.614249672204721
140,2004,0.615220936031569
140,2005,0.616148769959968
140,2006,0.617033068498903
140,2007,0.611868582213743
140,2008,0.617737152961334
140,2009,0.613962914241249
140,2010,0.614142748254105
140,2011,0.619481536370205
140,2012,0.611540467645917
140,2013,0.612066143075397
140,2014,0.612567330688221
140,2015,0.607871394261759
140,2016,0.60832747542654
140,2017,0.608761374884354
140,2018,0.605131441629082
140,2019,0.60552599007792
140,2020,0.602968767674518
140,2021,0.603342909316198
140,2022,0.600464122774384
140,2023,0.60035449676095
141,2000,0.374874954565645
141,2001,0.375926700014414
141,2002,0.376727079238999
141,2003,0.377485385691139
141,2004,0.378200210874148
141,2005,0.378872377709271
141,2006,0.379504869233932
141,2007,0.380091728650935
141,2008,0.382617319230707
141,2009,0.38302218698101
141,2010,0.383406269297182
141,2011,0.383902053277282
141,2012,0.384361611078766
141,2013,0.384840363335096
141,2014,0.385342255420328
141,2015,0.385864862971386
141,2016,0.386407875763302
141,2017,0.386977192378866
141,2018,0.387572385081022
141,2019,0.388190963142234
141,2020,0.388822322768659
141,2021,0.389462170291904
141,2022,0.390120399548667
141,2023,0.390784650590411
143,2000,0.165539735938565
143,2001,0.16620004674991
143,2002,0.166632433939686
143,2003,0.167062795561927
143,2004,0.171117182540406
143,2005,0.171924016834223
143,2006,0.172697776663412
143,2007,0.173442561554459
143,2008,0.174141860010029
143,2009,0.174803586609316
143,2010,0.175406468927227
143,2011,0.176038163518906
143,2012,0.176667579564329
143,2013,0.17720654929284
143,2014,0.177777514756302
143,2015,0.181704504703992
143,2016,0.182752618624098
143,2017,0.183728200668376
143,2018,0.184651440594485
143,2019,0.185606536170679
143,2020,0.186513946334898
143,2021,0.187398706298416
143,2022,0.188246823983304
143,2023,0.189070004846065
144,2000,0
144,2001,0
144,2002,0
144,2003,0
144,2004,0
144,2005,0
144,2006,0
144,2007,0
144,2008,0
144,2009,0
144,2010,0
144,2011,0
144,2012,0
144,2013,0
144,2014,0
144,2015,0
144,2016,0
144,2017,0
144,2018,0
144,2019,0
144,2020,0
144,2021,0
144,2022,0
144,2023,0
145,2000,0.00825835192524128
145,2001,0.00824168885000469
145,2002,0.00826611773573933
145,2003,0.00826710607162015
145,2004,0.00826710607162015
145,2005,0.00826597654416191
145,2006,0.00802228776644168
145,2007,0.00826357625914311
145,2008,0.00843471008519509
145,2009,0.00844048976459172
145,2010,0.00844570530769849
145,2011,0.00845035679611409
145,2012,0.00845388051779056
145,2013,0.00845655846948245
145,2014,0.00845853165461473
145,2015,0.00845923635486602
145,2016,0.00845853165461473
145,2017,0.00845712224033663
145,2018,0.00845331673003744
145,2019,0.00844894727529633
145,2020,0.00844274516544976
145,2021,0.00846853796786609
145,2022,0.00846755147107779
145,2023,0.00846543751908739
146,2000,0.0803812669691324
146,2001,0.0759279809126323
146,2002,0.0747854056539269
146,2003,0.0747854056539269
146,2004,0.0736306304034661
146,2005,0.072463391812877
146,2006,0.072463391812877
146,2007,0.0712834179137302
146,2008,0.0759279809126323
146,2009,0.0759279809126323
146,2010,0.0759279809126323
146,2011,0.0759279809126323
146,2012,0.0759279809126323
146,2013,0.0759279809126323
146,2014,0.0759279809126323
146,2015,0.0759279809126323
146,2016,0.0825409810781927
146,2017,0.0825409810781927
146,2018,0.0825409810781927
146,2019,0.0781775438922114
146,2020,0.0781775438922114
146,2021,0.0781775438922114
146,2022,0.0781775438922114
146,2023,0.0781775438922114
147,2000,0.454306894756002
147,2001,0.45611506359824
147,2002,0.45792491765603
147,2003,0.459679362876584
147,2004,0.46137978035553
147,2005,0.463026671921
147,2006,0.464629048345213
147,2007,0.466319008044311
147,2008,0.467859355095706
147,2009,0.469362081750047
147,2010,0.470827706235206
147,2011,0.463499597224177
147,2012,0.464603014971704
147,2013,0.465678360428534
147,2014,0.466724829732031
147,2015,0.467740132661044
147,2016,0.468723924374821
147,2017,0.469677343762336
147,2018,0.47059743406721
147,2019,0.471482052313499
147,2020,0.472329105544568
147,2021,0.473062178479882
147,2022,0.473850624628347
147,2023,0.474608568598564
148,2000,0.257363497929258
148,2001,0.260363760079755
148,2002,0.263205578639016
148,2003,0.265475032892659
148,2004,0.279234984718587
148,2005,0.281482917264775
148,2006,0.283723537457184
148,2007,0.311175901477951
148,2008,0.313565860307201
148,2009,0.315856537484026
148,2010,0.303041064537407
148,2011,0.304341249271855
148,2012,0.299399431844905
148,2013,0.300634293332403
148,2014,0.301855214151968
148,2015,0.303041064537407
148,2016,0.304203446706826
148,2017,0.305353468482347
148,2018,0.312627980200517
148,2019,0.31376023244725
148,2020,0.314871143327868
148,2021,0.315751728415642
148,2022,0.316823596073416
148,2023,0.317875597763015
149,2000,0.233143846289329
149,2001,0.233143846289329
149,2002,0.0825409810781927
149,2003,0.0188909879852306
149,2004,0.0188909879852306
149,2005,0.0188909879852306
149,2006,0.072463391812877
149,2007,0.0188909879852306
149,2008,0.0188909879852306
149,2009,0.0188909879852306
149,2010,0.0188909879852306
149,2011,0.0188909879852306
149,2012,0
149,2013,0
149,2014,0
149,2015,0
149,2016,0
149,2017,0
149,2018,0
149,2019,0
149,2020,0
149,2021,0
149,2022,0
149,2023,0
150,2000,0
150,2001,0
150,2002,0
150,2003,0
150,2004,0
150,2005,0
150,2006,0
150,2007,0
150,2008,0
150,2009,0
150,2010,0
150,2011,0
150,2012,0
150,2013,0
150,2014,0
150,2015,0
150,2016,0
150,2017,0
150,2018,0
150,2019,0
150,2020,0
150,2021,0
150,2022,0
150,2023,0
151,2000,0.621986455454592
151,2001,0.624661435112392
151,2002,0.627207504539191
151,2003,0.608685749030458
151,2004,0.608797471041906
151,2005,0.608754657910802
151,2006,0.608594423696865
151,2007,0.608349888850956
151,2008,0.62097185117612
151,2009,0.622295725167699
151,2010,0.623610080919023
151,2011,0.624915068582453
151,2012,0.60315128876291
151,2013,0.602703296614374
151,2014,0.602304834965807
151,2015,0.601958442203083
151,2016,0.601666612432644
151,2017,0.596180293158776
151,2018,0.594752971283643
151,2019,0.593278636523664
151,2020,0.587219419049693
151,2021,0.584862830134659
151,2022,0.582698030513098
151,2023,0.580730533606097
152,2000,0.447903741349666
152,2001,0.4476389804199
152,2002,0.447382506701953
152,2003,0.447109297970166
152,2004,0.446873713357641
152,2005,0.446580009633376
152,2006,0.446354094887097
152,2007,0.46676703951869
152,2008,0.468161898447348
152,2009,0.469585585306104
152,2010,0.455069413058675
152,2011,0.455711185987111
152,2012,0.456348624656991
152,2013,0.456980692735933
152,2014,0.457606920138549
152,2015,0.458226308771618
152,2016,0.458845385476076
152,2017,0.459476921914604
152,2018,0.460118562056382
152,2019,0.460765367531066
152,2020,0.461412514073919
152,2021,0.461999096253611
152,2022,0.462663755802619
152,2023,0.463345432300609
153,2000,0.472807728467854
153,2001,0.472786802711044
153,2002,0.474859589982958
153,2003,0.474859589982958
153,2004,0.47683797520314
153,2005,0.47683797520314
153,2006,0.47683797520314
153,2007,0.476843014673883
153,2008,0.418663835446063
153,2009,0.415146692855034
153,2010,0.411686349432561
153,2011,0.408282741790826
153,2012,0.404935220848898
153,2013,0.401652600580915
153,2014,0.398444229346785
153,2015,0.395319965654559
153,2016,0.392257096863515
153,2017,0.389297599039377
153,2018,0.386394483438482
153,2019,0.383578530368157
153,2020,0.380858801720489
153,2021,0.377792217811045
153,2022,0.375256717751779
153,2023,0.37279231393682
154,2000,0.235569152854749
154,2001,0.236385739372925
154,2002,0.236836748465511
154,2003,0.23733069575408
154,2004,0.237822397319992
154,2005,0.238267467086594
154,2006,0.238267467086594
154,2007,0.239240220728002
154,2008,0.200230301829716
154,2009,0.1972863226738
154,2010,0.19439331403934
154,2011,0.191489258323541
154,2012,0.188575409139339
154,2013,0.185725367087772
154,2014,0.182872334874051
154,2015,0.182872334874051
154,2016,0.182872334874051
154,2017,0.211150733245713
154,2018,0.210693187170195
154,2019,0.230631129191586
154,2020,0.230631129191586
154,2021,0.230631129191586
154,2022,0.215293717120155
154,2023,0.215293717120155
155,2000,0.529814828322685
155,2001,0.531803495950927
155,2002,0.533753220263793
155,2003,0.535762795360871
155,2004,0.537823431285579
155,2005,0.539932520616041
155,2006,0.54207716514018
155,2007,0.544147948169791
155,2008,0.546049881936954
155,2009,0.547742197573892
155,2010,0.549227097221544
155,2011,0.533530427574514
155,2012,0.533763336307332
155,2013,0.533941223970056
155,2014,0.534060325924986
155,2015,0.53412184419
155,2016,0.534133942025824
155,2017,0.534099661308936
155,2018,0.534017948736331
155,2019,0.533888696698003
155,2020,0.533711734589658
155,2021,0.533392471275718
155,2022,0.533125187900617
155,2023,0.532823574851027
156,2000,0.491808949266587
156,2001,0.489971141400469
156,2002,0.48885327695435
156,2003,0.487950590905928
156,2004,0.486582275730898
156,2005,0.485660352238533
156,2006,0.486122296346893
156,2007,0.485196426549817
156,2008,0.489227183741237
156,2009,0.487950590905928
156,2010,0.486735168469287
156,2011,0.485505931356524
156,2012,0.484262561914269
156,2013,0.483083775855976
156,2014,0.481812079224341
156,2015,0.481812079224341
156,2016,0.481812079224341
156,2017,0.477572653911625
156,2018,0.477572653911625
156,2019,0.504127510654056
156,2020,0.504127510654056
156,2021,0.504127510654056
156,2022,0.504127510654056
156,2023,0.504127510654056
157,2000,0.0758179351736572
157,2001,0.0787505595711866
157,2002,0.0806623752135603
157,2003,0.0825409810781927
157,2004,0.0923276249783211
157,2005,0.0940156375195182
157,2006,0.0948498655306907
157,2007,0.0686490919463474
157,2008,0.0654250333289108
157,2009,0.069702767886924
157,2010,0.0609711055787214
157,2011,0.0598283613768964
157,2012,0.0489609728622729
157,2013,0.0489609728622729
157,2014,0.0489609728622729
157,2015,0.0489609728622729
157,2016,0
157,2017,0.0489609728622729
157,2018,0.033999592777445
157,2019,0.033999592777445
157,2020,0.033999592777445
157,2021,0.0632209960104287
157,2022,0.0632209960104287
157,2023,0.0643286292016077
158,2000,0
158,2001,0
158,2002,0
158,2003,0
158,2004,0
158,2005,0
158,2006,0
158,2007,0
158,2008,0
158,2009,0
158,2010,0
158,2011,0
158,2012,0
158,2013,0
158,2014,0
158,2015,0
158,2016,0
158,2017,0
158,2018,0
158,2019,0
158,2020,0
158,2021,0
158,2022,0
158,2023,0
159,2000,0.387911225953581
159,2001,0.378357423878642
159,2002,0.371927190142901
159,2003,0
159,2004,0
159,2005,0
159,2006,0
159,2007,0
159,2008,0.518879742107592
159,2009,0.518879742107592
159,2010,0.518879742107592
159,2011,0.518879742107592
159,2012,0
159,2013,0
159,2014,0
159,2015,0
159,2016,0
159,2017,0
159,2018,0
159,2019,0
159,2020,0
159,2021,0
159,2022,0
159,2023,0
161,2000,0.482902352753952
161,2001,0.482727619987029
161,2002,0.484819731305446
161,2003,0.485837210989333
161,2004,0.486825004509884
161,2005,0.487797183141323
161,2006,0.487797183141323
161,2007,0.487797183141323
161,2008,0.482405372219469
161,2009,0.482769581604712
161,2010,0.483146505320053
161,2011,0.483529063483576
161,2012,0.483910273196456
161,2013,0.484283249086576
161,2014,0.484654943118609
161,2015,0.485011667379498
161,2016,0.485360392364321
161,2017,0.485701191474238
161,2018,0.486034135917828
161,2019,0.486345765980287
161,2020,0.48664975505535
161,2021,0.486629515678478
161,2022,0.486899063107222
161,2023,0.487154512399978
162,2000,0.298365179605181
162,2001,0.30051248285419
162,2002,0.301505904625513
162,2003,0.302794072730985
162,2004,0.303384387014132
162,2005,0.304930927476937
162,2006,0.305949794495493
162,2007,0.307126907945988
162,2008,0.308555194282369
162,2009,0.309564464183344
162,2010,0.310489274059677
162,2011,0.311411851352686
162,2012,0.312309548055554
162,2013,0.313367625876944
162,2014,0.314226241240079
162,2015,0.315123772956005
162,2016,0.315953664646516
162,2017,0.316746479689858
162,2018,0.317596871091416
162,2019,0.324346902708738
162,2020,0.325800177122156
162,2021,0.327151483653577
162,2022,0.328226500498847
162,2023,0.32938789755583
163,2000,0.481313216055822
163,2001,0.481265146678616
163,2002,0.48406852071379
163,2003,0.484771289851987
163,2004,0.485631737019965
163,2005,0.485777847061133
163,2006,0.48693414899495
163,2007,0.487333537420628
163,2008,0.488135988466737
163,2009,0.490663112348367
163,2010,0.490261122847208
163,2011,0.491242760302477
163,2012,0.491677305192213
163,2013,0.492314679830417
163,2014,0.493510262211293
163,2015,0.494526219525679
163,2016,0.495717002225145
163,2017,0.497038332680013
163,2018,0.497381077137645
163,2019,0.497512183064575
163,2020,0.497683808473772
163,2021,0.498390824865217
163,2022,0.499577856904518
163,2023,0.500311155325638
164,2000,0.277119037229505
164,2001,0.280907971995134
164,2002,0.281762842469839
164,2003,0.282034257156053
164,2004,0.284946845634026
164,2005,0.287637952816937
164,2006,0.290841893128523
164,2007,0.29396401649653
164,2008,0.295783253951385
164,2009,0.298117274136885
164,2010,0.299433067189046
164,2011,0.301925092921864
164,2012,0.302699158279754
164,2013,0.304893051378255
164,2014,0.305839757367643
164,2015,0.307217844400531
164,2016,0.309176554391809
164,2017,0.310651108056686
164,2018,0.317413337734438
164,2019,0.319123641573565
164,2020,0.322238570994145
164,2021,0.323705988658118
164,2022,0.325475493022685
164,2023,0.324810481099419
166,2000,0.593126955010544
166,2001,0.593647360372051
166,2002,0.594227382225064
166,2003,0.594861897725411
166,2004,0.595549418621694
166,2005,0.596434785630848
166,2006,0.597321165260449
166,2007,0.598177364816733
166,2008,0.599110921480489
166,2009,0.599937341981174
166,2010,0.600746447378696
166,2011,0.601543685409113
166,2012,0.602322374374962
166,2013,0.603085129461256
166,2014,0.60383551948264
166,2015,0.604574311244162
166,2016,0.605307002171815
166,2017,0.606038041508797
166,2018,0.599408526485705
166,2019,0.599348365701131
166,2020,0.599273597081483
166,2021,0.599581235627279
166,2022,0.59965747364253
166,2023,0.599748628699279
167,2000,0.326741477170049
167,2001,0.330065754376887
167,2002,0.337418060123535
167,2003,0.343325318888935
167,2004,0.357206952710052
167,2005,0.357190771512834
167,2006,0.35728651589681
167,2007,0.357175078342522
167,2008,0.357391149551407
167,2009,0.354997792797292
167,2010,0.354732745608331
167,2011,0.354401317275902
167,2012,0.354255294073108
167,2013,0.353326551245316
167,2014,0.351935985235231
167,2015,0.351890330828079
167,2016,0.351924830862302
167,2017,0.352226964956914
167,2018,0.352730470615832
167,2019,0.353386842496703
167,2020,0.355962459441168
167,2021,0.361781571081725
167,2022,0.362468555228743
167,2023,0.362799787281322
168,2000,0.336920371924952
168,2001,0.340678547485645
168,2002,0.342883201459524
168,2003,0.345614717875958
168,2004,0.345389665720575
168,2005,0.345121073743578
168,2006,0.348112941632693
168,2007,0.349109315430152
168,2008,0.351597674767914
168,2009,0.35263419751287
168,2010,0.353255679261487
168,2011,0.366273465060404
168,2012,0.367627089161641
168,2013,0.368656425750713
168,2014,0.369510379457287
168,2015,0.370595166671953
168,2016,0.371803308383811
168,2017,0.372782385359996
168,2018,0.373931519230292
168,2019,0.374837777343336
168,2020,0.375776253681598
168,2021,0.37661620438836
168,2022,0.379493827656295
168,2023,0.380671273791853
169,2000,0.214903903410609
169,2001,0.243824053915992
169,2002,0.258693460280182
169,2003,0.261052790909347
169,2004,0.264967679927226
169,2005,0.267200378054567
169,2006,0.268215722130891
169,2007,0.2502288083565
169,2008,0.250852580688547
169,2009,0.251214846865199
169,2010,0.252167146160975
169,2011,0.25271526900562
169,2012,0.279468183712384
169,2013,0.279622418084034
169,2014,0.280273016205799
169,2015,0.288906321390732
169,2016,0.290098839513643
169,2017,0.288014080344215
169,2018,0.298736378009269
169,2019,0.299294612981219
169,2020,0.299212627364485
169,2021,0.299678581565138
169,2022,0.303640315971883
169,2023,0.303533844038296
171,2000,0.518355113538603
171,2001,0.531020233601873
171,2002,0.535650408729419
171,2003,0.536993111345514
171,2004,0.538752995214086
171,2005,0.539975430962938
171,2006,0.541408523632081
171,2007,0.542515695831879
171,2008,0.546037060958221
171,2009,0.547342059012092
171,2010,0.548613973442096
171,2011,0.55279784050279
171,2012,0.550607033548091
171,2013,0.551513251557433
171,2014,0.552392284803551
171,2015,0.553241803555561
171,2016,0.554071041862063
171,2017,0.554879104809532
171,2018,0.555671221040461
171,2019,0.556814210172621
171,2020,0.558849232999742
171,2021,0.559723340124025
171,2022,0.560663928093781
171,2023,0.561379541089647
172,2000,0.459030441573801
172,2001,0.469936915938316
172,2002,0.47411859318721
172,2003,0.470508963009213
172,2004,0.471902477553897
172,2005,0.472897131698834
172,2006,0.473900868114613
172,2007,0.474914477681338
172,2008,0.475390445388124
172,2009,0.476525214737641
172,2010,0.477772376022676
172,2011,0.478870505656826
172,2012,0.480050462880149
172,2013,0.48426311051218
172,2014,0.485308439528577
172,2015,0.48566962814576
172,2016,0.486817866536853
172,2017,0.488101932195955
172,2018,0.489029731954057
172,2019,0.490017590961455
172,2020,0.490957779232341
172,2021,0.491861715032245
172,2022,0.49065135528543
172,2023,0.491593758209257
173,2000,0.45356692474623
173,2001,0.452779488369143
173,2002,0.455193550374726
173,2003,0.457568883557224
173,2004,0.457616294943575
173,2005,0.457163109728431
173,2006,0.457662765971362
173,2007,0.458550759624654
173,2008,0.459063341052524
173,2009,0.45958894869124
173,2010,0.460071166439781
173,2011,0.453773752126054
173,2012,0.45510166900425
173,2013,0.455369162619537
173,2014,0.455665663319074
173,2015,0.455930788392188
173,2016,0.456250469820114
173,2017,0.456632888574271
173,2018,0.457833105694234
173,2019,0.458176294690963
173,2020,0.458456384616445
173,2021,0.45885517850408
173,2022,0.459227908472573
173,2023,0.459959162651955
174,2000,0.403037211083056
174,2001,0.405628242731917
174,2002,0.405153389677346
174,2003,0.405551029884186
174,2004,0.405963251074527
174,2005,0.406684260984571
174,2006,0.406719082179861
174,2007,0.406849191593655
174,2008,0.406911456028073
174,2009,0.406948564938098
174,2010,0.407197144446835
174,2011,0.407303819943071
174,2012,0.409797107490945
174,2013,0.409865929804133
174,2014,0.40993200054999
174,2015,0.414030179184263
174,2016,0.41443869527445
174,2017,0.414523091499373
174,2018,0.416575647415457
174,2019,0.41689548473251
174,2020,0.417193259689883
174,2021,0.418435367458005
174,2022,0.419218839349222
174,2023,0.419457357814734
175,2000,0.520439321365531
175,2001,0.520944467987619
175,2002,0.521256887691963
175,2003,0.521229924569903
175,2004,0.522143147022829
175,2005,0.522524370508877
175,2006,0.522871131175779
175,2007,0.523213683156902
175,2008,0.523542220688344
175,2009,0.523843666857232
175,2010,0.524112156175722
175,2011,0.524411394773065
175,2012,0.52469373256108
175,2013,0.524932721923811
175,2014,0.525173387823692
175,2015,0.525485069478742
175,2016,0.525728416883195
175,2017,0.526034868738557
175,2018,0.529882878809823
175,2019,0.530491253508833
175,2020,0.531018520625556
175,2021,0.531533540771414
175,2022,0.532100696057528
175,2023,0.532602016775751
176,2000,0.556229497065008
176,2001,0.55916996415048
176,2002,0.55822283084378
176,2003,0.558292787778876
176,2004,0.558373836948895
176,2005,0.558105626182478
176,2006,0.558122439263719
176,2007,0.558086255462082
176,2008,0.558079928473768
176,2009,0.558069977589467
176,2010,0.557967089114573
176,2011,0.556908364779242
176,2012,0.557259551408001
176,2013,0.557008660286277
176,2014,0.556806922844466
176,2015,0.556540045324997
176,2016,0.556354892138357
176,2017,0.556166105081586
176,2018,0.555992991169176
176,2019,0.555719880690787
176,2020,0.555295906157883
176,2021,0.554918815016202
176,2022,0.561110742324956
176,2023,0.561020707441502
177,2000,0.668480940356992
177,2001,0.668939110569878
177,2002,0.669495669522022
177,2003,0.671028391389812
177,2004,0.671644280741317
177,2005,0.672266607645922
177,2006,0.672785074473919
177,2007,0.67272986960452
177,2008,0.673213284339174
177,2009,0.67367273925972
177,2010,0.674438208855847
177,2011,0.674128189066845
177,2012,0.674746326780273
177,2013,0.675476125676489
177,2014,0.675942694866184
177,2015,0.676392264314813
177,2016,0.676828277427757
177,2017,0.677214869339904
177,2018,0.677778726111237
177,2019,0.67802928516362
177,2020,0.678433647563995
177,2021,0.678796917549241
177,2022,0.680025514593037
177,2023,0.681831425536756
178,2000,0.524226452856286
178,2001,0.52679096520177
178,2002,0.527972888620789
178,2003,0.529850974962854
178,2004,0.528133553441016
178,2005,0.528141032309688
178,2006,0.527697993216499
178,2007,0.528258101855984
178,2008,0.528243734518871
178,2009,0.528151578553278
178,2010,0.52815576480726
178,2011,0.528086303163088
178,2012,0.529915948772337
178,2013,0.52979452362288
178,2014,0.529696182630233
178,2015,0.53026066892916
178,2016,0.530747778408207
178,2017,0.53058967241856
178,2018,0.530811373960686
178,2019,0.530634623759431
178,2020,0.530429426235979
178,2021,0.530129997956972
178,2022,0.531273476782921
178,2023,0.535777050671484
179,2000,0.52531798765011
179,2001,0.526044573548431
179,2002,0.526727468209458
179,2003,0.527525123754946
179,2004,0.527998963408687
179,2005,0.528482009858495
179,2006,0.529501701358711
179,2007,0.531140021072871
179,2008,0.531890256226295
179,2009,0.532497718299193
179,2010,0.532837204822754
179,2011,0.533363702606143
179,2012,0.535950353071247
179,2013,0.536500311050446
179,2014,0.536990296438204
179,2015,0.537630925197843
179,2016,0.538088838221837
179,2017,0.537928834206575
179,2018,0.539791103765466
179,2019,0.540197639636646
179,2020,0.5410589871067
179,2021,0.541462347539106
179,2022,0.542716022806529
179,2023,0.542495477932025
180,2000,0.578928080674653
180,2001,0.579122137392548
180,2002,0.579710713656397
180,2003,0.579852512698813
180,2004,0.580184697957162
180,2005,0.580243393046841
180,2006,0.580517284899148
180,2007,0.580811094276412
180,2008,0.581104404182429
180,2009,0.581423083999088
180,2010,0.583812505471418
180,2011,0.584425597520071
180,2012,0.584904896678835
180,2013,0.585495342301511
180,2014,0.586081136513014
180,2015,0.586660212342534
180,2016,0.58723377399155
180,2017,0.587647323604871
180,2018,0.588173646814615
180,2019,0.588721442991735
180,2020,0.589255309750728
180,2021,0.589733329775771
180,2022,0.592571830903183
180,2023,0.59255362354233
181,2000,0.444710165728372
181,2001,0.44546795738916
181,2002,0.446551894435223
181,2003,0.447345303921352
181,2004,0.448632665519816
181,2005,0.449805100007805
181,2006,0.451071441050198
181,2007,0.451788023552768
181,2008,0.452979735142399
181,2009,0.454164528181758
181,2010,0.464947696691818
181,2011,0.465637171640749
181,2012,0.467484202008253
181,2013,0.468720666617848
181,2014,0.46998480154385
181,2015,0.471293438315667
181,2016,0.472671977041725
181,2017,0.47387749271497
181,2018,0.475090570821456
181,2019,0.476253648956595
181,2020,0.477405951683548
181,2021,0.478503550855256
181,2022,0.479592022725531
181,2023,0.477722978742747
182,2000,0.560477778366811
182,2001,0.560555518807943
182,2002,0.56084697387367
182,2003,0.560913435880989
182,2004,0.561048343307671
182,2005,0.561241908443711
182,2006,0.56188452399685
182,2007,0.562082301908977
182,2008,0.562206608124898
182,2009,0.562293540649997
182,2010,0.57709164066208
182,2011,0.577802404729014
182,2012,0.579664689540571
182,2013,0.580416011246137
182,2014,0.58123964373684
182,2015,0.582298365928776
182,2016,0.583260763459913
182,2017,0.584190285222245
182,2018,0.58534920278267
182,2019,0.585902006062672
182,2020,0.586617658872181
182,2021,0.580533346563998
182,2022,0.580769569753194
182,2023,0.580912594391371
183,2000,0.578464762879278
183,2001,0.579367502510512
183,2002,0.581729210465617
183,2003,0.581906439406832
183,2004,0.586339106030816
183,2005,0.586403888820264
183,2006,0.586847932711111
183,2007,0.58722361865626
183,2008,0.587561070710322
183,2009,0.58788357475729
183,2010,0.588159690696901
183,2011,0.588400678815135
183,2012,0.590706516260929
183,2013,0.5908799887873
183,2014,0.591033303091363
183,2015,0.591139393034382
183,2016,0.591234122285933
183,2017,0.591348002277515
183,2018,0.587562204641731
183,2019,0.587281721634447
183,2020,0.58737950174491
183,2021,0.586999798593684
183,2022,0.587360190695452
183,2023,0.587162177232015
184,2000,0.572437724660116
184,2001,0.572691033245851
184,2002,0.57297183664028
184,2003,0.573164709685432
184,2004,0.572649947617397
184,2005,0.572722101690259
184,2006,0.572768612538428
184,2007,0.572797253415416
184,2008,0.572795362848775
184,2009,0.572757903204866
184,2010,0.571584665390637
184,2011,0.576888933379091
184,2012,0.577245092666188
184,2013,0.577628773627651
184,2014,0.577971768963256
184,2015,0.57828419175091
184,2016,0.578550057621005
184,2017,0.578785076170576
184,2018,0.578974743429247
184,2019,0.579131501127955
184,2020,0.578587939937394
184,2021,0.578568609733101
184,2022,0.576312727817767
184,2023,0.576186701868214
185,2000,0.881429876310229
185,2001,0.898334465068115
185,2002,0.8988813860701
185,2003,0.899098514746691
185,2004,0.898345386951689
185,2005,0.897472536098118
185,2006,0.879465951435414
185,2007,0.88016333290176
185,2008,0.884566323623739
185,2009,0.885197151216176
185,2010,0.879642666327344
185,2011,0.879686799970233
185,2012,0.880119393333001
185,2013,0.880720075017152
185,2014,0.880853678574277
185,2015,0.881163926400524
185,2016,0.88128163875967
185,2017,0.879704967413286
185,2018,0.879403512469532
185,2019,0.879704967413286
185,2020,0.899183076914822
185,2021,0.880915286131594
185,2022,0.883639407545571
185,2023,0.88614265973014
186,2000,0.487287163540671
186,2001,0.461597891363665
186,2002,0.455723028802375
186,2003,0.455692988029301
186,2004,0.457493159751764
186,2005,0.472782903860448
186,2006,0.468938768418605
186,2007,0.467808832063168
186,2008,0.466663424719436
186,2009,0.465743140488348
186,2010,0.46485169134726
186,2011,0.464081527058799
186,2012,0.470141174648719
186,2013,0.469511411841517
186,2014,0.46870390223343
186,2015,0.468134873487146
186,2016,0.469800728165
186,2017,0.469205410975702
186,2018,0.464754188547676
186,2019,0.46422165818835
186,2020,0.464991787698468
186,2021,0.464545679686044
186,2022,0.463903201536037
186,2023,0.463467646744821
187,2000,0.436119064201582
187,2001,0.437204117051792
187,2002,0.438633836248524
187,2003,0.436353215299408
187,2004,0.438380914353711
187,2005,0.438494112013416
187,2006,0.437930278082202
187,2007,0.437924536935679
187,2008,0.438071312799744
187,2009,0.43802151412751
187,2010,0.438059264495023
187,2011,0.437975978365899
187,2012,0.440310601979104
187,2013,0.440275122828928
187,2014,0.440148896214502
187,2015,0.440019528366955
187,2016,0.436371574571257
187,2017,0.435861666669799
187,2018,0.4372177971801
187,2019,0.436680192191262
187,2020,0.436143817230366
187,2021,0.435680997064418
187,2022,0.43508279355133
187,2023,0.437017983249113
188,2000,0.435049575996004
188,2001,0.428425780484257
188,2002,0.417230608913044
188,2003,0.41550611205238
188,2004,0.441953072228474
188,2005,0.443143948111842
188,2006,0.441637456812975
188,2007,0.441557654119626
188,2008,0.442425939669416
188,2009,0.442324737259683
188,2010,0.443537571306212
188,2011,0.443378051078759
188,2012,0.444267890943951
188,2013,0.444048165147654
188,2014,0.443962905349864
188,2015,0.443467068651345
188,2016,0.443167744745392
188,2017,0.442327068643848
188,2018,0.448745517843026
188,2019,0.448747087134562
188,2020,0.448674876145614
188,2021,0.448655088198902
188,2022,0.448601674078901
188,2023,0.514890047478149
189,2000,0.473251737836485
189,2001,0.468963885961434
189,2002,0.468983460700418
189,2003,0.468891502996589
189,2004,0.468822793530086
189,2005,0.468784326938879
189,2006,0.468338357956987
189,2007,0.469864117561241
189,2008,0.469447507516708
189,2009,0.469096132371981
189,2010,0.468847603426827
189,2011,0.468542045454221
189,2012,0.468269794855863
189,2013,0.469002784182557
189,2014,0.468701391104512
189,2015,0.448038625167632
189,2016,0.446874071682631
189,2017,0.445740774511581
189,2018,0.444153141039644
189,2019,0.444887506072361
189,2020,0.445643053547738
189,2021,0.444876360156782
189,2022,0.443850053927611
189,2023,0.442485206570776
190,2000,0.455822390924196
190,2001,0.459410789485435
190,2002,0.462709705809355
190,2003,0.465859266904043
190,2004,0.468884400093318
190,2005,0.47163723561749
190,2006,0.474367131702853
190,2007,0.476973858065919
190,2008,0.466802019596006
190,2009,0.467916661835462
190,2010,0.468891383943044
190,2011,0.553343979964008
190,2012,0.559135669871367
190,2013,0.564028886450689
190,2014,0.568219461343814
190,2015,0.571791847771921
190,2016,0.5748633878205
190,2017,0.577501857460424
190,2018,0.579771343731495
190,2019,0.581725948602841
190,2020,0.583383319850239
190,2021,0.584948875481191
190,2022,0.586165784100107
190,2023,0.587187325202418
191,2000,0.369313166001573
191,2001,0.379003173465635
191,2002,0.371837573076803
191,2003,0.374574542873241
191,2004,0.373436232073195
191,2005,0.374219355386266
191,2006,0.368648350590072
191,2007,0.377546997368515
191,2008,0.378291816005688
191,2009,0.379128687681115
191,2010,0.397887042504648
191,2011,0.398228730682485
191,2012,0.399604492361975
191,2013,0.400943153863408
191,2014,0.404930431135338
191,2015,0.405529769586675
191,2016,0.406277561300806
191,2017,0.408958517543666
191,2018,0.410394652271766
191,2019,0.414280131715402
191,2020,0.415565801344006
191,2021,0.416728305824314
191,2022,0.417674620021908
191,2023,0.421389970306129
192,2000,0.496749439387658
192,2001,0.50343650542586
192,2002,0.500037310366192
192,2003,0.521197484260342
192,2004,0.520587635768597
192,2005,0.522621020578741
192,2006,0.520816434535997
192,2007,0.515000480119441
192,2008,0.51795257328261
192,2009,0.523623424998333
192,2010,0.53484744899821
192,2011,0.537269751213449
192,2012,0.539583180026075
192,2013,0.541960474865706
192,2014,0.543732457590229
192,2015,0.539704538084113
192,2016,0.559118263062379
192,2017,0.561260001552076
192,2018,0.560466670338589
192,2019,0.51218608872552
192,2020,0.509046670750336
192,2021,0.511079973127137
192,2022,0.512823122393435
192,2023,0.514228959292832
193,2000,0.429494880311151
193,2001,0.431725601369771
193,2002,0.433277365403999
193,2003,0.435431337727729
193,2004,0.437623498367978
193,2005,0.43937424725846
193,2006,0.443524495709529
193,2007,0.4458340438275
193,2008,0.448008714611004
193,2009,0.450165586657731
193,2010,0.448747524658809
193,2011,0.45117922654534
193,2012,0.453284533216151
193,2013,0.455154836954098
193,2014,0.457321710550273
193,2015,0.45963085811353
193,2016,0.461698141916463
193,2017,0.463750970072109
193,2018,0.466160479529449
193,2019,0.468808036285918
193,2020,0.471702322758856
193,2021,0.474384085649274
193,2022,0.477098049246766
193,2023,0.479644703695011
194,2000,0.521859187234048
194,2001,0.484477119797082
194,2002,0.497770408436969
194,2003,0.500344111967156
194,2004,0.517212840936683
194,2005,0.525439752811386
194,2006,0.527825355960712
194,2007,0.529901031522449
194,2008,0.528332243071709
194,2009,0.531024465111262
194,2010,0.533466608697427
194,2011,0.5361054108107
194,2012,0.538541594809728
194,2013,0.541540657501331
194,2014,0.55406019170736
194,2015,0.558587591517466
194,2016,0.561831570440699
194,2017,0.566349797348824
194,2018,0.561594908779056
194,2019,0.564675399396975
194,2020,0.567665522236074
194,2021,0.570629428570164
194,2022,0.573597628648481
194,2023,0.57657004760788
195,2000,0.558877529997363
195,2001,0.56114762378144
195,2002,0.562320715826
195,2003,0.572553369992993
195,2004,0.573658919750729
195,2005,0.575902592709343
195,2006,0.578148129237507
195,2007,0.580315127955029
195,2008,0.59271734268527
195,2009,0.595478292732303
195,2010,0.597975797452708
195,2011,0.600304761259977
195,2012,0.602289178444794
195,2013,0.604473284381282
195,2014,0.607111770935312
195,2015,0.6090622069008
195,2016,0.610928746170083
195,2017,0.612892999865149
195,2018,0.621782563469346
195,2019,0.624159290715328
195,2020,0.626526996529612
195,2021,0.62887591841477
195,2022,0.631230636172393
195,2023,0.63360662124497
196,2000,0.6587365408152
196,2001,0.661750391918946
196,2002,0.665784170544668
196,2003,0.668078943744067
196,2004,0.661081944518456
196,2005,0.663453063015075
196,2006,0.666019572070909
196,2007,0.672241519122757
196,2008,0.680862906341111
196,2009,0.682676472987267
196,2010,0.684805501264076
196,2011,0.694346740818217
196,2012,0.697444555603923
196,2013,0.699790806812917
196,2014,0.729627449500487
196,2015,0.732421060873043
196,2016,0.728544127670263
196,2017,0.731036816976434
196,2018,0.738067756377431
196,2019,0.740799603687663
196,2020,0.743509202321793
196,2021,0.746218989193072
196,2022,0.748944063665637
196,2023,0.751703958647375
197,2000,0.506398649548165
197,2001,0.506909863136223
197,2002,0.50658368433235
197,2003,0.508749032161694
197,2004,0.511123639499287
197,2005,0.516708582197594
197,2006,0.527554896884078
197,2007,0.515857988818709
197,2008,0.518255474237466
197,2009,0.520170601774011
197,2010,0.522465774459241
197,2011,0.54034271601044
197,2012,0.542419281084548
197,2013,0.546620708986313
197,2014,0.559309344920659
197,2015,0.562315508961152
197,2016,0.566490453478449
197,2017,0.569574474020128
197,2018,0.572337349608076
197,2019,0.577881200155537
197,2020,0.580656462823343
197,2021,0.583728141597967
197,2022,0.586716774855826
197,2023,0.589256355139104
198,2000,0.305678364037931
198,2001,0.309466870715471
198,2002,0.314560823734425
198,2003,0.317994230640358
198,2004,0.323805999088077
198,2005,0.327390858010972
198,2006,0.32971478603467
198,2007,0.331869023663886
198,2008,0.333978789360435
198,2009,0.335972861881236
198,2010,0.337898697248096
198,2011,0.340033177011644
198,2012,0.342392595168162
198,2013,0.344417178501875
198,2014,0.346475767256727
198,2015,0.348345130632684
198,2016,0.356151975415252
198,2017,0.358148988739321
198,2018,0.376720057906808
198,2019,0.379521837148297
198,2020,0.382439554953202
198,2021,0.384940890360998
198,2022,0.387566956652618
198,2023,0.390079604851636
199,2000,0.410822769706322
199,2001,0.413817446736566
199,2002,0.47153928186815
199,2003,0.474682707906604
199,2004,0.471326137412395
199,2005,0.477094273735556
199,2006,0.491568686391339
199,2007,0.496710990651748
199,2008,0.497913961559446
199,2009,0.501358924262542
199,2010,0.504530180481059
199,2011,0.505287928831214
199,2012,0.503131645111479
199,2013,0.505819535789156
199,2014,0.508821758278726
199,2015,0.511366703425048
199,2016,0.513946974762917
199,2017,0.516554299626776
199,2018,0.519060839135494
199,2019,0.534511919843739
199,2020,0.536429216190966
199,2021,0.539752869827331
199,2022,0.543084133825412
199,2023,0.54621428922046
200,2000,0.367705080228189
200,2001,0.37125103617061
200,2002,0.385000793041931
200,2003,0.384943907810269
200,2004,0.384329421448434
200,2005,0.391383745604208
200,2006,0.399701900949787
200,2007,0.402070321449138
200,2008,0.404460751286433
200,2009,0.406669723833633
200,2010,0.408782920437339
200,2011,0.441009120494534
200,2012,0.443894092287333
200,2013,0.44732617795167
200,2014,0.519979301063342
200,2015,0.522778439231449
200,2016,0.532789992978426
200,2017,0.54079038419177
200,2018,0.545114562451503
200,2019,0.549351797073359
200,2020,0.552663193731085
200,2021,0.556456694327757
200,2022,0.558461002616857
200,2023,0.563413012609641
202,2000,0.519698372774594
202,2001,0.522326009439856
202,2002,0.518054280497399
202,2003,0.51999359779678
202,2004,0.522825591322088
202,2005,0.525149457205244
202,2006,0.527104553013844
202,2007,0.532376910148522
202,2008,0.534588828202575
202,2009,0.536788833510174
202,2010,0.539057103045865
202,2011,0.541217264272868
202,2012,0.551642982099109
202,2013,0.568079146852319
202,2014,0.571372672620332
202,2015,0.574496991923629
202,2016,0.577659836936468
202,2017,0.581173864163748
202,2018,0.584671749426917
202,2019,0.587622249289583
202,2020,0.590547923834399
202,2021,0.59686665064528
202,2022,0.597601078388216
202,2023,0.600587725513196
203,2000,0.672881519533799
203,2001,0.683865089451615
203,2002,0.678957891879186
203,2003,0.680582616647064
203,2004,0.682850884404651
203,2005,0.683450837362351
203,2006,0.686573518121496
203,2007,0.688341389901857
203,2008,0.690058055883619
203,2009,0.691433494047968
203,2010,0.69282878058633
203,2011,0.694382085106316
203,2012,0.691329894581562
203,2013,0.692640878686866
203,2014,0.694020016320373
203,2015,0.695366375906171
203,2016,0.696667075323348
203,2017,0.697917031382965
203,2018,0.698038744269493
203,2019,0.699224286404285
203,2020,0.700654062101593
203,2021,0.701832825572062
203,2022,0.705768897414201
203,2023,0.706497662162946
204,2000,0.710792011514833
204,2001,0.712709715816539
204,2002,0.71672595388109
204,2003,0.718936851894325
204,2004,0.720588684007574
204,2005,0.722879162948618
204,2006,0.725565174920032
204,2007,0.727783042351361
204,2008,0.729946035448226
204,2009,0.731214114106042
204,2010,0.731064232286883
204,2011,0.732702275104257
204,2012,0.73215391995005
204,2013,0.733858151634791
204,2014,0.735539380522662
204,2015,0.737264167871799
204,2016,0.728792805701071
204,2017,0.733198220318891
204,2018,0.734526423272389
204,2019,0.735602339955856
204,2020,0.736774776465134
204,2021,0.737653953814643
204,2022,0.74144074160729
204,2023,0.742031115308977
205,2000,0.505411657218648
205,2001,0.51500875938534
205,2002,0.515263467729318
205,2003,0.515838800737866
205,2004,0.516402955431538
205,2005,0.526590795201349
205,2006,0.526509244848919
205,2007,0.527369553761675
205,2008,0.528237807140966
205,2009,0.529093859543304
205,2010,0.540278600269255
205,2011,0.541403726270683
205,2012,0.542275151992216
205,2013,0.543451258317327
205,2014,0.540196615556756
205,2015,0.540659046938241
205,2016,0.541737684244806
205,2017,0.532637034593447
205,2018,0.533242644547238
205,2019,0.53441327575182
205,2020,0.541260563799592
205,2021,0.54211233947121
205,2022,0.544802482072373
205,2023,0.544029451728985
206,2000,0.513483788815498
206,2001,0.517680471101546
206,2002,0.523366181669876
206,2003,0.525438239550583
206,2004,0.528004800723777
206,2005,0.530301830774978
206,2006,0.532614834940294
206,2007,0.534633008582498
206,2008,0.535302274413987
206,2009,0.537156564339488
206,2010,0.547193096894138
206,2011,0.548891874880385
206,2012,0.552139590886078
206,2013,0.553758388113852
206,2014,0.555422354612306
206,2015,0.556973285134856
206,2016,0.55848891423055
206,2017,0.560160558992827
206,2018,0.561855363326933
206,2019,0.563472374509988
206,2020,0.564882080914313
206,2021,0.567720136754965
206,2022,0.568867297142068
206,2023,0.568616979801919
207,2000,0.630933746542738
207,2001,0.633221697416207
207,2002,0.635228669598568
207,2003,0.63698465805482
207,2004,0.63889487929327
207,2005,0.640138245357715
207,2006,0.641228172254389
207,2007,0.642266664876697
207,2008,0.643161726316502
207,2009,0.643439625006019
207,2010,0.642228839134959
207,2011,0.643388404325769
207,2012,0.643285517280321
207,2013,0.644409353461302
207,2014,0.645514207250929
207,2015,0.646567866524736
207,2016,0.645888616310924
207,2017,0.646872511018333
207,2018,0.647836822754674
207,2019,0.648863223584598
207,2020,0.647564225386483
207,2021,0.651922432982377
207,2022,0.652801021328621
207,2023,0.653778074965277
208,2000,0.956478385150719
208,2001,0.960457992086084
208,2002,0.96409620125195
208,2003,0.967816508831439
208,2004,0.961597042227109
208,2005,0.963361791976522
208,2006,0.96498252938299
208,2007,0.966437709865601
208,2008,0.967739871606255
208,2009,0.968892334170994
208,2010,0.969893654940637
208,2011,0.981774506166063
208,2012,0.983951756130642
208,2013,0.986092216802585
208,2014,0.988190805043117
208,2015,0.990252646878481
208,2016,0.992277504463247
208,2017,0.994262778249139
208,2018,0.996213004410092
208,2019,0.998125247631248
208,2020,1
208,2021,0.993846318522545
208,2022,0.994860209364659
208,2023,0.995845213788066
209,2000,0.696175102722902
209,2001,0.697240228240681
209,2002,0.698028687807451
209,2003,0.709045954300979
209,2004,0.709859481314804
209,2005,0.710482726852372
209,2006,0.711309958113866
209,2007,0.712069907244561
209,2008,0.712805469636529
209,2009,0.7135008885506
209,2010,0.712806666716415
209,2011,0.713366399374731
209,2012,0.725404235432468
209,2013,0.725917128580167
209,2014,0.72633763249962
209,2015,0.727301347618331
209,2016,0.727772620840392
209,2017,0.728554692728823
209,2018,0.728980814277296
209,2019,0.729362504814733
209,2020,0.729410320829057
209,2021,0.729713546551889
209,2022,0.730662471110048
209,2023,0.730905595174559
210,2000,0.642128141225376
210,2001,0.642063534327086
210,2002,0.642333086114177
210,2003,0.6425806927211
210,2004,0.642818848074035
210,2005,0.64226775168618
210,2006,0.642293380767395
210,2007,0.642310828403178
210,2008,0.642344739997358
210,2009,0.642167126374293
210,2010,0.64193064510641
210,2011,0.642573051313913
210,2012,0.642487438270467
210,2013,0.642312433936825
210,2014,0.642185051193364
210,2015,0.642028973607392
210,2016,0.641843947564255
210,2017,0.641622671948937
210,2018,0.641375417016455
210,2019,0.641105416473084
210,2020,0.641009085654923
210,2021,0.640300939413823
210,2022,0.640157821542979
210,2023,0.639722728248507
212,2000,0.59227955436243
212,2001,0.594793396857967
212,2002,0.597265709773073
212,2003,0.59971322601791
212,2004,0.601190714570854
212,2005,0.603615233001298
212,2006,0.606035212330451
212,2007,0.606012007989643
212,2008,0.608523221566024
212,2009,0.610927826511392
212,2010,0.597077433166704
212,2011,0.598697588440859
212,2012,0.600713611690917
212,2013,0.602026346379481
212,2014,0.603312008246259
212,2015,0.604565767697913
212,2016,0.605796301021427
212,2017,0.60701846507502
212,2018,0.607583026813753
212,2019,0.608778813649498
212,2020,0.609950868332144
212,2021,0.611106140281513
212,2022,0.612233553296663
212,2023,0.613344171592637
214,2000,0.505419693110533
214,2001,0.507220372978784
214,2002,0.513212777020031
214,2003,0.515360211807123
214,2004,0.516251881551968
214,2005,0.517898132073673
214,2006,0.519752425847098
214,2007,0.523084546573125
214,2008,0.524453008067553
214,2009,0.525897195925121
214,2010,0.527975871138954
214,2011,0.530139428308073
214,2012,0.532252601122402
214,2013,0.533820985812027
214,2014,0.536168408754016
214,2015,0.538831094287164
214,2016,0.547996849221169
214,2017,0.550561403390781
214,2018,0.550571693691504
214,2019,0.552258282616885
214,2020,0.554581468202292
214,2021,0.556932845131421
214,2022,0.558270354861636
214,2023,0.558736367093468
215,2000,0.543650708027286
215,2001,0.548549940519807
215,2002,0.550922509593176
215,2003,0.550129564924328
215,2004,0.554578409855453
215,2005,0.556638390799822
215,2006,0.564919241197503
215,2007,0.544241908132774
215,2008,0.564960472784433
215,2009,0.567904746620038
215,2010,0.570038687931154
215,2011,0.569561882560131
215,2012,0.573041429222222
215,2013,0.575541404766025
215,2014,0.580842970741769
215,2015,0.582823724160928
215,2016,0.580306400919029
215,2017,0.583392324705222
215,2018,0.589573690394971
215,2019,0.594667222466836
215,2020,0.596310047281356
215,2021,0.598084014157636
215,2022,0.601186766914789
215,2023,0.60508072431516
216,2000,0.555462756028201
216,2001,0.555750165969662
216,2002,0.558714042218316
216,2003,0.559790361011453
216,2004,0.561680268503279
216,2005,0.563306885340107
216,2006,0.558265554924179
216,2007,0.559544269535546
216,2008,0.560924918279225
216,2009,0.562185735894943
216,2010,0.563378929050695
216,2011,0.564516115042128
216,2012,0.565806732077605
216,2013,0.566899275147498
216,2014,0.567838702194677
216,2015,0.56879463953253
216,2016,0.569831516891647
216,2017,0.570754240373923
216,2018,0.571434952496086
216,2019,0.571973834137014
216,2020,0.572800437484325
216,2021,0.575542100079404
216,2022,0.575759715452245
216,2023,0.5765693893872
218,2000,0.135639101028559
218,2001,0.137443476808894
218,2002,0.136621051240812
218,2003,0.137620730100465
218,2004,0.139168423586544
218,2005,0.141172272710448
218,2006,0.141909210139706
218,2007,0.140750694336631
218,2008,0.140334833968369
218,2009,0.140981957763093
218,2010,0.14148912052261
218,2011,0.14225857346091
218,2012,0.142374439250856
218,2013,0.142988227341319
218,2014,0.143601122358373
218,2015,0.144203892478741
218,2016,0.145300853316249
218,2017,0.145891578508882
218,2018,0.146449634165046
218,2019,0.148221166054265
218,2020,0.14887475388532
218,2021,0.149408048134329
218,2022,0.150027391999647
218,2023,0.150628988854319
219,2000,0.367267961189233
219,2001,0.367373934717955
219,2002,0.368067760759753
219,2003,0.36839802368439
219,2004,0.368682441378076
219,2005,0.368936287896865
219,2006,0.369144891514702
219,2007,0.369293648138869
219,2008,0.369412506294751
219,2009,0.369516400134466
219,2010,0.351687314324997
219,2011,0.350720861791428
219,2012,0.349710068062548
219,2013,0.348689738041091
219,2014,0.347641531200695
219,2015,0.346564724909944
219,2016,0.345421492574751
219,2017,0.344266046136597
219,2018,0.343098121787605
219,2019,0.341917447079666
219,2020,0.340723740542967
219,2021,0.340219206093917
219,2022,0.33896715413913
219,2023,0.337740247557613
220,2000,0.717816427298419
220,2001,0.738455724346279
220,2002,0.74030197481417
220,2003,0.741339523837426
220,2004,0.720828023466618
220,2005,0.719405269797968
220,2006,0.72471849355954
220,2007,0.725870421893947
220,2008,0.727346015028874
220,2009,0.726808920111375
220,2010,0.730507034091326
220,2011,0.72676375196932
220,2012,0.728480699433531
220,2013,0.729552813592135
220,2014,0.728415691104683
220,2015,0.728559341480288
220,2016,0.73300246528122
220,2017,0.734546303789883
220,2018,0.736062036257165
220,2019,0.738058872127638
220,2020,0.740170043489311
220,2021,0.74192106601164
220,2022,0.736970237336145
220,2023,0.744547171060155
221,2000,0.653545801282004
221,2001,0.659002709520269
221,2002,0.66678031011581
221,2003,0.667832616913136
221,2004,0.692985462849389
221,2005,0.689647463099709
221,2006,0.687824002649584
221,2007,0.686466522117084
221,2008,0.681954862866605
221,2009,0.67663947305686
221,2010,0.674776290323765
221,2011,0.683182044144822
221,2012,0.684159989824149
221,2013,0.685465062813119
221,2014,0.686782187499701
221,2015,0.68713133995558
221,2016,0.688582426443664
221,2017,0.689200659535781
221,2018,0.689777340608429
221,2019,0.689953992204595
221,2020,0.689980800133014
221,2021,0.690560012800426
221,2022,0.69618133716331
221,2023,0.691504578618036
222,2000,0.425531691600391
222,2001,0.427254102957485
222,2002,0.426552786994408
222,2003,0.42779263690415
222,2004,0.428125192319566
222,2005,0.427771433769577
222,2006,0.429268463920065
222,2007,0.429435727973595
222,2008,0.429553071911268
222,2009,0.429755135974762
222,2010,0.429904208460195
222,2011,0.430076098414996
222,2012,0.432463042812173
222,2013,0.432665999744635
222,2014,0.439489955508173
222,2015,0.440286541544064
222,2016,0.4418073614652
222,2017,0.442592454467742
222,2018,0.443696411018186
222,2019,0.444542366680601
222,2020,0.445367548505834
222,2021,0.44591037076211
222,2022,0.448000588881109
222,2023,0.44905213166988
223,2000,0.292125383778695
223,2001,0.293097384278927
223,2002,0.293618497957109
223,2003,0.294475775702462
223,2004,0.295041162119916
223,2005,0.295298488393025
223,2006,0.295541998910603
223,2007,0.295916692316978
223,2008,0.296309042011522
223,2009,0.296657460947356
223,2010,0.297008036242665
223,2011,0.297441938905202
223,2012,0.298646519951401
223,2013,0.29909290335727
223,2014,0.307930072906831
223,2015,0.309240500644586
223,2016,0.310423045647598
223,2017,0.311510831370637
223,2018,0.312526178434213
223,2019,0.313459009382493
223,2020,0.31434268028852
223,2021,0.315209061498828
223,2022,0.315892530137657
223,2023,0.314619396716017
224,2000,0.29562654324364
224,2001,0.294607908740829
224,2002,0.297494945849709
224,2003,0.300676056379277
224,2004,0.30176309945191
224,2005,0.302573911243674
224,2006,0.303446386826078
224,2007,0.304342345516207
224,2008,0.305392493425319
224,2009,0.306393126661468
224,2010,0.30711668660549
224,2011,0.30785837804376
224,2012,0.310034355989081
224,2013,0.310721478165861
224,2014,0.309608198436152
224,2015,0.31065421400273
224,2016,0.311525837832975
224,2017,0.312329757583286
224,2018,0.312724408815914
224,2019,0.313591693104081
224,2020,0.312800980044309
224,2021,0.313270094674503
224,2022,0.313980400956282
224,2023,0.314639323458178
227,2000,0.708259948081694
227,2001,0.708797849578366
227,2002,0.709292195696838
227,2003,0.70974955911874
227,2004,0.710163238335754
227,2005,0.710532536597869
227,2006,0.71085553064384
227,2007,0.711136178666064
227,2008,0.711386606855525
227,2009,0.71149628178226
227,2010,0.713524549350516
227,2011,0.714443760604388
227,2012,0.715343850447032
227,2013,0.716230870064734
227,2014,0.717108435544301
227,2015,0.717978937445133
227,2016,0.718835880588622
227,2017,0.719681715914122
227,2018,0.720511227847062
227,2019,0.721317205063626
227,2020,0.722094780451268
227,2021,0.722524599786661
227,2022,0.723235428526505
227,2023,0.723909042959344
228,2000,0.720429818502552
228,2001,0.720867189528283
228,2002,0.72128273242466
228,2003,0.72166835955753
228,2004,0.72202106248061
228,2005,0.722349438113063
228,2006,0.722650401412577
228,2007,0.722919236360146
228,2008,0.72317097179191
228,2009,0.722772532011422
228,2010,0.721596680229283
228,2011,0.722084161428868
228,2012,0.722543010639387
228,2013,0.722971935389944
228,2014,0.723372923315944
228,2015,0.723751181976404
228,2016,0.724105314767358
228,2017,0.724438802347774
228,2018,0.724755070769367
228,2019,0.725051037614301
228,2020,0.725328477649871
228,2021,0.725781815847576
228,2022,0.726033385205609
228,2023,0.726274789635493
231,2000,0.447769465304591
231,2001,0.45313179087851
231,2002,0.451812711811199
231,2003,0.456736601219764
231,2004,0.458770031889434
231,2005,0.461308727298835
231,2006,0.463685887164208
231,2007,0.46586857690834
231,2008,0.46540091499686
231,2009,0.46764387928007
231,2010,0.469813102893139
231,2011,0.471962959692854
231,2012,0.469034990478692
231,2013,0.471669179240136
231,2014,0.474420535047817
231,2015,0.477216887743649
231,2016,0.479786767948338
231,2017,0.482075337408859
231,2018,0.485311106311259
231,2019,0.487840200763997
231,2020,0.490240259060581
231,2021,0.492697806009421
231,2022,0.495022097118595
231,2023,0.497043530927235
232,2000,0.483253852195046
232,2001,0.455321999982875
232,2002,0.466095546989071
232,2003,0.462176873840843
232,2004,0.463009054745554
232,2005,0.472703630430816
232,2006,0.471825278059119
232,2007,0.472460880513286
232,2008,0.429087738634173
232,2009,0.429617544537721
232,2010,0.429554923255233
232,2011,0.42961879160536
232,2012,0.411689966768838
232,2013,0.42724241422418
232,2014,0.427189370981029
232,2015,0.427525042508439
232,2016,0.427321420809027
232,2017,0.429394837241249
232,2018,0.429460798404861
232,2019,0.42926679777808
232,2020,0.429510492552317
232,2021,0.429166911823286
232,2022,0.429482027341954
232,2023,0.429233512709132
237,2000,0.455295747901553
237,2001,0.474315248439165
237,2002,0.427668578422854
237,2003,0.43395653095954
237,2004,0.43521124197345
237,2005,0.441352403956239
237,2006,0.438604750215834
237,2007,0.44003893521202
237,2008,0.480631001011417
237,2009,0.480419573132079
237,2010,0.485355984113425
237,2011,0.487810061600911
237,2012,0.483318000533048
237,2013,0.485843764489247
237,2014,0.488073772297787
237,2015,0.488279579268509
237,2016,0.492663046736491
237,2017,0.494734578374054
237,2018,0.489059551423407
237,2019,0.491127647863156
237,2020,0.493377124520627
237,2021,0.494865936699331
237,2022,0.497621918512961
237,2023,0.503502255580347
244,2000,0.637638571698058
244,2001,0.635297988279969
244,2002,0.636324136592407
244,2003,0.637309161993255
244,2004,0.633905217262034
244,2005,0.636738347102456
244,2006,0.637611104673768
244,2007,0.638539146714502
244,2008,0.639362803226453
244,2009,0.640166181827523
244,2010,0.640906552936012
244,2011,0.623512974187098
244,2012,0.624363537314406
244,2013,0.625101781224782
244,2014,0.625101781224782
244,2015,0.625101781224782
244,2016,0.626704487781902
244,2017,0.627147062241862
244,2018,0.627573480504914
244,2019,0.627980351152124
244,2020,0.628362900811561
244,2021,0.62874694182082
244,2022,0.628163944017277
244,2023,0.629429154091364
245,2000,0.35455089418592
245,2001,0.399919534842423
245,2002,0.40093150122919
245,2003,0.401897791039976
245,2004,0.428569225414396
245,2005,0.417802970606174
245,2006,0.418637994816455
245,2007,0.419551448296004
245,2008,0.420350178838333
245,2009,0.421135457478671
245,2010,0.421824534729043
245,2011,0.398224112466274
245,2012,0.438793235464129
245,2013,0.444694278194615
245,2014,0.445151523589707
245,2015,0.453451466229148
245,2016,0.453760910017019
245,2017,0.454181456996243
245,2018,0.454594800076788
245,2019,0.45500101538455
245,2020,0.455394643252855
245,2021,0.455748239143902
245,2022,0.456139161649003
245,2023,0.457926994379703
247,2000,0.464981982633665
247,2001,0.466813180373102
247,2002,0.468971142724505
247,2003,0.471322137676618
247,2004,0.474460886583204
247,2005,0.476609612718287
247,2006,0.478591484385878
247,2007,0.477869952417439
247,2008,0.479790282936251
247,2009,0.481697550069524
247,2010,0.484030353152338
247,2011,0.484892409757864
247,2012,0.486791071584416
247,2013,0.489118528494902
247,2014,0.490891017607281
247,2015,0.492652147875271
247,2016,0.494375233295384
247,2017,0.49606621752034
247,2018,0.49782067163811
247,2019,0.499512220673934
247,2020,0.500696629822103
247,2021,0.502216490073332
247,2022,0.503984883215145
247,2023,0.505414741533314
248,2000,0.405392792623933
248,2001,0.49547803231374
248,2002,0.496487923832392
248,2003,0.497488472290778
248,2004,0.495224079049015
248,2005,0.526440712837589
248,2006,0.527263103325908
248,2007,0.528204309256385
248,2008,0.529261200052947
248,2009,0.52993960765735
248,2010,0.530857903831373
248,2011,0.506787359518885
248,2012,0.542519945468346
248,2013,0.544041604662859
248,2014,0.544526197369739
248,2015,0.533863770991092
248,2016,0.53415981341055
248,2017,0.534572916085877
248,2018,0.534984446828357
248,2019,0.535101739989304
248,2020,0.535511267167987
248,2021,0.535861060415679
248,2022,0.53626772775903
248,2023,0.538050526056544
249,2000,0.402057332038449
249,2001,0.484678608712608
249,2002,0.485711776907342
249,2003,0.486735168469287
249,2004,0.481465072383018
249,2005,0.520233244031346
249,2006,0.52105212179777
249,2007,0.521975200159205
249,2008,0.52270803187176
249,2009,0.523472197959027
249,2010,0.524158964314356
249,2011,0.500354955552267
249,2012,0.549627079862907
249,2013,0.55307353505062
249,2014,0.553541351277928
249,2015,0.552492836536841
249,2016,0.552797400780075
249,2017,0.553211338245119
249,2018,0.553623697429964
249,2019,0.554034490324391
249,2020,0.554443728782072
249,2021,0.554797153807405
249,2022,0.555176478149973
249,2023,0.556973621515862
250,2000,0.638955243560338
250,2001,0.639674041423237
250,2002,0.640340636388168
250,2003,0.640955959984195
250,2004,0.641523889497693
250,2005,0.642049672038275
250,2006,0.642538406940569
250,2007,0.678169477281656
250,2008,0.679800826468691
250,2009,0.68140898081999
250,2010,0.682993572412682
250,2011,0.684555281773113
250,2012,0.686092754344471
250,2013,0.687604719753198
250,2014,0.68908803391818
250,2015,0.690540690749539
250,2016,0.691961744217537
250,2017,0.693351237493375
250,2018,0.694708286574091
250,2019,0.696031135665565
250,2020,0.697318110428709
250,2021,0.698656053657223
250,2022,0.699901753772677
250,2023,0.701114938602886
