"rgn_id","rgn_name","year","labor_force","unit","sector","source"
5,"New Caledonia",2008,120384,"Persons (1)","liv","World Bank"
5,"New Caledonia",2009,122446,"Persons (1)","liv","World Bank"
5,"New Caledonia",2010,124851,"Persons (1)","liv","World Bank"
5,"New Caledonia",2011,127586,"Persons (1)","liv","World Bank"
5,"New Caledonia",2012,130390,"Persons (1)","liv","World Bank"
5,"New Caledonia",2013,133190,"Persons (1)","liv","World Bank"
5,"New Caledonia",2014,135552,"Persons (1)","liv","World Bank"
5,"New Caledonia",2015,134563,"Persons (1)","liv","World Bank"
5,"New Caledonia",2016,132756,"Persons (1)","liv","World Bank"
5,"New Caledonia",2017,130830,"Persons (1)","liv","World Bank"
5,"New Caledonia",2018,128745,"Persons (1)","liv","World Bank"
5,"New Caledonia",2019,126548,"Persons (1)","liv","World Bank"
5,"New Caledonia",2020,127351,"Persons (1)","liv","World Bank"
5,"New Caledonia",2021,128261,"Persons (1)","liv","World Bank"
5,"New Caledonia",2022,129375,"Persons (1)","liv","World Bank"
5,"New Caledonia",2023,130207,"Persons (1)","liv","World Bank"
6,"Vanuatu",2008,98678,"Persons (1)","liv","World Bank"
6,"Vanuatu",2009,97111,"Persons (1)","liv","World Bank"
6,"Vanuatu",2010,94738,"Persons (1)","liv","World Bank"
6,"Vanuatu",2011,96016,"Persons (1)","liv","World Bank"
6,"Vanuatu",2012,97169,"Persons (1)","liv","World Bank"
6,"Vanuatu",2013,98219,"Persons (1)","liv","World Bank"
6,"Vanuatu",2014,99196,"Persons (1)","liv","World Bank"
6,"Vanuatu",2015,100128,"Persons (1)","liv","World Bank"
6,"Vanuatu",2016,101055,"Persons (1)","liv","World Bank"
6,"Vanuatu",2017,102073,"Persons (1)","liv","World Bank"
6,"Vanuatu",2018,103194,"Persons (1)","liv","World Bank"
6,"Vanuatu",2019,104361,"Persons (1)","liv","World Bank"
6,"Vanuatu",2020,105798,"Persons (1)","liv","World Bank"
6,"Vanuatu",2021,108101,"Persons (1)","liv","World Bank"
6,"Vanuatu",2022,112389,"Persons (1)","liv","World Bank"
6,"Vanuatu",2023,115453,"Persons (1)","liv","World Bank"
7,"Solomon Islands",2008,253172,"Persons (1)","liv","World Bank"
7,"Solomon Islands",2009,258276,"Persons (1)","liv","World Bank"
7,"Solomon Islands",2010,265534,"Persons (1)","liv","World Bank"
7,"Solomon Islands",2011,275796,"Persons (1)","liv","World Bank"
7,"Solomon Islands",2012,287115,"Persons (1)","liv","World Bank"
7,"Solomon Islands",2013,298607,"Persons (1)","liv","World Bank"
7,"Solomon Islands",2014,311050,"Persons (1)","liv","World Bank"
7,"Solomon Islands",2015,323862,"Persons (1)","liv","World Bank"
7,"Solomon Islands",2016,336558,"Persons (1)","liv","World Bank"
7,"Solomon Islands",2017,349958,"Persons (1)","liv","World Bank"
7,"Solomon Islands",2018,363790,"Persons (1)","liv","World Bank"
7,"Solomon Islands",2019,375401,"Persons (1)","liv","World Bank"
7,"Solomon Islands",2020,382008,"Persons (1)","liv","World Bank"
7,"Solomon Islands",2021,394292,"Persons (1)","liv","World Bank"
7,"Solomon Islands",2022,410362,"Persons (1)","liv","World Bank"
7,"Solomon Islands",2023,422706,"Persons (1)","liv","World Bank"
13,"Northern Mariana Islands and Guam",2008,70982,"Persons (1)","liv","World Bank"
13,"Northern Mariana Islands and Guam",2009,73751,"Persons (1)","liv","World Bank"
13,"Northern Mariana Islands and Guam",2010,73843,"Persons (1)","liv","World Bank"
13,"Northern Mariana Islands and Guam",2011,75707,"Persons (1)","liv","World Bank"
13,"Northern Mariana Islands and Guam",2012,75987,"Persons (1)","liv","World Bank"
13,"Northern Mariana Islands and Guam",2013,76166,"Persons (1)","liv","World Bank"
13,"Northern Mariana Islands and Guam",2014,76222,"Persons (1)","liv","World Bank"
13,"Northern Mariana Islands and Guam",2015,76181,"Persons (1)","liv","World Bank"
13,"Northern Mariana Islands and Guam",2016,76041,"Persons (1)","liv","World Bank"
13,"Northern Mariana Islands and Guam",2017,75774,"Persons (1)","liv","World Bank"
13,"Northern Mariana Islands and Guam",2018,75463,"Persons (1)","liv","World Bank"
13,"Northern Mariana Islands and Guam",2019,74967,"Persons (1)","liv","World Bank"
13,"Northern Mariana Islands and Guam",2020,73195,"Persons (1)","liv","World Bank"
13,"Northern Mariana Islands and Guam",2021,74285,"Persons (1)","liv","World Bank"
13,"Northern Mariana Islands and Guam",2022,76482,"Persons (1)","liv","World Bank"
13,"Northern Mariana Islands and Guam",2023,77079,"Persons (1)","liv","World Bank"
15,"Philippines",2008,36070857,"Persons (1)","liv","World Bank"
15,"Philippines",2009,37120751,"Persons (1)","liv","World Bank"
15,"Philippines",2010,38110500,"Persons (1)","liv","World Bank"
15,"Philippines",2011,39596984,"Persons (1)","liv","World Bank"
15,"Philippines",2012,40289936,"Persons (1)","liv","World Bank"
15,"Philippines",2013,41114722,"Persons (1)","liv","World Bank"
15,"Philippines",2014,42543143,"Persons (1)","liv","World Bank"
15,"Philippines",2015,42976583,"Persons (1)","liv","World Bank"
15,"Philippines",2016,44089437,"Persons (1)","liv","World Bank"
15,"Philippines",2017,43266495,"Persons (1)","liv","World Bank"
15,"Philippines",2018,44041398,"Persons (1)","liv","World Bank"
15,"Philippines",2019,45267971,"Persons (1)","liv","World Bank"
15,"Philippines",2020,42533348,"Persons (1)","liv","World Bank"
15,"Philippines",2021,44699749,"Persons (1)","liv","World Bank"
15,"Philippines",2022,49481401,"Persons (1)","liv","World Bank"
15,"Philippines",2023,50352675,"Persons (1)","liv","World Bank"
16,"Australia",2008,11241263,"Persons (1)","liv","World Bank"
16,"Australia",2009,11482552,"Persons (1)","liv","World Bank"
16,"Australia",2010,11675443,"Persons (1)","liv","World Bank"
16,"Australia",2011,11857590,"Persons (1)","liv","World Bank"
16,"Australia",2012,12022336,"Persons (1)","liv","World Bank"
16,"Australia",2013,12191663,"Persons (1)","liv","World Bank"
16,"Australia",2014,12332149,"Persons (1)","liv","World Bank"
16,"Australia",2015,12568796,"Persons (1)","liv","World Bank"
16,"Australia",2016,12744765,"Persons (1)","liv","World Bank"
16,"Australia",2017,13022869,"Persons (1)","liv","World Bank"
16,"Australia",2018,13326802,"Persons (1)","liv","World Bank"
16,"Australia",2019,13603127,"Persons (1)","liv","World Bank"
16,"Australia",2020,13599459,"Persons (1)","liv","World Bank"
16,"Australia",2021,13821829,"Persons (1)","liv","World Bank"
16,"Australia",2022,14188083,"Persons (1)","liv","World Bank"
16,"Australia",2023,14590437,"Persons (1)","liv","World Bank"
17,"Papua New Guinea",2008,2382605,"Persons (1)","liv","World Bank"
17,"Papua New Guinea",2009,2348078,"Persons (1)","liv","World Bank"
17,"Papua New Guinea",2010,2306745,"Persons (1)","liv","World Bank"
17,"Papua New Guinea",2011,2402410,"Persons (1)","liv","World Bank"
17,"Papua New Guinea",2012,2495300,"Persons (1)","liv","World Bank"
17,"Papua New Guinea",2013,2590390,"Persons (1)","liv","World Bank"
17,"Papua New Guinea",2014,2677886,"Persons (1)","liv","World Bank"
17,"Papua New Guinea",2015,2772876,"Persons (1)","liv","World Bank"
17,"Papua New Guinea",2016,2870284,"Persons (1)","liv","World Bank"
17,"Papua New Guinea",2017,2971419,"Persons (1)","liv","World Bank"
17,"Papua New Guinea",2018,3078775,"Persons (1)","liv","World Bank"
17,"Papua New Guinea",2019,3181973,"Persons (1)","liv","World Bank"
17,"Papua New Guinea",2020,3255396,"Persons (1)","liv","World Bank"
17,"Papua New Guinea",2021,3374107,"Persons (1)","liv","World Bank"
17,"Papua New Guinea",2022,3494880,"Persons (1)","liv","World Bank"
17,"Papua New Guinea",2023,3574855,"Persons (1)","liv","World Bank"
18,"Fiji",2008,372107,"Persons (1)","liv","World Bank"
18,"Fiji",2009,381668,"Persons (1)","liv","World Bank"
18,"Fiji",2010,391050,"Persons (1)","liv","World Bank"
18,"Fiji",2011,400338,"Persons (1)","liv","World Bank"
18,"Fiji",2012,393952,"Persons (1)","liv","World Bank"
18,"Fiji",2013,386863,"Persons (1)","liv","World Bank"
18,"Fiji",2014,379358,"Persons (1)","liv","World Bank"
18,"Fiji",2015,376446,"Persons (1)","liv","World Bank"
18,"Fiji",2016,373395,"Persons (1)","liv","World Bank"
18,"Fiji",2017,373595,"Persons (1)","liv","World Bank"
18,"Fiji",2018,373819,"Persons (1)","liv","World Bank"
18,"Fiji",2019,374646,"Persons (1)","liv","World Bank"
18,"Fiji",2020,372158,"Persons (1)","liv","World Bank"
18,"Fiji",2021,375714,"Persons (1)","liv","World Bank"
18,"Fiji",2022,381496,"Persons (1)","liv","World Bank"
18,"Fiji",2023,384983,"Persons (1)","liv","World Bank"
20,"South Korea",2008,24606329,"Persons (1)","liv","World Bank"
20,"South Korea",2009,24664943,"Persons (1)","liv","World Bank"
20,"South Korea",2010,24998081,"Persons (1)","liv","World Bank"
20,"South Korea",2011,25497708,"Persons (1)","liv","World Bank"
20,"South Korea",2012,25940388,"Persons (1)","liv","World Bank"
20,"South Korea",2013,26335094,"Persons (1)","liv","World Bank"
20,"South Korea",2014,27115956,"Persons (1)","liv","World Bank"
20,"South Korea",2015,27531028,"Persons (1)","liv","World Bank"
20,"South Korea",2016,27791833,"Persons (1)","liv","World Bank"
20,"South Korea",2017,28106594,"Persons (1)","liv","World Bank"
20,"South Korea",2018,28257879,"Persons (1)","liv","World Bank"
20,"South Korea",2019,28561856,"Persons (1)","liv","World Bank"
20,"South Korea",2020,28369827,"Persons (1)","liv","World Bank"
20,"South Korea",2021,28560792,"Persons (1)","liv","World Bank"
20,"South Korea",2022,29201402,"Persons (1)","liv","World Bank"
20,"South Korea",2023,29587631,"Persons (1)","liv","World Bank"
21,"North Korea",2008,15722620,"Persons (1)","liv","World Bank"
21,"North Korea",2009,15889779,"Persons (1)","liv","World Bank"
21,"North Korea",2010,16054223,"Persons (1)","liv","World Bank"
21,"North Korea",2011,16213087,"Persons (1)","liv","World Bank"
21,"North Korea",2012,16367588,"Persons (1)","liv","World Bank"
21,"North Korea",2013,16518223,"Persons (1)","liv","World Bank"
21,"North Korea",2014,16664646,"Persons (1)","liv","World Bank"
21,"North Korea",2015,16812704,"Persons (1)","liv","World Bank"
21,"North Korea",2016,16930733,"Persons (1)","liv","World Bank"
21,"North Korea",2017,17067992,"Persons (1)","liv","World Bank"
21,"North Korea",2018,17195707,"Persons (1)","liv","World Bank"
21,"North Korea",2019,17289083,"Persons (1)","liv","World Bank"
21,"North Korea",2020,17099031,"Persons (1)","liv","World Bank"
21,"North Korea",2021,17177096,"Persons (1)","liv","World Bank"
21,"North Korea",2022,17506142,"Persons (1)","liv","World Bank"
21,"North Korea",2023,17574071,"Persons (1)","liv","World Bank"
24,"Cambodia",2008,7248715,"Persons (1)","liv","World Bank"
24,"Cambodia",2009,7740705,"Persons (1)","liv","World Bank"
24,"Cambodia",2010,8200397,"Persons (1)","liv","World Bank"
24,"Cambodia",2011,8456181,"Persons (1)","liv","World Bank"
24,"Cambodia",2012,8380660,"Persons (1)","liv","World Bank"
24,"Cambodia",2013,8249987,"Persons (1)","liv","World Bank"
24,"Cambodia",2014,8400442,"Persons (1)","liv","World Bank"
24,"Cambodia",2015,8465622,"Persons (1)","liv","World Bank"
24,"Cambodia",2016,8833454,"Persons (1)","liv","World Bank"
24,"Cambodia",2017,8936644,"Persons (1)","liv","World Bank"
24,"Cambodia",2018,9128295,"Persons (1)","liv","World Bank"
24,"Cambodia",2019,9329599,"Persons (1)","liv","World Bank"
24,"Cambodia",2020,9480039,"Persons (1)","liv","World Bank"
24,"Cambodia",2021,9341945,"Persons (1)","liv","World Bank"
24,"Cambodia",2022,9572466,"Persons (1)","liv","World Bank"
24,"Cambodia",2023,9740379,"Persons (1)","liv","World Bank"
25,"Thailand",2008,38956147,"Persons (1)","liv","World Bank"
25,"Thailand",2009,39417409,"Persons (1)","liv","World Bank"
25,"Thailand",2010,39244294,"Persons (1)","liv","World Bank"
25,"Thailand",2011,40584009,"Persons (1)","liv","World Bank"
25,"Thailand",2012,40844641,"Persons (1)","liv","World Bank"
25,"Thailand",2013,39678084,"Persons (1)","liv","World Bank"
25,"Thailand",2014,39964948,"Persons (1)","liv","World Bank"
25,"Thailand",2015,40014953,"Persons (1)","liv","World Bank"
25,"Thailand",2016,39822992,"Persons (1)","liv","World Bank"
25,"Thailand",2017,39720340,"Persons (1)","liv","World Bank"
25,"Thailand",2018,40193292,"Persons (1)","liv","World Bank"
25,"Thailand",2019,39952678,"Persons (1)","liv","World Bank"
25,"Thailand",2020,40252816,"Persons (1)","liv","World Bank"
25,"Thailand",2021,40439671,"Persons (1)","liv","World Bank"
25,"Thailand",2022,40754978,"Persons (1)","liv","World Bank"
25,"Thailand",2023,40729354,"Persons (1)","liv","World Bank"
28,"Comoro Islands",2008,153038,"Persons (1)","liv","World Bank"
28,"Comoro Islands",2009,159104,"Persons (1)","liv","World Bank"
28,"Comoro Islands",2010,165266,"Persons (1)","liv","World Bank"
28,"Comoro Islands",2011,171513,"Persons (1)","liv","World Bank"
28,"Comoro Islands",2012,177826,"Persons (1)","liv","World Bank"
28,"Comoro Islands",2013,183981,"Persons (1)","liv","World Bank"
28,"Comoro Islands",2014,189935,"Persons (1)","liv","World Bank"
28,"Comoro Islands",2015,198371,"Persons (1)","liv","World Bank"
28,"Comoro Islands",2016,207002,"Persons (1)","liv","World Bank"
28,"Comoro Islands",2017,215982,"Persons (1)","liv","World Bank"
28,"Comoro Islands",2018,225278,"Persons (1)","liv","World Bank"
28,"Comoro Islands",2019,234738,"Persons (1)","liv","World Bank"
28,"Comoro Islands",2020,242808,"Persons (1)","liv","World Bank"
28,"Comoro Islands",2021,253795,"Persons (1)","liv","World Bank"
28,"Comoro Islands",2022,262624,"Persons (1)","liv","World Bank"
28,"Comoro Islands",2023,268470,"Persons (1)","liv","World Bank"
37,"Mauritius",2008,563956,"Persons (1)","liv","World Bank"
37,"Mauritius",2009,571049,"Persons (1)","liv","World Bank"
37,"Mauritius",2010,584117,"Persons (1)","liv","World Bank"
37,"Mauritius",2011,581250,"Persons (1)","liv","World Bank"
37,"Mauritius",2012,588857,"Persons (1)","liv","World Bank"
37,"Mauritius",2013,603297,"Persons (1)","liv","World Bank"
37,"Mauritius",2014,610180,"Persons (1)","liv","World Bank"
37,"Mauritius",2015,618312,"Persons (1)","liv","World Bank"
37,"Mauritius",2016,615224,"Persons (1)","liv","World Bank"
37,"Mauritius",2017,621819,"Persons (1)","liv","World Bank"
37,"Mauritius",2018,619649,"Persons (1)","liv","World Bank"
37,"Mauritius",2019,628757,"Persons (1)","liv","World Bank"
37,"Mauritius",2020,593579,"Persons (1)","liv","World Bank"
37,"Mauritius",2021,565266,"Persons (1)","liv","World Bank"
37,"Mauritius",2022,598345,"Persons (1)","liv","World Bank"
37,"Mauritius",2023,595664,"Persons (1)","liv","World Bank"
39,"Maldives",2008,126861,"Persons (1)","liv","World Bank"
39,"Maldives",2009,133007,"Persons (1)","liv","World Bank"
39,"Maldives",2010,142222,"Persons (1)","liv","World Bank"
39,"Maldives",2011,151492,"Persons (1)","liv","World Bank"
39,"Maldives",2012,160763,"Persons (1)","liv","World Bank"
39,"Maldives",2013,170009,"Persons (1)","liv","World Bank"
39,"Maldives",2014,179414,"Persons (1)","liv","World Bank"
39,"Maldives",2015,189498,"Persons (1)","liv","World Bank"
39,"Maldives",2016,200238,"Persons (1)","liv","World Bank"
39,"Maldives",2017,214154,"Persons (1)","liv","World Bank"
39,"Maldives",2018,228449,"Persons (1)","liv","World Bank"
39,"Maldives",2019,243098,"Persons (1)","liv","World Bank"
39,"Maldives",2020,248221,"Persons (1)","liv","World Bank"
39,"Maldives",2021,262520,"Persons (1)","liv","World Bank"
39,"Maldives",2022,265328,"Persons (1)","liv","World Bank"
39,"Maldives",2023,266679,"Persons (1)","liv","World Bank"
40,"Sri Lanka",2008,8251260,"Persons (1)","liv","World Bank"
40,"Sri Lanka",2009,8275626,"Persons (1)","liv","World Bank"
40,"Sri Lanka",2010,8298948,"Persons (1)","liv","World Bank"
40,"Sri Lanka",2011,8295313,"Persons (1)","liv","World Bank"
40,"Sri Lanka",2012,8326733,"Persons (1)","liv","World Bank"
40,"Sri Lanka",2013,8033442,"Persons (1)","liv","World Bank"
40,"Sri Lanka",2014,8054629,"Persons (1)","liv","World Bank"
40,"Sri Lanka",2015,8475356,"Persons (1)","liv","World Bank"
40,"Sri Lanka",2016,8605342,"Persons (1)","liv","World Bank"
40,"Sri Lanka",2017,8776309,"Persons (1)","liv","World Bank"
40,"Sri Lanka",2018,8523299,"Persons (1)","liv","World Bank"
40,"Sri Lanka",2019,8697166,"Persons (1)","liv","World Bank"
40,"Sri Lanka",2020,8485010,"Persons (1)","liv","World Bank"
40,"Sri Lanka",2021,8500316,"Persons (1)","liv","World Bank"
40,"Sri Lanka",2022,8527218,"Persons (1)","liv","World Bank"
40,"Sri Lanka",2023,8526051,"Persons (1)","liv","World Bank"
41,"Mozambique",2008,9917392,"Persons (1)","liv","World Bank"
41,"Mozambique",2009,10084048,"Persons (1)","liv","World Bank"
41,"Mozambique",2010,10258571,"Persons (1)","liv","World Bank"
41,"Mozambique",2011,10455626,"Persons (1)","liv","World Bank"
41,"Mozambique",2012,10674835,"Persons (1)","liv","World Bank"
41,"Mozambique",2013,10904633,"Persons (1)","liv","World Bank"
41,"Mozambique",2014,11146461,"Persons (1)","liv","World Bank"
41,"Mozambique",2015,11397352,"Persons (1)","liv","World Bank"
41,"Mozambique",2016,11755477,"Persons (1)","liv","World Bank"
41,"Mozambique",2017,12134320,"Persons (1)","liv","World Bank"
41,"Mozambique",2018,12521941,"Persons (1)","liv","World Bank"
41,"Mozambique",2019,12913044,"Persons (1)","liv","World Bank"
41,"Mozambique",2020,13199887,"Persons (1)","liv","World Bank"
41,"Mozambique",2021,13620803,"Persons (1)","liv","World Bank"
41,"Mozambique",2022,14222393,"Persons (1)","liv","World Bank"
41,"Mozambique",2023,14675340,"Persons (1)","liv","World Bank"
42,"Madagascar",2008,10039628,"Persons (1)","liv","World Bank"
42,"Madagascar",2009,10383736,"Persons (1)","liv","World Bank"
42,"Madagascar",2010,10741659,"Persons (1)","liv","World Bank"
42,"Madagascar",2011,11113290,"Persons (1)","liv","World Bank"
42,"Madagascar",2012,11497278,"Persons (1)","liv","World Bank"
42,"Madagascar",2013,11892464,"Persons (1)","liv","World Bank"
42,"Madagascar",2014,12293186,"Persons (1)","liv","World Bank"
42,"Madagascar",2015,12695269,"Persons (1)","liv","World Bank"
42,"Madagascar",2016,13083110,"Persons (1)","liv","World Bank"
42,"Madagascar",2017,13476948,"Persons (1)","liv","World Bank"
42,"Madagascar",2018,13878748,"Persons (1)","liv","World Bank"
42,"Madagascar",2019,14288402,"Persons (1)","liv","World Bank"
42,"Madagascar",2020,14580621,"Persons (1)","liv","World Bank"
42,"Madagascar",2021,15102009,"Persons (1)","liv","World Bank"
42,"Madagascar",2022,15576306,"Persons (1)","liv","World Bank"
42,"Madagascar",2023,16036576,"Persons (1)","liv","World Bank"
43,"Kenya",2008,16164677,"Persons (1)","liv","World Bank"
43,"Kenya",2009,16722895,"Persons (1)","liv","World Bank"
43,"Kenya",2010,17284448,"Persons (1)","liv","World Bank"
43,"Kenya",2011,17856484,"Persons (1)","liv","World Bank"
43,"Kenya",2012,18441629,"Persons (1)","liv","World Bank"
43,"Kenya",2013,19043674,"Persons (1)","liv","World Bank"
43,"Kenya",2014,19660028,"Persons (1)","liv","World Bank"
43,"Kenya",2015,20289697,"Persons (1)","liv","World Bank"
43,"Kenya",2016,20945264,"Persons (1)","liv","World Bank"
43,"Kenya",2017,20982904,"Persons (1)","liv","World Bank"
43,"Kenya",2018,20958591,"Persons (1)","liv","World Bank"
43,"Kenya",2019,20875750,"Persons (1)","liv","World Bank"
43,"Kenya",2020,21254171,"Persons (1)","liv","World Bank"
43,"Kenya",2021,22012863,"Persons (1)","liv","World Bank"
43,"Kenya",2022,22574747,"Persons (1)","liv","World Bank"
43,"Kenya",2023,23184849,"Persons (1)","liv","World Bank"
44,"Somalia",2008,2062717,"Persons (1)","liv","World Bank"
44,"Somalia",2009,2117345,"Persons (1)","liv","World Bank"
44,"Somalia",2010,2173391,"Persons (1)","liv","World Bank"
44,"Somalia",2011,2197144,"Persons (1)","liv","World Bank"
44,"Somalia",2012,2225499,"Persons (1)","liv","World Bank"
44,"Somalia",2013,2301134,"Persons (1)","liv","World Bank"
44,"Somalia",2014,2387002,"Persons (1)","liv","World Bank"
44,"Somalia",2015,2472573,"Persons (1)","liv","World Bank"
44,"Somalia",2016,2571576,"Persons (1)","liv","World Bank"
44,"Somalia",2017,2676475,"Persons (1)","liv","World Bank"
44,"Somalia",2018,2776582,"Persons (1)","liv","World Bank"
44,"Somalia",2019,2883798,"Persons (1)","liv","World Bank"
44,"Somalia",2020,2972858,"Persons (1)","liv","World Bank"
44,"Somalia",2021,3090392,"Persons (1)","liv","World Bank"
44,"Somalia",2022,3209810,"Persons (1)","liv","World Bank"
44,"Somalia",2023,3318488,"Persons (1)","liv","World Bank"
45,"Eritrea",2008,1279777,"Persons (1)","liv","World Bank"
45,"Eritrea",2009,1316115,"Persons (1)","liv","World Bank"
45,"Eritrea",2010,1344056,"Persons (1)","liv","World Bank"
45,"Eritrea",2011,1370456,"Persons (1)","liv","World Bank"
45,"Eritrea",2012,1390071,"Persons (1)","liv","World Bank"
45,"Eritrea",2013,1411308,"Persons (1)","liv","World Bank"
45,"Eritrea",2014,1413680,"Persons (1)","liv","World Bank"
45,"Eritrea",2015,1419966,"Persons (1)","liv","World Bank"
45,"Eritrea",2016,1426498,"Persons (1)","liv","World Bank"
45,"Eritrea",2017,1441854,"Persons (1)","liv","World Bank"
45,"Eritrea",2018,1464433,"Persons (1)","liv","World Bank"
45,"Eritrea",2019,1493025,"Persons (1)","liv","World Bank"
45,"Eritrea",2020,1511734,"Persons (1)","liv","World Bank"
45,"Eritrea",2021,1565482,"Persons (1)","liv","World Bank"
45,"Eritrea",2022,1619790,"Persons (1)","liv","World Bank"
45,"Eritrea",2023,1663860,"Persons (1)","liv","World Bank"
46,"Djibouti",2008,188875,"Persons (1)","liv","World Bank"
46,"Djibouti",2009,193385,"Persons (1)","liv","World Bank"
46,"Djibouti",2010,197854,"Persons (1)","liv","World Bank"
46,"Djibouti",2011,202246,"Persons (1)","liv","World Bank"
46,"Djibouti",2012,206626,"Persons (1)","liv","World Bank"
46,"Djibouti",2013,211017,"Persons (1)","liv","World Bank"
46,"Djibouti",2014,215430,"Persons (1)","liv","World Bank"
46,"Djibouti",2015,219843,"Persons (1)","liv","World Bank"
46,"Djibouti",2016,224255,"Persons (1)","liv","World Bank"
46,"Djibouti",2017,228680,"Persons (1)","liv","World Bank"
46,"Djibouti",2018,233085,"Persons (1)","liv","World Bank"
46,"Djibouti",2019,237422,"Persons (1)","liv","World Bank"
46,"Djibouti",2020,237430,"Persons (1)","liv","World Bank"
46,"Djibouti",2021,244027,"Persons (1)","liv","World Bank"
46,"Djibouti",2022,254258,"Persons (1)","liv","World Bank"
46,"Djibouti",2023,260365,"Persons (1)","liv","World Bank"
47,"Yemen",2008,5624158,"Persons (1)","liv","World Bank"
47,"Yemen",2009,5811858,"Persons (1)","liv","World Bank"
47,"Yemen",2010,6001445,"Persons (1)","liv","World Bank"
47,"Yemen",2011,6114378,"Persons (1)","liv","World Bank"
47,"Yemen",2012,6230735,"Persons (1)","liv","World Bank"
47,"Yemen",2013,6349911,"Persons (1)","liv","World Bank"
47,"Yemen",2014,6474957,"Persons (1)","liv","World Bank"
47,"Yemen",2015,5811186,"Persons (1)","liv","World Bank"
47,"Yemen",2016,6046576,"Persons (1)","liv","World Bank"
47,"Yemen",2017,6282112,"Persons (1)","liv","World Bank"
47,"Yemen",2018,6509397,"Persons (1)","liv","World Bank"
47,"Yemen",2019,6738936,"Persons (1)","liv","World Bank"
47,"Yemen",2020,6888780,"Persons (1)","liv","World Bank"
47,"Yemen",2021,7058172,"Persons (1)","liv","World Bank"
47,"Yemen",2022,7380030,"Persons (1)","liv","World Bank"
47,"Yemen",2023,7630735,"Persons (1)","liv","World Bank"
48,"Oman",2008,1076788,"Persons (1)","liv","World Bank"
48,"Oman",2009,1126504,"Persons (1)","liv","World Bank"
48,"Oman",2010,1186851,"Persons (1)","liv","World Bank"
48,"Oman",2011,1438861,"Persons (1)","liv","World Bank"
48,"Oman",2012,1810089,"Persons (1)","liv","World Bank"
48,"Oman",2013,2026878,"Persons (1)","liv","World Bank"
48,"Oman",2014,2136663,"Persons (1)","liv","World Bank"
48,"Oman",2015,2256906,"Persons (1)","liv","World Bank"
48,"Oman",2016,2400417,"Persons (1)","liv","World Bank"
48,"Oman",2017,2489752,"Persons (1)","liv","World Bank"
48,"Oman",2018,2496264,"Persons (1)","liv","World Bank"
48,"Oman",2019,2430621,"Persons (1)","liv","World Bank"
48,"Oman",2020,2203249,"Persons (1)","liv","World Bank"
48,"Oman",2021,2156841,"Persons (1)","liv","World Bank"
48,"Oman",2022,2362990,"Persons (1)","liv","World Bank"
48,"Oman",2023,2560549,"Persons (1)","liv","World Bank"
49,"Sudan",2008,8975910,"Persons (1)","liv","World Bank"
49,"Sudan",2009,9307983,"Persons (1)","liv","World Bank"
49,"Sudan",2010,9560739,"Persons (1)","liv","World Bank"
49,"Sudan",2011,9764043,"Persons (1)","liv","World Bank"
49,"Sudan",2012,9805139,"Persons (1)","liv","World Bank"
49,"Sudan",2013,9848202,"Persons (1)","liv","World Bank"
49,"Sudan",2014,9937811,"Persons (1)","liv","World Bank"
49,"Sudan",2015,10078437,"Persons (1)","liv","World Bank"
49,"Sudan",2016,10208465,"Persons (1)","liv","World Bank"
49,"Sudan",2017,10402701,"Persons (1)","liv","World Bank"
49,"Sudan",2018,10608330,"Persons (1)","liv","World Bank"
49,"Sudan",2019,10731215,"Persons (1)","liv","World Bank"
49,"Sudan",2020,10722637,"Persons (1)","liv","World Bank"
49,"Sudan",2021,10795370,"Persons (1)","liv","World Bank"
49,"Sudan",2022,10949089,"Persons (1)","liv","World Bank"
49,"Sudan",2023,10949089,"Persons (1)","liv","World Bank"
50,"Saudi Arabia",2008,8067087,"Persons (1)","liv","World Bank"
50,"Saudi Arabia",2009,8586196,"Persons (1)","liv","World Bank"
50,"Saudi Arabia",2010,8924741,"Persons (1)","liv","World Bank"
50,"Saudi Arabia",2011,9790087,"Persons (1)","liv","World Bank"
50,"Saudi Arabia",2012,10684948,"Persons (1)","liv","World Bank"
50,"Saudi Arabia",2013,11714121,"Persons (1)","liv","World Bank"
50,"Saudi Arabia",2014,12334605,"Persons (1)","liv","World Bank"
50,"Saudi Arabia",2015,13349016,"Persons (1)","liv","World Bank"
50,"Saudi Arabia",2016,14104287,"Persons (1)","liv","World Bank"
50,"Saudi Arabia",2017,13674850,"Persons (1)","liv","World Bank"
50,"Saudi Arabia",2018,13337661,"Persons (1)","liv","World Bank"
50,"Saudi Arabia",2019,13661774,"Persons (1)","liv","World Bank"
50,"Saudi Arabia",2020,14673206,"Persons (1)","liv","World Bank"
50,"Saudi Arabia",2021,14623461,"Persons (1)","liv","World Bank"
50,"Saudi Arabia",2022,15469059,"Persons (1)","liv","World Bank"
50,"Saudi Arabia",2023,16333363,"Persons (1)","liv","World Bank"
51,"Kuwait",2008,1374046,"Persons (1)","liv","World Bank"
51,"Kuwait",2009,1462198,"Persons (1)","liv","World Bank"
51,"Kuwait",2010,1557069,"Persons (1)","liv","World Bank"
51,"Kuwait",2011,1692834,"Persons (1)","liv","World Bank"
51,"Kuwait",2012,1839553,"Persons (1)","liv","World Bank"
51,"Kuwait",2013,1951899,"Persons (1)","liv","World Bank"
51,"Kuwait",2014,2056020,"Persons (1)","liv","World Bank"
51,"Kuwait",2015,2168535,"Persons (1)","liv","World Bank"
51,"Kuwait",2016,2282070,"Persons (1)","liv","World Bank"
51,"Kuwait",2017,2391520,"Persons (1)","liv","World Bank"
51,"Kuwait",2018,2505932,"Persons (1)","liv","World Bank"
51,"Kuwait",2019,2582047,"Persons (1)","liv","World Bank"
51,"Kuwait",2020,2400180,"Persons (1)","liv","World Bank"
51,"Kuwait",2021,2445237,"Persons (1)","liv","World Bank"
51,"Kuwait",2022,2754859,"Persons (1)","liv","World Bank"
51,"Kuwait",2023,2926169,"Persons (1)","liv","World Bank"
52,"Bahrain",2008,609556,"Persons (1)","liv","World Bank"
52,"Bahrain",2009,665645,"Persons (1)","liv","World Bank"
52,"Bahrain",2010,701770,"Persons (1)","liv","World Bank"
52,"Bahrain",2011,677360,"Persons (1)","liv","World Bank"
52,"Bahrain",2012,693460,"Persons (1)","liv","World Bank"
52,"Bahrain",2013,719472,"Persons (1)","liv","World Bank"
52,"Bahrain",2014,745356,"Persons (1)","liv","World Bank"
52,"Bahrain",2015,777303,"Persons (1)","liv","World Bank"
52,"Bahrain",2016,818877,"Persons (1)","liv","World Bank"
52,"Bahrain",2017,870904,"Persons (1)","liv","World Bank"
52,"Bahrain",2018,868862,"Persons (1)","liv","World Bank"
52,"Bahrain",2019,848579,"Persons (1)","liv","World Bank"
52,"Bahrain",2020,820626,"Persons (1)","liv","World Bank"
52,"Bahrain",2021,840354,"Persons (1)","liv","World Bank"
52,"Bahrain",2022,868716,"Persons (1)","liv","World Bank"
52,"Bahrain",2023,905498,"Persons (1)","liv","World Bank"
53,"Pakistan",2008,56978123,"Persons (1)","liv","World Bank"
53,"Pakistan",2009,59305908,"Persons (1)","liv","World Bank"
53,"Pakistan",2010,61633684,"Persons (1)","liv","World Bank"
53,"Pakistan",2011,62965404,"Persons (1)","liv","World Bank"
53,"Pakistan",2012,64736311,"Persons (1)","liv","World Bank"
53,"Pakistan",2013,66307781,"Persons (1)","liv","World Bank"
53,"Pakistan",2014,66802824,"Persons (1)","liv","World Bank"
53,"Pakistan",2015,69229075,"Persons (1)","liv","World Bank"
53,"Pakistan",2016,69799389,"Persons (1)","liv","World Bank"
53,"Pakistan",2017,70494278,"Persons (1)","liv","World Bank"
53,"Pakistan",2018,71401725,"Persons (1)","liv","World Bank"
53,"Pakistan",2019,73727954,"Persons (1)","liv","World Bank"
53,"Pakistan",2020,75415987,"Persons (1)","liv","World Bank"
53,"Pakistan",2021,78814704,"Persons (1)","liv","World Bank"
53,"Pakistan",2022,80282511,"Persons (1)","liv","World Bank"
53,"Pakistan",2023,81926413,"Persons (1)","liv","World Bank"
54,"United Arab Emirates",2008,4039830,"Persons (1)","liv","World Bank"
54,"United Arab Emirates",2009,4273552,"Persons (1)","liv","World Bank"
54,"United Arab Emirates",2010,4379076,"Persons (1)","liv","World Bank"
54,"United Arab Emirates",2011,4544776,"Persons (1)","liv","World Bank"
54,"United Arab Emirates",2012,4739967,"Persons (1)","liv","World Bank"
54,"United Arab Emirates",2013,4949756,"Persons (1)","liv","World Bank"
54,"United Arab Emirates",2014,5206950,"Persons (1)","liv","World Bank"
54,"United Arab Emirates",2015,5518270,"Persons (1)","liv","World Bank"
54,"United Arab Emirates",2016,5831423,"Persons (1)","liv","World Bank"
54,"United Arab Emirates",2017,6046380,"Persons (1)","liv","World Bank"
54,"United Arab Emirates",2018,6158515,"Persons (1)","liv","World Bank"
54,"United Arab Emirates",2019,6256531,"Persons (1)","liv","World Bank"
54,"United Arab Emirates",2020,6178311,"Persons (1)","liv","World Bank"
54,"United Arab Emirates",2021,6160044,"Persons (1)","liv","World Bank"
54,"United Arab Emirates",2022,6499963,"Persons (1)","liv","World Bank"
54,"United Arab Emirates",2023,6793436,"Persons (1)","liv","World Bank"
56,"Cape Verde",2008,185468,"Persons (1)","liv","World Bank"
56,"Cape Verde",2009,188994,"Persons (1)","liv","World Bank"
56,"Cape Verde",2010,204374,"Persons (1)","liv","World Bank"
56,"Cape Verde",2011,207854,"Persons (1)","liv","World Bank"
56,"Cape Verde",2012,210577,"Persons (1)","liv","World Bank"
56,"Cape Verde",2013,212810,"Persons (1)","liv","World Bank"
56,"Cape Verde",2014,214593,"Persons (1)","liv","World Bank"
56,"Cape Verde",2015,215930,"Persons (1)","liv","World Bank"
56,"Cape Verde",2016,216787,"Persons (1)","liv","World Bank"
56,"Cape Verde",2017,217299,"Persons (1)","liv","World Bank"
56,"Cape Verde",2018,204314,"Persons (1)","liv","World Bank"
56,"Cape Verde",2019,211472,"Persons (1)","liv","World Bank"
56,"Cape Verde",2020,202693,"Persons (1)","liv","World Bank"
56,"Cape Verde",2021,206591,"Persons (1)","liv","World Bank"
56,"Cape Verde",2022,218809,"Persons (1)","liv","World Bank"
56,"Cape Verde",2023,221192,"Persons (1)","liv","World Bank"
59,"Belgium",2008,4779497,"Persons (1)","liv","World Bank"
59,"Belgium",2009,4801697,"Persons (1)","liv","World Bank"
59,"Belgium",2010,4901576,"Persons (1)","liv","World Bank"
59,"Belgium",2011,4884263,"Persons (1)","liv","World Bank"
59,"Belgium",2012,4917260,"Persons (1)","liv","World Bank"
59,"Belgium",2013,4966858,"Persons (1)","liv","World Bank"
59,"Belgium",2014,4984459,"Persons (1)","liv","World Bank"
59,"Belgium",2015,4994454,"Persons (1)","liv","World Bank"
59,"Belgium",2016,5001167,"Persons (1)","liv","World Bank"
59,"Belgium",2017,5037325,"Persons (1)","liv","World Bank"
59,"Belgium",2018,5093485,"Persons (1)","liv","World Bank"
59,"Belgium",2019,5146209,"Persons (1)","liv","World Bank"
59,"Belgium",2020,5124712,"Persons (1)","liv","World Bank"
59,"Belgium",2021,5217415,"Persons (1)","liv","World Bank"
59,"Belgium",2022,5320795,"Persons (1)","liv","World Bank"
59,"Belgium",2023,5367441,"Persons (1)","liv","World Bank"
61,"Tunisia",2008,3722463,"Persons (1)","liv","World Bank"
61,"Tunisia",2009,3800334,"Persons (1)","liv","World Bank"
61,"Tunisia",2010,3870527,"Persons (1)","liv","World Bank"
61,"Tunisia",2011,3932836,"Persons (1)","liv","World Bank"
61,"Tunisia",2012,4026524,"Persons (1)","liv","World Bank"
61,"Tunisia",2013,4026064,"Persons (1)","liv","World Bank"
61,"Tunisia",2014,4050207,"Persons (1)","liv","World Bank"
61,"Tunisia",2015,4077697,"Persons (1)","liv","World Bank"
61,"Tunisia",2016,4133705,"Persons (1)","liv","World Bank"
61,"Tunisia",2017,4149640,"Persons (1)","liv","World Bank"
61,"Tunisia",2018,4284730,"Persons (1)","liv","World Bank"
61,"Tunisia",2019,4418079,"Persons (1)","liv","World Bank"
61,"Tunisia",2020,4214191,"Persons (1)","liv","World Bank"
61,"Tunisia",2021,4208113,"Persons (1)","liv","World Bank"
61,"Tunisia",2022,4232595,"Persons (1)","liv","World Bank"
61,"Tunisia",2023,4220673,"Persons (1)","liv","World Bank"
62,"Morocco",2008,11222651,"Persons (1)","liv","World Bank"
62,"Morocco",2009,11317347,"Persons (1)","liv","World Bank"
62,"Morocco",2010,11402901,"Persons (1)","liv","World Bank"
62,"Morocco",2011,11491567,"Persons (1)","liv","World Bank"
62,"Morocco",2012,11505127,"Persons (1)","liv","World Bank"
62,"Morocco",2013,11668836,"Persons (1)","liv","World Bank"
62,"Morocco",2014,11789129,"Persons (1)","liv","World Bank"
62,"Morocco",2015,11817289,"Persons (1)","liv","World Bank"
62,"Morocco",2016,11764216,"Persons (1)","liv","World Bank"
62,"Morocco",2017,11672302,"Persons (1)","liv","World Bank"
62,"Morocco",2018,11901182,"Persons (1)","liv","World Bank"
62,"Morocco",2019,12127630,"Persons (1)","liv","World Bank"
62,"Morocco",2020,11913631,"Persons (1)","liv","World Bank"
62,"Morocco",2021,12266110,"Persons (1)","liv","World Bank"
62,"Morocco",2022,12170356,"Persons (1)","liv","World Bank"
62,"Morocco",2023,12350059,"Persons (1)","liv","World Bank"
64,"Mauritania",2008,788961,"Persons (1)","liv","World Bank"
64,"Mauritania",2009,813148,"Persons (1)","liv","World Bank"
64,"Mauritania",2010,836733,"Persons (1)","liv","World Bank"
64,"Mauritania",2011,859554,"Persons (1)","liv","World Bank"
64,"Mauritania",2012,881729,"Persons (1)","liv","World Bank"
64,"Mauritania",2013,897627,"Persons (1)","liv","World Bank"
64,"Mauritania",2014,913659,"Persons (1)","liv","World Bank"
64,"Mauritania",2015,930280,"Persons (1)","liv","World Bank"
64,"Mauritania",2016,947607,"Persons (1)","liv","World Bank"
64,"Mauritania",2017,965695,"Persons (1)","liv","World Bank"
64,"Mauritania",2018,995679,"Persons (1)","liv","World Bank"
64,"Mauritania",2019,1026834,"Persons (1)","liv","World Bank"
64,"Mauritania",2020,1050360,"Persons (1)","liv","World Bank"
64,"Mauritania",2021,1087195,"Persons (1)","liv","World Bank"
64,"Mauritania",2022,1135542,"Persons (1)","liv","World Bank"
64,"Mauritania",2023,1172057,"Persons (1)","liv","World Bank"
65,"Gambia",2008,477719,"Persons (1)","liv","World Bank"
65,"Gambia",2009,492937,"Persons (1)","liv","World Bank"
65,"Gambia",2010,508795,"Persons (1)","liv","World Bank"
65,"Gambia",2011,531524,"Persons (1)","liv","World Bank"
65,"Gambia",2012,548245,"Persons (1)","liv","World Bank"
65,"Gambia",2013,566285,"Persons (1)","liv","World Bank"
65,"Gambia",2014,586725,"Persons (1)","liv","World Bank"
65,"Gambia",2015,604494,"Persons (1)","liv","World Bank"
65,"Gambia",2016,623528,"Persons (1)","liv","World Bank"
65,"Gambia",2017,641286,"Persons (1)","liv","World Bank"
65,"Gambia",2018,657966,"Persons (1)","liv","World Bank"
65,"Gambia",2019,675583,"Persons (1)","liv","World Bank"
65,"Gambia",2020,697573,"Persons (1)","liv","World Bank"
65,"Gambia",2021,718397,"Persons (1)","liv","World Bank"
65,"Gambia",2022,739632,"Persons (1)","liv","World Bank"
65,"Gambia",2023,760304,"Persons (1)","liv","World Bank"
66,"Senegal",2008,3383059,"Persons (1)","liv","World Bank"
66,"Senegal",2009,3429881,"Persons (1)","liv","World Bank"
66,"Senegal",2010,3476083,"Persons (1)","liv","World Bank"
66,"Senegal",2011,3527054,"Persons (1)","liv","World Bank"
66,"Senegal",2012,3583550,"Persons (1)","liv","World Bank"
66,"Senegal",2013,3653241,"Persons (1)","liv","World Bank"
66,"Senegal",2014,3737652,"Persons (1)","liv","World Bank"
66,"Senegal",2015,3825810,"Persons (1)","liv","World Bank"
66,"Senegal",2016,4362873,"Persons (1)","liv","World Bank"
66,"Senegal",2017,4146271,"Persons (1)","liv","World Bank"
66,"Senegal",2018,4514053,"Persons (1)","liv","World Bank"
66,"Senegal",2019,4904458,"Persons (1)","liv","World Bank"
66,"Senegal",2020,5032015,"Persons (1)","liv","World Bank"
66,"Senegal",2021,5262663,"Persons (1)","liv","World Bank"
66,"Senegal",2022,5412180,"Persons (1)","liv","World Bank"
66,"Senegal",2023,5579313,"Persons (1)","liv","World Bank"
67,"Libya",2008,2081954,"Persons (1)","liv","World Bank"
67,"Libya",2009,2153547,"Persons (1)","liv","World Bank"
67,"Libya",2010,2223229,"Persons (1)","liv","World Bank"
67,"Libya",2011,2156220,"Persons (1)","liv","World Bank"
67,"Libya",2012,2080669,"Persons (1)","liv","World Bank"
67,"Libya",2013,2136192,"Persons (1)","liv","World Bank"
67,"Libya",2014,2186977,"Persons (1)","liv","World Bank"
67,"Libya",2015,2226960,"Persons (1)","liv","World Bank"
67,"Libya",2016,2265619,"Persons (1)","liv","World Bank"
67,"Libya",2017,2308991,"Persons (1)","liv","World Bank"
67,"Libya",2018,2356411,"Persons (1)","liv","World Bank"
67,"Libya",2019,2401884,"Persons (1)","liv","World Bank"
67,"Libya",2020,2416283,"Persons (1)","liv","World Bank"
67,"Libya",2021,2481745,"Persons (1)","liv","World Bank"
67,"Libya",2022,2518776,"Persons (1)","liv","World Bank"
67,"Libya",2023,2554932,"Persons (1)","liv","World Bank"
68,"Malta",2008,171036,"Persons (1)","liv","World Bank"
68,"Malta",2009,173511,"Persons (1)","liv","World Bank"
68,"Malta",2010,177202,"Persons (1)","liv","World Bank"
68,"Malta",2011,181206,"Persons (1)","liv","World Bank"
68,"Malta",2012,187536,"Persons (1)","liv","World Bank"
68,"Malta",2013,195207,"Persons (1)","liv","World Bank"
68,"Malta",2014,203266,"Persons (1)","liv","World Bank"
68,"Malta",2015,211969,"Persons (1)","liv","World Bank"
68,"Malta",2016,219255,"Persons (1)","liv","World Bank"
68,"Malta",2017,230136,"Persons (1)","liv","World Bank"
68,"Malta",2018,247959,"Persons (1)","liv","World Bank"
68,"Malta",2019,265032,"Persons (1)","liv","World Bank"
68,"Malta",2020,276495,"Persons (1)","liv","World Bank"
68,"Malta",2021,282217,"Persons (1)","liv","World Bank"
68,"Malta",2022,293604,"Persons (1)","liv","World Bank"
68,"Malta",2023,305398,"Persons (1)","liv","World Bank"
69,"Latvia",2008,1151245,"Persons (1)","liv","World Bank"
69,"Latvia",2009,1104930,"Persons (1)","liv","World Bank"
69,"Latvia",2010,1058829,"Persons (1)","liv","World Bank"
69,"Latvia",2011,1033285,"Persons (1)","liv","World Bank"
69,"Latvia",2012,1039646,"Persons (1)","liv","World Bank"
69,"Latvia",2013,1019762,"Persons (1)","liv","World Bank"
69,"Latvia",2014,1005662,"Persons (1)","liv","World Bank"
69,"Latvia",2015,1007753,"Persons (1)","liv","World Bank"
69,"Latvia",2016,1000363,"Persons (1)","liv","World Bank"
69,"Latvia",2017,995587,"Persons (1)","liv","World Bank"
69,"Latvia",2018,994948,"Persons (1)","liv","World Bank"
69,"Latvia",2019,982740,"Persons (1)","liv","World Bank"
69,"Latvia",2020,982851,"Persons (1)","liv","World Bank"
69,"Latvia",2021,950940,"Persons (1)","liv","World Bank"
69,"Latvia",2022,962817,"Persons (1)","liv","World Bank"
69,"Latvia",2023,965292,"Persons (1)","liv","World Bank"
70,"Estonia",2008,695990,"Persons (1)","liv","World Bank"
70,"Estonia",2009,688923,"Persons (1)","liv","World Bank"
70,"Estonia",2010,682900,"Persons (1)","liv","World Bank"
70,"Estonia",2011,687635,"Persons (1)","liv","World Bank"
70,"Estonia",2012,683905,"Persons (1)","liv","World Bank"
70,"Estonia",2013,680463,"Persons (1)","liv","World Bank"
70,"Estonia",2014,675373,"Persons (1)","liv","World Bank"
70,"Estonia",2015,682925,"Persons (1)","liv","World Bank"
70,"Estonia",2016,691079,"Persons (1)","liv","World Bank"
70,"Estonia",2017,697564,"Persons (1)","liv","World Bank"
70,"Estonia",2018,702066,"Persons (1)","liv","World Bank"
70,"Estonia",2019,700344,"Persons (1)","liv","World Bank"
70,"Estonia",2020,700345,"Persons (1)","liv","World Bank"
70,"Estonia",2021,703200,"Persons (1)","liv","World Bank"
70,"Estonia",2022,735699,"Persons (1)","liv","World Bank"
70,"Estonia",2023,755414,"Persons (1)","liv","World Bank"
71,"Bulgaria",2008,3562863,"Persons (1)","liv","World Bank"
71,"Bulgaria",2009,3489069,"Persons (1)","liv","World Bank"
71,"Bulgaria",2010,3424396,"Persons (1)","liv","World Bank"
71,"Bulgaria",2011,3339707,"Persons (1)","liv","World Bank"
71,"Bulgaria",2012,3358087,"Persons (1)","liv","World Bank"
71,"Bulgaria",2013,3333973,"Persons (1)","liv","World Bank"
71,"Bulgaria",2014,3290356,"Persons (1)","liv","World Bank"
71,"Bulgaria",2015,3259536,"Persons (1)","liv","World Bank"
71,"Bulgaria",2016,3159813,"Persons (1)","liv","World Bank"
71,"Bulgaria",2017,3235284,"Persons (1)","liv","World Bank"
71,"Bulgaria",2018,3181267,"Persons (1)","liv","World Bank"
71,"Bulgaria",2019,3203318,"Persons (1)","liv","World Bank"
71,"Bulgaria",2020,3123618,"Persons (1)","liv","World Bank"
71,"Bulgaria",2021,3076962,"Persons (1)","liv","World Bank"
71,"Bulgaria",2022,3130976,"Persons (1)","liv","World Bank"
71,"Bulgaria",2023,3131695,"Persons (1)","liv","World Bank"
72,"Romania",2008,8830328,"Persons (1)","liv","World Bank"
72,"Romania",2009,8123363,"Persons (1)","liv","World Bank"
72,"Romania",2010,8597695,"Persons (1)","liv","World Bank"
72,"Romania",2011,8493178,"Persons (1)","liv","World Bank"
72,"Romania",2012,8479067,"Persons (1)","liv","World Bank"
72,"Romania",2013,8457924,"Persons (1)","liv","World Bank"
72,"Romania",2014,8501618,"Persons (1)","liv","World Bank"
72,"Romania",2015,8583504,"Persons (1)","liv","World Bank"
72,"Romania",2016,8473857,"Persons (1)","liv","World Bank"
72,"Romania",2017,8560051,"Persons (1)","liv","World Bank"
72,"Romania",2018,8495431,"Persons (1)","liv","World Bank"
72,"Romania",2019,8468964,"Persons (1)","liv","World Bank"
72,"Romania",2020,8409711,"Persons (1)","liv","World Bank"
72,"Romania",2021,8418497,"Persons (1)","liv","World Bank"
72,"Romania",2022,8415279,"Persons (1)","liv","World Bank"
72,"Romania",2023,8280024,"Persons (1)","liv","World Bank"
73,"Russia",2008,75991554,"Persons (1)","liv","World Bank"
73,"Russia",2009,76024652,"Persons (1)","liv","World Bank"
73,"Russia",2010,75955044,"Persons (1)","liv","World Bank"
73,"Russia",2011,76202939,"Persons (1)","liv","World Bank"
73,"Russia",2012,76120943,"Persons (1)","liv","World Bank"
73,"Russia",2013,75891798,"Persons (1)","liv","World Bank"
73,"Russia",2014,75752321,"Persons (1)","liv","World Bank"
73,"Russia",2015,75464271,"Persons (1)","liv","World Bank"
73,"Russia",2016,75536474,"Persons (1)","liv","World Bank"
73,"Russia",2017,74982425,"Persons (1)","liv","World Bank"
73,"Russia",2018,74873120,"Persons (1)","liv","World Bank"
73,"Russia",2019,73950194,"Persons (1)","liv","World Bank"
73,"Russia",2020,73449927,"Persons (1)","liv","World Bank"
73,"Russia",2021,73846056,"Persons (1)","liv","World Bank"
73,"Russia",2022,73531906,"Persons (1)","liv","World Bank"
73,"Russia",2023,73184751,"Persons (1)","liv","World Bank"
74,"Georgia",2008,1995224,"Persons (1)","liv","World Bank"
74,"Georgia",2009,2009937,"Persons (1)","liv","World Bank"
74,"Georgia",2010,2019947,"Persons (1)","liv","World Bank"
74,"Georgia",2011,2023622,"Persons (1)","liv","World Bank"
74,"Georgia",2012,2047817,"Persons (1)","liv","World Bank"
74,"Georgia",2013,2028158,"Persons (1)","liv","World Bank"
74,"Georgia",2014,2039447,"Persons (1)","liv","World Bank"
74,"Georgia",2015,2064634,"Persons (1)","liv","World Bank"
74,"Georgia",2016,2044462,"Persons (1)","liv","World Bank"
74,"Georgia",2017,1969254,"Persons (1)","liv","World Bank"
74,"Georgia",2018,1893021,"Persons (1)","liv","World Bank"
74,"Georgia",2019,1854016,"Persons (1)","liv","World Bank"
74,"Georgia",2020,1864522,"Persons (1)","liv","World Bank"
74,"Georgia",2021,1774721,"Persons (1)","liv","World Bank"
74,"Georgia",2022,1843861,"Persons (1)","liv","World Bank"
74,"Georgia",2023,1850617,"Persons (1)","liv","World Bank"
75,"Ukraine",2008,22645052,"Persons (1)","liv","World Bank"
75,"Ukraine",2009,22544725,"Persons (1)","liv","World Bank"
75,"Ukraine",2010,22447916,"Persons (1)","liv","World Bank"
75,"Ukraine",2011,22352316,"Persons (1)","liv","World Bank"
75,"Ukraine",2012,22263021,"Persons (1)","liv","World Bank"
75,"Ukraine",2013,22165599,"Persons (1)","liv","World Bank"
75,"Ukraine",2014,22030438,"Persons (1)","liv","World Bank"
75,"Ukraine",2015,21887026,"Persons (1)","liv","World Bank"
75,"Ukraine",2016,21762800,"Persons (1)","liv","World Bank"
75,"Ukraine",2017,21646057,"Persons (1)","liv","World Bank"
75,"Ukraine",2018,21532531,"Persons (1)","liv","World Bank"
75,"Ukraine",2019,21427188,"Persons (1)","liv","World Bank"
75,"Ukraine",2020,20851194,"Persons (1)","liv","World Bank"
75,"Ukraine",2021,20538715,"Persons (1)","liv","World Bank"
75,"Ukraine",2022,20538715,"Persons (1)","liv","World Bank"
75,"Ukraine",2023,20538715,"Persons (1)","liv","World Bank"
76,"Turkey",2008,24405474,"Persons (1)","liv","World Bank"
76,"Turkey",2009,25413653,"Persons (1)","liv","World Bank"
76,"Turkey",2010,26452690,"Persons (1)","liv","World Bank"
76,"Turkey",2011,27575358,"Persons (1)","liv","World Bank"
76,"Turkey",2012,28126488,"Persons (1)","liv","World Bank"
76,"Turkey",2013,29149709,"Persons (1)","liv","World Bank"
76,"Turkey",2014,29521920,"Persons (1)","liv","World Bank"
76,"Turkey",2015,30550902,"Persons (1)","liv","World Bank"
76,"Turkey",2016,31514194,"Persons (1)","liv","World Bank"
76,"Turkey",2017,32535361,"Persons (1)","liv","World Bank"
76,"Turkey",2018,33302540,"Persons (1)","liv","World Bank"
76,"Turkey",2019,33686201,"Persons (1)","liv","World Bank"
76,"Turkey",2020,31770146,"Persons (1)","liv","World Bank"
76,"Turkey",2021,33490693,"Persons (1)","liv","World Bank"
76,"Turkey",2022,35081594,"Persons (1)","liv","World Bank"
76,"Turkey",2023,35554975,"Persons (1)","liv","World Bank"
77,"Syria",2008,6012322,"Persons (1)","liv","World Bank"
77,"Syria",2009,6009823,"Persons (1)","liv","World Bank"
77,"Syria",2010,6130225,"Persons (1)","liv","World Bank"
77,"Syria",2011,6346859,"Persons (1)","liv","World Bank"
77,"Syria",2012,5662953,"Persons (1)","liv","World Bank"
77,"Syria",2013,5074803,"Persons (1)","liv","World Bank"
77,"Syria",2014,4587854,"Persons (1)","liv","World Bank"
77,"Syria",2015,4326658,"Persons (1)","liv","World Bank"
77,"Syria",2016,4306511,"Persons (1)","liv","World Bank"
77,"Syria",2017,4389485,"Persons (1)","liv","World Bank"
77,"Syria",2018,4591599,"Persons (1)","liv","World Bank"
77,"Syria",2019,4943293,"Persons (1)","liv","World Bank"
77,"Syria",2020,5183937,"Persons (1)","liv","World Bank"
77,"Syria",2021,5435814,"Persons (1)","liv","World Bank"
77,"Syria",2022,5811473,"Persons (1)","liv","World Bank"
77,"Syria",2023,6247894,"Persons (1)","liv","World Bank"
78,"Lebanon",2008,1572230,"Persons (1)","liv","World Bank"
78,"Lebanon",2009,1620024,"Persons (1)","liv","World Bank"
78,"Lebanon",2010,1660698,"Persons (1)","liv","World Bank"
78,"Lebanon",2011,1702075,"Persons (1)","liv","World Bank"
78,"Lebanon",2012,1771730,"Persons (1)","liv","World Bank"
78,"Lebanon",2013,1967961,"Persons (1)","liv","World Bank"
78,"Lebanon",2014,2201139,"Persons (1)","liv","World Bank"
78,"Lebanon",2015,2259873,"Persons (1)","liv","World Bank"
78,"Lebanon",2016,2211422,"Persons (1)","liv","World Bank"
78,"Lebanon",2017,2158877,"Persons (1)","liv","World Bank"
78,"Lebanon",2018,2102355,"Persons (1)","liv","World Bank"
78,"Lebanon",2019,2042509,"Persons (1)","liv","World Bank"
78,"Lebanon",2020,1857947,"Persons (1)","liv","World Bank"
78,"Lebanon",2021,1896632,"Persons (1)","liv","World Bank"
78,"Lebanon",2022,1916906,"Persons (1)","liv","World Bank"
78,"Lebanon",2023,1938966,"Persons (1)","liv","World Bank"
79,"Israel",2008,3313588,"Persons (1)","liv","World Bank"
79,"Israel",2009,3394757,"Persons (1)","liv","World Bank"
79,"Israel",2010,3473539,"Persons (1)","liv","World Bank"
79,"Israel",2011,3521435,"Persons (1)","liv","World Bank"
79,"Israel",2012,3709778,"Persons (1)","liv","World Bank"
79,"Israel",2013,3768300,"Persons (1)","liv","World Bank"
79,"Israel",2014,3869705,"Persons (1)","liv","World Bank"
79,"Israel",2015,3941723,"Persons (1)","liv","World Bank"
79,"Israel",2016,4024474,"Persons (1)","liv","World Bank"
79,"Israel",2017,4094423,"Persons (1)","liv","World Bank"
79,"Israel",2018,4172972,"Persons (1)","liv","World Bank"
79,"Israel",2019,4229687,"Persons (1)","liv","World Bank"
79,"Israel",2020,4204894,"Persons (1)","liv","World Bank"
79,"Israel",2021,4275735,"Persons (1)","liv","World Bank"
79,"Israel",2022,4467037,"Persons (1)","liv","World Bank"
79,"Israel",2023,4630082,"Persons (1)","liv","World Bank"
80,"Greece",2008,4948462,"Persons (1)","liv","World Bank"
80,"Greece",2009,5000038,"Persons (1)","liv","World Bank"
80,"Greece",2010,5021719,"Persons (1)","liv","World Bank"
80,"Greece",2011,4943412,"Persons (1)","liv","World Bank"
80,"Greece",2012,4890730,"Persons (1)","liv","World Bank"
80,"Greece",2013,4825291,"Persons (1)","liv","World Bank"
80,"Greece",2014,4766187,"Persons (1)","liv","World Bank"
80,"Greece",2015,4737907,"Persons (1)","liv","World Bank"
80,"Greece",2016,4715851,"Persons (1)","liv","World Bank"
80,"Greece",2017,4695990,"Persons (1)","liv","World Bank"
80,"Greece",2018,4668888,"Persons (1)","liv","World Bank"
80,"Greece",2019,4672995,"Persons (1)","liv","World Bank"
80,"Greece",2020,4596339,"Persons (1)","liv","World Bank"
80,"Greece",2021,4573547,"Persons (1)","liv","World Bank"
80,"Greece",2022,4659964,"Persons (1)","liv","World Bank"
80,"Greece",2023,4660090,"Persons (1)","liv","World Bank"
81,"Cyprus",2008,569349,"Persons (1)","liv","World Bank"
81,"Cyprus",2009,583119,"Persons (1)","liv","World Bank"
81,"Cyprus",2010,600971,"Persons (1)","liv","World Bank"
81,"Cyprus",2011,610147,"Persons (1)","liv","World Bank"
81,"Cyprus",2012,623910,"Persons (1)","liv","World Bank"
81,"Cyprus",2013,635175,"Persons (1)","liv","World Bank"
81,"Cyprus",2014,651925,"Persons (1)","liv","World Bank"
81,"Cyprus",2015,657397,"Persons (1)","liv","World Bank"
81,"Cyprus",2016,663048,"Persons (1)","liv","World Bank"
81,"Cyprus",2017,678816,"Persons (1)","liv","World Bank"
81,"Cyprus",2018,698503,"Persons (1)","liv","World Bank"
81,"Cyprus",2019,715161,"Persons (1)","liv","World Bank"
81,"Cyprus",2020,719491,"Persons (1)","liv","World Bank"
81,"Cyprus",2021,735675,"Persons (1)","liv","World Bank"
81,"Cyprus",2022,755975,"Persons (1)","liv","World Bank"
81,"Cyprus",2023,766606,"Persons (1)","liv","World Bank"
82,"Albania",2008,1201455,"Persons (1)","liv","World Bank"
82,"Albania",2009,1247208,"Persons (1)","liv","World Bank"
82,"Albania",2010,1259163,"Persons (1)","liv","World Bank"
82,"Albania",2011,1376922,"Persons (1)","liv","World Bank"
82,"Albania",2012,1317638,"Persons (1)","liv","World Bank"
82,"Albania",2013,1217163,"Persons (1)","liv","World Bank"
82,"Albania",2014,1244156,"Persons (1)","liv","World Bank"
82,"Albania",2015,1295052,"Persons (1)","liv","World Bank"
82,"Albania",2016,1341701,"Persons (1)","liv","World Bank"
82,"Albania",2017,1363232,"Persons (1)","liv","World Bank"
82,"Albania",2018,1393620,"Persons (1)","liv","World Bank"
82,"Albania",2019,1415825,"Persons (1)","liv","World Bank"
82,"Albania",2020,1352399,"Persons (1)","liv","World Bank"
82,"Albania",2021,1367734,"Persons (1)","liv","World Bank"
82,"Albania",2022,1389262,"Persons (1)","liv","World Bank"
82,"Albania",2023,1376643,"Persons (1)","liv","World Bank"
84,"Algeria",2008,10866131,"Persons (1)","liv","World Bank"
84,"Algeria",2009,11105183,"Persons (1)","liv","World Bank"
84,"Algeria",2010,11421278,"Persons (1)","liv","World Bank"
84,"Algeria",2011,11586989,"Persons (1)","liv","World Bank"
84,"Algeria",2012,11731223,"Persons (1)","liv","World Bank"
84,"Algeria",2013,11845414,"Persons (1)","liv","World Bank"
84,"Algeria",2014,11933136,"Persons (1)","liv","World Bank"
84,"Algeria",2015,12055583,"Persons (1)","liv","World Bank"
84,"Algeria",2016,12189762,"Persons (1)","liv","World Bank"
84,"Algeria",2017,12357590,"Persons (1)","liv","World Bank"
84,"Algeria",2018,12514356,"Persons (1)","liv","World Bank"
84,"Algeria",2019,12667017,"Persons (1)","liv","World Bank"
84,"Algeria",2020,12046917,"Persons (1)","liv","World Bank"
84,"Algeria",2021,12323177,"Persons (1)","liv","World Bank"
84,"Algeria",2022,13020342,"Persons (1)","liv","World Bank"
84,"Algeria",2023,13174228,"Persons (1)","liv","World Bank"
96,"Sierra Leone",2008,2083057,"Persons (1)","liv","World Bank"
96,"Sierra Leone",2009,2113912,"Persons (1)","liv","World Bank"
96,"Sierra Leone",2010,2145691,"Persons (1)","liv","World Bank"
96,"Sierra Leone",2011,2175687,"Persons (1)","liv","World Bank"
96,"Sierra Leone",2012,2205067,"Persons (1)","liv","World Bank"
96,"Sierra Leone",2013,2234189,"Persons (1)","liv","World Bank"
96,"Sierra Leone",2014,2263325,"Persons (1)","liv","World Bank"
96,"Sierra Leone",2015,2300301,"Persons (1)","liv","World Bank"
96,"Sierra Leone",2016,2339207,"Persons (1)","liv","World Bank"
96,"Sierra Leone",2017,2379454,"Persons (1)","liv","World Bank"
96,"Sierra Leone",2018,2419052,"Persons (1)","liv","World Bank"
96,"Sierra Leone",2019,2486676,"Persons (1)","liv","World Bank"
96,"Sierra Leone",2020,2537020,"Persons (1)","liv","World Bank"
96,"Sierra Leone",2021,2624711,"Persons (1)","liv","World Bank"
96,"Sierra Leone",2022,2720775,"Persons (1)","liv","World Bank"
96,"Sierra Leone",2023,2797211,"Persons (1)","liv","World Bank"
97,"Liberia",2008,1676138,"Persons (1)","liv","World Bank"
97,"Liberia",2009,1730691,"Persons (1)","liv","World Bank"
97,"Liberia",2010,1782162,"Persons (1)","liv","World Bank"
97,"Liberia",2011,1864222,"Persons (1)","liv","World Bank"
97,"Liberia",2012,1939186,"Persons (1)","liv","World Bank"
97,"Liberia",2013,1979794,"Persons (1)","liv","World Bank"
97,"Liberia",2014,2021195,"Persons (1)","liv","World Bank"
97,"Liberia",2015,2065828,"Persons (1)","liv","World Bank"
97,"Liberia",2016,2112365,"Persons (1)","liv","World Bank"
97,"Liberia",2017,2157786,"Persons (1)","liv","World Bank"
97,"Liberia",2018,2205834,"Persons (1)","liv","World Bank"
97,"Liberia",2019,2257426,"Persons (1)","liv","World Bank"
97,"Liberia",2020,2296176,"Persons (1)","liv","World Bank"
97,"Liberia",2021,2369852,"Persons (1)","liv","World Bank"
97,"Liberia",2022,2455972,"Persons (1)","liv","World Bank"
97,"Liberia",2023,2532446,"Persons (1)","liv","World Bank"
98,"Togo",2008,2165586,"Persons (1)","liv","World Bank"
98,"Togo",2009,2228481,"Persons (1)","liv","World Bank"
98,"Togo",2010,2289005,"Persons (1)","liv","World Bank"
98,"Togo",2011,2350516,"Persons (1)","liv","World Bank"
98,"Togo",2012,2412890,"Persons (1)","liv","World Bank"
98,"Togo",2013,2476372,"Persons (1)","liv","World Bank"
98,"Togo",2014,2541658,"Persons (1)","liv","World Bank"
98,"Togo",2015,2608912,"Persons (1)","liv","World Bank"
98,"Togo",2016,2678328,"Persons (1)","liv","World Bank"
98,"Togo",2017,2749806,"Persons (1)","liv","World Bank"
98,"Togo",2018,2823063,"Persons (1)","liv","World Bank"
98,"Togo",2019,2897859,"Persons (1)","liv","World Bank"
98,"Togo",2020,2949813,"Persons (1)","liv","World Bank"
98,"Togo",2021,3047816,"Persons (1)","liv","World Bank"
98,"Togo",2022,3157116,"Persons (1)","liv","World Bank"
98,"Togo",2023,3253141,"Persons (1)","liv","World Bank"
99,"Benin",2008,3695226,"Persons (1)","liv","World Bank"
99,"Benin",2009,3820397,"Persons (1)","liv","World Bank"
99,"Benin",2010,3950108,"Persons (1)","liv","World Bank"
99,"Benin",2011,4080183,"Persons (1)","liv","World Bank"
99,"Benin",2012,4235463,"Persons (1)","liv","World Bank"
99,"Benin",2013,4393926,"Persons (1)","liv","World Bank"
99,"Benin",2014,4557889,"Persons (1)","liv","World Bank"
99,"Benin",2015,4727555,"Persons (1)","liv","World Bank"
99,"Benin",2016,4901776,"Persons (1)","liv","World Bank"
99,"Benin",2017,5081385,"Persons (1)","liv","World Bank"
99,"Benin",2018,5267149,"Persons (1)","liv","World Bank"
99,"Benin",2019,5459336,"Persons (1)","liv","World Bank"
99,"Benin",2020,5605830,"Persons (1)","liv","World Bank"
99,"Benin",2021,5870968,"Persons (1)","liv","World Bank"
99,"Benin",2022,6035371,"Persons (1)","liv","World Bank"
99,"Benin",2023,6204134,"Persons (1)","liv","World Bank"
100,"Republique du Congo",2008,1653899,"Persons (1)","liv","World Bank"
100,"Republique du Congo",2009,1724220,"Persons (1)","liv","World Bank"
100,"Republique du Congo",2010,1799266,"Persons (1)","liv","World Bank"
100,"Republique du Congo",2011,1854014,"Persons (1)","liv","World Bank"
100,"Republique du Congo",2012,1899278,"Persons (1)","liv","World Bank"
100,"Republique du Congo",2013,1937002,"Persons (1)","liv","World Bank"
100,"Republique du Congo",2014,1976492,"Persons (1)","liv","World Bank"
100,"Republique du Congo",2015,2018485,"Persons (1)","liv","World Bank"
100,"Republique du Congo",2016,2064177,"Persons (1)","liv","World Bank"
100,"Republique du Congo",2017,2114024,"Persons (1)","liv","World Bank"
100,"Republique du Congo",2018,2167237,"Persons (1)","liv","World Bank"
100,"Republique du Congo",2019,2223063,"Persons (1)","liv","World Bank"
100,"Republique du Congo",2020,2240426,"Persons (1)","liv","World Bank"
100,"Republique du Congo",2021,2316880,"Persons (1)","liv","World Bank"
100,"Republique du Congo",2022,2409732,"Persons (1)","liv","World Bank"
100,"Republique du Congo",2023,2485719,"Persons (1)","liv","World Bank"
101,"Namibia",2008,721316,"Persons (1)","liv","World Bank"
101,"Namibia",2009,740620,"Persons (1)","liv","World Bank"
101,"Namibia",2010,759361,"Persons (1)","liv","World Bank"
101,"Namibia",2011,778067,"Persons (1)","liv","World Bank"
101,"Namibia",2012,800026,"Persons (1)","liv","World Bank"
101,"Namibia",2013,881059,"Persons (1)","liv","World Bank"
101,"Namibia",2014,892359,"Persons (1)","liv","World Bank"
101,"Namibia",2015,914121,"Persons (1)","liv","World Bank"
101,"Namibia",2016,935710,"Persons (1)","liv","World Bank"
101,"Namibia",2017,947334,"Persons (1)","liv","World Bank"
101,"Namibia",2018,958630,"Persons (1)","liv","World Bank"
101,"Namibia",2019,984500,"Persons (1)","liv","World Bank"
101,"Namibia",2020,992910,"Persons (1)","liv","World Bank"
101,"Namibia",2021,1026614,"Persons (1)","liv","World Bank"
101,"Namibia",2022,1068410,"Persons (1)","liv","World Bank"
101,"Namibia",2023,1100435,"Persons (1)","liv","World Bank"
102,"South Africa",2008,21383032,"Persons (1)","liv","World Bank"
102,"South Africa",2009,21120517,"Persons (1)","liv","World Bank"
102,"South Africa",2010,20017932,"Persons (1)","liv","World Bank"
102,"South Africa",2011,21097307,"Persons (1)","liv","World Bank"
102,"South Africa",2012,21397775,"Persons (1)","liv","World Bank"
102,"South Africa",2013,21921173,"Persons (1)","liv","World Bank"
102,"South Africa",2014,22295709,"Persons (1)","liv","World Bank"
102,"South Africa",2015,23461405,"Persons (1)","liv","World Bank"
102,"South Africa",2016,23788578,"Persons (1)","liv","World Bank"
102,"South Africa",2017,24300760,"Persons (1)","liv","World Bank"
102,"South Africa",2018,24580984,"Persons (1)","liv","World Bank"
102,"South Africa",2019,25222297,"Persons (1)","liv","World Bank"
102,"South Africa",2020,24183888,"Persons (1)","liv","World Bank"
102,"South Africa",2021,25167040,"Persons (1)","liv","World Bank"
102,"South Africa",2022,26170358,"Persons (1)","liv","World Bank"
102,"South Africa",2023,27346329,"Persons (1)","liv","World Bank"
103,"Sao Tome and Principe",2008,24236,"Persons (1)","liv","World Bank"
103,"Sao Tome and Principe",2009,24798,"Persons (1)","liv","World Bank"
103,"Sao Tome and Principe",2010,25354,"Persons (1)","liv","World Bank"
103,"Sao Tome and Principe",2011,25903,"Persons (1)","liv","World Bank"
103,"Sao Tome and Principe",2012,26432,"Persons (1)","liv","World Bank"
103,"Sao Tome and Principe",2013,26938,"Persons (1)","liv","World Bank"
103,"Sao Tome and Principe",2014,27444,"Persons (1)","liv","World Bank"
103,"Sao Tome and Principe",2015,27955,"Persons (1)","liv","World Bank"
103,"Sao Tome and Principe",2016,28468,"Persons (1)","liv","World Bank"
103,"Sao Tome and Principe",2017,28984,"Persons (1)","liv","World Bank"
103,"Sao Tome and Principe",2018,29504,"Persons (1)","liv","World Bank"
103,"Sao Tome and Principe",2019,30034,"Persons (1)","liv","World Bank"
103,"Sao Tome and Principe",2020,30158,"Persons (1)","liv","World Bank"
103,"Sao Tome and Principe",2021,31244,"Persons (1)","liv","World Bank"
103,"Sao Tome and Principe",2022,32727,"Persons (1)","liv","World Bank"
103,"Sao Tome and Principe",2023,33614,"Persons (1)","liv","World Bank"
104,"Equatorial Guinea",2008,391518,"Persons (1)","liv","World Bank"
104,"Equatorial Guinea",2009,412118,"Persons (1)","liv","World Bank"
104,"Equatorial Guinea",2010,434210,"Persons (1)","liv","World Bank"
104,"Equatorial Guinea",2011,456452,"Persons (1)","liv","World Bank"
104,"Equatorial Guinea",2012,478485,"Persons (1)","liv","World Bank"
104,"Equatorial Guinea",2013,501058,"Persons (1)","liv","World Bank"
104,"Equatorial Guinea",2014,523848,"Persons (1)","liv","World Bank"
104,"Equatorial Guinea",2015,546508,"Persons (1)","liv","World Bank"
104,"Equatorial Guinea",2016,568815,"Persons (1)","liv","World Bank"
104,"Equatorial Guinea",2017,590654,"Persons (1)","liv","World Bank"
104,"Equatorial Guinea",2018,612000,"Persons (1)","liv","World Bank"
104,"Equatorial Guinea",2019,632837,"Persons (1)","liv","World Bank"
104,"Equatorial Guinea",2020,615098,"Persons (1)","liv","World Bank"
104,"Equatorial Guinea",2021,637834,"Persons (1)","liv","World Bank"
104,"Equatorial Guinea",2022,682922,"Persons (1)","liv","World Bank"
104,"Equatorial Guinea",2023,699034,"Persons (1)","liv","World Bank"
106,"Ghana",2008,10536687,"Persons (1)","liv","World Bank"
106,"Ghana",2009,10791084,"Persons (1)","liv","World Bank"
106,"Ghana",2010,11030732,"Persons (1)","liv","World Bank"
106,"Ghana",2011,11259321,"Persons (1)","liv","World Bank"
106,"Ghana",2012,11488563,"Persons (1)","liv","World Bank"
106,"Ghana",2013,11721291,"Persons (1)","liv","World Bank"
106,"Ghana",2014,11957983,"Persons (1)","liv","World Bank"
106,"Ghana",2015,12200598,"Persons (1)","liv","World Bank"
106,"Ghana",2016,12373780,"Persons (1)","liv","World Bank"
106,"Ghana",2017,12546445,"Persons (1)","liv","World Bank"
106,"Ghana",2018,12708213,"Persons (1)","liv","World Bank"
106,"Ghana",2019,12862066,"Persons (1)","liv","World Bank"
106,"Ghana",2020,12912046,"Persons (1)","liv","World Bank"
106,"Ghana",2021,13153762,"Persons (1)","liv","World Bank"
106,"Ghana",2022,13346759,"Persons (1)","liv","World Bank"
106,"Ghana",2023,13674692,"Persons (1)","liv","World Bank"
110,"Bahamas",2008,198100,"Persons (1)","liv","World Bank"
110,"Bahamas",2009,201229,"Persons (1)","liv","World Bank"
110,"Bahamas",2010,204779,"Persons (1)","liv","World Bank"
110,"Bahamas",2011,208167,"Persons (1)","liv","World Bank"
110,"Bahamas",2012,211442,"Persons (1)","liv","World Bank"
110,"Bahamas",2013,214085,"Persons (1)","liv","World Bank"
110,"Bahamas",2014,217003,"Persons (1)","liv","World Bank"
110,"Bahamas",2015,219720,"Persons (1)","liv","World Bank"
110,"Bahamas",2016,222209,"Persons (1)","liv","World Bank"
110,"Bahamas",2017,224970,"Persons (1)","liv","World Bank"
110,"Bahamas",2018,227745,"Persons (1)","liv","World Bank"
110,"Bahamas",2019,230009,"Persons (1)","liv","World Bank"
110,"Bahamas",2020,218012,"Persons (1)","liv","World Bank"
110,"Bahamas",2021,224673,"Persons (1)","liv","World Bank"
110,"Bahamas",2022,232678,"Persons (1)","liv","World Bank"
110,"Bahamas",2023,235466,"Persons (1)","liv","World Bank"
112,"Cuba",2008,5010521,"Persons (1)","liv","World Bank"
112,"Cuba",2009,5142082,"Persons (1)","liv","World Bank"
112,"Cuba",2010,5096065,"Persons (1)","liv","World Bank"
112,"Cuba",2011,5113408,"Persons (1)","liv","World Bank"
112,"Cuba",2012,5130811,"Persons (1)","liv","World Bank"
112,"Cuba",2013,5147391,"Persons (1)","liv","World Bank"
112,"Cuba",2014,5156828,"Persons (1)","liv","World Bank"
112,"Cuba",2015,5174669,"Persons (1)","liv","World Bank"
112,"Cuba",2016,5176250,"Persons (1)","liv","World Bank"
112,"Cuba",2017,5170781,"Persons (1)","liv","World Bank"
112,"Cuba",2018,5154678,"Persons (1)","liv","World Bank"
112,"Cuba",2019,5122393,"Persons (1)","liv","World Bank"
112,"Cuba",2020,4836553,"Persons (1)","liv","World Bank"
112,"Cuba",2021,4841907,"Persons (1)","liv","World Bank"
112,"Cuba",2022,4939595,"Persons (1)","liv","World Bank"
112,"Cuba",2023,4897311,"Persons (1)","liv","World Bank"
114,"Haiti",2008,3894117,"Persons (1)","liv","World Bank"
114,"Haiti",2009,4006423,"Persons (1)","liv","World Bank"
114,"Haiti",2010,4101260,"Persons (1)","liv","World Bank"
114,"Haiti",2011,4183503,"Persons (1)","liv","World Bank"
114,"Haiti",2012,4271464,"Persons (1)","liv","World Bank"
114,"Haiti",2013,4369663,"Persons (1)","liv","World Bank"
114,"Haiti",2014,4464221,"Persons (1)","liv","World Bank"
114,"Haiti",2015,4555150,"Persons (1)","liv","World Bank"
114,"Haiti",2016,4646330,"Persons (1)","liv","World Bank"
114,"Haiti",2017,4737633,"Persons (1)","liv","World Bank"
114,"Haiti",2018,4826045,"Persons (1)","liv","World Bank"
114,"Haiti",2019,4904263,"Persons (1)","liv","World Bank"
114,"Haiti",2020,4942605,"Persons (1)","liv","World Bank"
114,"Haiti",2021,5048599,"Persons (1)","liv","World Bank"
114,"Haiti",2022,5122685,"Persons (1)","liv","World Bank"
114,"Haiti",2023,5199900,"Persons (1)","liv","World Bank"
115,"Dominican Republic",2008,3765044,"Persons (1)","liv","World Bank"
115,"Dominican Republic",2009,3696350,"Persons (1)","liv","World Bank"
115,"Dominican Republic",2010,3849571,"Persons (1)","liv","World Bank"
115,"Dominican Republic",2011,4020502,"Persons (1)","liv","World Bank"
115,"Dominican Republic",2012,4180944,"Persons (1)","liv","World Bank"
115,"Dominican Republic",2013,4239112,"Persons (1)","liv","World Bank"
115,"Dominican Republic",2014,4327340,"Persons (1)","liv","World Bank"
115,"Dominican Republic",2015,4581646,"Persons (1)","liv","World Bank"
115,"Dominican Republic",2016,4689168,"Persons (1)","liv","World Bank"
115,"Dominican Republic",2017,4755988,"Persons (1)","liv","World Bank"
115,"Dominican Republic",2018,4935940,"Persons (1)","liv","World Bank"
115,"Dominican Republic",2019,5117215,"Persons (1)","liv","World Bank"
115,"Dominican Republic",2020,4805608,"Persons (1)","liv","World Bank"
115,"Dominican Republic",2021,5099149,"Persons (1)","liv","World Bank"
115,"Dominican Republic",2022,5169749,"Persons (1)","liv","World Bank"
115,"Dominican Republic",2023,5323558,"Persons (1)","liv","World Bank"
116,"Puerto Rico and Virgin Islands of the United States",2008,53588,"Persons (1)","liv","World Bank"
116,"Puerto Rico and Virgin Islands of the United States",2009,53743,"Persons (1)","liv","World Bank"
116,"Puerto Rico and Virgin Islands of the United States",2010,52285,"Persons (1)","liv","World Bank"
116,"Puerto Rico and Virgin Islands of the United States",2011,52982,"Persons (1)","liv","World Bank"
116,"Puerto Rico and Virgin Islands of the United States",2012,52085,"Persons (1)","liv","World Bank"
116,"Puerto Rico and Virgin Islands of the United States",2013,49212,"Persons (1)","liv","World Bank"
116,"Puerto Rico and Virgin Islands of the United States",2014,48643,"Persons (1)","liv","World Bank"
116,"Puerto Rico and Virgin Islands of the United States",2015,50829,"Persons (1)","liv","World Bank"
116,"Puerto Rico and Virgin Islands of the United States",2016,50806,"Persons (1)","liv","World Bank"
116,"Puerto Rico and Virgin Islands of the United States",2017,51811,"Persons (1)","liv","World Bank"
116,"Puerto Rico and Virgin Islands of the United States",2018,48542,"Persons (1)","liv","World Bank"
116,"Puerto Rico and Virgin Islands of the United States",2019,46389,"Persons (1)","liv","World Bank"
116,"Puerto Rico and Virgin Islands of the United States",2020,46759,"Persons (1)","liv","World Bank"
116,"Puerto Rico and Virgin Islands of the United States",2021,47357,"Persons (1)","liv","World Bank"
116,"Puerto Rico and Virgin Islands of the United States",2022,47730,"Persons (1)","liv","World Bank"
116,"Puerto Rico and Virgin Islands of the United States",2023,47588,"Persons (1)","liv","World Bank"
122,"Saint Lucia",2008,82831,"Persons (1)","liv","World Bank"
122,"Saint Lucia",2009,84639,"Persons (1)","liv","World Bank"
122,"Saint Lucia",2010,86415,"Persons (1)","liv","World Bank"
122,"Saint Lucia",2011,88151,"Persons (1)","liv","World Bank"
122,"Saint Lucia",2012,92038,"Persons (1)","liv","World Bank"
122,"Saint Lucia",2013,93542,"Persons (1)","liv","World Bank"
122,"Saint Lucia",2014,94736,"Persons (1)","liv","World Bank"
122,"Saint Lucia",2015,95917,"Persons (1)","liv","World Bank"
122,"Saint Lucia",2016,97030,"Persons (1)","liv","World Bank"
122,"Saint Lucia",2017,98031,"Persons (1)","liv","World Bank"
122,"Saint Lucia",2018,99636,"Persons (1)","liv","World Bank"
122,"Saint Lucia",2019,98910,"Persons (1)","liv","World Bank"
122,"Saint Lucia",2020,77845,"Persons (1)","liv","World Bank"
122,"Saint Lucia",2021,95355,"Persons (1)","liv","World Bank"
122,"Saint Lucia",2022,101159,"Persons (1)","liv","World Bank"
122,"Saint Lucia",2023,101981,"Persons (1)","liv","World Bank"
124,"Barbados",2008,150841,"Persons (1)","liv","World Bank"
124,"Barbados",2009,151202,"Persons (1)","liv","World Bank"
124,"Barbados",2010,151410,"Persons (1)","liv","World Bank"
124,"Barbados",2011,151562,"Persons (1)","liv","World Bank"
124,"Barbados",2012,149937,"Persons (1)","liv","World Bank"
124,"Barbados",2013,152318,"Persons (1)","liv","World Bank"
124,"Barbados",2014,148747,"Persons (1)","liv","World Bank"
124,"Barbados",2015,147530,"Persons (1)","liv","World Bank"
124,"Barbados",2016,149789,"Persons (1)","liv","World Bank"
124,"Barbados",2017,150755,"Persons (1)","liv","World Bank"
124,"Barbados",2018,150433,"Persons (1)","liv","World Bank"
124,"Barbados",2019,149226,"Persons (1)","liv","World Bank"
124,"Barbados",2020,147279,"Persons (1)","liv","World Bank"
124,"Barbados",2021,148049,"Persons (1)","liv","World Bank"
124,"Barbados",2022,147042,"Persons (1)","liv","World Bank"
124,"Barbados",2023,147625,"Persons (1)","liv","World Bank"
126,"Trinidad and Tobago",2008,681951,"Persons (1)","liv","World Bank"
126,"Trinidad and Tobago",2009,676038,"Persons (1)","liv","World Bank"
126,"Trinidad and Tobago",2010,670134,"Persons (1)","liv","World Bank"
126,"Trinidad and Tobago",2011,665988,"Persons (1)","liv","World Bank"
126,"Trinidad and Tobago",2012,679786,"Persons (1)","liv","World Bank"
126,"Trinidad and Tobago",2013,684105,"Persons (1)","liv","World Bank"
126,"Trinidad and Tobago",2014,690101,"Persons (1)","liv","World Bank"
126,"Trinidad and Tobago",2015,684099,"Persons (1)","liv","World Bank"
126,"Trinidad and Tobago",2016,676403,"Persons (1)","liv","World Bank"
126,"Trinidad and Tobago",2017,673740,"Persons (1)","liv","World Bank"
126,"Trinidad and Tobago",2018,672830,"Persons (1)","liv","World Bank"
126,"Trinidad and Tobago",2019,671805,"Persons (1)","liv","World Bank"
126,"Trinidad and Tobago",2020,651175,"Persons (1)","liv","World Bank"
126,"Trinidad and Tobago",2021,641986,"Persons (1)","liv","World Bank"
126,"Trinidad and Tobago",2022,651121,"Persons (1)","liv","World Bank"
126,"Trinidad and Tobago",2023,652012,"Persons (1)","liv","World Bank"
127,"Saint Vincent and the Grenadines",2008,52800,"Persons (1)","liv","World Bank"
127,"Saint Vincent and the Grenadines",2009,52905,"Persons (1)","liv","World Bank"
127,"Saint Vincent and the Grenadines",2010,52858,"Persons (1)","liv","World Bank"
127,"Saint Vincent and the Grenadines",2011,52872,"Persons (1)","liv","World Bank"
127,"Saint Vincent and the Grenadines",2012,52918,"Persons (1)","liv","World Bank"
127,"Saint Vincent and the Grenadines",2013,52997,"Persons (1)","liv","World Bank"
127,"Saint Vincent and the Grenadines",2014,53015,"Persons (1)","liv","World Bank"
127,"Saint Vincent and the Grenadines",2015,53077,"Persons (1)","liv","World Bank"
127,"Saint Vincent and the Grenadines",2016,53150,"Persons (1)","liv","World Bank"
127,"Saint Vincent and the Grenadines",2017,53096,"Persons (1)","liv","World Bank"
127,"Saint Vincent and the Grenadines",2018,53044,"Persons (1)","liv","World Bank"
127,"Saint Vincent and the Grenadines",2019,52874,"Persons (1)","liv","World Bank"
127,"Saint Vincent and the Grenadines",2020,51428,"Persons (1)","liv","World Bank"
127,"Saint Vincent and the Grenadines",2021,51468,"Persons (1)","liv","World Bank"
127,"Saint Vincent and the Grenadines",2022,52249,"Persons (1)","liv","World Bank"
127,"Saint Vincent and the Grenadines",2023,52246,"Persons (1)","liv","World Bank"
129,"Panama",2008,1614819,"Persons (1)","liv","World Bank"
129,"Panama",2009,1597065,"Persons (1)","liv","World Bank"
129,"Panama",2010,1666955,"Persons (1)","liv","World Bank"
129,"Panama",2011,1653884,"Persons (1)","liv","World Bank"
129,"Panama",2012,1741559,"Persons (1)","liv","World Bank"
129,"Panama",2013,1799983,"Persons (1)","liv","World Bank"
129,"Panama",2014,1836682,"Persons (1)","liv","World Bank"
129,"Panama",2015,1874167,"Persons (1)","liv","World Bank"
129,"Panama",2016,1929484,"Persons (1)","liv","World Bank"
129,"Panama",2017,1960954,"Persons (1)","liv","World Bank"
129,"Panama",2018,2053703,"Persons (1)","liv","World Bank"
129,"Panama",2019,2125378,"Persons (1)","liv","World Bank"
129,"Panama",2020,2098423,"Persons (1)","liv","World Bank"
129,"Panama",2021,2018222,"Persons (1)","liv","World Bank"
129,"Panama",2022,2169258,"Persons (1)","liv","World Bank"
129,"Panama",2023,2170438,"Persons (1)","liv","World Bank"
130,"Costa Rica",2008,2003972,"Persons (1)","liv","World Bank"
130,"Costa Rica",2009,2030924,"Persons (1)","liv","World Bank"
130,"Costa Rica",2010,2027352,"Persons (1)","liv","World Bank"
130,"Costa Rica",2011,2114264,"Persons (1)","liv","World Bank"
130,"Costa Rica",2012,2283817,"Persons (1)","liv","World Bank"
130,"Costa Rica",2013,2299128,"Persons (1)","liv","World Bank"
130,"Costa Rica",2014,2357268,"Persons (1)","liv","World Bank"
130,"Costa Rica",2015,2344336,"Persons (1)","liv","World Bank"
130,"Costa Rica",2016,2262369,"Persons (1)","liv","World Bank"
130,"Costa Rica",2017,2300637,"Persons (1)","liv","World Bank"
130,"Costa Rica",2018,2422784,"Persons (1)","liv","World Bank"
130,"Costa Rica",2019,2534006,"Persons (1)","liv","World Bank"
130,"Costa Rica",2020,2419014,"Persons (1)","liv","World Bank"
130,"Costa Rica",2021,2490873,"Persons (1)","liv","World Bank"
130,"Costa Rica",2022,2504874,"Persons (1)","liv","World Bank"
130,"Costa Rica",2023,2340587,"Persons (1)","liv","World Bank"
131,"Nicaragua",2008,2276217,"Persons (1)","liv","World Bank"
131,"Nicaragua",2009,2338791,"Persons (1)","liv","World Bank"
131,"Nicaragua",2010,2401614,"Persons (1)","liv","World Bank"
131,"Nicaragua",2011,2465061,"Persons (1)","liv","World Bank"
131,"Nicaragua",2012,2529178,"Persons (1)","liv","World Bank"
131,"Nicaragua",2013,2593462,"Persons (1)","liv","World Bank"
131,"Nicaragua",2014,2658091,"Persons (1)","liv","World Bank"
131,"Nicaragua",2015,2715259,"Persons (1)","liv","World Bank"
131,"Nicaragua",2016,2772156,"Persons (1)","liv","World Bank"
131,"Nicaragua",2017,2828986,"Persons (1)","liv","World Bank"
131,"Nicaragua",2018,2871752,"Persons (1)","liv","World Bank"
131,"Nicaragua",2019,2916060,"Persons (1)","liv","World Bank"
131,"Nicaragua",2020,2940072,"Persons (1)","liv","World Bank"
131,"Nicaragua",2021,3036947,"Persons (1)","liv","World Bank"
131,"Nicaragua",2022,3092384,"Persons (1)","liv","World Bank"
131,"Nicaragua",2023,3161456,"Persons (1)","liv","World Bank"
132,"Colombia",2008,20022584,"Persons (1)","liv","World Bank"
132,"Colombia",2009,21321685,"Persons (1)","liv","World Bank"
132,"Colombia",2010,21788403,"Persons (1)","liv","World Bank"
132,"Colombia",2011,22348779,"Persons (1)","liv","World Bank"
132,"Colombia",2012,22946523,"Persons (1)","liv","World Bank"
132,"Colombia",2013,23081167,"Persons (1)","liv","World Bank"
132,"Colombia",2014,23376219,"Persons (1)","liv","World Bank"
132,"Colombia",2015,23770146,"Persons (1)","liv","World Bank"
132,"Colombia",2016,23971867,"Persons (1)","liv","World Bank"
132,"Colombia",2017,24367946,"Persons (1)","liv","World Bank"
132,"Colombia",2018,24727292,"Persons (1)","liv","World Bank"
132,"Colombia",2019,25000012,"Persons (1)","liv","World Bank"
132,"Colombia",2020,25151123,"Persons (1)","liv","World Bank"
132,"Colombia",2021,25915910,"Persons (1)","liv","World Bank"
132,"Colombia",2022,25830229,"Persons (1)","liv","World Bank"
132,"Colombia",2023,26490194,"Persons (1)","liv","World Bank"
133,"Honduras",2008,2897946,"Persons (1)","liv","World Bank"
133,"Honduras",2009,3053320,"Persons (1)","liv","World Bank"
133,"Honduras",2010,3207856,"Persons (1)","liv","World Bank"
133,"Honduras",2011,3191213,"Persons (1)","liv","World Bank"
133,"Honduras",2012,3216011,"Persons (1)","liv","World Bank"
133,"Honduras",2013,3554537,"Persons (1)","liv","World Bank"
133,"Honduras",2014,3747097,"Persons (1)","liv","World Bank"
133,"Honduras",2015,3853452,"Persons (1)","liv","World Bank"
133,"Honduras",2016,3916828,"Persons (1)","liv","World Bank"
133,"Honduras",2017,4091954,"Persons (1)","liv","World Bank"
133,"Honduras",2018,4357768,"Persons (1)","liv","World Bank"
133,"Honduras",2019,4326439,"Persons (1)","liv","World Bank"
133,"Honduras",2020,4137487,"Persons (1)","liv","World Bank"
133,"Honduras",2021,4395792,"Persons (1)","liv","World Bank"
133,"Honduras",2022,4588868,"Persons (1)","liv","World Bank"
133,"Honduras",2023,4213517,"Persons (1)","liv","World Bank"
134,"El Salvador",2008,2448227,"Persons (1)","liv","World Bank"
134,"El Salvador",2009,2459601,"Persons (1)","liv","World Bank"
134,"El Salvador",2010,2471139,"Persons (1)","liv","World Bank"
134,"El Salvador",2011,2492794,"Persons (1)","liv","World Bank"
134,"El Salvador",2012,2554561,"Persons (1)","liv","World Bank"
134,"El Salvador",2013,2605139,"Persons (1)","liv","World Bank"
134,"El Salvador",2014,2591567,"Persons (1)","liv","World Bank"
134,"El Salvador",2015,2591980,"Persons (1)","liv","World Bank"
134,"El Salvador",2016,2645808,"Persons (1)","liv","World Bank"
134,"El Salvador",2017,2658834,"Persons (1)","liv","World Bank"
134,"El Salvador",2018,2664978,"Persons (1)","liv","World Bank"
134,"El Salvador",2019,2732360,"Persons (1)","liv","World Bank"
134,"El Salvador",2020,2606548,"Persons (1)","liv","World Bank"
134,"El Salvador",2021,2739437,"Persons (1)","liv","World Bank"
134,"El Salvador",2022,2806629,"Persons (1)","liv","World Bank"
134,"El Salvador",2023,2854017,"Persons (1)","liv","World Bank"
135,"Mexico",2008,46418411,"Persons (1)","liv","World Bank"
135,"Mexico",2009,47339853,"Persons (1)","liv","World Bank"
135,"Mexico",2010,48189452,"Persons (1)","liv","World Bank"
135,"Mexico",2011,49262430,"Persons (1)","liv","World Bank"
135,"Mexico",2012,50764169,"Persons (1)","liv","World Bank"
135,"Mexico",2013,51511392,"Persons (1)","liv","World Bank"
135,"Mexico",2014,51907743,"Persons (1)","liv","World Bank"
135,"Mexico",2015,52800736,"Persons (1)","liv","World Bank"
135,"Mexico",2016,53498509,"Persons (1)","liv","World Bank"
135,"Mexico",2017,54114274,"Persons (1)","liv","World Bank"
135,"Mexico",2018,55142830,"Persons (1)","liv","World Bank"
135,"Mexico",2019,56614536,"Persons (1)","liv","World Bank"
135,"Mexico",2020,52956486,"Persons (1)","liv","World Bank"
135,"Mexico",2021,56864048,"Persons (1)","liv","World Bank"
135,"Mexico",2022,58544385,"Persons (1)","liv","World Bank"
135,"Mexico",2023,60144623,"Persons (1)","liv","World Bank"
136,"Guatemala",2008,5089817,"Persons (1)","liv","World Bank"
136,"Guatemala",2009,5205293,"Persons (1)","liv","World Bank"
136,"Guatemala",2010,5323128,"Persons (1)","liv","World Bank"
136,"Guatemala",2011,5569717,"Persons (1)","liv","World Bank"
136,"Guatemala",2012,6083825,"Persons (1)","liv","World Bank"
136,"Guatemala",2013,5790992,"Persons (1)","liv","World Bank"
136,"Guatemala",2014,6005384,"Persons (1)","liv","World Bank"
136,"Guatemala",2015,6154180,"Persons (1)","liv","World Bank"
136,"Guatemala",2016,6330012,"Persons (1)","liv","World Bank"
136,"Guatemala",2017,6525645,"Persons (1)","liv","World Bank"
136,"Guatemala",2018,6638657,"Persons (1)","liv","World Bank"
136,"Guatemala",2019,6643821,"Persons (1)","liv","World Bank"
136,"Guatemala",2020,6537776,"Persons (1)","liv","World Bank"
136,"Guatemala",2021,6800730,"Persons (1)","liv","World Bank"
136,"Guatemala",2022,7234412,"Persons (1)","liv","World Bank"
136,"Guatemala",2023,7406030,"Persons (1)","liv","World Bank"
137,"Ecuador",2008,6581958,"Persons (1)","liv","World Bank"
137,"Ecuador",2009,6478792,"Persons (1)","liv","World Bank"
137,"Ecuador",2010,6489520,"Persons (1)","liv","World Bank"
137,"Ecuador",2011,6540161,"Persons (1)","liv","World Bank"
137,"Ecuador",2012,6757347,"Persons (1)","liv","World Bank"
137,"Ecuador",2013,6882742,"Persons (1)","liv","World Bank"
137,"Ecuador",2014,7072058,"Persons (1)","liv","World Bank"
137,"Ecuador",2015,7577726,"Persons (1)","liv","World Bank"
137,"Ecuador",2016,7985502,"Persons (1)","liv","World Bank"
137,"Ecuador",2017,8229598,"Persons (1)","liv","World Bank"
137,"Ecuador",2018,8251116,"Persons (1)","liv","World Bank"
137,"Ecuador",2019,8393240,"Persons (1)","liv","World Bank"
137,"Ecuador",2020,7739432,"Persons (1)","liv","World Bank"
137,"Ecuador",2021,8506635,"Persons (1)","liv","World Bank"
137,"Ecuador",2022,8627291,"Persons (1)","liv","World Bank"
137,"Ecuador",2023,8695838,"Persons (1)","liv","World Bank"
138,"Peru",2008,15688718,"Persons (1)","liv","World Bank"
138,"Peru",2009,15961805,"Persons (1)","liv","World Bank"
138,"Peru",2010,16300474,"Persons (1)","liv","World Bank"
138,"Peru",2011,16389689,"Persons (1)","liv","World Bank"
138,"Peru",2012,16569598,"Persons (1)","liv","World Bank"
138,"Peru",2013,16673246,"Persons (1)","liv","World Bank"
138,"Peru",2014,16746275,"Persons (1)","liv","World Bank"
138,"Peru",2015,16759049,"Persons (1)","liv","World Bank"
138,"Peru",2016,16939632,"Persons (1)","liv","World Bank"
138,"Peru",2017,17644346,"Persons (1)","liv","World Bank"
138,"Peru",2018,18124121,"Persons (1)","liv","World Bank"
138,"Peru",2019,18599717,"Persons (1)","liv","World Bank"
138,"Peru",2020,16861243,"Persons (1)","liv","World Bank"
138,"Peru",2021,17853296,"Persons (1)","liv","World Bank"
138,"Peru",2022,18756175,"Persons (1)","liv","World Bank"
138,"Peru",2023,18608668,"Persons (1)","liv","World Bank"
139,"Venezuela",2008,12512529,"Persons (1)","liv","World Bank"
139,"Venezuela",2009,12701604,"Persons (1)","liv","World Bank"
139,"Venezuela",2010,12898145,"Persons (1)","liv","World Bank"
139,"Venezuela",2011,13082614,"Persons (1)","liv","World Bank"
139,"Venezuela",2012,13203531,"Persons (1)","liv","World Bank"
139,"Venezuela",2013,13325068,"Persons (1)","liv","World Bank"
139,"Venezuela",2014,13437961,"Persons (1)","liv","World Bank"
139,"Venezuela",2015,13538387,"Persons (1)","liv","World Bank"
139,"Venezuela",2016,13570521,"Persons (1)","liv","World Bank"
139,"Venezuela",2017,13236388,"Persons (1)","liv","World Bank"
139,"Venezuela",2018,12525208,"Persons (1)","liv","World Bank"
139,"Venezuela",2019,11499863,"Persons (1)","liv","World Bank"
139,"Venezuela",2020,10664160,"Persons (1)","liv","World Bank"
139,"Venezuela",2021,10687969,"Persons (1)","liv","World Bank"
139,"Venezuela",2022,10896935,"Persons (1)","liv","World Bank"
139,"Venezuela",2023,11067962,"Persons (1)","liv","World Bank"
143,"Iceland",2008,191636,"Persons (1)","liv","World Bank"
143,"Iceland",2009,188209,"Persons (1)","liv","World Bank"
143,"Iceland",2010,187493,"Persons (1)","liv","World Bank"
143,"Iceland",2011,187061,"Persons (1)","liv","World Bank"
143,"Iceland",2012,188594,"Persons (1)","liv","World Bank"
143,"Iceland",2013,192259,"Persons (1)","liv","World Bank"
143,"Iceland",2014,197546,"Persons (1)","liv","World Bank"
143,"Iceland",2015,202119,"Persons (1)","liv","World Bank"
143,"Iceland",2016,207734,"Persons (1)","liv","World Bank"
143,"Iceland",2017,212098,"Persons (1)","liv","World Bank"
143,"Iceland",2018,216266,"Persons (1)","liv","World Bank"
143,"Iceland",2019,221074,"Persons (1)","liv","World Bank"
143,"Iceland",2020,218943,"Persons (1)","liv","World Bank"
143,"Iceland",2021,222546,"Persons (1)","liv","World Bank"
143,"Iceland",2022,232189,"Persons (1)","liv","World Bank"
143,"Iceland",2023,240931,"Persons (1)","liv","World Bank"
147,"French Polynesia",2008,110126,"Persons (1)","liv","World Bank"
147,"French Polynesia",2009,111386,"Persons (1)","liv","World Bank"
147,"French Polynesia",2010,112569,"Persons (1)","liv","World Bank"
147,"French Polynesia",2011,113689,"Persons (1)","liv","World Bank"
147,"French Polynesia",2012,114831,"Persons (1)","liv","World Bank"
147,"French Polynesia",2013,115835,"Persons (1)","liv","World Bank"
147,"French Polynesia",2014,116888,"Persons (1)","liv","World Bank"
147,"French Polynesia",2015,117862,"Persons (1)","liv","World Bank"
147,"French Polynesia",2016,118746,"Persons (1)","liv","World Bank"
147,"French Polynesia",2017,119395,"Persons (1)","liv","World Bank"
147,"French Polynesia",2018,119689,"Persons (1)","liv","World Bank"
147,"French Polynesia",2019,119783,"Persons (1)","liv","World Bank"
147,"French Polynesia",2020,118613,"Persons (1)","liv","World Bank"
147,"French Polynesia",2021,119090,"Persons (1)","liv","World Bank"
147,"French Polynesia",2022,119243,"Persons (1)","liv","World Bank"
147,"French Polynesia",2023,119115,"Persons (1)","liv","World Bank"
152,"Samoa",2008,64371,"Persons (1)","liv","World Bank"
152,"Samoa",2009,65061,"Persons (1)","liv","World Bank"
152,"Samoa",2010,65364,"Persons (1)","liv","World Bank"
152,"Samoa",2011,65752,"Persons (1)","liv","World Bank"
152,"Samoa",2012,66680,"Persons (1)","liv","World Bank"
152,"Samoa",2013,67467,"Persons (1)","liv","World Bank"
152,"Samoa",2014,68077,"Persons (1)","liv","World Bank"
152,"Samoa",2015,68483,"Persons (1)","liv","World Bank"
152,"Samoa",2016,68647,"Persons (1)","liv","World Bank"
152,"Samoa",2017,69083,"Persons (1)","liv","World Bank"
152,"Samoa",2018,67026,"Persons (1)","liv","World Bank"
152,"Samoa",2019,64684,"Persons (1)","liv","World Bank"
152,"Samoa",2020,61844,"Persons (1)","liv","World Bank"
152,"Samoa",2021,59595,"Persons (1)","liv","World Bank"
152,"Samoa",2022,57627,"Persons (1)","liv","World Bank"
152,"Samoa",2023,57484,"Persons (1)","liv","World Bank"
155,"Tonga",2008,37771,"Persons (1)","liv","World Bank"
155,"Tonga",2009,37845,"Persons (1)","liv","World Bank"
155,"Tonga",2010,37875,"Persons (1)","liv","World Bank"
155,"Tonga",2011,37835,"Persons (1)","liv","World Bank"
155,"Tonga",2012,37695,"Persons (1)","liv","World Bank"
155,"Tonga",2013,37481,"Persons (1)","liv","World Bank"
155,"Tonga",2014,37216,"Persons (1)","liv","World Bank"
155,"Tonga",2015,36946,"Persons (1)","liv","World Bank"
155,"Tonga",2016,36638,"Persons (1)","liv","World Bank"
155,"Tonga",2017,36431,"Persons (1)","liv","World Bank"
155,"Tonga",2018,36363,"Persons (1)","liv","World Bank"
155,"Tonga",2019,36402,"Persons (1)","liv","World Bank"
155,"Tonga",2020,36048,"Persons (1)","liv","World Bank"
155,"Tonga",2021,35984,"Persons (1)","liv","World Bank"
155,"Tonga",2022,35649,"Persons (1)","liv","World Bank"
155,"Tonga",2023,35153,"Persons (1)","liv","World Bank"
162,"New Zealand",2008,2286662,"Persons (1)","liv","World Bank"
162,"New Zealand",2009,2304331,"Persons (1)","liv","World Bank"
162,"New Zealand",2010,2325453,"Persons (1)","liv","World Bank"
162,"New Zealand",2011,2358833,"Persons (1)","liv","World Bank"
162,"New Zealand",2012,2366796,"Persons (1)","liv","World Bank"
162,"New Zealand",2013,2382609,"Persons (1)","liv","World Bank"
162,"New Zealand",2014,2463012,"Persons (1)","liv","World Bank"
162,"New Zealand",2015,2526061,"Persons (1)","liv","World Bank"
162,"New Zealand",2016,2634836,"Persons (1)","liv","World Bank"
162,"New Zealand",2017,2732646,"Persons (1)","liv","World Bank"
162,"New Zealand",2018,2787916,"Persons (1)","liv","World Bank"
162,"New Zealand",2019,2824420,"Persons (1)","liv","World Bank"
162,"New Zealand",2020,2879819,"Persons (1)","liv","World Bank"
162,"New Zealand",2021,2919514,"Persons (1)","liv","World Bank"
162,"New Zealand",2022,2953125,"Persons (1)","liv","World Bank"
162,"New Zealand",2023,3061562,"Persons (1)","liv","World Bank"
163,"United States",2008,158272885,"Persons (1)","liv","World Bank"
163,"United States",2009,158353162,"Persons (1)","liv","World Bank"
163,"United States",2010,158330168,"Persons (1)","liv","World Bank"
163,"United States",2011,158537150,"Persons (1)","liv","World Bank"
163,"United States",2012,159682753,"Persons (1)","liv","World Bank"
163,"United States",2013,160132463,"Persons (1)","liv","World Bank"
163,"United States",2014,160876331,"Persons (1)","liv","World Bank"
163,"United States",2015,161927418,"Persons (1)","liv","World Bank"
163,"United States",2016,163886456,"Persons (1)","liv","World Bank"
163,"United States",2017,165597316,"Persons (1)","liv","World Bank"
163,"United States",2018,166999339,"Persons (1)","liv","World Bank"
163,"United States",2019,168920514,"Persons (1)","liv","World Bank"
163,"United States",2020,166565059,"Persons (1)","liv","World Bank"
163,"United States",2021,167182196,"Persons (1)","liv","World Bank"
163,"United States",2022,169494100,"Persons (1)","liv","World Bank"
163,"United States",2023,172300802,"Persons (1)","liv","World Bank"
164,"Belize",2008,118461,"Persons (1)","liv","World Bank"
164,"Belize",2009,123041,"Persons (1)","liv","World Bank"
164,"Belize",2010,127831,"Persons (1)","liv","World Bank"
164,"Belize",2011,132777,"Persons (1)","liv","World Bank"
164,"Belize",2012,137753,"Persons (1)","liv","World Bank"
164,"Belize",2013,142809,"Persons (1)","liv","World Bank"
164,"Belize",2014,149447,"Persons (1)","liv","World Bank"
164,"Belize",2015,155137,"Persons (1)","liv","World Bank"
164,"Belize",2016,161445,"Persons (1)","liv","World Bank"
164,"Belize",2017,166282,"Persons (1)","liv","World Bank"
164,"Belize",2018,178447,"Persons (1)","liv","World Bank"
164,"Belize",2019,189886,"Persons (1)","liv","World Bank"
164,"Belize",2020,179096,"Persons (1)","liv","World Bank"
164,"Belize",2021,175200,"Persons (1)","liv","World Bank"
164,"Belize",2022,180679,"Persons (1)","liv","World Bank"
164,"Belize",2023,186401,"Persons (1)","liv","World Bank"
166,"Jamaica",2008,1254816,"Persons (1)","liv","World Bank"
166,"Jamaica",2009,1229928,"Persons (1)","liv","World Bank"
166,"Jamaica",2010,1214581,"Persons (1)","liv","World Bank"
166,"Jamaica",2011,1239415,"Persons (1)","liv","World Bank"
166,"Jamaica",2012,1255850,"Persons (1)","liv","World Bank"
166,"Jamaica",2013,1296517,"Persons (1)","liv","World Bank"
166,"Jamaica",2014,1327826,"Persons (1)","liv","World Bank"
166,"Jamaica",2015,1405947,"Persons (1)","liv","World Bank"
166,"Jamaica",2016,1407658,"Persons (1)","liv","World Bank"
166,"Jamaica",2017,1437450,"Persons (1)","liv","World Bank"
166,"Jamaica",2018,1446091,"Persons (1)","liv","World Bank"
166,"Jamaica",2019,1491227,"Persons (1)","liv","World Bank"
166,"Jamaica",2020,1457816,"Persons (1)","liv","World Bank"
166,"Jamaica",2021,1490454,"Persons (1)","liv","World Bank"
166,"Jamaica",2022,1544729,"Persons (1)","liv","World Bank"
166,"Jamaica",2023,1559061,"Persons (1)","liv","World Bank"
167,"Guyana",2008,282105,"Persons (1)","liv","World Bank"
167,"Guyana",2009,283394,"Persons (1)","liv","World Bank"
167,"Guyana",2010,284475,"Persons (1)","liv","World Bank"
167,"Guyana",2011,285259,"Persons (1)","liv","World Bank"
167,"Guyana",2012,286398,"Persons (1)","liv","World Bank"
167,"Guyana",2013,288071,"Persons (1)","liv","World Bank"
167,"Guyana",2014,289729,"Persons (1)","liv","World Bank"
167,"Guyana",2015,291360,"Persons (1)","liv","World Bank"
167,"Guyana",2016,292950,"Persons (1)","liv","World Bank"
167,"Guyana",2017,294471,"Persons (1)","liv","World Bank"
167,"Guyana",2018,306347,"Persons (1)","liv","World Bank"
167,"Guyana",2019,293082,"Persons (1)","liv","World Bank"
167,"Guyana",2020,288627,"Persons (1)","liv","World Bank"
167,"Guyana",2021,292395,"Persons (1)","liv","World Bank"
167,"Guyana",2022,291267,"Persons (1)","liv","World Bank"
167,"Guyana",2023,291050,"Persons (1)","liv","World Bank"
168,"Suriname",2008,192509,"Persons (1)","liv","World Bank"
168,"Suriname",2009,197286,"Persons (1)","liv","World Bank"
168,"Suriname",2010,202290,"Persons (1)","liv","World Bank"
168,"Suriname",2011,207535,"Persons (1)","liv","World Bank"
168,"Suriname",2012,212991,"Persons (1)","liv","World Bank"
168,"Suriname",2013,218645,"Persons (1)","liv","World Bank"
168,"Suriname",2014,224478,"Persons (1)","liv","World Bank"
168,"Suriname",2015,230457,"Persons (1)","liv","World Bank"
168,"Suriname",2016,236541,"Persons (1)","liv","World Bank"
168,"Suriname",2017,240373,"Persons (1)","liv","World Bank"
168,"Suriname",2018,244753,"Persons (1)","liv","World Bank"
168,"Suriname",2019,248505,"Persons (1)","liv","World Bank"
168,"Suriname",2020,239907,"Persons (1)","liv","World Bank"
168,"Suriname",2021,245337,"Persons (1)","liv","World Bank"
168,"Suriname",2022,248733,"Persons (1)","liv","World Bank"
168,"Suriname",2023,252347,"Persons (1)","liv","World Bank"
171,"Brazil",2008,95054971,"Persons (1)","liv","World Bank"
171,"Brazil",2009,96857149,"Persons (1)","liv","World Bank"
171,"Brazil",2010,96467543,"Persons (1)","liv","World Bank"
171,"Brazil",2011,95987652,"Persons (1)","liv","World Bank"
171,"Brazil",2012,96690220,"Persons (1)","liv","World Bank"
171,"Brazil",2013,97945820,"Persons (1)","liv","World Bank"
171,"Brazil",2014,98901551,"Persons (1)","liv","World Bank"
171,"Brazil",2015,100587656,"Persons (1)","liv","World Bank"
171,"Brazil",2016,101885554,"Persons (1)","liv","World Bank"
171,"Brazil",2017,103476109,"Persons (1)","liv","World Bank"
171,"Brazil",2018,104554923,"Persons (1)","liv","World Bank"
171,"Brazil",2019,106262669,"Persons (1)","liv","World Bank"
171,"Brazil",2020,100001874,"Persons (1)","liv","World Bank"
171,"Brazil",2021,104085430,"Persons (1)","liv","World Bank"
171,"Brazil",2022,106610573,"Persons (1)","liv","World Bank"
171,"Brazil",2023,106356432,"Persons (1)","liv","World Bank"
172,"Argentina",2008,18041663,"Persons (1)","liv","World Bank"
172,"Argentina",2009,18399678,"Persons (1)","liv","World Bank"
172,"Argentina",2010,18468692,"Persons (1)","liv","World Bank"
172,"Argentina",2011,18857586,"Persons (1)","liv","World Bank"
172,"Argentina",2012,19006986,"Persons (1)","liv","World Bank"
172,"Argentina",2013,19111596,"Persons (1)","liv","World Bank"
172,"Argentina",2014,19177885,"Persons (1)","liv","World Bank"
172,"Argentina",2015,19343227,"Persons (1)","liv","World Bank"
172,"Argentina",2016,19497873,"Persons (1)","liv","World Bank"
172,"Argentina",2017,19643677,"Persons (1)","liv","World Bank"
172,"Argentina",2018,20125838,"Persons (1)","liv","World Bank"
172,"Argentina",2019,20580300,"Persons (1)","liv","World Bank"
172,"Argentina",2020,19317784,"Persons (1)","liv","World Bank"
172,"Argentina",2021,20993886,"Persons (1)","liv","World Bank"
172,"Argentina",2022,21566906,"Persons (1)","liv","World Bank"
172,"Argentina",2023,22069879,"Persons (1)","liv","World Bank"
173,"Uruguay",2008,1630866,"Persons (1)","liv","World Bank"
173,"Uruguay",2009,1659322,"Persons (1)","liv","World Bank"
173,"Uruguay",2010,1657841,"Persons (1)","liv","World Bank"
173,"Uruguay",2011,1712866,"Persons (1)","liv","World Bank"
173,"Uruguay",2012,1702318,"Persons (1)","liv","World Bank"
173,"Uruguay",2013,1702341,"Persons (1)","liv","World Bank"
173,"Uruguay",2014,1739514,"Persons (1)","liv","World Bank"
173,"Uruguay",2015,1724536,"Persons (1)","liv","World Bank"
173,"Uruguay",2016,1725355,"Persons (1)","liv","World Bank"
173,"Uruguay",2017,1721302,"Persons (1)","liv","World Bank"
173,"Uruguay",2018,1718627,"Persons (1)","liv","World Bank"
173,"Uruguay",2019,1727294,"Persons (1)","liv","World Bank"
173,"Uruguay",2020,1669635,"Persons (1)","liv","World Bank"
173,"Uruguay",2021,1722127,"Persons (1)","liv","World Bank"
173,"Uruguay",2022,1733922,"Persons (1)","liv","World Bank"
173,"Uruguay",2023,1761109,"Persons (1)","liv","World Bank"
174,"Finland",2008,2715342,"Persons (1)","liv","World Bank"
174,"Finland",2009,2686596,"Persons (1)","liv","World Bank"
174,"Finland",2010,2672403,"Persons (1)","liv","World Bank"
174,"Finland",2011,2691855,"Persons (1)","liv","World Bank"
174,"Finland",2012,2695628,"Persons (1)","liv","World Bank"
174,"Finland",2013,2687096,"Persons (1)","liv","World Bank"
174,"Finland",2014,2681812,"Persons (1)","liv","World Bank"
174,"Finland",2015,2693206,"Persons (1)","liv","World Bank"
174,"Finland",2016,2693204,"Persons (1)","liv","World Bank"
174,"Finland",2017,2708034,"Persons (1)","liv","World Bank"
174,"Finland",2018,2745547,"Persons (1)","liv","World Bank"
174,"Finland",2019,2749091,"Persons (1)","liv","World Bank"
174,"Finland",2020,2744481,"Persons (1)","liv","World Bank"
174,"Finland",2021,2799945,"Persons (1)","liv","World Bank"
174,"Finland",2022,2846126,"Persons (1)","liv","World Bank"
174,"Finland",2023,2863035,"Persons (1)","liv","World Bank"
175,"Denmark",2008,2924360,"Persons (1)","liv","World Bank"
175,"Denmark",2009,2914702,"Persons (1)","liv","World Bank"
175,"Denmark",2010,2893686,"Persons (1)","liv","World Bank"
175,"Denmark",2011,2892968,"Persons (1)","liv","World Bank"
175,"Denmark",2012,2877238,"Persons (1)","liv","World Bank"
175,"Denmark",2013,2854299,"Persons (1)","liv","World Bank"
175,"Denmark",2014,2869233,"Persons (1)","liv","World Bank"
175,"Denmark",2015,2899972,"Persons (1)","liv","World Bank"
175,"Denmark",2016,2943425,"Persons (1)","liv","World Bank"
175,"Denmark",2017,2970148,"Persons (1)","liv","World Bank"
175,"Denmark",2018,2992952,"Persons (1)","liv","World Bank"
175,"Denmark",2019,3034322,"Persons (1)","liv","World Bank"
175,"Denmark",2020,3032016,"Persons (1)","liv","World Bank"
175,"Denmark",2021,3079023,"Persons (1)","liv","World Bank"
175,"Denmark",2022,3147518,"Persons (1)","liv","World Bank"
175,"Denmark",2023,3189737,"Persons (1)","liv","World Bank"
176,"Germany",2008,41800249,"Persons (1)","liv","World Bank"
176,"Germany",2009,41823603,"Persons (1)","liv","World Bank"
176,"Germany",2010,41860532,"Persons (1)","liv","World Bank"
176,"Germany",2011,41522681,"Persons (1)","liv","World Bank"
176,"Germany",2012,41764438,"Persons (1)","liv","World Bank"
176,"Germany",2013,42179707,"Persons (1)","liv","World Bank"
176,"Germany",2014,42451594,"Persons (1)","liv","World Bank"
176,"Germany",2015,42693402,"Persons (1)","liv","World Bank"
176,"Germany",2016,43118037,"Persons (1)","liv","World Bank"
176,"Germany",2017,43391708,"Persons (1)","liv","World Bank"
176,"Germany",2018,43612526,"Persons (1)","liv","World Bank"
176,"Germany",2019,43981829,"Persons (1)","liv","World Bank"
176,"Germany",2020,43372704,"Persons (1)","liv","World Bank"
176,"Germany",2021,43283278,"Persons (1)","liv","World Bank"
176,"Germany",2022,43953915,"Persons (1)","liv","World Bank"
176,"Germany",2023,44142665,"Persons (1)","liv","World Bank"
177,"Netherlands",2008,9081198,"Persons (1)","liv","World Bank"
177,"Netherlands",2009,9105112,"Persons (1)","liv","World Bank"
177,"Netherlands",2010,9123283,"Persons (1)","liv","World Bank"
177,"Netherlands",2011,9162232,"Persons (1)","liv","World Bank"
177,"Netherlands",2012,9263912,"Persons (1)","liv","World Bank"
177,"Netherlands",2013,9302380,"Persons (1)","liv","World Bank"
177,"Netherlands",2014,9277002,"Persons (1)","liv","World Bank"
177,"Netherlands",2015,9382552,"Persons (1)","liv","World Bank"
177,"Netherlands",2016,9429376,"Persons (1)","liv","World Bank"
177,"Netherlands",2017,9483930,"Persons (1)","liv","World Bank"
177,"Netherlands",2018,9598204,"Persons (1)","liv","World Bank"
177,"Netherlands",2019,9729857,"Persons (1)","liv","World Bank"
177,"Netherlands",2020,9778411,"Persons (1)","liv","World Bank"
177,"Netherlands",2021,9842958,"Persons (1)","liv","World Bank"
177,"Netherlands",2022,10054815,"Persons (1)","liv","World Bank"
177,"Netherlands",2023,10247550,"Persons (1)","liv","World Bank"
178,"Poland",2008,17501767,"Persons (1)","liv","World Bank"
178,"Poland",2009,17806724,"Persons (1)","liv","World Bank"
178,"Poland",2010,18033288,"Persons (1)","liv","World Bank"
178,"Poland",2011,18101528,"Persons (1)","liv","World Bank"
178,"Poland",2012,18230032,"Persons (1)","liv","World Bank"
178,"Poland",2013,18265646,"Persons (1)","liv","World Bank"
178,"Poland",2014,18388974,"Persons (1)","liv","World Bank"
178,"Poland",2015,18337515,"Persons (1)","liv","World Bank"
178,"Poland",2016,18385676,"Persons (1)","liv","World Bank"
178,"Poland",2017,18459257,"Persons (1)","liv","World Bank"
178,"Poland",2018,18432612,"Persons (1)","liv","World Bank"
178,"Poland",2019,18381550,"Persons (1)","liv","World Bank"
178,"Poland",2020,18125438,"Persons (1)","liv","World Bank"
178,"Poland",2021,18231897,"Persons (1)","liv","World Bank"
178,"Poland",2022,18259831,"Persons (1)","liv","World Bank"
178,"Poland",2023,18341629,"Persons (1)","liv","World Bank"
179,"France",2008,29464970,"Persons (1)","liv","World Bank"
179,"France",2009,29692721,"Persons (1)","liv","World Bank"
179,"France",2010,29781056,"Persons (1)","liv","World Bank"
179,"France",2011,29816377,"Persons (1)","liv","World Bank"
179,"France",2012,30074280,"Persons (1)","liv","World Bank"
179,"France",2013,30287405,"Persons (1)","liv","World Bank"
179,"France",2014,30194204,"Persons (1)","liv","World Bank"
179,"France",2015,30261476,"Persons (1)","liv","World Bank"
179,"France",2016,30280138,"Persons (1)","liv","World Bank"
179,"France",2017,30347085,"Persons (1)","liv","World Bank"
179,"France",2018,30534890,"Persons (1)","liv","World Bank"
179,"France",2019,30500444,"Persons (1)","liv","World Bank"
179,"France",2020,30289755,"Persons (1)","liv","World Bank"
179,"France",2021,31181921,"Persons (1)","liv","World Bank"
179,"France",2022,31537676,"Persons (1)","liv","World Bank"
179,"France",2023,31618891,"Persons (1)","liv","World Bank"
180,"United Kingdom",2008,31570084,"Persons (1)","liv","World Bank"
180,"United Kingdom",2009,31721347,"Persons (1)","liv","World Bank"
180,"United Kingdom",2010,31884621,"Persons (1)","liv","World Bank"
180,"United Kingdom",2011,32136046,"Persons (1)","liv","World Bank"
180,"United Kingdom",2012,32468228,"Persons (1)","liv","World Bank"
180,"United Kingdom",2013,32674256,"Persons (1)","liv","World Bank"
180,"United Kingdom",2014,32976365,"Persons (1)","liv","World Bank"
180,"United Kingdom",2015,33259719,"Persons (1)","liv","World Bank"
180,"United Kingdom",2016,33579398,"Persons (1)","liv","World Bank"
180,"United Kingdom",2017,33734171,"Persons (1)","liv","World Bank"
180,"United Kingdom",2018,34007609,"Persons (1)","liv","World Bank"
180,"United Kingdom",2019,34191597,"Persons (1)","liv","World Bank"
180,"United Kingdom",2020,34243890,"Persons (1)","liv","World Bank"
180,"United Kingdom",2021,34094107,"Persons (1)","liv","World Bank"
180,"United Kingdom",2022,34472367,"Persons (1)","liv","World Bank"
180,"United Kingdom",2023,34950053,"Persons (1)","liv","World Bank"
181,"Ireland",2008,2354998,"Persons (1)","liv","World Bank"
181,"Ireland",2009,2303368,"Persons (1)","liv","World Bank"
181,"Ireland",2010,2252588,"Persons (1)","liv","World Bank"
181,"Ireland",2011,2230616,"Persons (1)","liv","World Bank"
181,"Ireland",2012,2224068,"Persons (1)","liv","World Bank"
181,"Ireland",2013,2246922,"Persons (1)","liv","World Bank"
181,"Ireland",2014,2257992,"Persons (1)","liv","World Bank"
181,"Ireland",2015,2285573,"Persons (1)","liv","World Bank"
181,"Ireland",2016,2332726,"Persons (1)","liv","World Bank"
181,"Ireland",2017,2363119,"Persons (1)","liv","World Bank"
181,"Ireland",2018,2413701,"Persons (1)","liv","World Bank"
181,"Ireland",2019,2467948,"Persons (1)","liv","World Bank"
181,"Ireland",2020,2459907,"Persons (1)","liv","World Bank"
181,"Ireland",2021,2607594,"Persons (1)","liv","World Bank"
181,"Ireland",2022,2709339,"Persons (1)","liv","World Bank"
181,"Ireland",2023,2799495,"Persons (1)","liv","World Bank"
182,"Spain",2008,23164314,"Persons (1)","liv","World Bank"
182,"Spain",2009,23401615,"Persons (1)","liv","World Bank"
182,"Spain",2010,23521339,"Persons (1)","liv","World Bank"
182,"Spain",2011,23586778,"Persons (1)","liv","World Bank"
182,"Spain",2012,23600632,"Persons (1)","liv","World Bank"
182,"Spain",2013,23404018,"Persons (1)","liv","World Bank"
182,"Spain",2014,23180232,"Persons (1)","liv","World Bank"
182,"Spain",2015,23132898,"Persons (1)","liv","World Bank"
182,"Spain",2016,23054343,"Persons (1)","liv","World Bank"
182,"Spain",2017,23026725,"Persons (1)","liv","World Bank"
182,"Spain",2018,23008131,"Persons (1)","liv","World Bank"
182,"Spain",2019,23229297,"Persons (1)","liv","World Bank"
182,"Spain",2020,22918332,"Persons (1)","liv","World Bank"
182,"Spain",2021,23459024,"Persons (1)","liv","World Bank"
182,"Spain",2022,23841592,"Persons (1)","liv","World Bank"
182,"Spain",2023,24199271,"Persons (1)","liv","World Bank"
183,"Portugal",2008,5531613,"Persons (1)","liv","World Bank"
183,"Portugal",2009,5483627,"Persons (1)","liv","World Bank"
183,"Portugal",2010,5488106,"Persons (1)","liv","World Bank"
183,"Portugal",2011,5425768,"Persons (1)","liv","World Bank"
183,"Portugal",2012,5377902,"Persons (1)","liv","World Bank"
183,"Portugal",2013,5282453,"Persons (1)","liv","World Bank"
183,"Portugal",2014,5223671,"Persons (1)","liv","World Bank"
183,"Portugal",2015,5196241,"Persons (1)","liv","World Bank"
183,"Portugal",2016,5178291,"Persons (1)","liv","World Bank"
183,"Portugal",2017,5216904,"Persons (1)","liv","World Bank"
183,"Portugal",2018,5230888,"Persons (1)","liv","World Bank"
183,"Portugal",2019,5248814,"Persons (1)","liv","World Bank"
183,"Portugal",2020,5138170,"Persons (1)","liv","World Bank"
183,"Portugal",2021,5158639,"Persons (1)","liv","World Bank"
183,"Portugal",2022,5275650,"Persons (1)","liv","World Bank"
183,"Portugal",2023,5414853,"Persons (1)","liv","World Bank"
184,"Italy",2008,24903672,"Persons (1)","liv","World Bank"
184,"Italy",2009,24718373,"Persons (1)","liv","World Bank"
184,"Italy",2010,24680015,"Persons (1)","liv","World Bank"
184,"Italy",2011,24716194,"Persons (1)","liv","World Bank"
184,"Italy",2012,25274094,"Persons (1)","liv","World Bank"
184,"Italy",2013,25176920,"Persons (1)","liv","World Bank"
184,"Italy",2014,25330811,"Persons (1)","liv","World Bank"
184,"Italy",2015,25270285,"Persons (1)","liv","World Bank"
184,"Italy",2016,25548902,"Persons (1)","liv","World Bank"
184,"Italy",2017,25724021,"Persons (1)","liv","World Bank"
184,"Italy",2018,25890984,"Persons (1)","liv","World Bank"
184,"Italy",2019,25759941,"Persons (1)","liv","World Bank"
184,"Italy",2020,25002925,"Persons (1)","liv","World Bank"
184,"Italy",2021,25032297,"Persons (1)","liv","World Bank"
184,"Italy",2022,25351560,"Persons (1)","liv","World Bank"
184,"Italy",2023,25810867,"Persons (1)","liv","World Bank"
186,"Montenegro",2008,239423,"Persons (1)","liv","World Bank"
186,"Montenegro",2009,240225,"Persons (1)","liv","World Bank"
186,"Montenegro",2010,241400,"Persons (1)","liv","World Bank"
186,"Montenegro",2011,242523,"Persons (1)","liv","World Bank"
186,"Montenegro",2012,249372,"Persons (1)","liv","World Bank"
186,"Montenegro",2013,250114,"Persons (1)","liv","World Bank"
186,"Montenegro",2014,262021,"Persons (1)","liv","World Bank"
186,"Montenegro",2015,266278,"Persons (1)","liv","World Bank"
186,"Montenegro",2016,268657,"Persons (1)","liv","World Bank"
186,"Montenegro",2017,268583,"Persons (1)","liv","World Bank"
186,"Montenegro",2018,273696,"Persons (1)","liv","World Bank"
186,"Montenegro",2019,278968,"Persons (1)","liv","World Bank"
186,"Montenegro",2020,257436,"Persons (1)","liv","World Bank"
186,"Montenegro",2021,245080,"Persons (1)","liv","World Bank"
186,"Montenegro",2022,245839,"Persons (1)","liv","World Bank"
186,"Montenegro",2023,245825,"Persons (1)","liv","World Bank"
187,"Croatia",2008,1934423,"Persons (1)","liv","World Bank"
187,"Croatia",2009,1932994,"Persons (1)","liv","World Bank"
187,"Croatia",2010,1911488,"Persons (1)","liv","World Bank"
187,"Croatia",2011,1880052,"Persons (1)","liv","World Bank"
187,"Croatia",2012,1857929,"Persons (1)","liv","World Bank"
187,"Croatia",2013,1830102,"Persons (1)","liv","World Bank"
187,"Croatia",2014,1872249,"Persons (1)","liv","World Bank"
187,"Croatia",2015,1866214,"Persons (1)","liv","World Bank"
187,"Croatia",2016,1796035,"Persons (1)","liv","World Bank"
187,"Croatia",2017,1777161,"Persons (1)","liv","World Bank"
187,"Croatia",2018,1739585,"Persons (1)","liv","World Bank"
187,"Croatia",2019,1721494,"Persons (1)","liv","World Bank"
187,"Croatia",2020,1708121,"Persons (1)","liv","World Bank"
187,"Croatia",2021,1724158,"Persons (1)","liv","World Bank"
187,"Croatia",2022,1740579,"Persons (1)","liv","World Bank"
187,"Croatia",2023,1731721,"Persons (1)","liv","World Bank"
188,"Slovenia",2008,1039794,"Persons (1)","liv","World Bank"
188,"Slovenia",2009,1045805,"Persons (1)","liv","World Bank"
188,"Slovenia",2010,1044156,"Persons (1)","liv","World Bank"
188,"Slovenia",2011,1023430,"Persons (1)","liv","World Bank"
188,"Slovenia",2012,1018089,"Persons (1)","liv","World Bank"
188,"Slovenia",2013,1014176,"Persons (1)","liv","World Bank"
188,"Slovenia",2014,1017500,"Persons (1)","liv","World Bank"
188,"Slovenia",2015,1012244,"Persons (1)","liv","World Bank"
188,"Slovenia",2016,998728,"Persons (1)","liv","World Bank"
188,"Slovenia",2017,1028260,"Persons (1)","liv","World Bank"
188,"Slovenia",2018,1038040,"Persons (1)","liv","World Bank"
188,"Slovenia",2019,1035062,"Persons (1)","liv","World Bank"
188,"Slovenia",2020,1031435,"Persons (1)","liv","World Bank"
188,"Slovenia",2021,1044095,"Persons (1)","liv","World Bank"
188,"Slovenia",2022,1058958,"Persons (1)","liv","World Bank"
188,"Slovenia",2023,1058463,"Persons (1)","liv","World Bank"
189,"Lithuania",2008,1511065,"Persons (1)","liv","World Bank"
189,"Lithuania",2009,1519175,"Persons (1)","liv","World Bank"
189,"Lithuania",2010,1492230,"Persons (1)","liv","World Bank"
189,"Lithuania",2011,1480410,"Persons (1)","liv","World Bank"
189,"Lithuania",2012,1471758,"Persons (1)","liv","World Bank"
189,"Lithuania",2013,1465703,"Persons (1)","liv","World Bank"
189,"Lithuania",2014,1478594,"Persons (1)","liv","World Bank"
189,"Lithuania",2015,1470288,"Persons (1)","liv","World Bank"
189,"Lithuania",2016,1479370,"Persons (1)","liv","World Bank"
189,"Lithuania",2017,1466105,"Persons (1)","liv","World Bank"
189,"Lithuania",2018,1473979,"Persons (1)","liv","World Bank"
189,"Lithuania",2019,1481171,"Persons (1)","liv","World Bank"
189,"Lithuania",2020,1494750,"Persons (1)","liv","World Bank"
189,"Lithuania",2021,1485276,"Persons (1)","liv","World Bank"
189,"Lithuania",2022,1509383,"Persons (1)","liv","World Bank"
189,"Lithuania",2023,1536989,"Persons (1)","liv","World Bank"
190,"Qatar",2008,1049476,"Persons (1)","liv","World Bank"
190,"Qatar",2009,1196250,"Persons (1)","liv","World Bank"
190,"Qatar",2010,1205149,"Persons (1)","liv","World Bank"
190,"Qatar",2011,1205722,"Persons (1)","liv","World Bank"
190,"Qatar",2012,1270559,"Persons (1)","liv","World Bank"
190,"Qatar",2013,1411555,"Persons (1)","liv","World Bank"
190,"Qatar",2014,1597750,"Persons (1)","liv","World Bank"
190,"Qatar",2015,1760771,"Persons (1)","liv","World Bank"
190,"Qatar",2016,1869946,"Persons (1)","liv","World Bank"
190,"Qatar",2017,1921542,"Persons (1)","liv","World Bank"
190,"Qatar",2018,1943088,"Persons (1)","liv","World Bank"
190,"Qatar",2019,1971250,"Persons (1)","liv","World Bank"
190,"Qatar",2020,2059100,"Persons (1)","liv","World Bank"
190,"Qatar",2021,1827072,"Persons (1)","liv","World Bank"
190,"Qatar",2022,1972313,"Persons (1)","liv","World Bank"
190,"Qatar",2023,1972818,"Persons (1)","liv","World Bank"
191,"Iran",2008,24252328,"Persons (1)","liv","World Bank"
191,"Iran",2009,25116620,"Persons (1)","liv","World Bank"
191,"Iran",2010,25068937,"Persons (1)","liv","World Bank"
191,"Iran",2011,24409383,"Persons (1)","liv","World Bank"
191,"Iran",2012,25434392,"Persons (1)","liv","World Bank"
191,"Iran",2013,25379809,"Persons (1)","liv","World Bank"
191,"Iran",2014,25523109,"Persons (1)","liv","World Bank"
191,"Iran",2015,26476760,"Persons (1)","liv","World Bank"
191,"Iran",2016,27579337,"Persons (1)","liv","World Bank"
191,"Iran",2017,28624101,"Persons (1)","liv","World Bank"
191,"Iran",2018,29067669,"Persons (1)","liv","World Bank"
191,"Iran",2019,29161250,"Persons (1)","liv","World Bank"
191,"Iran",2020,27655908,"Persons (1)","liv","World Bank"
191,"Iran",2021,27754866,"Persons (1)","liv","World Bank"
191,"Iran",2022,27993264,"Persons (1)","liv","World Bank"
191,"Iran",2023,28345550,"Persons (1)","liv","World Bank"
192,"Iraq",2008,7012236,"Persons (1)","liv","World Bank"
192,"Iraq",2009,7285510,"Persons (1)","liv","World Bank"
192,"Iraq",2010,7529671,"Persons (1)","liv","World Bank"
192,"Iraq",2011,7794521,"Persons (1)","liv","World Bank"
192,"Iraq",2012,8145115,"Persons (1)","liv","World Bank"
192,"Iraq",2013,8762436,"Persons (1)","liv","World Bank"
192,"Iraq",2014,9317273,"Persons (1)","liv","World Bank"
192,"Iraq",2015,9638775,"Persons (1)","liv","World Bank"
192,"Iraq",2016,9946993,"Persons (1)","liv","World Bank"
192,"Iraq",2017,9932205,"Persons (1)","liv","World Bank"
192,"Iraq",2018,10197561,"Persons (1)","liv","World Bank"
192,"Iraq",2019,10439724,"Persons (1)","liv","World Bank"
192,"Iraq",2020,10284906,"Persons (1)","liv","World Bank"
192,"Iraq",2021,10581037,"Persons (1)","liv","World Bank"
192,"Iraq",2022,11326035,"Persons (1)","liv","World Bank"
192,"Iraq",2023,11685283,"Persons (1)","liv","World Bank"
193,"Guinea Bissau",2008,535151,"Persons (1)","liv","World Bank"
193,"Guinea Bissau",2009,549987,"Persons (1)","liv","World Bank"
193,"Guinea Bissau",2010,565545,"Persons (1)","liv","World Bank"
193,"Guinea Bissau",2011,581764,"Persons (1)","liv","World Bank"
193,"Guinea Bissau",2012,598640,"Persons (1)","liv","World Bank"
193,"Guinea Bissau",2013,616107,"Persons (1)","liv","World Bank"
193,"Guinea Bissau",2014,634008,"Persons (1)","liv","World Bank"
193,"Guinea Bissau",2015,652318,"Persons (1)","liv","World Bank"
193,"Guinea Bissau",2016,671006,"Persons (1)","liv","World Bank"
193,"Guinea Bissau",2017,690079,"Persons (1)","liv","World Bank"
193,"Guinea Bissau",2018,709612,"Persons (1)","liv","World Bank"
193,"Guinea Bissau",2019,729600,"Persons (1)","liv","World Bank"
193,"Guinea Bissau",2020,744255,"Persons (1)","liv","World Bank"
193,"Guinea Bissau",2021,770719,"Persons (1)","liv","World Bank"
193,"Guinea Bissau",2022,796417,"Persons (1)","liv","World Bank"
193,"Guinea Bissau",2023,821427,"Persons (1)","liv","World Bank"
194,"Guinea",2008,3298093,"Persons (1)","liv","World Bank"
194,"Guinea",2009,3354436,"Persons (1)","liv","World Bank"
194,"Guinea",2010,3411704,"Persons (1)","liv","World Bank"
194,"Guinea",2011,3471253,"Persons (1)","liv","World Bank"
194,"Guinea",2012,3531500,"Persons (1)","liv","World Bank"
194,"Guinea",2013,3590645,"Persons (1)","liv","World Bank"
194,"Guinea",2014,3651040,"Persons (1)","liv","World Bank"
194,"Guinea",2015,3714419,"Persons (1)","liv","World Bank"
194,"Guinea",2016,3778710,"Persons (1)","liv","World Bank"
194,"Guinea",2017,3841450,"Persons (1)","liv","World Bank"
194,"Guinea",2018,3904140,"Persons (1)","liv","World Bank"
194,"Guinea",2019,3969628,"Persons (1)","liv","World Bank"
194,"Guinea",2020,4051852,"Persons (1)","liv","World Bank"
194,"Guinea",2021,4193239,"Persons (1)","liv","World Bank"
194,"Guinea",2022,4309075,"Persons (1)","liv","World Bank"
194,"Guinea",2023,4426538,"Persons (1)","liv","World Bank"
195,"Ivory Coast",2008,7771201,"Persons (1)","liv","World Bank"
195,"Ivory Coast",2009,8106769,"Persons (1)","liv","World Bank"
195,"Ivory Coast",2010,8433828,"Persons (1)","liv","World Bank"
195,"Ivory Coast",2011,8749057,"Persons (1)","liv","World Bank"
195,"Ivory Coast",2012,9048653,"Persons (1)","liv","World Bank"
195,"Ivory Coast",2013,9300550,"Persons (1)","liv","World Bank"
195,"Ivory Coast",2014,9534032,"Persons (1)","liv","World Bank"
195,"Ivory Coast",2015,9764022,"Persons (1)","liv","World Bank"
195,"Ivory Coast",2016,10013267,"Persons (1)","liv","World Bank"
195,"Ivory Coast",2017,10180365,"Persons (1)","liv","World Bank"
195,"Ivory Coast",2018,10349949,"Persons (1)","liv","World Bank"
195,"Ivory Coast",2019,10522774,"Persons (1)","liv","World Bank"
195,"Ivory Coast",2020,10870521,"Persons (1)","liv","World Bank"
195,"Ivory Coast",2021,11440310,"Persons (1)","liv","World Bank"
195,"Ivory Coast",2022,11882499,"Persons (1)","liv","World Bank"
195,"Ivory Coast",2023,12216126,"Persons (1)","liv","World Bank"
196,"Nigeria",2008,71955322,"Persons (1)","liv","World Bank"
196,"Nigeria",2009,73675735,"Persons (1)","liv","World Bank"
196,"Nigeria",2010,75478330,"Persons (1)","liv","World Bank"
196,"Nigeria",2011,77476478,"Persons (1)","liv","World Bank"
196,"Nigeria",2012,79576563,"Persons (1)","liv","World Bank"
196,"Nigeria",2013,81609796,"Persons (1)","liv","World Bank"
196,"Nigeria",2014,83690098,"Persons (1)","liv","World Bank"
196,"Nigeria",2015,85977639,"Persons (1)","liv","World Bank"
196,"Nigeria",2016,88619376,"Persons (1)","liv","World Bank"
196,"Nigeria",2017,91313512,"Persons (1)","liv","World Bank"
196,"Nigeria",2018,93991721,"Persons (1)","liv","World Bank"
196,"Nigeria",2019,96681958,"Persons (1)","liv","World Bank"
196,"Nigeria",2020,99696279,"Persons (1)","liv","World Bank"
196,"Nigeria",2021,102508968,"Persons (1)","liv","World Bank"
196,"Nigeria",2022,105432630,"Persons (1)","liv","World Bank"
196,"Nigeria",2023,110183277,"Persons (1)","liv","World Bank"
197,"Cameroon",2008,8349122,"Persons (1)","liv","World Bank"
197,"Cameroon",2009,8404820,"Persons (1)","liv","World Bank"
197,"Cameroon",2010,8440780,"Persons (1)","liv","World Bank"
197,"Cameroon",2011,8576769,"Persons (1)","liv","World Bank"
197,"Cameroon",2012,8709448,"Persons (1)","liv","World Bank"
197,"Cameroon",2013,8842713,"Persons (1)","liv","World Bank"
197,"Cameroon",2014,9008472,"Persons (1)","liv","World Bank"
197,"Cameroon",2015,9205719,"Persons (1)","liv","World Bank"
197,"Cameroon",2016,9380145,"Persons (1)","liv","World Bank"
197,"Cameroon",2017,9534469,"Persons (1)","liv","World Bank"
197,"Cameroon",2018,9686544,"Persons (1)","liv","World Bank"
197,"Cameroon",2019,9849851,"Persons (1)","liv","World Bank"
197,"Cameroon",2020,9926535,"Persons (1)","liv","World Bank"
197,"Cameroon",2021,10140896,"Persons (1)","liv","World Bank"
197,"Cameroon",2022,10518217,"Persons (1)","liv","World Bank"
197,"Cameroon",2023,10843938,"Persons (1)","liv","World Bank"
198,"Gabon",2008,485599,"Persons (1)","liv","World Bank"
198,"Gabon",2009,507271,"Persons (1)","liv","World Bank"
198,"Gabon",2010,528908,"Persons (1)","liv","World Bank"
198,"Gabon",2011,552045,"Persons (1)","liv","World Bank"
198,"Gabon",2012,576878,"Persons (1)","liv","World Bank"
198,"Gabon",2013,602299,"Persons (1)","liv","World Bank"
198,"Gabon",2014,627717,"Persons (1)","liv","World Bank"
198,"Gabon",2015,651863,"Persons (1)","liv","World Bank"
198,"Gabon",2016,674759,"Persons (1)","liv","World Bank"
198,"Gabon",2017,696522,"Persons (1)","liv","World Bank"
198,"Gabon",2018,717114,"Persons (1)","liv","World Bank"
198,"Gabon",2019,735998,"Persons (1)","liv","World Bank"
198,"Gabon",2020,703587,"Persons (1)","liv","World Bank"
198,"Gabon",2021,729713,"Persons (1)","liv","World Bank"
198,"Gabon",2022,789366,"Persons (1)","liv","World Bank"
198,"Gabon",2023,807318,"Persons (1)","liv","World Bank"
199,"Democratic Republic of the Congo",2008,24276075,"Persons (1)","liv","World Bank"
199,"Democratic Republic of the Congo",2009,24679535,"Persons (1)","liv","World Bank"
199,"Democratic Republic of the Congo",2010,25138984,"Persons (1)","liv","World Bank"
199,"Democratic Republic of the Congo",2011,25643182,"Persons (1)","liv","World Bank"
199,"Democratic Republic of the Congo",2012,26140390,"Persons (1)","liv","World Bank"
199,"Democratic Republic of the Congo",2013,27043987,"Persons (1)","liv","World Bank"
199,"Democratic Republic of the Congo",2014,27971707,"Persons (1)","liv","World Bank"
199,"Democratic Republic of the Congo",2015,28902362,"Persons (1)","liv","World Bank"
199,"Democratic Republic of the Congo",2016,29975111,"Persons (1)","liv","World Bank"
199,"Democratic Republic of the Congo",2017,31131858,"Persons (1)","liv","World Bank"
199,"Democratic Republic of the Congo",2018,32171243,"Persons (1)","liv","World Bank"
199,"Democratic Republic of the Congo",2019,33156212,"Persons (1)","liv","World Bank"
199,"Democratic Republic of the Congo",2020,32851843,"Persons (1)","liv","World Bank"
199,"Democratic Republic of the Congo",2021,35154175,"Persons (1)","liv","World Bank"
199,"Democratic Republic of the Congo",2022,36183996,"Persons (1)","liv","World Bank"
199,"Democratic Republic of the Congo",2023,37296766,"Persons (1)","liv","World Bank"
200,"Angola",2008,9150346,"Persons (1)","liv","World Bank"
200,"Angola",2009,9502658,"Persons (1)","liv","World Bank"
200,"Angola",2010,9873442,"Persons (1)","liv","World Bank"
200,"Angola",2011,10270426,"Persons (1)","liv","World Bank"
200,"Angola",2012,10636117,"Persons (1)","liv","World Bank"
200,"Angola",2013,11009075,"Persons (1)","liv","World Bank"
200,"Angola",2014,11376942,"Persons (1)","liv","World Bank"
200,"Angola",2015,11740075,"Persons (1)","liv","World Bank"
200,"Angola",2016,12119717,"Persons (1)","liv","World Bank"
200,"Angola",2017,12515803,"Persons (1)","liv","World Bank"
200,"Angola",2018,12917977,"Persons (1)","liv","World Bank"
200,"Angola",2019,13331298,"Persons (1)","liv","World Bank"
200,"Angola",2020,13743846,"Persons (1)","liv","World Bank"
200,"Angola",2021,14529142,"Persons (1)","liv","World Bank"
200,"Angola",2022,14885226,"Persons (1)","liv","World Bank"
200,"Angola",2023,15430003,"Persons (1)","liv","World Bank"
202,"Tanzania",2008,20409553,"Persons (1)","liv","World Bank"
202,"Tanzania",2009,20740535,"Persons (1)","liv","World Bank"
202,"Tanzania",2010,21118881,"Persons (1)","liv","World Bank"
202,"Tanzania",2011,21614611,"Persons (1)","liv","World Bank"
202,"Tanzania",2012,22152965,"Persons (1)","liv","World Bank"
202,"Tanzania",2013,22738784,"Persons (1)","liv","World Bank"
202,"Tanzania",2014,23349936,"Persons (1)","liv","World Bank"
202,"Tanzania",2015,24219289,"Persons (1)","liv","World Bank"
202,"Tanzania",2016,25182013,"Persons (1)","liv","World Bank"
202,"Tanzania",2017,26145459,"Persons (1)","liv","World Bank"
202,"Tanzania",2018,27067452,"Persons (1)","liv","World Bank"
202,"Tanzania",2019,27962307,"Persons (1)","liv","World Bank"
202,"Tanzania",2020,27757183,"Persons (1)","liv","World Bank"
202,"Tanzania",2021,29877664,"Persons (1)","liv","World Bank"
202,"Tanzania",2022,30918000,"Persons (1)","liv","World Bank"
202,"Tanzania",2023,31951809,"Persons (1)","liv","World Bank"
203,"India",2008,462536166,"Persons (1)","liv","World Bank"
203,"India",2009,464961693,"Persons (1)","liv","World Bank"
203,"India",2010,467561989,"Persons (1)","liv","World Bank"
203,"India",2011,471891929,"Persons (1)","liv","World Bank"
203,"India",2012,476101422,"Persons (1)","liv","World Bank"
203,"India",2013,484539458,"Persons (1)","liv","World Bank"
203,"India",2014,492791763,"Persons (1)","liv","World Bank"
203,"India",2015,500763345,"Persons (1)","liv","World Bank"
203,"India",2016,508796784,"Persons (1)","liv","World Bank"
203,"India",2017,516812065,"Persons (1)","liv","World Bank"
203,"India",2018,524342818,"Persons (1)","liv","World Bank"
203,"India",2019,531383542,"Persons (1)","liv","World Bank"
203,"India",2020,532528354,"Persons (1)","liv","World Bank"
203,"India",2021,550352877,"Persons (1)","liv","World Bank"
203,"India",2022,568900960,"Persons (1)","liv","World Bank"
203,"India",2023,588969543,"Persons (1)","liv","World Bank"
204,"Bangladesh",2008,56846810,"Persons (1)","liv","World Bank"
204,"Bangladesh",2009,57807404,"Persons (1)","liv","World Bank"
204,"Bangladesh",2010,58796583,"Persons (1)","liv","World Bank"
204,"Bangladesh",2011,59281113,"Persons (1)","liv","World Bank"
204,"Bangladesh",2012,59869794,"Persons (1)","liv","World Bank"
204,"Bangladesh",2013,60484221,"Persons (1)","liv","World Bank"
204,"Bangladesh",2014,61204476,"Persons (1)","liv","World Bank"
204,"Bangladesh",2015,61920877,"Persons (1)","liv","World Bank"
204,"Bangladesh",2016,62629015,"Persons (1)","liv","World Bank"
204,"Bangladesh",2017,66147765,"Persons (1)","liv","World Bank"
204,"Bangladesh",2018,67707982,"Persons (1)","liv","World Bank"
204,"Bangladesh",2019,69213088,"Persons (1)","liv","World Bank"
204,"Bangladesh",2020,70410966,"Persons (1)","liv","World Bank"
204,"Bangladesh",2021,72755656,"Persons (1)","liv","World Bank"
204,"Bangladesh",2022,74651451,"Persons (1)","liv","World Bank"
204,"Bangladesh",2023,75834921,"Persons (1)","liv","World Bank"
205,"Myanmar",2008,22623634,"Persons (1)","liv","World Bank"
205,"Myanmar",2009,22798554,"Persons (1)","liv","World Bank"
205,"Myanmar",2010,23018778,"Persons (1)","liv","World Bank"
205,"Myanmar",2011,23286520,"Persons (1)","liv","World Bank"
205,"Myanmar",2012,23551789,"Persons (1)","liv","World Bank"
205,"Myanmar",2013,23807248,"Persons (1)","liv","World Bank"
205,"Myanmar",2014,24055781,"Persons (1)","liv","World Bank"
205,"Myanmar",2015,24298397,"Persons (1)","liv","World Bank"
205,"Myanmar",2016,24083808,"Persons (1)","liv","World Bank"
205,"Myanmar",2017,23847667,"Persons (1)","liv","World Bank"
205,"Myanmar",2018,24244077,"Persons (1)","liv","World Bank"
205,"Myanmar",2019,23767370,"Persons (1)","liv","World Bank"
205,"Myanmar",2020,23870997,"Persons (1)","liv","World Bank"
205,"Myanmar",2021,22117425,"Persons (1)","liv","World Bank"
205,"Myanmar",2022,22316978,"Persons (1)","liv","World Bank"
205,"Myanmar",2023,22566318,"Persons (1)","liv","World Bank"
206,"Malaysia",2008,12025538,"Persons (1)","liv","World Bank"
206,"Malaysia",2009,12412070,"Persons (1)","liv","World Bank"
206,"Malaysia",2010,12775608,"Persons (1)","liv","World Bank"
206,"Malaysia",2011,13110062,"Persons (1)","liv","World Bank"
206,"Malaysia",2012,13634474,"Persons (1)","liv","World Bank"
206,"Malaysia",2013,14171099,"Persons (1)","liv","World Bank"
206,"Malaysia",2014,14719087,"Persons (1)","liv","World Bank"
206,"Malaysia",2015,15100271,"Persons (1)","liv","World Bank"
206,"Malaysia",2016,15412226,"Persons (1)","liv","World Bank"
206,"Malaysia",2017,15776197,"Persons (1)","liv","World Bank"
206,"Malaysia",2018,16209365,"Persons (1)","liv","World Bank"
206,"Malaysia",2019,16633299,"Persons (1)","liv","World Bank"
206,"Malaysia",2020,16875265,"Persons (1)","liv","World Bank"
206,"Malaysia",2021,17243512,"Persons (1)","liv","World Bank"
206,"Malaysia",2022,17583325,"Persons (1)","liv","World Bank"
206,"Malaysia",2023,17923168,"Persons (1)","liv","World Bank"
207,"Vietnam",2008,47896567,"Persons (1)","liv","World Bank"
207,"Vietnam",2009,49267257,"Persons (1)","liv","World Bank"
207,"Vietnam",2010,50302354,"Persons (1)","liv","World Bank"
207,"Vietnam",2011,51197726,"Persons (1)","liv","World Bank"
207,"Vietnam",2012,51916391,"Persons (1)","liv","World Bank"
207,"Vietnam",2013,53209344,"Persons (1)","liv","World Bank"
207,"Vietnam",2014,53885546,"Persons (1)","liv","World Bank"
207,"Vietnam",2015,54628714,"Persons (1)","liv","World Bank"
207,"Vietnam",2016,54888312,"Persons (1)","liv","World Bank"
207,"Vietnam",2017,55533898,"Persons (1)","liv","World Bank"
207,"Vietnam",2018,56235855,"Persons (1)","liv","World Bank"
207,"Vietnam",2019,56179394,"Persons (1)","liv","World Bank"
207,"Vietnam",2020,55149609,"Persons (1)","liv","World Bank"
207,"Vietnam",2021,55268413,"Persons (1)","liv","World Bank"
207,"Vietnam",2022,56473899,"Persons (1)","liv","World Bank"
207,"Vietnam",2023,56799003,"Persons (1)","liv","World Bank"
208,"Singapore",2008,2737323,"Persons (1)","liv","World Bank"
208,"Singapore",2009,2837096,"Persons (1)","liv","World Bank"
208,"Singapore",2010,2936802,"Persons (1)","liv","World Bank"
208,"Singapore",2011,3012462,"Persons (1)","liv","World Bank"
208,"Singapore",2012,3125729,"Persons (1)","liv","World Bank"
208,"Singapore",2013,3179345,"Persons (1)","liv","World Bank"
208,"Singapore",2014,3266959,"Persons (1)","liv","World Bank"
208,"Singapore",2015,3360400,"Persons (1)","liv","World Bank"
208,"Singapore",2016,3396546,"Persons (1)","liv","World Bank"
208,"Singapore",2017,3388507,"Persons (1)","liv","World Bank"
208,"Singapore",2018,3390276,"Persons (1)","liv","World Bank"
208,"Singapore",2019,3454121,"Persons (1)","liv","World Bank"
208,"Singapore",2020,3431193,"Persons (1)","liv","World Bank"
208,"Singapore",2021,3385810,"Persons (1)","liv","World Bank"
208,"Singapore",2022,3459003,"Persons (1)","liv","World Bank"
208,"Singapore",2023,3621345,"Persons (1)","liv","World Bank"
209,"China",2008,773736767,"Persons (1)","liv","World Bank"
209,"China",2009,776116842,"Persons (1)","liv","World Bank"
209,"China",2010,777827686,"Persons (1)","liv","World Bank"
209,"China",2011,782315830,"Persons (1)","liv","World Bank"
209,"China",2012,783148061,"Persons (1)","liv","World Bank"
209,"China",2013,783455205,"Persons (1)","liv","World Bank"
209,"China",2014,784612122,"Persons (1)","liv","World Bank"
209,"China",2015,785373464,"Persons (1)","liv","World Bank"
209,"China",2016,785251051,"Persons (1)","liv","World Bank"
209,"China",2017,783512231,"Persons (1)","liv","World Bank"
209,"China",2018,781263195,"Persons (1)","liv","World Bank"
209,"China",2019,780317309,"Persons (1)","liv","World Bank"
209,"China",2020,768146445,"Persons (1)","liv","World Bank"
209,"China",2021,785465579,"Persons (1)","liv","World Bank"
209,"China",2022,774294487,"Persons (1)","liv","World Bank"
209,"China",2023,778848923,"Persons (1)","liv","World Bank"
210,"Japan",2008,66611354,"Persons (1)","liv","World Bank"
210,"Japan",2009,66339021,"Persons (1)","liv","World Bank"
210,"Japan",2010,66100429,"Persons (1)","liv","World Bank"
210,"Japan",2011,65674339,"Persons (1)","liv","World Bank"
210,"Japan",2012,65377600,"Persons (1)","liv","World Bank"
210,"Japan",2013,65621150,"Persons (1)","liv","World Bank"
210,"Japan",2014,65843453,"Persons (1)","liv","World Bank"
210,"Japan",2015,65931158,"Persons (1)","liv","World Bank"
210,"Japan",2016,66529155,"Persons (1)","liv","World Bank"
210,"Japan",2017,67070828,"Persons (1)","liv","World Bank"
210,"Japan",2018,68187091,"Persons (1)","liv","World Bank"
210,"Japan",2019,68812048,"Persons (1)","liv","World Bank"
210,"Japan",2020,68656452,"Persons (1)","liv","World Bank"
210,"Japan",2021,68671337,"Persons (1)","liv","World Bank"
210,"Japan",2022,68929060,"Persons (1)","liv","World Bank"
210,"Japan",2023,69197135,"Persons (1)","liv","World Bank"
214,"Egypt",2008,26970086,"Persons (1)","liv","World Bank"
214,"Egypt",2009,27711440,"Persons (1)","liv","World Bank"
214,"Egypt",2010,29112224,"Persons (1)","liv","World Bank"
214,"Egypt",2011,29381900,"Persons (1)","liv","World Bank"
214,"Egypt",2012,29870854,"Persons (1)","liv","World Bank"
214,"Egypt",2013,30519334,"Persons (1)","liv","World Bank"
214,"Egypt",2014,30992087,"Persons (1)","liv","World Bank"
214,"Egypt",2015,30851683,"Persons (1)","liv","World Bank"
214,"Egypt",2016,31224055,"Persons (1)","liv","World Bank"
214,"Egypt",2017,30714881,"Persons (1)","liv","World Bank"
214,"Egypt",2018,30208878,"Persons (1)","liv","World Bank"
214,"Egypt",2019,30072045,"Persons (1)","liv","World Bank"
214,"Egypt",2020,30264331,"Persons (1)","liv","World Bank"
214,"Egypt",2021,31865548,"Persons (1)","liv","World Bank"
214,"Egypt",2022,32394044,"Persons (1)","liv","World Bank"
214,"Egypt",2023,33137441,"Persons (1)","liv","World Bank"
215,"Jordan",2008,1740167,"Persons (1)","liv","World Bank"
215,"Jordan",2009,1818880,"Persons (1)","liv","World Bank"
215,"Jordan",2010,1844829,"Persons (1)","liv","World Bank"
215,"Jordan",2011,1881260,"Persons (1)","liv","World Bank"
215,"Jordan",2012,1872113,"Persons (1)","liv","World Bank"
215,"Jordan",2013,1931174,"Persons (1)","liv","World Bank"
215,"Jordan",2014,2081895,"Persons (1)","liv","World Bank"
215,"Jordan",2015,2343249,"Persons (1)","liv","World Bank"
215,"Jordan",2016,2553453,"Persons (1)","liv","World Bank"
215,"Jordan",2017,2712693,"Persons (1)","liv","World Bank"
215,"Jordan",2018,2717015,"Persons (1)","liv","World Bank"
215,"Jordan",2019,2794037,"Persons (1)","liv","World Bank"
215,"Jordan",2020,2914902,"Persons (1)","liv","World Bank"
215,"Jordan",2021,2893220,"Persons (1)","liv","World Bank"
215,"Jordan",2022,2957476,"Persons (1)","liv","World Bank"
215,"Jordan",2023,3032010,"Persons (1)","liv","World Bank"
216,"Indonesia",2008,114200383,"Persons (1)","liv","World Bank"
216,"Indonesia",2009,115441860,"Persons (1)","liv","World Bank"
216,"Indonesia",2010,118205102,"Persons (1)","liv","World Bank"
216,"Indonesia",2011,120648289,"Persons (1)","liv","World Bank"
216,"Indonesia",2012,123448397,"Persons (1)","liv","World Bank"
216,"Indonesia",2013,124097473,"Persons (1)","liv","World Bank"
216,"Indonesia",2014,125645513,"Persons (1)","liv","World Bank"
216,"Indonesia",2015,127301276,"Persons (1)","liv","World Bank"
216,"Indonesia",2016,128501300,"Persons (1)","liv","World Bank"
216,"Indonesia",2017,130940742,"Persons (1)","liv","World Bank"
216,"Indonesia",2018,134532894,"Persons (1)","liv","World Bank"
216,"Indonesia",2019,137425585,"Persons (1)","liv","World Bank"
216,"Indonesia",2020,137375390,"Persons (1)","liv","World Bank"
216,"Indonesia",2021,135672770,"Persons (1)","liv","World Bank"
216,"Indonesia",2022,139637843,"Persons (1)","liv","World Bank"
216,"Indonesia",2023,141349381,"Persons (1)","liv","World Bank"
218,"Canada",2008,18579576,"Persons (1)","liv","World Bank"
218,"Canada",2009,18747581,"Persons (1)","liv","World Bank"
218,"Canada",2010,18934218,"Persons (1)","liv","World Bank"
218,"Canada",2011,19112505,"Persons (1)","liv","World Bank"
218,"Canada",2012,19332146,"Persons (1)","liv","World Bank"
218,"Canada",2013,19544962,"Persons (1)","liv","World Bank"
218,"Canada",2014,19594831,"Persons (1)","liv","World Bank"
218,"Canada",2015,19705946,"Persons (1)","liv","World Bank"
218,"Canada",2016,19857477,"Persons (1)","liv","World Bank"
218,"Canada",2017,20155417,"Persons (1)","liv","World Bank"
218,"Canada",2018,20391340,"Persons (1)","liv","World Bank"
218,"Canada",2019,20799435,"Persons (1)","liv","World Bank"
218,"Canada",2020,20505333,"Persons (1)","liv","World Bank"
218,"Canada",2021,21005652,"Persons (1)","liv","World Bank"
218,"Canada",2022,21454656,"Persons (1)","liv","World Bank"
218,"Canada",2023,22189334,"Persons (1)","liv","World Bank"
222,"Sweden",2008,4903302,"Persons (1)","liv","World Bank"
222,"Sweden",2009,4912061,"Persons (1)","liv","World Bank"
222,"Sweden",2010,4943301,"Persons (1)","liv","World Bank"
222,"Sweden",2011,5003836,"Persons (1)","liv","World Bank"
222,"Sweden",2012,5032891,"Persons (1)","liv","World Bank"
222,"Sweden",2013,5090798,"Persons (1)","liv","World Bank"
222,"Sweden",2014,5133470,"Persons (1)","liv","World Bank"
222,"Sweden",2015,5179071,"Persons (1)","liv","World Bank"
222,"Sweden",2016,5245887,"Persons (1)","liv","World Bank"
222,"Sweden",2017,5333733,"Persons (1)","liv","World Bank"
222,"Sweden",2018,5399809,"Persons (1)","liv","World Bank"
222,"Sweden",2019,5460859,"Persons (1)","liv","World Bank"
222,"Sweden",2020,5467680,"Persons (1)","liv","World Bank"
222,"Sweden",2021,5522907,"Persons (1)","liv","World Bank"
222,"Sweden",2022,5602668,"Persons (1)","liv","World Bank"
222,"Sweden",2023,5669759,"Persons (1)","liv","World Bank"
223,"Norway",2008,2599748,"Persons (1)","liv","World Bank"
223,"Norway",2009,2624941,"Persons (1)","liv","World Bank"
223,"Norway",2010,2634846,"Persons (1)","liv","World Bank"
223,"Norway",2011,2667415,"Persons (1)","liv","World Bank"
223,"Norway",2012,2704906,"Persons (1)","liv","World Bank"
223,"Norway",2013,2736741,"Persons (1)","liv","World Bank"
223,"Norway",2014,2755413,"Persons (1)","liv","World Bank"
223,"Norway",2015,2799450,"Persons (1)","liv","World Bank"
223,"Norway",2016,2818183,"Persons (1)","liv","World Bank"
223,"Norway",2017,2810001,"Persons (1)","liv","World Bank"
223,"Norway",2018,2836505,"Persons (1)","liv","World Bank"
223,"Norway",2019,2875806,"Persons (1)","liv","World Bank"
223,"Norway",2020,2894981,"Persons (1)","liv","World Bank"
223,"Norway",2021,2940731,"Persons (1)","liv","World Bank"
223,"Norway",2022,2985855,"Persons (1)","liv","World Bank"
223,"Norway",2023,3005240,"Persons (1)","liv","World Bank"
224,"Chile",2008,7648250,"Persons (1)","liv","World Bank"
224,"Chile",2009,7744258,"Persons (1)","liv","World Bank"
224,"Chile",2010,8113921,"Persons (1)","liv","World Bank"
224,"Chile",2011,8424492,"Persons (1)","liv","World Bank"
224,"Chile",2012,8539046,"Persons (1)","liv","World Bank"
224,"Chile",2013,8667171,"Persons (1)","liv","World Bank"
224,"Chile",2014,8828997,"Persons (1)","liv","World Bank"
224,"Chile",2015,8968101,"Persons (1)","liv","World Bank"
224,"Chile",2016,9121865,"Persons (1)","liv","World Bank"
224,"Chile",2017,9423968,"Persons (1)","liv","World Bank"
224,"Chile",2018,9671888,"Persons (1)","liv","World Bank"
224,"Chile",2019,9843775,"Persons (1)","liv","World Bank"
224,"Chile",2020,8906788,"Persons (1)","liv","World Bank"
224,"Chile",2021,9171143,"Persons (1)","liv","World Bank"
224,"Chile",2022,9670728,"Persons (1)","liv","World Bank"
224,"Chile",2023,9991796,"Persons (1)","liv","World Bank"
231,"East Timor",2008,411521,"Persons (1)","liv","World Bank"
231,"East Timor",2009,420356,"Persons (1)","liv","World Bank"
231,"East Timor",2010,429621,"Persons (1)","liv","World Bank"
231,"East Timor",2011,440241,"Persons (1)","liv","World Bank"
231,"East Timor",2012,451751,"Persons (1)","liv","World Bank"
231,"East Timor",2013,464410,"Persons (1)","liv","World Bank"
231,"East Timor",2014,477174,"Persons (1)","liv","World Bank"
231,"East Timor",2015,490971,"Persons (1)","liv","World Bank"
231,"East Timor",2016,505233,"Persons (1)","liv","World Bank"
231,"East Timor",2017,522328,"Persons (1)","liv","World Bank"
231,"East Timor",2018,538950,"Persons (1)","liv","World Bank"
231,"East Timor",2019,547838,"Persons (1)","liv","World Bank"
231,"East Timor",2020,558767,"Persons (1)","liv","World Bank"
231,"East Timor",2021,571456,"Persons (1)","liv","World Bank"
231,"East Timor",2022,594252,"Persons (1)","liv","World Bank"
231,"East Timor",2023,602680,"Persons (1)","liv","World Bank"
232,"Bosnia and Herzegovina",2008,1712952,"Persons (1)","liv","World Bank"
232,"Bosnia and Herzegovina",2009,1681868,"Persons (1)","liv","World Bank"
232,"Bosnia and Herzegovina",2010,1651355,"Persons (1)","liv","World Bank"
232,"Bosnia and Herzegovina",2011,1620096,"Persons (1)","liv","World Bank"
232,"Bosnia and Herzegovina",2012,1586613,"Persons (1)","liv","World Bank"
232,"Bosnia and Herzegovina",2013,1560902,"Persons (1)","liv","World Bank"
232,"Bosnia and Herzegovina",2014,1538400,"Persons (1)","liv","World Bank"
232,"Bosnia and Herzegovina",2015,1516931,"Persons (1)","liv","World Bank"
232,"Bosnia and Herzegovina",2016,1493951,"Persons (1)","liv","World Bank"
232,"Bosnia and Herzegovina",2017,1470994,"Persons (1)","liv","World Bank"
232,"Bosnia and Herzegovina",2018,1447773,"Persons (1)","liv","World Bank"
232,"Bosnia and Herzegovina",2019,1422553,"Persons (1)","liv","World Bank"
232,"Bosnia and Herzegovina",2020,1390332,"Persons (1)","liv","World Bank"
232,"Bosnia and Herzegovina",2021,1370363,"Persons (1)","liv","World Bank"
232,"Bosnia and Herzegovina",2022,1355798,"Persons (1)","liv","World Bank"
232,"Bosnia and Herzegovina",2023,1366194,"Persons (1)","liv","World Bank"
247,"Brunei",2008,188400,"Persons (1)","liv","World Bank"
247,"Brunei",2009,191439,"Persons (1)","liv","World Bank"
247,"Brunei",2010,194946,"Persons (1)","liv","World Bank"
247,"Brunei",2011,198704,"Persons (1)","liv","World Bank"
247,"Brunei",2012,202252,"Persons (1)","liv","World Bank"
247,"Brunei",2013,205548,"Persons (1)","liv","World Bank"
247,"Brunei",2014,208774,"Persons (1)","liv","World Bank"
247,"Brunei",2015,211934,"Persons (1)","liv","World Bank"
247,"Brunei",2016,215000,"Persons (1)","liv","World Bank"
247,"Brunei",2017,218025,"Persons (1)","liv","World Bank"
247,"Brunei",2018,225919,"Persons (1)","liv","World Bank"
247,"Brunei",2019,223877,"Persons (1)","liv","World Bank"
247,"Brunei",2020,224617,"Persons (1)","liv","World Bank"
247,"Brunei",2021,227037,"Persons (1)","liv","World Bank"
247,"Brunei",2022,230003,"Persons (1)","liv","World Bank"
247,"Brunei",2023,231915,"Persons (1)","liv","World Bank"
8,"Palau",2008,8943,"Persons (1)","liv","ILOSTAT"
8,"Palau",2009,8943,"Persons (1)","liv","ILOSTAT"
8,"Palau",2010,8943,"Persons (1)","liv","ILOSTAT"
8,"Palau",2011,8943,"Persons (1)","liv","ILOSTAT"
8,"Palau",2012,8943,"Persons (1)","liv","ILOSTAT"
8,"Palau",2013,8943,"Persons (1)","liv","ILOSTAT"
8,"Palau",2014,8943,"Persons (1)","liv","ILOSTAT"
8,"Palau",2015,9042.33333333333,"Persons (1)","liv","ILOSTAT"
8,"Palau",2016,9141.66666666667,"Persons (1)","liv","ILOSTAT"
8,"Palau",2017,9241,"Persons (1)","liv","ILOSTAT"
8,"Palau",2018,9340.33333333333,"Persons (1)","liv","ILOSTAT"
8,"Palau",2019,9439.66666666667,"Persons (1)","liv","ILOSTAT"
8,"Palau",2020,9539,"Persons (1)","liv","ILOSTAT"
8,"Palau",2021,9539,"Persons (1)","liv","ILOSTAT"
8,"Palau",2022,9539,"Persons (1)","liv","ILOSTAT"
8,"Palau",2023,9539,"Persons (1)","liv","ILOSTAT"
9,"Micronesia",2008,39046,"Persons (1)","liv","ILOSTAT"
9,"Micronesia",2009,39046,"Persons (1)","liv","ILOSTAT"
9,"Micronesia",2010,39046,"Persons (1)","liv","ILOSTAT"
9,"Micronesia",2011,39046,"Persons (1)","liv","ILOSTAT"
9,"Micronesia",2012,39046,"Persons (1)","liv","ILOSTAT"
9,"Micronesia",2013,39046,"Persons (1)","liv","ILOSTAT"
9,"Micronesia",2014,39046,"Persons (1)","liv","ILOSTAT"
9,"Micronesia",2015,39046,"Persons (1)","liv","ILOSTAT"
9,"Micronesia",2016,39046,"Persons (1)","liv","ILOSTAT"
9,"Micronesia",2017,39046,"Persons (1)","liv","ILOSTAT"
9,"Micronesia",2018,39046,"Persons (1)","liv","ILOSTAT"
9,"Micronesia",2019,39046,"Persons (1)","liv","ILOSTAT"
9,"Micronesia",2020,39046,"Persons (1)","liv","ILOSTAT"
9,"Micronesia",2021,39046,"Persons (1)","liv","ILOSTAT"
9,"Micronesia",2022,39046,"Persons (1)","liv","ILOSTAT"
9,"Micronesia",2023,39046,"Persons (1)","liv","ILOSTAT"
10,"Nauru",2008,4390,"Persons (1)","liv","ILOSTAT"
10,"Nauru",2009,4390,"Persons (1)","liv","ILOSTAT"
10,"Nauru",2010,4390,"Persons (1)","liv","ILOSTAT"
10,"Nauru",2011,4390,"Persons (1)","liv","ILOSTAT"
10,"Nauru",2012,4390,"Persons (1)","liv","ILOSTAT"
10,"Nauru",2013,4390,"Persons (1)","liv","ILOSTAT"
10,"Nauru",2014,4427.25,"Persons (1)","liv","ILOSTAT"
10,"Nauru",2015,4464.5,"Persons (1)","liv","ILOSTAT"
10,"Nauru",2016,4501.75,"Persons (1)","liv","ILOSTAT"
10,"Nauru",2017,4539,"Persons (1)","liv","ILOSTAT"
10,"Nauru",2018,4576.25,"Persons (1)","liv","ILOSTAT"
10,"Nauru",2019,4613.5,"Persons (1)","liv","ILOSTAT"
10,"Nauru",2020,4650.75,"Persons (1)","liv","ILOSTAT"
10,"Nauru",2021,4688,"Persons (1)","liv","ILOSTAT"
10,"Nauru",2022,4688,"Persons (1)","liv","ILOSTAT"
10,"Nauru",2023,4688,"Persons (1)","liv","ILOSTAT"
11,"Marshall Islands",2008,17499,"Persons (1)","liv","ILOSTAT"
11,"Marshall Islands",2009,17499,"Persons (1)","liv","ILOSTAT"
11,"Marshall Islands",2010,17499,"Persons (1)","liv","ILOSTAT"
11,"Marshall Islands",2011,17499,"Persons (1)","liv","ILOSTAT"
11,"Marshall Islands",2012,17499,"Persons (1)","liv","ILOSTAT"
11,"Marshall Islands",2013,17499,"Persons (1)","liv","ILOSTAT"
11,"Marshall Islands",2014,17499,"Persons (1)","liv","ILOSTAT"
11,"Marshall Islands",2015,17499,"Persons (1)","liv","ILOSTAT"
11,"Marshall Islands",2016,17499,"Persons (1)","liv","ILOSTAT"
11,"Marshall Islands",2017,17499,"Persons (1)","liv","ILOSTAT"
11,"Marshall Islands",2018,17499,"Persons (1)","liv","ILOSTAT"
11,"Marshall Islands",2019,17499,"Persons (1)","liv","ILOSTAT"
11,"Marshall Islands",2020,15672,"Persons (1)","liv","ILOSTAT"
11,"Marshall Islands",2021,13845,"Persons (1)","liv","ILOSTAT"
11,"Marshall Islands",2022,13845,"Persons (1)","liv","ILOSTAT"
11,"Marshall Islands",2023,13845,"Persons (1)","liv","ILOSTAT"
14,"Taiwan",2008,10853000,"Persons (1)","liv","ILOSTAT"
14,"Taiwan",2009,10917000,"Persons (1)","liv","ILOSTAT"
14,"Taiwan",2010,11070000,"Persons (1)","liv","ILOSTAT"
14,"Taiwan",2011,11199000,"Persons (1)","liv","ILOSTAT"
14,"Taiwan",2012,11341000,"Persons (1)","liv","ILOSTAT"
14,"Taiwan",2013,11445000,"Persons (1)","liv","ILOSTAT"
14,"Taiwan",2014,11536000,"Persons (1)","liv","ILOSTAT"
14,"Taiwan",2015,11638000,"Persons (1)","liv","ILOSTAT"
14,"Taiwan",2016,11726000,"Persons (1)","liv","ILOSTAT"
14,"Taiwan",2017,11795000,"Persons (1)","liv","ILOSTAT"
14,"Taiwan",2018,11876000,"Persons (1)","liv","ILOSTAT"
14,"Taiwan",2019,11946000,"Persons (1)","liv","ILOSTAT"
14,"Taiwan",2020,11964000,"Persons (1)","liv","ILOSTAT"
14,"Taiwan",2021,11964000,"Persons (1)","liv","ILOSTAT"
14,"Taiwan",2022,11964000,"Persons (1)","liv","ILOSTAT"
14,"Taiwan",2023,11964000,"Persons (1)","liv","ILOSTAT"
19,"Tuvalu",2008,3916,"Persons (1)","liv","ILOSTAT"
19,"Tuvalu",2009,3916,"Persons (1)","liv","ILOSTAT"
19,"Tuvalu",2010,3916,"Persons (1)","liv","ILOSTAT"
19,"Tuvalu",2011,4004.5,"Persons (1)","liv","ILOSTAT"
19,"Tuvalu",2012,4093,"Persons (1)","liv","ILOSTAT"
19,"Tuvalu",2013,4181.5,"Persons (1)","liv","ILOSTAT"
19,"Tuvalu",2014,4270,"Persons (1)","liv","ILOSTAT"
19,"Tuvalu",2015,4358.5,"Persons (1)","liv","ILOSTAT"
19,"Tuvalu",2016,4447,"Persons (1)","liv","ILOSTAT"
19,"Tuvalu",2017,3525,"Persons (1)","liv","ILOSTAT"
19,"Tuvalu",2018,3456.8,"Persons (1)","liv","ILOSTAT"
19,"Tuvalu",2019,3388.6,"Persons (1)","liv","ILOSTAT"
19,"Tuvalu",2020,3320.4,"Persons (1)","liv","ILOSTAT"
19,"Tuvalu",2021,3252.2,"Persons (1)","liv","ILOSTAT"
19,"Tuvalu",2022,3184,"Persons (1)","liv","ILOSTAT"
19,"Tuvalu",2023,3184,"Persons (1)","liv","ILOSTAT"
31,"Seychelles",2008,41666,"Persons (1)","liv","ILOSTAT"
31,"Seychelles",2009,41666,"Persons (1)","liv","ILOSTAT"
31,"Seychelles",2010,41666,"Persons (1)","liv","ILOSTAT"
31,"Seychelles",2011,41666,"Persons (1)","liv","ILOSTAT"
31,"Seychelles",2012,44395,"Persons (1)","liv","ILOSTAT"
31,"Seychelles",2013,47124,"Persons (1)","liv","ILOSTAT"
31,"Seychelles",2014,49853,"Persons (1)","liv","ILOSTAT"
31,"Seychelles",2015,27560,"Persons (1)","liv","ILOSTAT"
31,"Seychelles",2016,45798,"Persons (1)","liv","ILOSTAT"
31,"Seychelles",2017,48707,"Persons (1)","liv","ILOSTAT"
31,"Seychelles",2018,49814,"Persons (1)","liv","ILOSTAT"
31,"Seychelles",2019,49976,"Persons (1)","liv","ILOSTAT"
31,"Seychelles",2020,50724,"Persons (1)","liv","ILOSTAT"
31,"Seychelles",2021,51233.3333333333,"Persons (1)","liv","ILOSTAT"
31,"Seychelles",2022,51742.6666666667,"Persons (1)","liv","ILOSTAT"
31,"Seychelles",2023,52252,"Persons (1)","liv","ILOSTAT"
32,"Reunion",2008,345174,"Persons (1)","liv","ILOSTAT"
32,"Reunion",2009,345174,"Persons (1)","liv","ILOSTAT"
32,"Reunion",2010,345174,"Persons (1)","liv","ILOSTAT"
32,"Reunion",2011,345174,"Persons (1)","liv","ILOSTAT"
32,"Reunion",2012,345174,"Persons (1)","liv","ILOSTAT"
32,"Reunion",2013,345609.25,"Persons (1)","liv","ILOSTAT"
32,"Reunion",2014,346044.5,"Persons (1)","liv","ILOSTAT"
32,"Reunion",2015,346479.75,"Persons (1)","liv","ILOSTAT"
32,"Reunion",2016,346915,"Persons (1)","liv","ILOSTAT"
32,"Reunion",2017,346915,"Persons (1)","liv","ILOSTAT"
32,"Reunion",2018,346915,"Persons (1)","liv","ILOSTAT"
32,"Reunion",2019,346915,"Persons (1)","liv","ILOSTAT"
32,"Reunion",2020,346915,"Persons (1)","liv","ILOSTAT"
32,"Reunion",2021,346915,"Persons (1)","liv","ILOSTAT"
32,"Reunion",2022,346915,"Persons (1)","liv","ILOSTAT"
32,"Reunion",2023,346915,"Persons (1)","liv","ILOSTAT"
108,"Bermuda",2008,38264,"Persons (1)","liv","ILOSTAT"
108,"Bermuda",2009,38264,"Persons (1)","liv","ILOSTAT"
108,"Bermuda",2010,39780,"Persons (1)","liv","ILOSTAT"
108,"Bermuda",2011,39479.5,"Persons (1)","liv","ILOSTAT"
108,"Bermuda",2012,39179,"Persons (1)","liv","ILOSTAT"
108,"Bermuda",2013,38558,"Persons (1)","liv","ILOSTAT"
108,"Bermuda",2014,38963,"Persons (1)","liv","ILOSTAT"
108,"Bermuda",2015,38963,"Persons (1)","liv","ILOSTAT"
108,"Bermuda",2016,38963,"Persons (1)","liv","ILOSTAT"
108,"Bermuda",2017,38963,"Persons (1)","liv","ILOSTAT"
108,"Bermuda",2018,38963,"Persons (1)","liv","ILOSTAT"
108,"Bermuda",2019,38963,"Persons (1)","liv","ILOSTAT"
108,"Bermuda",2020,38963,"Persons (1)","liv","ILOSTAT"
108,"Bermuda",2021,38963,"Persons (1)","liv","ILOSTAT"
108,"Bermuda",2022,38963,"Persons (1)","liv","ILOSTAT"
108,"Bermuda",2023,38963,"Persons (1)","liv","ILOSTAT"
113,"Cayman Islands",2008,38999,"Persons (1)","liv","ILOSTAT"
113,"Cayman Islands",2009,38012.6666666667,"Persons (1)","liv","ILOSTAT"
113,"Cayman Islands",2010,37026.3333333333,"Persons (1)","liv","ILOSTAT"
113,"Cayman Islands",2011,36040,"Persons (1)","liv","ILOSTAT"
113,"Cayman Islands",2012,38811,"Persons (1)","liv","ILOSTAT"
113,"Cayman Islands",2013,38483,"Persons (1)","liv","ILOSTAT"
113,"Cayman Islands",2014,39582,"Persons (1)","liv","ILOSTAT"
113,"Cayman Islands",2015,40870,"Persons (1)","liv","ILOSTAT"
113,"Cayman Islands",2016,40870,"Persons (1)","liv","ILOSTAT"
113,"Cayman Islands",2017,40870,"Persons (1)","liv","ILOSTAT"
113,"Cayman Islands",2018,40870,"Persons (1)","liv","ILOSTAT"
113,"Cayman Islands",2019,40870,"Persons (1)","liv","ILOSTAT"
113,"Cayman Islands",2020,40870,"Persons (1)","liv","ILOSTAT"
113,"Cayman Islands",2021,40870,"Persons (1)","liv","ILOSTAT"
113,"Cayman Islands",2022,40870,"Persons (1)","liv","ILOSTAT"
113,"Cayman Islands",2023,40870,"Persons (1)","liv","ILOSTAT"
120,"Antigua and Barbuda",2008,52296,"Persons (1)","liv","ILOSTAT"
120,"Antigua and Barbuda",2009,52296,"Persons (1)","liv","ILOSTAT"
120,"Antigua and Barbuda",2010,52296,"Persons (1)","liv","ILOSTAT"
120,"Antigua and Barbuda",2011,52296,"Persons (1)","liv","ILOSTAT"
120,"Antigua and Barbuda",2012,52296,"Persons (1)","liv","ILOSTAT"
120,"Antigua and Barbuda",2013,52296,"Persons (1)","liv","ILOSTAT"
120,"Antigua and Barbuda",2014,52296,"Persons (1)","liv","ILOSTAT"
120,"Antigua and Barbuda",2015,52296,"Persons (1)","liv","ILOSTAT"
120,"Antigua and Barbuda",2016,52296,"Persons (1)","liv","ILOSTAT"
120,"Antigua and Barbuda",2017,52296,"Persons (1)","liv","ILOSTAT"
120,"Antigua and Barbuda",2018,52296,"Persons (1)","liv","ILOSTAT"
120,"Antigua and Barbuda",2019,53673,"Persons (1)","liv","ILOSTAT"
120,"Antigua and Barbuda",2020,55050,"Persons (1)","liv","ILOSTAT"
120,"Antigua and Barbuda",2021,56427,"Persons (1)","liv","ILOSTAT"
120,"Antigua and Barbuda",2022,57804,"Persons (1)","liv","ILOSTAT"
120,"Antigua and Barbuda",2023,59181,"Persons (1)","liv","ILOSTAT"
121,"Montserrat",2008,3193,"Persons (1)","liv","ILOSTAT"
121,"Montserrat",2009,3193,"Persons (1)","liv","ILOSTAT"
121,"Montserrat",2010,3193,"Persons (1)","liv","ILOSTAT"
121,"Montserrat",2011,3193,"Persons (1)","liv","ILOSTAT"
121,"Montserrat",2012,3140,"Persons (1)","liv","ILOSTAT"
121,"Montserrat",2013,3087,"Persons (1)","liv","ILOSTAT"
121,"Montserrat",2014,3034,"Persons (1)","liv","ILOSTAT"
121,"Montserrat",2015,2981,"Persons (1)","liv","ILOSTAT"
121,"Montserrat",2016,2928,"Persons (1)","liv","ILOSTAT"
121,"Montserrat",2017,2875,"Persons (1)","liv","ILOSTAT"
121,"Montserrat",2018,2822,"Persons (1)","liv","ILOSTAT"
121,"Montserrat",2019,2769,"Persons (1)","liv","ILOSTAT"
121,"Montserrat",2020,2716,"Persons (1)","liv","ILOSTAT"
121,"Montserrat",2021,2716,"Persons (1)","liv","ILOSTAT"
121,"Montserrat",2022,2716,"Persons (1)","liv","ILOSTAT"
121,"Montserrat",2023,2716,"Persons (1)","liv","ILOSTAT"
125,"Grenada",2008,52946,"Persons (1)","liv","ILOSTAT"
125,"Grenada",2009,52946,"Persons (1)","liv","ILOSTAT"
125,"Grenada",2010,52946,"Persons (1)","liv","ILOSTAT"
125,"Grenada",2011,52946,"Persons (1)","liv","ILOSTAT"
125,"Grenada",2012,52946,"Persons (1)","liv","ILOSTAT"
125,"Grenada",2013,52946,"Persons (1)","liv","ILOSTAT"
125,"Grenada",2014,52946,"Persons (1)","liv","ILOSTAT"
125,"Grenada",2015,52946,"Persons (1)","liv","ILOSTAT"
125,"Grenada",2016,52946,"Persons (1)","liv","ILOSTAT"
125,"Grenada",2017,52946,"Persons (1)","liv","ILOSTAT"
125,"Grenada",2018,52946,"Persons (1)","liv","ILOSTAT"
125,"Grenada",2019,218882,"Persons (1)","liv","ILOSTAT"
125,"Grenada",2020,47756,"Persons (1)","liv","ILOSTAT"
125,"Grenada",2021,111694,"Persons (1)","liv","ILOSTAT"
125,"Grenada",2022,83775,"Persons (1)","liv","ILOSTAT"
125,"Grenada",2023,55856,"Persons (1)","liv","ILOSTAT"
140,"Guadeloupe and Martinique",2008,161579,"Persons (1)","liv","ILOSTAT"
140,"Guadeloupe and Martinique",2009,161579,"Persons (1)","liv","ILOSTAT"
140,"Guadeloupe and Martinique",2010,161579,"Persons (1)","liv","ILOSTAT"
140,"Guadeloupe and Martinique",2011,161579,"Persons (1)","liv","ILOSTAT"
140,"Guadeloupe and Martinique",2012,161579,"Persons (1)","liv","ILOSTAT"
140,"Guadeloupe and Martinique",2013,161579,"Persons (1)","liv","ILOSTAT"
140,"Guadeloupe and Martinique",2014,161579,"Persons (1)","liv","ILOSTAT"
140,"Guadeloupe and Martinique",2015,161579,"Persons (1)","liv","ILOSTAT"
140,"Guadeloupe and Martinique",2016,161579,"Persons (1)","liv","ILOSTAT"
140,"Guadeloupe and Martinique",2017,161579,"Persons (1)","liv","ILOSTAT"
140,"Guadeloupe and Martinique",2018,161579,"Persons (1)","liv","ILOSTAT"
140,"Guadeloupe and Martinique",2019,161579,"Persons (1)","liv","ILOSTAT"
140,"Guadeloupe and Martinique",2020,161579,"Persons (1)","liv","ILOSTAT"
140,"Guadeloupe and Martinique",2021,161579,"Persons (1)","liv","ILOSTAT"
140,"Guadeloupe and Martinique",2022,161579,"Persons (1)","liv","ILOSTAT"
140,"Guadeloupe and Martinique",2023,161579,"Persons (1)","liv","ILOSTAT"
141,"Faeroe Islands",2008,29584,"Persons (1)","liv","ILOSTAT"
141,"Faeroe Islands",2009,28542,"Persons (1)","liv","ILOSTAT"
141,"Faeroe Islands",2010,28188,"Persons (1)","liv","ILOSTAT"
141,"Faeroe Islands",2011,26954,"Persons (1)","liv","ILOSTAT"
141,"Faeroe Islands",2012,28654,"Persons (1)","liv","ILOSTAT"
141,"Faeroe Islands",2013,28557,"Persons (1)","liv","ILOSTAT"
141,"Faeroe Islands",2014,28557,"Persons (1)","liv","ILOSTAT"
141,"Faeroe Islands",2015,28557,"Persons (1)","liv","ILOSTAT"
141,"Faeroe Islands",2016,28557,"Persons (1)","liv","ILOSTAT"
141,"Faeroe Islands",2017,28557,"Persons (1)","liv","ILOSTAT"
141,"Faeroe Islands",2018,28557,"Persons (1)","liv","ILOSTAT"
141,"Faeroe Islands",2019,28557,"Persons (1)","liv","ILOSTAT"
141,"Faeroe Islands",2020,28557,"Persons (1)","liv","ILOSTAT"
141,"Faeroe Islands",2021,28557,"Persons (1)","liv","ILOSTAT"
141,"Faeroe Islands",2022,28557,"Persons (1)","liv","ILOSTAT"
141,"Faeroe Islands",2023,28557,"Persons (1)","liv","ILOSTAT"
145,"Greenland",2008,26482,"Persons (1)","liv","ILOSTAT"
145,"Greenland",2009,26482,"Persons (1)","liv","ILOSTAT"
145,"Greenland",2010,26482,"Persons (1)","liv","ILOSTAT"
145,"Greenland",2011,26820,"Persons (1)","liv","ILOSTAT"
145,"Greenland",2012,26994,"Persons (1)","liv","ILOSTAT"
145,"Greenland",2013,27021,"Persons (1)","liv","ILOSTAT"
145,"Greenland",2014,26764,"Persons (1)","liv","ILOSTAT"
145,"Greenland",2015,26844,"Persons (1)","liv","ILOSTAT"
145,"Greenland",2016,26844,"Persons (1)","liv","ILOSTAT"
145,"Greenland",2017,26844,"Persons (1)","liv","ILOSTAT"
145,"Greenland",2018,26844,"Persons (1)","liv","ILOSTAT"
145,"Greenland",2019,26844,"Persons (1)","liv","ILOSTAT"
145,"Greenland",2020,26844,"Persons (1)","liv","ILOSTAT"
145,"Greenland",2021,26844,"Persons (1)","liv","ILOSTAT"
145,"Greenland",2022,26844,"Persons (1)","liv","ILOSTAT"
145,"Greenland",2023,26844,"Persons (1)","liv","ILOSTAT"
153,"Cook Islands",2008,7554,"Persons (1)","liv","ILOSTAT"
153,"Cook Islands",2009,7554,"Persons (1)","liv","ILOSTAT"
153,"Cook Islands",2010,7554,"Persons (1)","liv","ILOSTAT"
153,"Cook Islands",2011,7554,"Persons (1)","liv","ILOSTAT"
153,"Cook Islands",2012,7692.8,"Persons (1)","liv","ILOSTAT"
153,"Cook Islands",2013,7831.6,"Persons (1)","liv","ILOSTAT"
153,"Cook Islands",2014,7970.4,"Persons (1)","liv","ILOSTAT"
153,"Cook Islands",2015,8109.2,"Persons (1)","liv","ILOSTAT"
153,"Cook Islands",2016,8248,"Persons (1)","liv","ILOSTAT"
153,"Cook Islands",2017,8203,"Persons (1)","liv","ILOSTAT"
153,"Cook Islands",2018,8158,"Persons (1)","liv","ILOSTAT"
153,"Cook Islands",2019,8113,"Persons (1)","liv","ILOSTAT"
153,"Cook Islands",2020,8233,"Persons (1)","liv","ILOSTAT"
153,"Cook Islands",2021,8353,"Persons (1)","liv","ILOSTAT"
153,"Cook Islands",2022,8473,"Persons (1)","liv","ILOSTAT"
153,"Cook Islands",2023,8593,"Persons (1)","liv","ILOSTAT"
154,"Niue",2008,934,"Persons (1)","liv","ILOSTAT"
154,"Niue",2009,934,"Persons (1)","liv","ILOSTAT"
154,"Niue",2010,934,"Persons (1)","liv","ILOSTAT"
154,"Niue",2011,934,"Persons (1)","liv","ILOSTAT"
154,"Niue",2012,934,"Persons (1)","liv","ILOSTAT"
154,"Niue",2013,934,"Persons (1)","liv","ILOSTAT"
154,"Niue",2014,934,"Persons (1)","liv","ILOSTAT"
154,"Niue",2015,934,"Persons (1)","liv","ILOSTAT"
154,"Niue",2016,846.5,"Persons (1)","liv","ILOSTAT"
154,"Niue",2017,759,"Persons (1)","liv","ILOSTAT"
154,"Niue",2018,762,"Persons (1)","liv","ILOSTAT"
154,"Niue",2019,765,"Persons (1)","liv","ILOSTAT"
154,"Niue",2020,768,"Persons (1)","liv","ILOSTAT"
154,"Niue",2021,771,"Persons (1)","liv","ILOSTAT"
154,"Niue",2022,774,"Persons (1)","liv","ILOSTAT"
154,"Niue",2023,774,"Persons (1)","liv","ILOSTAT"
156,"Tokelau",2008,590,"Persons (1)","liv","ILOSTAT"
156,"Tokelau",2009,590,"Persons (1)","liv","ILOSTAT"
156,"Tokelau",2010,590,"Persons (1)","liv","ILOSTAT"
156,"Tokelau",2011,590,"Persons (1)","liv","ILOSTAT"
156,"Tokelau",2012,590,"Persons (1)","liv","ILOSTAT"
156,"Tokelau",2013,590,"Persons (1)","liv","ILOSTAT"
156,"Tokelau",2014,590,"Persons (1)","liv","ILOSTAT"
156,"Tokelau",2015,590,"Persons (1)","liv","ILOSTAT"
156,"Tokelau",2016,590,"Persons (1)","liv","ILOSTAT"
156,"Tokelau",2017,565.5,"Persons (1)","liv","ILOSTAT"
156,"Tokelau",2018,541,"Persons (1)","liv","ILOSTAT"
156,"Tokelau",2019,516.5,"Persons (1)","liv","ILOSTAT"
156,"Tokelau",2020,492,"Persons (1)","liv","ILOSTAT"
156,"Tokelau",2021,467.5,"Persons (1)","liv","ILOSTAT"
156,"Tokelau",2022,443,"Persons (1)","liv","ILOSTAT"
156,"Tokelau",2023,443,"Persons (1)","liv","ILOSTAT"
161,"Wallis and Futuna",2008,3617,"Persons (1)","liv","ILOSTAT"
161,"Wallis and Futuna",2009,3617,"Persons (1)","liv","ILOSTAT"
161,"Wallis and Futuna",2010,3617,"Persons (1)","liv","ILOSTAT"
161,"Wallis and Futuna",2011,3617,"Persons (1)","liv","ILOSTAT"
161,"Wallis and Futuna",2012,3617,"Persons (1)","liv","ILOSTAT"
161,"Wallis and Futuna",2013,3617,"Persons (1)","liv","ILOSTAT"
161,"Wallis and Futuna",2014,3617,"Persons (1)","liv","ILOSTAT"
161,"Wallis and Futuna",2015,3617,"Persons (1)","liv","ILOSTAT"
161,"Wallis and Futuna",2016,3617,"Persons (1)","liv","ILOSTAT"
161,"Wallis and Futuna",2017,3617,"Persons (1)","liv","ILOSTAT"
161,"Wallis and Futuna",2018,3617,"Persons (1)","liv","ILOSTAT"
161,"Wallis and Futuna",2019,4402,"Persons (1)","liv","ILOSTAT"
161,"Wallis and Futuna",2020,4700,"Persons (1)","liv","ILOSTAT"
161,"Wallis and Futuna",2021,4998,"Persons (1)","liv","ILOSTAT"
161,"Wallis and Futuna",2022,5296,"Persons (1)","liv","ILOSTAT"
161,"Wallis and Futuna",2023,5594,"Persons (1)","liv","ILOSTAT"
185,"Monaco",2008,15317,"Persons (1)","liv","ILOSTAT"
185,"Monaco",2009,15317,"Persons (1)","liv","ILOSTAT"
185,"Monaco",2010,15317,"Persons (1)","liv","ILOSTAT"
185,"Monaco",2011,15317,"Persons (1)","liv","ILOSTAT"
185,"Monaco",2012,15317,"Persons (1)","liv","ILOSTAT"
185,"Monaco",2013,15317,"Persons (1)","liv","ILOSTAT"
185,"Monaco",2014,15317,"Persons (1)","liv","ILOSTAT"
185,"Monaco",2015,15317,"Persons (1)","liv","ILOSTAT"
185,"Monaco",2016,15317,"Persons (1)","liv","ILOSTAT"
185,"Monaco",2017,15317,"Persons (1)","liv","ILOSTAT"
185,"Monaco",2018,15317,"Persons (1)","liv","ILOSTAT"
185,"Monaco",2019,15317,"Persons (1)","liv","ILOSTAT"
185,"Monaco",2020,15317,"Persons (1)","liv","ILOSTAT"
185,"Monaco",2021,15317,"Persons (1)","liv","ILOSTAT"
185,"Monaco",2022,15317,"Persons (1)","liv","ILOSTAT"
185,"Monaco",2023,15317,"Persons (1)","liv","ILOSTAT"
212,"Kiribati",2008,39034,"Persons (1)","liv","ILOSTAT"
212,"Kiribati",2009,39034,"Persons (1)","liv","ILOSTAT"
212,"Kiribati",2010,39034,"Persons (1)","liv","ILOSTAT"
212,"Kiribati",2011,37393.6,"Persons (1)","liv","ILOSTAT"
212,"Kiribati",2012,35753.2,"Persons (1)","liv","ILOSTAT"
212,"Kiribati",2013,34112.8,"Persons (1)","liv","ILOSTAT"
212,"Kiribati",2014,32472.4,"Persons (1)","liv","ILOSTAT"
212,"Kiribati",2015,30832,"Persons (1)","liv","ILOSTAT"
212,"Kiribati",2016,30026.5,"Persons (1)","liv","ILOSTAT"
212,"Kiribati",2017,29221,"Persons (1)","liv","ILOSTAT"
212,"Kiribati",2018,28415.5,"Persons (1)","liv","ILOSTAT"
212,"Kiribati",2019,27610,"Persons (1)","liv","ILOSTAT"
212,"Kiribati",2020,34811,"Persons (1)","liv","ILOSTAT"
212,"Kiribati",2021,36805.3333333333,"Persons (1)","liv","ILOSTAT"
212,"Kiribati",2022,38799.6666666667,"Persons (1)","liv","ILOSTAT"
212,"Kiribati",2023,40794,"Persons (1)","liv","ILOSTAT"
220,"Sint Maarten",2008,12604.2,"Persons (1)","liv","ILOSTAT"
220,"Sint Maarten",2009,13155.6,"Persons (1)","liv","ILOSTAT"
220,"Sint Maarten",2010,13454.1,"Persons (1)","liv","ILOSTAT"
220,"Sint Maarten",2011,13752.6,"Persons (1)","liv","ILOSTAT"
220,"Sint Maarten",2012,13752.6,"Persons (1)","liv","ILOSTAT"
220,"Sint Maarten",2013,13752.6,"Persons (1)","liv","ILOSTAT"
220,"Sint Maarten",2014,13752.6,"Persons (1)","liv","ILOSTAT"
220,"Sint Maarten",2015,13752.6,"Persons (1)","liv","ILOSTAT"
220,"Sint Maarten",2016,13752.6,"Persons (1)","liv","ILOSTAT"
220,"Sint Maarten",2017,13752.6,"Persons (1)","liv","ILOSTAT"
220,"Sint Maarten",2018,13752.6,"Persons (1)","liv","ILOSTAT"
220,"Sint Maarten",2019,13752.6,"Persons (1)","liv","ILOSTAT"
220,"Sint Maarten",2020,13752.6,"Persons (1)","liv","ILOSTAT"
220,"Sint Maarten",2021,13752.6,"Persons (1)","liv","ILOSTAT"
220,"Sint Maarten",2022,13752.6,"Persons (1)","liv","ILOSTAT"
220,"Sint Maarten",2023,13752.6,"Persons (1)","liv","ILOSTAT"
228,"Guernsey",2008,31927,"Persons (1)","liv","ILOSTAT"
228,"Guernsey",2009,31927,"Persons (1)","liv","ILOSTAT"
228,"Guernsey",2010,31927,"Persons (1)","liv","ILOSTAT"
228,"Guernsey",2011,31927,"Persons (1)","liv","ILOSTAT"
228,"Guernsey",2012,31637,"Persons (1)","liv","ILOSTAT"
228,"Guernsey",2013,31367,"Persons (1)","liv","ILOSTAT"
228,"Guernsey",2014,31290,"Persons (1)","liv","ILOSTAT"
228,"Guernsey",2015,31250,"Persons (1)","liv","ILOSTAT"
228,"Guernsey",2016,30477,"Persons (1)","liv","ILOSTAT"
228,"Guernsey",2017,30477,"Persons (1)","liv","ILOSTAT"
228,"Guernsey",2018,30477,"Persons (1)","liv","ILOSTAT"
228,"Guernsey",2019,30477,"Persons (1)","liv","ILOSTAT"
228,"Guernsey",2020,30477,"Persons (1)","liv","ILOSTAT"
228,"Guernsey",2021,30477,"Persons (1)","liv","ILOSTAT"
228,"Guernsey",2022,30477,"Persons (1)","liv","ILOSTAT"
228,"Guernsey",2023,30477,"Persons (1)","liv","ILOSTAT"
244,"Curacao",2008,12604.2,"Persons (1)","liv","ILOSTAT"
244,"Curacao",2009,13155.6,"Persons (1)","liv","ILOSTAT"
244,"Curacao",2010,47835.6,"Persons (1)","liv","ILOSTAT"
244,"Curacao",2011,82515.6,"Persons (1)","liv","ILOSTAT"
244,"Curacao",2012,77760.3,"Persons (1)","liv","ILOSTAT"
244,"Curacao",2013,73005,"Persons (1)","liv","ILOSTAT"
244,"Curacao",2014,67850,"Persons (1)","liv","ILOSTAT"
244,"Curacao",2015,70021,"Persons (1)","liv","ILOSTAT"
244,"Curacao",2016,70065,"Persons (1)","liv","ILOSTAT"
244,"Curacao",2017,70109,"Persons (1)","liv","ILOSTAT"
244,"Curacao",2018,70153,"Persons (1)","liv","ILOSTAT"
244,"Curacao",2019,70322.5,"Persons (1)","liv","ILOSTAT"
244,"Curacao",2020,70492,"Persons (1)","liv","ILOSTAT"
244,"Curacao",2021,70492,"Persons (1)","liv","ILOSTAT"
244,"Curacao",2022,70492,"Persons (1)","liv","ILOSTAT"
244,"Curacao",2023,70492,"Persons (1)","liv","ILOSTAT"
245,"Bonaire",2008,12604.2,"Persons (1)","liv","ILOSTAT"
245,"Bonaire",2009,13155.6,"Persons (1)","liv","ILOSTAT"
245,"Bonaire",2010,13454.1,"Persons (1)","liv","ILOSTAT"
245,"Bonaire",2011,13752.6,"Persons (1)","liv","ILOSTAT"
245,"Bonaire",2012,13752.6,"Persons (1)","liv","ILOSTAT"
245,"Bonaire",2013,13752.6,"Persons (1)","liv","ILOSTAT"
245,"Bonaire",2014,13752.6,"Persons (1)","liv","ILOSTAT"
245,"Bonaire",2015,13752.6,"Persons (1)","liv","ILOSTAT"
245,"Bonaire",2016,13752.6,"Persons (1)","liv","ILOSTAT"
245,"Bonaire",2017,13752.6,"Persons (1)","liv","ILOSTAT"
245,"Bonaire",2018,13752.6,"Persons (1)","liv","ILOSTAT"
245,"Bonaire",2019,13752.6,"Persons (1)","liv","ILOSTAT"
245,"Bonaire",2020,13752.6,"Persons (1)","liv","ILOSTAT"
245,"Bonaire",2021,13752.6,"Persons (1)","liv","ILOSTAT"
245,"Bonaire",2022,13752.6,"Persons (1)","liv","ILOSTAT"
245,"Bonaire",2023,13752.6,"Persons (1)","liv","ILOSTAT"
248,"Saba",2008,12604.2,"Persons (1)","liv","ILOSTAT"
248,"Saba",2009,13155.6,"Persons (1)","liv","ILOSTAT"
248,"Saba",2010,13454.1,"Persons (1)","liv","ILOSTAT"
248,"Saba",2011,13752.6,"Persons (1)","liv","ILOSTAT"
248,"Saba",2012,13752.6,"Persons (1)","liv","ILOSTAT"
248,"Saba",2013,13752.6,"Persons (1)","liv","ILOSTAT"
248,"Saba",2014,13752.6,"Persons (1)","liv","ILOSTAT"
248,"Saba",2015,13752.6,"Persons (1)","liv","ILOSTAT"
248,"Saba",2016,13752.6,"Persons (1)","liv","ILOSTAT"
248,"Saba",2017,13752.6,"Persons (1)","liv","ILOSTAT"
248,"Saba",2018,13752.6,"Persons (1)","liv","ILOSTAT"
248,"Saba",2019,13752.6,"Persons (1)","liv","ILOSTAT"
248,"Saba",2020,13752.6,"Persons (1)","liv","ILOSTAT"
248,"Saba",2021,13752.6,"Persons (1)","liv","ILOSTAT"
248,"Saba",2022,13752.6,"Persons (1)","liv","ILOSTAT"
248,"Saba",2023,13752.6,"Persons (1)","liv","ILOSTAT"
250,"Aruba",2008,52045,"Persons (1)","liv","ILOSTAT"
250,"Aruba",2009,52045,"Persons (1)","liv","ILOSTAT"
250,"Aruba",2010,52045,"Persons (1)","liv","ILOSTAT"
250,"Aruba",2011,52585,"Persons (1)","liv","ILOSTAT"
250,"Aruba",2012,52585,"Persons (1)","liv","ILOSTAT"
250,"Aruba",2013,52585,"Persons (1)","liv","ILOSTAT"
250,"Aruba",2014,52585,"Persons (1)","liv","ILOSTAT"
250,"Aruba",2015,52585,"Persons (1)","liv","ILOSTAT"
250,"Aruba",2016,52585,"Persons (1)","liv","ILOSTAT"
250,"Aruba",2017,52585,"Persons (1)","liv","ILOSTAT"
250,"Aruba",2018,52585,"Persons (1)","liv","ILOSTAT"
250,"Aruba",2019,52585,"Persons (1)","liv","ILOSTAT"
250,"Aruba",2020,52585,"Persons (1)","liv","ILOSTAT"
250,"Aruba",2021,52585,"Persons (1)","liv","ILOSTAT"
250,"Aruba",2022,52585,"Persons (1)","liv","ILOSTAT"
250,"Aruba",2023,52585,"Persons (1)","liv","ILOSTAT"
