"rgn_id","year","a_prot_1km"
1,2000,0
1,2001,0
1,2002,0
1,2003,0
1,2004,0
1,2005,0
1,2006,0
1,2007,0
1,2008,0
1,2009,0
1,2010,0
1,2011,0
1,2012,0
1,2013,0
1,2014,0
1,2015,0
1,2016,0
1,2017,0
1,2018,0
1,2019,0
1,2020,0
1,2021,0
1,2022,4.75
1,2023,4.75
1,2024,4.75
1,2025,4.75
1,0,0
1,1800,0
1,1838,0
1,1840,0
1,1849,0
1,1858,0
1,1864,0
1,1865,0
1,1867,0
1,1872,0
1,1875,0
1,1878,0
1,1881,0
1,1883,0
1,1884,0
1,1885,0
1,1886,0
1,1887,0
1,1888,0
1,1889,0
1,1890,0
1,1891,0
1,1892,0
1,1893,0
1,1894,0
1,1895,0
1,1896,0
1,1897,0
1,1898,0
1,1899,0
1,1900,0
1,1901,0
1,1902,0
1,1903,0
1,1904,0
1,1905,0
1,1906,0
1,1907,0
1,1908,0
1,1909,0
1,1910,0
1,1911,0
1,1912,0
1,1913,0
1,1914,0
1,1915,0
1,1916,0
1,1917,0
1,1918,0
1,1919,0
1,1920,0
1,1921,0
1,1922,0
1,1923,0
1,1924,0
1,1925,0
1,1926,0
1,1927,0
1,1928,0
1,1929,0
1,1930,0
1,1931,0
1,1932,0
1,1933,0
1,1934,0
1,1935,0
1,1936,0
1,1937,0
1,1938,0
1,1939,0
1,1940,0
1,1941,0
1,1942,0
1,1943,0
1,1944,0
1,1945,0
1,1946,0
1,1947,0
1,1948,0
1,1949,0
1,1950,0
1,1951,0
1,1952,0
1,1953,0
1,1954,0
1,1955,0
1,1956,0
1,1957,0
1,1958,0
1,1959,0
1,1960,0
1,1961,0
1,1962,0
1,1963,0
1,1964,0
1,1965,0
1,1966,0
1,1967,0
1,1968,0
1,1969,0
1,1970,0
1,1971,0
1,1972,0
1,1973,0
1,1974,0
1,1975,0
1,1976,0
1,1977,0
1,1978,0
1,1979,0
1,1980,0
1,1981,0
1,1982,0
1,1983,0
1,1984,0
1,1985,0
1,1986,0
1,1987,0
1,1988,0
1,1989,0
1,1990,0
1,1991,0
1,1992,0
1,1993,0
1,1994,0
1,1995,0
1,1996,0
1,1997,0
1,1998,0
1,1999,0
2,2000,44.75
2,2001,44.75
2,2002,44.75
2,2003,44.75
2,2004,44.75
2,2005,44.75
2,2006,44.75
2,2007,44.75
2,2008,44.75
2,2009,44.75
2,2010,44.75
2,2011,44.75
2,2012,44.75
2,2013,44.75
2,2014,44.75
2,2015,44.75
2,2016,44.75
2,2017,44.75
2,2018,44.75
2,2019,44.75
2,2020,44.75
2,2021,44.75
2,2022,46.5
2,2023,46.5
2,2024,46.5
2,2025,46.5
2,0,0
2,1800,0
2,1838,0
2,1840,0
2,1849,0
2,1858,0
2,1864,0
2,1865,0
2,1867,0
2,1872,0
2,1875,0
2,1878,0
2,1881,0
2,1883,0
2,1884,0
2,1885,0
2,1886,0
2,1887,0
2,1888,0
2,1889,0
2,1890,0
2,1891,0
2,1892,0
2,1893,0
2,1894,0
2,1895,0
2,1896,0
2,1897,0
2,1898,0
2,1899,0
2,1900,0
2,1901,0
2,1902,0
2,1903,0
2,1904,0
2,1905,0
2,1906,0
2,1907,0
2,1908,0
2,1909,0
2,1910,0
2,1911,0
2,1912,0
2,1913,0
2,1914,0
2,1915,0
2,1916,0
2,1917,0
2,1918,0
2,1919,0
2,1920,0
2,1921,0
2,1922,0
2,1923,0
2,1924,0
2,1925,0
2,1926,0
2,1927,0
2,1928,0
2,1929,0
2,1930,0
2,1931,0
2,1932,0
2,1933,0
2,1934,0
2,1935,0
2,1936,0
2,1937,0
2,1938,0
2,1939,0
2,1940,0
2,1941,0
2,1942,0
2,1943,0
2,1944,0
2,1945,0
2,1946,0
2,1947,0
2,1948,0
2,1949,0
2,1950,0
2,1951,0
2,1952,0
2,1953,0
2,1954,0
2,1955,0
2,1956,0
2,1957,0
2,1958,0
2,1959,0
2,1960,0
2,1961,0
2,1962,0
2,1963,0
2,1964,0
2,1965,0
2,1966,0
2,1967,0
2,1968,0
2,1969,0
2,1970,0
2,1971,0
2,1972,0
2,1973,0
2,1974,0
2,1975,0
2,1976,0
2,1977,0
2,1978,0
2,1979,0
2,1980,0
2,1981,0
2,1982,0
2,1983,0
2,1984,0
2,1985,0
2,1986,0
2,1987,0
2,1988,0
2,1989,44.75
2,1990,44.75
2,1991,44.75
2,1992,44.75
2,1993,44.75
2,1994,44.75
2,1995,44.75
2,1996,44.75
2,1997,44.75
2,1998,44.75
2,1999,44.75
3,2000,2.25
3,2001,2.25
3,2002,2.25
3,2003,2.25
3,2004,2.25
3,2005,2.25
3,2006,2.25
3,2007,2.25
3,2008,2.25
3,2009,2.25
3,2010,2.25
3,2011,2.25
3,2012,2.25
3,2013,2.25
3,2014,2.25
3,2015,2.25
3,2016,2.25
3,2017,2.25
3,2018,16.25
3,2019,16.25
3,2020,16.25
3,2021,16.25
3,2022,16.25
3,2023,16.25
3,2024,16.25
3,2025,16.25
3,0,0
3,1800,0
3,1838,0
3,1840,0
3,1849,0
3,1858,0
3,1864,0
3,1865,0
3,1867,0
3,1872,0
3,1875,0
3,1878,0
3,1881,0
3,1883,0
3,1884,0
3,1885,0
3,1886,0
3,1887,0
3,1888,0
3,1889,0
3,1890,0
3,1891,0
3,1892,0
3,1893,0
3,1894,0
3,1895,0
3,1896,0
3,1897,0
3,1898,0
3,1899,0
3,1900,0
3,1901,0
3,1902,0
3,1903,0
3,1904,0
3,1905,0
3,1906,0
3,1907,0
3,1908,0
3,1909,0
3,1910,0
3,1911,0
3,1912,0
3,1913,0
3,1914,0
3,1915,0
3,1916,0
3,1917,0
3,1918,0
3,1919,0
3,1920,0
3,1921,0
3,1922,0
3,1923,0
3,1924,0
3,1925,0
3,1926,0
3,1927,0
3,1928,0
3,1929,0
3,1930,0
3,1931,0
3,1932,0
3,1933,0
3,1934,0
3,1935,0
3,1936,0
3,1937,0
3,1938,0
3,1939,0
3,1940,0
3,1941,0
3,1942,0
3,1943,0
3,1944,0
3,1945,0
3,1946,0
3,1947,0
3,1948,0
3,1949,0
3,1950,0
3,1951,0
3,1952,0
3,1953,0
3,1954,0
3,1955,0
3,1956,0
3,1957,0
3,1958,0
3,1959,0
3,1960,0
3,1961,0
3,1962,0
3,1963,0
3,1964,0
3,1965,0
3,1966,0
3,1967,0
3,1968,0
3,1969,0
3,1970,0
3,1971,0
3,1972,0
3,1973,0
3,1974,0
3,1975,0
3,1976,0
3,1977,0
3,1978,0
3,1979,0
3,1980,0
3,1981,0
3,1982,0
3,1983,0
3,1984,0
3,1985,0
3,1986,0
3,1987,0
3,1988,0
3,1989,0
3,1990,0
3,1991,0
3,1992,0
3,1993,2
3,1994,2
3,1995,2
3,1996,2.25
3,1997,2.25
3,1998,2.25
3,1999,2.25
4,2000,76
4,2001,76
4,2002,76
4,2003,76
4,2004,76
4,2005,76
4,2006,76
4,2007,76
4,2008,76
4,2009,76
4,2010,76
4,2011,76
4,2012,76
4,2013,76
4,2014,76
4,2015,76
4,2016,76
4,2017,76
4,2018,76
4,2019,76
4,2020,76
4,2021,76
4,2022,76
4,2023,76.25
4,2024,76.25
4,2025,76.25
4,0,0
4,1800,0
4,1838,0
4,1840,0
4,1849,0
4,1858,0
4,1864,0
4,1865,0
4,1867,0
4,1872,0
4,1875,0
4,1878,0
4,1881,0
4,1883,0
4,1884,0
4,1885,0
4,1886,0
4,1887,0
4,1888,0
4,1889,0
4,1890,0
4,1891,0
4,1892,0
4,1893,0
4,1894,0
4,1895,0
4,1896,0
4,1897,0
4,1898,0
4,1899,0
4,1900,0
4,1901,0
4,1902,0
4,1903,0
4,1904,0
4,1905,0
4,1906,0
4,1907,0
4,1908,0
4,1909,0
4,1910,0
4,1911,0
4,1912,0
4,1913,0
4,1914,0
4,1915,0
4,1916,0
4,1917,0
4,1918,0
4,1919,0
4,1920,0
4,1921,0
4,1922,0
4,1923,0
4,1924,0
4,1925,0
4,1926,0
4,1927,0
4,1928,0
4,1929,0
4,1930,0
4,1931,0
4,1932,0
4,1933,0
4,1934,0
4,1935,0
4,1936,0
4,1937,0
4,1938,0
4,1939,0
4,1940,0
4,1941,0
4,1942,0
4,1943,0
4,1944,0
4,1945,0
4,1946,0
4,1947,0
4,1948,0
4,1949,0
4,1950,0
4,1951,0
4,1952,0
4,1953,0
4,1954,0
4,1955,0
4,1956,0
4,1957,0
4,1958,0
4,1959,0
4,1960,0
4,1961,0
4,1962,0
4,1963,0
4,1964,0
4,1965,0
4,1966,0
4,1967,0
4,1968,0
4,1969,0
4,1970,0
4,1971,0
4,1972,0
4,1973,0
4,1974,0
4,1975,0
4,1976,0
4,1977,0
4,1978,0
4,1979,0
4,1980,0
4,1981,0
4,1982,0
4,1983,0
4,1984,0
4,1985,0
4,1986,0
4,1987,0
4,1988,0
4,1989,0
4,1990,0
4,1991,0
4,1992,0
4,1993,0
4,1994,0
4,1995,0
4,1996,0
4,1997,0
4,1998,0
4,1999,0
5,2000,19.25
5,2001,19.25
5,2002,19.25
5,2003,19.25
5,2004,19.25
5,2005,19.25
5,2006,19.25
5,2007,19.25
5,2008,19.25
5,2009,335.5
5,2010,335.5
5,2011,335.5
5,2012,335.5
5,2013,339
5,2014,417
5,2015,417
5,2016,417
5,2017,417
5,2018,417
5,2019,427.25
5,2020,427.25
5,2021,427.25
5,2022,427.25
5,2023,427.25
5,2024,427.25
5,2025,427.25
5,0,0
5,1800,0
5,1838,0
5,1840,0
5,1849,0
5,1858,0
5,1864,0
5,1865,0
5,1867,0
5,1872,0
5,1875,0
5,1878,0
5,1881,0
5,1883,0
5,1884,0
5,1885,0
5,1886,0
5,1887,0
5,1888,0
5,1889,0
5,1890,0
5,1891,0
5,1892,0
5,1893,0
5,1894,0
5,1895,0
5,1896,0
5,1897,0
5,1898,0
5,1899,0
5,1900,0
5,1901,0
5,1902,0
5,1903,0
5,1904,0
5,1905,0
5,1906,0
5,1907,0
5,1908,0
5,1909,0
5,1910,0
5,1911,0
5,1912,0
5,1913,0
5,1914,0
5,1915,0
5,1916,0
5,1917,0
5,1918,0
5,1919,0
5,1920,0
5,1921,0
5,1922,0
5,1923,0
5,1924,0
5,1925,0
5,1926,0
5,1927,0
5,1928,0
5,1929,0
5,1930,0
5,1931,0
5,1932,0
5,1933,0
5,1934,0
5,1935,0
5,1936,0
5,1937,0
5,1938,0
5,1939,0
5,1940,0
5,1941,0
5,1942,0
5,1943,0
5,1944,0
5,1945,0
5,1946,0
5,1947,0
5,1948,0
5,1949,0
5,1950,0.25
5,1951,0.25
5,1952,0.25
5,1953,0.25
5,1954,0.25
5,1955,0.25
5,1956,0.25
5,1957,0.25
5,1958,0.25
5,1959,0.25
5,1960,0.25
5,1961,0.25
5,1962,0.25
5,1963,0.25
5,1964,0.25
5,1965,0.25
5,1966,0.25
5,1967,0.25
5,1968,0.25
5,1969,0.25
5,1970,0.25
5,1971,0.25
5,1972,9
5,1973,9
5,1974,9
5,1975,9
5,1976,9
5,1977,9
5,1978,9
5,1979,9
5,1980,9
5,1981,9
5,1982,9
5,1983,9
5,1984,9
5,1985,9
5,1986,9
5,1987,9
5,1988,9
5,1989,19.25
5,1990,19.25
5,1991,19.25
5,1992,19.25
5,1993,19.25
5,1994,19.25
5,1995,19.25
5,1996,19.25
5,1997,19.25
5,1998,19.25
5,1999,19.25
6,2000,14.25
6,2001,14.5
6,2002,14.5
6,2003,14.5
6,2004,14.5
6,2005,14.5
6,2006,14.5
6,2007,14.5
6,2008,14.5
6,2009,14.5
6,2010,14.5
6,2011,14.5
6,2012,14.5
6,2013,14.5
6,2014,14.5
6,2015,14.5
6,2016,14.5
6,2017,14.5
6,2018,14.5
6,2019,14.5
6,2020,14.5
6,2021,14.5
6,2022,14.5
6,2023,14.5
6,2024,14.5
6,2025,14.5
6,0,0.25
6,1800,0.25
6,1838,0.25
6,1840,0.25
6,1849,0.25
6,1858,0.25
6,1864,0.25
6,1865,0.25
6,1867,0.25
6,1872,0.25
6,1875,0.25
6,1878,0.25
6,1881,0.25
6,1883,0.25
6,1884,0.25
6,1885,0.25
6,1886,0.25
6,1887,0.25
6,1888,0.25
6,1889,0.25
6,1890,0.25
6,1891,0.25
6,1892,0.25
6,1893,0.25
6,1894,0.25
6,1895,0.25
6,1896,0.25
6,1897,0.25
6,1898,0.25
6,1899,0.25
6,1900,0.25
6,1901,0.25
6,1902,0.25
6,1903,0.25
6,1904,0.25
6,1905,0.25
6,1906,0.25
6,1907,0.25
6,1908,0.25
6,1909,0.25
6,1910,0.25
6,1911,0.25
6,1912,0.25
6,1913,0.25
6,1914,0.25
6,1915,0.25
6,1916,0.25
6,1917,0.25
6,1918,0.25
6,1919,0.25
6,1920,0.25
6,1921,0.25
6,1922,0.25
6,1923,0.25
6,1924,0.25
6,1925,0.25
6,1926,0.25
6,1927,0.25
6,1928,0.25
6,1929,0.25
6,1930,0.25
6,1931,0.25
6,1932,0.25
6,1933,0.25
6,1934,0.25
6,1935,0.25
6,1936,0.25
6,1937,0.25
6,1938,0.25
6,1939,0.25
6,1940,0.25
6,1941,0.25
6,1942,0.25
6,1943,0.25
6,1944,0.25
6,1945,0.25
6,1946,0.25
6,1947,0.25
6,1948,0.25
6,1949,0.25
6,1950,0.25
6,1951,0.25
6,1952,0.25
6,1953,0.25
6,1954,0.25
6,1955,0.25
6,1956,0.25
6,1957,0.25
6,1958,0.25
6,1959,0.25
6,1960,0.25
6,1961,0.25
6,1962,0.25
6,1963,0.25
6,1964,0.25
6,1965,0.25
6,1966,0.25
6,1967,0.25
6,1968,0.25
6,1969,0.25
6,1970,0.25
6,1971,0.25
6,1972,0.25
6,1973,0.25
6,1974,0.25
6,1975,0.25
6,1976,0.25
6,1977,0.25
6,1978,0.25
6,1979,0.25
6,1980,0.25
6,1981,0.25
6,1982,0.25
6,1983,1.75
6,1984,5
6,1985,5
6,1986,5
6,1987,5
6,1988,5
6,1989,5
6,1990,5
6,1991,5
6,1992,5
6,1993,5
6,1994,14.25
6,1995,14.25
6,1996,14.25
6,1997,14.25
6,1998,14.25
6,1999,14.25
7,2000,2.25
7,2001,2.25
7,2002,2.25
7,2003,2.25
7,2004,2.75
7,2005,2.75
7,2006,2.75
7,2007,93.25
7,2008,93.25
7,2009,93.25
7,2010,93.25
7,2011,93.25
7,2012,93.25
7,2013,93.25
7,2014,93.25
7,2015,93.25
7,2016,93.25
7,2017,93.25
7,2018,93.25
7,2019,93.25
7,2020,93.25
7,2021,93.25
7,2022,93.25
7,2023,93.25
7,2024,93.25
7,2025,93.25
7,0,0.5
7,1800,0.5
7,1838,0.5
7,1840,0.5
7,1849,0.5
7,1858,0.5
7,1864,0.5
7,1865,0.5
7,1867,0.5
7,1872,0.5
7,1875,0.5
7,1878,0.5
7,1881,0.5
7,1883,0.5
7,1884,0.5
7,1885,0.5
7,1886,0.5
7,1887,0.5
7,1888,0.5
7,1889,0.5
7,1890,0.5
7,1891,0.5
7,1892,0.5
7,1893,0.5
7,1894,0.5
7,1895,0.5
7,1896,0.5
7,1897,0.5
7,1898,0.5
7,1899,0.5
7,1900,0.5
7,1901,0.5
7,1902,0.5
7,1903,0.5
7,1904,0.5
7,1905,0.5
7,1906,0.5
7,1907,0.5
7,1908,0.5
7,1909,0.5
7,1910,0.5
7,1911,0.5
7,1912,0.5
7,1913,0.5
7,1914,0.5
7,1915,0.5
7,1916,0.5
7,1917,0.5
7,1918,0.5
7,1919,0.5
7,1920,0.5
7,1921,0.5
7,1922,0.5
7,1923,0.5
7,1924,0.5
7,1925,0.5
7,1926,0.5
7,1927,0.5
7,1928,0.5
7,1929,0.5
7,1930,0.5
7,1931,0.5
7,1932,0.5
7,1933,0.5
7,1934,0.5
7,1935,0.5
7,1936,0.5
7,1937,0.5
7,1938,0.5
7,1939,0.5
7,1940,0.5
7,1941,0.5
7,1942,0.5
7,1943,0.5
7,1944,0.5
7,1945,0.5
7,1946,0.5
7,1947,0.5
7,1948,0.5
7,1949,0.5
7,1950,0.5
7,1951,0.5
7,1952,0.5
7,1953,0.5
7,1954,0.5
7,1955,0.5
7,1956,0.5
7,1957,0.5
7,1958,0.5
7,1959,0.5
7,1960,0.5
7,1961,0.5
7,1962,0.5
7,1963,0.5
7,1964,0.5
7,1965,0.5
7,1966,0.5
7,1967,0.5
7,1968,0.5
7,1969,0.5
7,1970,0.5
7,1971,0.5
7,1972,0.5
7,1973,0.5
7,1974,0.5
7,1975,0.5
7,1976,0.5
7,1977,0.5
7,1978,0.5
7,1979,0.5
7,1980,0.5
7,1981,0.5
7,1982,0.5
7,1983,0.5
7,1984,0.5
7,1985,0.5
7,1986,0.5
7,1987,0.5
7,1988,0.5
7,1989,0.5
7,1990,0.5
7,1991,0.5
7,1992,0.5
7,1993,0.5
7,1994,0.5
7,1995,1.5
7,1996,1.5
7,1997,1.5
7,1998,2.25
7,1999,2.25
8,2000,173
8,2001,173.25
8,2002,173.5
8,2003,173.5
8,2004,173.5
8,2005,173.5
8,2006,173.5
8,2007,173.5
8,2008,176.75
8,2009,178.5
8,2010,178.5
8,2011,178.5
8,2012,178.5
8,2013,178.5
8,2014,178.5
8,2015,178.75
8,2016,178.75
8,2017,178.75
8,2018,178.75
8,2019,178.75
8,2020,178.75
8,2021,178.75
8,2022,178.75
8,2023,178.75
8,2024,178.75
8,2025,178.75
8,0,103.75
8,1800,103.75
8,1838,103.75
8,1840,103.75
8,1849,103.75
8,1858,103.75
8,1864,103.75
8,1865,103.75
8,1867,103.75
8,1872,103.75
8,1875,103.75
8,1878,103.75
8,1881,103.75
8,1883,103.75
8,1884,103.75
8,1885,103.75
8,1886,103.75
8,1887,103.75
8,1888,103.75
8,1889,103.75
8,1890,103.75
8,1891,103.75
8,1892,103.75
8,1893,103.75
8,1894,103.75
8,1895,103.75
8,1896,103.75
8,1897,103.75
8,1898,103.75
8,1899,103.75
8,1900,103.75
8,1901,103.75
8,1902,103.75
8,1903,103.75
8,1904,103.75
8,1905,103.75
8,1906,103.75
8,1907,103.75
8,1908,103.75
8,1909,103.75
8,1910,103.75
8,1911,103.75
8,1912,103.75
8,1913,103.75
8,1914,103.75
8,1915,103.75
8,1916,103.75
8,1917,103.75
8,1918,103.75
8,1919,103.75
8,1920,103.75
8,1921,103.75
8,1922,103.75
8,1923,103.75
8,1924,103.75
8,1925,103.75
8,1926,103.75
8,1927,103.75
8,1928,103.75
8,1929,103.75
8,1930,103.75
8,1931,103.75
8,1932,103.75
8,1933,103.75
8,1934,103.75
8,1935,103.75
8,1936,103.75
8,1937,103.75
8,1938,103.75
8,1939,103.75
8,1940,103.75
8,1941,103.75
8,1942,103.75
8,1943,103.75
8,1944,103.75
8,1945,103.75
8,1946,103.75
8,1947,103.75
8,1948,103.75
8,1949,103.75
8,1950,103.75
8,1951,103.75
8,1952,103.75
8,1953,103.75
8,1954,103.75
8,1955,103.75
8,1956,103.75
8,1957,103.75
8,1958,103.75
8,1959,103.75
8,1960,103.75
8,1961,103.75
8,1962,103.75
8,1963,103.75
8,1964,103.75
8,1965,103.75
8,1966,103.75
8,1967,103.75
8,1968,103.75
8,1969,103.75
8,1970,103.75
8,1971,103.75
8,1972,103.75
8,1973,103.75
8,1974,103.75
8,1975,103.75
8,1976,103.75
8,1977,103.75
8,1978,103.75
8,1979,103.75
8,1980,103.75
8,1981,103.75
8,1982,103.75
8,1983,103.75
8,1984,103.75
8,1985,103.75
8,1986,103.75
8,1987,103.75
8,1988,103.75
8,1989,103.75
8,1990,104.5
8,1991,104.5
8,1992,104.5
8,1993,104.5
8,1994,105.25
8,1995,105.25
8,1996,105.25
8,1997,107
8,1998,108
8,1999,113
9,2000,0
9,2001,0
9,2002,0
9,2003,0
9,2004,0
9,2005,0
9,2006,0
9,2007,0
9,2008,0
9,2009,0
9,2010,0
9,2011,0
9,2012,0
9,2013,0
9,2014,0
9,2015,0
9,2016,0
9,2017,0
9,2018,0
9,2019,0
9,2020,0
9,2021,0
9,2022,0
9,2023,0
9,2024,0
9,2025,0
9,0,0
9,1800,0
9,1838,0
9,1840,0
9,1849,0
9,1858,0
9,1864,0
9,1865,0
9,1867,0
9,1872,0
9,1875,0
9,1878,0
9,1881,0
9,1883,0
9,1884,0
9,1885,0
9,1886,0
9,1887,0
9,1888,0
9,1889,0
9,1890,0
9,1891,0
9,1892,0
9,1893,0
9,1894,0
9,1895,0
9,1896,0
9,1897,0
9,1898,0
9,1899,0
9,1900,0
9,1901,0
9,1902,0
9,1903,0
9,1904,0
9,1905,0
9,1906,0
9,1907,0
9,1908,0
9,1909,0
9,1910,0
9,1911,0
9,1912,0
9,1913,0
9,1914,0
9,1915,0
9,1916,0
9,1917,0
9,1918,0
9,1919,0
9,1920,0
9,1921,0
9,1922,0
9,1923,0
9,1924,0
9,1925,0
9,1926,0
9,1927,0
9,1928,0
9,1929,0
9,1930,0
9,1931,0
9,1932,0
9,1933,0
9,1934,0
9,1935,0
9,1936,0
9,1937,0
9,1938,0
9,1939,0
9,1940,0
9,1941,0
9,1942,0
9,1943,0
9,1944,0
9,1945,0
9,1946,0
9,1947,0
9,1948,0
9,1949,0
9,1950,0
9,1951,0
9,1952,0
9,1953,0
9,1954,0
9,1955,0
9,1956,0
9,1957,0
9,1958,0
9,1959,0
9,1960,0
9,1961,0
9,1962,0
9,1963,0
9,1964,0
9,1965,0
9,1966,0
9,1967,0
9,1968,0
9,1969,0
9,1970,0
9,1971,0
9,1972,0
9,1973,0
9,1974,0
9,1975,0
9,1976,0
9,1977,0
9,1978,0
9,1979,0
9,1980,0
9,1981,0
9,1982,0
9,1983,0
9,1984,0
9,1985,0
9,1986,0
9,1987,0
9,1988,0
9,1989,0
9,1990,0
9,1991,0
9,1992,0
9,1993,0
9,1994,0
9,1995,0
9,1996,0
9,1997,0
9,1998,0
9,1999,0
10,2000,0
10,2001,0
10,2002,0
10,2003,0
10,2004,0
10,2005,0
10,2006,0
10,2007,0
10,2008,0
10,2009,0
10,2010,0
10,2011,0
10,2012,0
10,2013,0
10,2014,0
10,2015,0
10,2016,0
10,2017,0
10,2018,0
10,2019,0
10,2020,0
10,2021,0
10,2022,0
10,2023,0
10,2024,0
10,2025,0
10,0,0
10,1800,0
10,1838,0
10,1840,0
10,1849,0
10,1858,0
10,1864,0
10,1865,0
10,1867,0
10,1872,0
10,1875,0
10,1878,0
10,1881,0
10,1883,0
10,1884,0
10,1885,0
10,1886,0
10,1887,0
10,1888,0
10,1889,0
10,1890,0
10,1891,0
10,1892,0
10,1893,0
10,1894,0
10,1895,0
10,1896,0
10,1897,0
10,1898,0
10,1899,0
10,1900,0
10,1901,0
10,1902,0
10,1903,0
10,1904,0
10,1905,0
10,1906,0
10,1907,0
10,1908,0
10,1909,0
10,1910,0
10,1911,0
10,1912,0
10,1913,0
10,1914,0
10,1915,0
10,1916,0
10,1917,0
10,1918,0
10,1919,0
10,1920,0
10,1921,0
10,1922,0
10,1923,0
10,1924,0
10,1925,0
10,1926,0
10,1927,0
10,1928,0
10,1929,0
10,1930,0
10,1931,0
10,1932,0
10,1933,0
10,1934,0
10,1935,0
10,1936,0
10,1937,0
10,1938,0
10,1939,0
10,1940,0
10,1941,0
10,1942,0
10,1943,0
10,1944,0
10,1945,0
10,1946,0
10,1947,0
10,1948,0
10,1949,0
10,1950,0
10,1951,0
10,1952,0
10,1953,0
10,1954,0
10,1955,0
10,1956,0
10,1957,0
10,1958,0
10,1959,0
10,1960,0
10,1961,0
10,1962,0
10,1963,0
10,1964,0
10,1965,0
10,1966,0
10,1967,0
10,1968,0
10,1969,0
10,1970,0
10,1971,0
10,1972,0
10,1973,0
10,1974,0
10,1975,0
10,1976,0
10,1977,0
10,1978,0
10,1979,0
10,1980,0
10,1981,0
10,1982,0
10,1983,0
10,1984,0
10,1985,0
10,1986,0
10,1987,0
10,1988,0
10,1989,0
10,1990,0
10,1991,0
10,1992,0
10,1993,0
10,1994,0
10,1995,0
10,1996,0
10,1997,0
10,1998,0
10,1999,0
11,2000,0.75
11,2001,0.75
11,2002,17.5
11,2003,17.5
11,2004,24.5
11,2005,24.5
11,2006,26.75
11,2007,26.75
11,2008,26.75
11,2009,26.75
11,2010,26.75
11,2011,26.75
11,2012,31.5
11,2013,31.5
11,2014,31.5
11,2015,31.5
11,2016,31.5
11,2017,31.5
11,2018,31.5
11,2019,31.5
11,2020,31.5
11,2021,31.5
11,2022,31.5
11,2023,31.5
11,2024,31.5
11,2025,31.5
11,0,0.75
11,1800,0.75
11,1838,0.75
11,1840,0.75
11,1849,0.75
11,1858,0.75
11,1864,0.75
11,1865,0.75
11,1867,0.75
11,1872,0.75
11,1875,0.75
11,1878,0.75
11,1881,0.75
11,1883,0.75
11,1884,0.75
11,1885,0.75
11,1886,0.75
11,1887,0.75
11,1888,0.75
11,1889,0.75
11,1890,0.75
11,1891,0.75
11,1892,0.75
11,1893,0.75
11,1894,0.75
11,1895,0.75
11,1896,0.75
11,1897,0.75
11,1898,0.75
11,1899,0.75
11,1900,0.75
11,1901,0.75
11,1902,0.75
11,1903,0.75
11,1904,0.75
11,1905,0.75
11,1906,0.75
11,1907,0.75
11,1908,0.75
11,1909,0.75
11,1910,0.75
11,1911,0.75
11,1912,0.75
11,1913,0.75
11,1914,0.75
11,1915,0.75
11,1916,0.75
11,1917,0.75
11,1918,0.75
11,1919,0.75
11,1920,0.75
11,1921,0.75
11,1922,0.75
11,1923,0.75
11,1924,0.75
11,1925,0.75
11,1926,0.75
11,1927,0.75
11,1928,0.75
11,1929,0.75
11,1930,0.75
11,1931,0.75
11,1932,0.75
11,1933,0.75
11,1934,0.75
11,1935,0.75
11,1936,0.75
11,1937,0.75
11,1938,0.75
11,1939,0.75
11,1940,0.75
11,1941,0.75
11,1942,0.75
11,1943,0.75
11,1944,0.75
11,1945,0.75
11,1946,0.75
11,1947,0.75
11,1948,0.75
11,1949,0.75
11,1950,0.75
11,1951,0.75
11,1952,0.75
11,1953,0.75
11,1954,0.75
11,1955,0.75
11,1956,0.75
11,1957,0.75
11,1958,0.75
11,1959,0.75
11,1960,0.75
11,1961,0.75
11,1962,0.75
11,1963,0.75
11,1964,0.75
11,1965,0.75
11,1966,0.75
11,1967,0.75
11,1968,0.75
11,1969,0.75
11,1970,0.75
11,1971,0.75
11,1972,0.75
11,1973,0.75
11,1974,0.75
11,1975,0.75
11,1976,0.75
11,1977,0.75
11,1978,0.75
11,1979,0.75
11,1980,0.75
11,1981,0.75
11,1982,0.75
11,1983,0.75
11,1984,0.75
11,1985,0.75
11,1986,0.75
11,1987,0.75
11,1988,0.75
11,1989,0.75
11,1990,0.75
11,1991,0.75
11,1992,0.75
11,1993,0.75
11,1994,0.75
11,1995,0.75
11,1996,0.75
11,1997,0.75
11,1998,0.75
11,1999,0.75
12,2000,8.5
12,2001,8.5
12,2002,8.5
12,2003,8.5
12,2004,8.5
12,2005,8.5
12,2006,8.5
12,2007,8.5
12,2008,8.5
12,2009,8.5
12,2010,8.5
12,2011,8.5
12,2012,8.5
12,2013,8.5
12,2014,8.5
12,2015,8.5
12,2016,8.5
12,2017,8.5
12,2018,8.5
12,2019,8.5
12,2020,8.5
12,2021,8.5
12,2022,8.5
12,2023,8.5
12,2024,8.5
12,2025,8.5
12,0,8.5
12,1800,8.5
12,1838,8.5
12,1840,8.5
12,1849,8.5
12,1858,8.5
12,1864,8.5
12,1865,8.5
12,1867,8.5
12,1872,8.5
12,1875,8.5
12,1878,8.5
12,1881,8.5
12,1883,8.5
12,1884,8.5
12,1885,8.5
12,1886,8.5
12,1887,8.5
12,1888,8.5
12,1889,8.5
12,1890,8.5
12,1891,8.5
12,1892,8.5
12,1893,8.5
12,1894,8.5
12,1895,8.5
12,1896,8.5
12,1897,8.5
12,1898,8.5
12,1899,8.5
12,1900,8.5
12,1901,8.5
12,1902,8.5
12,1903,8.5
12,1904,8.5
12,1905,8.5
12,1906,8.5
12,1907,8.5
12,1908,8.5
12,1909,8.5
12,1910,8.5
12,1911,8.5
12,1912,8.5
12,1913,8.5
12,1914,8.5
12,1915,8.5
12,1916,8.5
12,1917,8.5
12,1918,8.5
12,1919,8.5
12,1920,8.5
12,1921,8.5
12,1922,8.5
12,1923,8.5
12,1924,8.5
12,1925,8.5
12,1926,8.5
12,1927,8.5
12,1928,8.5
12,1929,8.5
12,1930,8.5
12,1931,8.5
12,1932,8.5
12,1933,8.5
12,1934,8.5
12,1935,8.5
12,1936,8.5
12,1937,8.5
12,1938,8.5
12,1939,8.5
12,1940,8.5
12,1941,8.5
12,1942,8.5
12,1943,8.5
12,1944,8.5
12,1945,8.5
12,1946,8.5
12,1947,8.5
12,1948,8.5
12,1949,8.5
12,1950,8.5
12,1951,8.5
12,1952,8.5
12,1953,8.5
12,1954,8.5
12,1955,8.5
12,1956,8.5
12,1957,8.5
12,1958,8.5
12,1959,8.5
12,1960,8.5
12,1961,8.5
12,1962,8.5
12,1963,8.5
12,1964,8.5
12,1965,8.5
12,1966,8.5
12,1967,8.5
12,1968,8.5
12,1969,8.5
12,1970,8.5
12,1971,8.5
12,1972,8.5
12,1973,8.5
12,1974,8.5
12,1975,8.5
12,1976,8.5
12,1977,8.5
12,1978,8.5
12,1979,8.5
12,1980,8.5
12,1981,8.5
12,1982,8.5
12,1983,8.5
12,1984,8.5
12,1985,8.5
12,1986,8.5
12,1987,8.5
12,1988,8.5
12,1989,8.5
12,1990,8.5
12,1991,8.5
12,1992,8.5
12,1993,8.5
12,1994,8.5
12,1995,8.5
12,1996,8.5
12,1997,8.5
12,1998,8.5
12,1999,8.5
13,2000,11.75
13,2001,11.75
13,2002,11.75
13,2003,11.75
13,2004,11.75
13,2005,11.75
13,2006,11.75
13,2007,11.75
13,2008,11.75
13,2009,24.5
13,2010,24.5
13,2011,24.5
13,2012,24.5
13,2013,24.5
13,2014,24.5
13,2015,24.5
13,2016,24.5
13,2017,24.5
13,2018,24.5
13,2019,24.5
13,2020,24.5
13,2021,24.5
13,2022,24.5
13,2023,24.5
13,2024,24.5
13,2025,24.5
13,0,2.25
13,1800,2.25
13,1838,2.25
13,1840,2.25
13,1849,2.25
13,1858,2.25
13,1864,2.25
13,1865,2.25
13,1867,2.25
13,1872,2.25
13,1875,2.25
13,1878,2.25
13,1881,2.25
13,1883,2.25
13,1884,2.25
13,1885,2.25
13,1886,2.25
13,1887,2.25
13,1888,2.25
13,1889,2.25
13,1890,2.25
13,1891,2.25
13,1892,2.25
13,1893,2.25
13,1894,2.25
13,1895,2.25
13,1896,2.25
13,1897,2.25
13,1898,2.25
13,1899,2.25
13,1900,2.25
13,1901,2.25
13,1902,2.25
13,1903,2.25
13,1904,2.25
13,1905,2.25
13,1906,2.25
13,1907,2.25
13,1908,2.25
13,1909,2.25
13,1910,2.25
13,1911,2.25
13,1912,2.25
13,1913,2.25
13,1914,2.25
13,1915,2.25
13,1916,2.25
13,1917,2.25
13,1918,2.25
13,1919,2.25
13,1920,2.25
13,1921,2.25
13,1922,2.25
13,1923,2.25
13,1924,2.25
13,1925,2.25
13,1926,2.25
13,1927,2.25
13,1928,2.25
13,1929,2.25
13,1930,2.25
13,1931,2.25
13,1932,2.25
13,1933,2.25
13,1934,2.25
13,1935,2.25
13,1936,2.25
13,1937,2.25
13,1938,2.25
13,1939,2.25
13,1940,2.25
13,1941,2.25
13,1942,2.25
13,1943,2.25
13,1944,2.25
13,1945,2.25
13,1946,2.25
13,1947,2.25
13,1948,2.25
13,1949,2.25
13,1950,2.25
13,1951,2.25
13,1952,2.25
13,1953,2.25
13,1954,2.25
13,1955,2.25
13,1956,2.25
13,1957,2.25
13,1958,2.25
13,1959,2.25
13,1960,2.25
13,1961,2.25
13,1962,2.25
13,1963,2.25
13,1964,2.25
13,1965,2.25
13,1966,2.25
13,1967,2.25
13,1968,2.25
13,1969,2.25
13,1970,2.25
13,1971,2.25
13,1972,2.25
13,1973,2.25
13,1974,2.25
13,1975,2.25
13,1976,2.25
13,1977,2.25
13,1978,5
13,1979,5
13,1980,5
13,1981,5
13,1982,5
13,1983,5
13,1984,6
13,1985,6
13,1986,6
13,1987,6
13,1988,6
13,1989,6
13,1990,6
13,1991,6
13,1992,6
13,1993,7
13,1994,7
13,1995,7
13,1996,7
13,1997,10.5
13,1998,10.5
13,1999,10.5
14,2000,93.25
14,2001,100
14,2002,102
14,2003,102
14,2004,106.25
14,2005,106.25
14,2006,106.25
14,2007,108
14,2008,108
14,2009,127.5
14,2010,127.5
14,2011,127.5
14,2012,130.75
14,2013,130.75
14,2014,134
14,2015,134
14,2016,134
14,2017,134
14,2018,134
14,2019,134
14,2020,134
14,2021,134
14,2022,134
14,2023,134
14,2024,134
14,2025,134
14,0,0
14,1800,0
14,1838,0
14,1840,0
14,1849,0
14,1858,0
14,1864,0
14,1865,0
14,1867,0
14,1872,0
14,1875,0
14,1878,0
14,1881,0
14,1883,0
14,1884,0
14,1885,0
14,1886,0
14,1887,0
14,1888,0
14,1889,0
14,1890,0
14,1891,0
14,1892,0
14,1893,0
14,1894,0
14,1895,0
14,1896,0
14,1897,0
14,1898,0
14,1899,0
14,1900,0
14,1901,0
14,1902,0
14,1903,0
14,1904,0
14,1905,0
14,1906,0
14,1907,0
14,1908,0
14,1909,0
14,1910,0
14,1911,0
14,1912,0
14,1913,0
14,1914,0
14,1915,0
14,1916,0
14,1917,0
14,1918,0
14,1919,0
14,1920,0
14,1921,0
14,1922,0
14,1923,0
14,1924,0
14,1925,0
14,1926,0
14,1927,0
14,1928,0
14,1929,0
14,1930,0
14,1931,0
14,1932,0
14,1933,0
14,1934,0
14,1935,0
14,1936,0
14,1937,0
14,1938,0
14,1939,0
14,1940,0
14,1941,0
14,1942,0
14,1943,0
14,1944,0
14,1945,0
14,1946,0
14,1947,0
14,1948,0
14,1949,0
14,1950,0
14,1951,0
14,1952,0
14,1953,0
14,1954,0
14,1955,0
14,1956,0
14,1957,0
14,1958,0
14,1959,0
14,1960,0
14,1961,0
14,1962,0
14,1963,0
14,1964,0
14,1965,0
14,1966,0
14,1967,0
14,1968,0
14,1969,0
14,1970,0
14,1971,0
14,1972,0
14,1973,0
14,1974,0
14,1975,0
14,1976,0
14,1977,0
14,1978,0
14,1979,0
14,1980,0
14,1981,0
14,1982,0
14,1983,0
14,1984,65
14,1985,65
14,1986,76.25
14,1987,76.25
14,1988,76.25
14,1989,76.25
14,1990,76.25
14,1991,76.25
14,1992,76.25
14,1993,76.25
14,1994,79.5
14,1995,91
14,1996,91.25
14,1997,91.25
14,1998,91.75
14,1999,91.75
15,2000,3012.75
15,2001,3316
15,2002,3316
15,2003,3316
15,2004,3316
15,2005,3316
15,2006,3325.5
15,2007,3325.5
15,2008,3325.5
15,2009,3334.5
15,2010,3334.5
15,2011,3334.5
15,2012,3334.5
15,2013,3334.5
15,2014,3334.5
15,2015,3334.5
15,2016,3357.75
15,2017,3357.75
15,2018,4403.5
15,2019,4403.5
15,2020,4403.5
15,2021,4403.5
15,2022,4403.5
15,2023,4403.5
15,2024,4403.5
15,2025,4403.5
15,0,0
15,1800,0
15,1838,0
15,1840,0
15,1849,0
15,1858,0
15,1864,0
15,1865,0
15,1867,0
15,1872,0
15,1875,0
15,1878,0
15,1881,0
15,1883,0
15,1884,0
15,1885,0
15,1886,0
15,1887,0
15,1888,0
15,1889,0
15,1890,0
15,1891,0
15,1892,0
15,1893,0
15,1894,0
15,1895,0
15,1896,0
15,1897,0
15,1898,0
15,1899,0
15,1900,0
15,1901,0
15,1902,0
15,1903,0
15,1904,0
15,1905,0
15,1906,0
15,1907,0
15,1908,0
15,1909,0
15,1910,0
15,1911,0
15,1912,0
15,1913,0
15,1914,0
15,1915,0
15,1916,0
15,1917,0
15,1918,0
15,1919,0
15,1920,0
15,1921,0
15,1922,0
15,1923,0
15,1924,0
15,1925,0
15,1926,0
15,1927,0
15,1928,0
15,1929,0
15,1930,0
15,1931,0
15,1932,0.5
15,1933,0.5
15,1934,0.5
15,1935,0.75
15,1936,10
15,1937,10
15,1938,12.5
15,1939,12.5
15,1940,12.5
15,1941,12.5
15,1942,12.5
15,1943,12.5
15,1944,12.5
15,1945,12.5
15,1946,12.5
15,1947,12.5
15,1948,12.5
15,1949,12.5
15,1950,12.5
15,1951,12.5
15,1952,12.5
15,1953,12.5
15,1954,15.75
15,1955,16
15,1956,16
15,1957,16
15,1958,16
15,1959,16
15,1960,16
15,1961,16
15,1962,16
15,1963,19.25
15,1964,19.25
15,1965,19.25
15,1966,19.25
15,1967,1811.5
15,1968,1812
15,1969,1812
15,1970,1812
15,1971,1812
15,1972,1812
15,1973,1812
15,1974,1812
15,1975,1812
15,1976,1833.5
15,1977,1844.25
15,1978,1844.25
15,1979,1844.25
15,1980,1844.25
15,1981,2611.75
15,1982,2617.5
15,1983,2617.5
15,1984,2617.5
15,1985,2617.75
15,1986,2617.75
15,1987,2618.75
15,1988,2618.75
15,1989,2618.75
15,1990,2623.25
15,1991,2623.25
15,1992,2623.75
15,1993,2623.75
15,1994,2623.75
15,1995,2623.75
15,1996,2623.75
15,1997,2623.75
15,1998,2753
15,1999,2770
16,2000,7021
16,2001,7152.75
16,2002,7572
16,2003,7749.75
16,2004,8869.5
16,2005,9101.25
16,2006,10234.75
16,2007,10447.75
16,2008,10851.25
16,2009,12706
16,2010,13098.5
16,2011,14260
16,2012,14685.25
16,2013,17850.75
16,2014,18394.75
16,2015,18528
16,2016,21596.25
16,2017,21856.75
16,2018,22168.75
16,2019,22663.25
16,2020,22856
16,2021,23177.75
16,2022,23329.75
16,2023,23438.5
16,2024,23438.5
16,2025,23438.5
16,0,121.25
16,1800,121.25
16,1838,121.25
16,1840,121.25
16,1849,121.25
16,1858,121.25
16,1864,121.25
16,1865,121.25
16,1867,121.25
16,1872,121.25
16,1875,121.25
16,1878,121.25
16,1881,121.25
16,1883,121.25
16,1884,121.25
16,1885,121.25
16,1886,121.25
16,1887,121.25
16,1888,121.25
16,1889,121.25
16,1890,124
16,1891,124
16,1892,124
16,1893,124
16,1894,124
16,1895,124
16,1896,124
16,1897,124
16,1898,124
16,1899,124
16,1900,124
16,1901,124
16,1902,124
16,1903,124
16,1904,124
16,1905,124
16,1906,124
16,1907,124
16,1908,124
16,1909,124
16,1910,124
16,1911,124
16,1912,124
16,1913,124
16,1914,124
16,1915,124
16,1916,124
16,1917,141.25
16,1918,141.25
16,1919,141.25
16,1920,141.25
16,1921,141.25
16,1922,141.25
16,1923,141.25
16,1924,141.25
16,1925,141.25
16,1926,141.25
16,1927,141.25
16,1928,141.25
16,1929,141.25
16,1930,141.25
16,1931,141.25
16,1932,141.25
16,1933,141.25
16,1934,141.25
16,1935,141.25
16,1936,141.25
16,1937,141.25
16,1938,141.25
16,1939,141.25
16,1940,141.25
16,1941,141.25
16,1942,141.25
16,1943,141.25
16,1944,141.25
16,1945,141.5
16,1946,141.5
16,1947,141.5
16,1948,141.5
16,1949,141.5
16,1950,141.5
16,1951,141.5
16,1952,141.5
16,1953,141.5
16,1954,141.5
16,1955,141.5
16,1956,141.5
16,1957,141.5
16,1958,141.5
16,1959,147
16,1960,147.5
16,1961,149
16,1962,149
16,1963,149
16,1964,149.25
16,1965,149.25
16,1966,149.25
16,1967,149.25
16,1968,149.25
16,1969,636
16,1970,640
16,1971,641.75
16,1972,793.75
16,1973,1272.25
16,1974,1854.75
16,1975,1869
16,1976,1886.75
16,1977,1888.75
16,1978,2080.25
16,1979,2280.5
16,1980,2282.25
16,1981,2286.25
16,1982,2818
16,1983,2826.25
16,1984,2921
16,1985,3171.25
16,1986,3246.75
16,1987,3350.25
16,1988,3385.5
16,1989,3489.75
16,1990,3757
16,1991,3911.25
16,1992,4104.25
16,1993,4794.25
16,1994,4861.5
16,1995,4966.25
16,1996,5366.25
16,1997,5587
16,1998,5782.5
16,1999,6569.75
17,2000,467.75
17,2001,468
17,2002,468
17,2003,471.5
17,2004,471.5
17,2005,471.5
17,2006,474.75
17,2007,474.75
17,2008,474.75
17,2009,498
17,2010,498
17,2011,498
17,2012,498
17,2013,498
17,2014,498
17,2015,498
17,2016,498
17,2017,498
17,2018,498
17,2019,498
17,2020,498
17,2021,498
17,2022,498
17,2023,498
17,2024,498
17,2025,498
17,0,0
17,1800,0
17,1838,0
17,1840,0
17,1849,0
17,1858,0
17,1864,0
17,1865,0
17,1867,0
17,1872,0
17,1875,0
17,1878,0
17,1881,0
17,1883,0
17,1884,0
17,1885,0
17,1886,0
17,1887,0
17,1888,0
17,1889,0
17,1890,0
17,1891,0
17,1892,0
17,1893,0
17,1894,0
17,1895,0
17,1896,0
17,1897,0
17,1898,0
17,1899,0
17,1900,0
17,1901,0
17,1902,0
17,1903,0
17,1904,0
17,1905,0
17,1906,0
17,1907,0
17,1908,0
17,1909,0
17,1910,0
17,1911,0
17,1912,0
17,1913,0
17,1914,0
17,1915,0
17,1916,0
17,1917,0
17,1918,0
17,1919,0
17,1920,0
17,1921,0
17,1922,0
17,1923,0
17,1924,0
17,1925,0
17,1926,0
17,1927,0
17,1928,0
17,1929,0
17,1930,0
17,1931,0
17,1932,0
17,1933,0
17,1934,0
17,1935,0
17,1936,0
17,1937,0
17,1938,0
17,1939,0
17,1940,0
17,1941,0
17,1942,0
17,1943,0
17,1944,0
17,1945,0
17,1946,0
17,1947,0
17,1948,0
17,1949,0
17,1950,0
17,1951,0
17,1952,0
17,1953,0
17,1954,0
17,1955,0
17,1956,0
17,1957,0
17,1958,0
17,1959,0
17,1960,0
17,1961,0
17,1962,0
17,1963,0
17,1964,0
17,1965,0
17,1966,0
17,1967,0
17,1968,0
17,1969,0
17,1970,0
17,1971,0
17,1972,0
17,1973,0
17,1974,0
17,1975,137
17,1976,150.25
17,1977,279.5
17,1978,342.75
17,1979,342.75
17,1980,342.75
17,1981,342.75
17,1982,342.75
17,1983,342.75
17,1984,342.75
17,1985,364.5
17,1986,364.5
17,1987,373.25
17,1988,373.25
17,1989,385.75
17,1990,385.75
17,1991,444.5
17,1992,444.5
17,1993,444.5
17,1994,444.5
17,1995,444.5
17,1996,467.75
17,1997,467.75
17,1998,467.75
17,1999,467.75
18,2000,62.75
18,2001,103.5
18,2002,113
18,2003,207
18,2004,396.5
18,2005,422.25
18,2006,487.75
18,2007,508.5
18,2008,508.5
18,2009,508.5
18,2010,508.5
18,2011,508.5
18,2012,508.5
18,2013,508.5
18,2014,508.5
18,2015,508.5
18,2016,508.5
18,2017,508.5
18,2018,509.25
18,2019,509.25
18,2020,509.25
18,2021,509.25
18,2022,509.25
18,2023,509.25
18,2024,509.25
18,2025,509.25
18,0,0
18,1800,0
18,1838,0
18,1840,0
18,1849,0
18,1858,0
18,1864,0
18,1865,0
18,1867,0
18,1872,0
18,1875,0
18,1878,0
18,1881,0
18,1883,0
18,1884,0
18,1885,0
18,1886,0
18,1887,0
18,1888,0
18,1889,0
18,1890,0
18,1891,0
18,1892,0
18,1893,0
18,1894,0
18,1895,0
18,1896,0
18,1897,0
18,1898,0
18,1899,0
18,1900,0
18,1901,0
18,1902,0
18,1903,0
18,1904,0
18,1905,0
18,1906,0
18,1907,0
18,1908,0
18,1909,0
18,1910,0
18,1911,0
18,1912,0
18,1913,0
18,1914,0
18,1915,0
18,1916,0
18,1917,0
18,1918,0
18,1919,0
18,1920,0
18,1921,0
18,1922,0
18,1923,0
18,1924,0
18,1925,0
18,1926,0
18,1927,0
18,1928,0
18,1929,0
18,1930,0
18,1931,0
18,1932,0
18,1933,0
18,1934,0
18,1935,0
18,1936,0
18,1937,0
18,1938,0
18,1939,0
18,1940,0
18,1941,0
18,1942,0
18,1943,0
18,1944,0
18,1945,0
18,1946,0
18,1947,0
18,1948,0
18,1949,0
18,1950,0
18,1951,0
18,1952,0
18,1953,0
18,1954,0
18,1955,0
18,1956,0
18,1957,0
18,1958,0
18,1959,0.5
18,1960,0.5
18,1961,0.5
18,1962,0.5
18,1963,0.5
18,1964,0.5
18,1965,0.5
18,1966,0.5
18,1967,0.5
18,1968,0.5
18,1969,0.5
18,1970,0.5
18,1971,0.5
18,1972,0.5
18,1973,0.5
18,1974,0.5
18,1975,0.5
18,1976,0.5
18,1977,0.5
18,1978,0.5
18,1979,0.5
18,1980,0.5
18,1981,0.5
18,1982,0.5
18,1983,0.5
18,1984,0.5
18,1985,10.5
18,1986,10.5
18,1987,10.5
18,1988,11.75
18,1989,11.75
18,1990,11.75
18,1991,11.75
18,1992,11.75
18,1993,11.75
18,1994,11.75
18,1995,11.75
18,1996,11.75
18,1997,23.75
18,1998,23.75
18,1999,25
19,2000,0.25
19,2001,0.25
19,2002,0.25
19,2003,0.25
19,2004,0.25
19,2005,0.25
19,2006,0.25
19,2007,0.25
19,2008,0.25
19,2009,0.25
19,2010,0.25
19,2011,0.25
19,2012,0.25
19,2013,0.25
19,2014,0.25
19,2015,0.25
19,2016,0.25
19,2017,0.25
19,2018,0.25
19,2019,0.25
19,2020,0.25
19,2021,0.25
19,2022,0.25
19,2023,0.25
19,2024,0.25
19,2025,0.25
19,0,0
19,1800,0
19,1838,0
19,1840,0
19,1849,0
19,1858,0
19,1864,0
19,1865,0
19,1867,0
19,1872,0
19,1875,0
19,1878,0
19,1881,0
19,1883,0
19,1884,0
19,1885,0
19,1886,0
19,1887,0
19,1888,0
19,1889,0
19,1890,0
19,1891,0
19,1892,0
19,1893,0
19,1894,0
19,1895,0
19,1896,0
19,1897,0
19,1898,0
19,1899,0
19,1900,0
19,1901,0
19,1902,0
19,1903,0
19,1904,0
19,1905,0
19,1906,0
19,1907,0
19,1908,0
19,1909,0
19,1910,0
19,1911,0
19,1912,0
19,1913,0
19,1914,0
19,1915,0
19,1916,0
19,1917,0
19,1918,0
19,1919,0
19,1920,0
19,1921,0
19,1922,0
19,1923,0
19,1924,0
19,1925,0
19,1926,0
19,1927,0
19,1928,0
19,1929,0
19,1930,0
19,1931,0
19,1932,0
19,1933,0
19,1934,0
19,1935,0
19,1936,0
19,1937,0
19,1938,0
19,1939,0
19,1940,0
19,1941,0
19,1942,0
19,1943,0
19,1944,0
19,1945,0
19,1946,0
19,1947,0
19,1948,0
19,1949,0
19,1950,0
19,1951,0
19,1952,0
19,1953,0
19,1954,0
19,1955,0
19,1956,0
19,1957,0
19,1958,0
19,1959,0
19,1960,0
19,1961,0
19,1962,0
19,1963,0
19,1964,0
19,1965,0
19,1966,0
19,1967,0
19,1968,0
19,1969,0
19,1970,0
19,1971,0
19,1972,0
19,1973,0
19,1974,0
19,1975,0
19,1976,0
19,1977,0
19,1978,0
19,1979,0
19,1980,0
19,1981,0
19,1982,0
19,1983,0
19,1984,0
19,1985,0
19,1986,0
19,1987,0
19,1988,0
19,1989,0
19,1990,0
19,1991,0
19,1992,0
19,1993,0
19,1994,0
19,1995,0
19,1996,0.25
19,1997,0.25
19,1998,0.25
19,1999,0.25
20,2000,1377.25
20,2001,1378
20,2002,1380.75
20,2003,1380.75
20,2004,1381
20,2005,1397.5
20,2006,1408
20,2007,1408.25
20,2008,1427.25
20,2009,1939.5
20,2010,1939.5
20,2011,1940.5
20,2012,1940.5
20,2013,1994.75
20,2014,1995
20,2015,1997.75
20,2016,1998.5
20,2017,1998.5
20,2018,1998.75
20,2019,2072.5
20,2020,2072.5
20,2021,2072.5
20,2022,2072.5
20,2023,2073
20,2024,2073
20,2025,2073
20,0,124.75
20,1800,124.75
20,1838,124.75
20,1840,124.75
20,1849,124.75
20,1858,124.75
20,1864,124.75
20,1865,124.75
20,1867,124.75
20,1872,124.75
20,1875,124.75
20,1878,124.75
20,1881,124.75
20,1883,124.75
20,1884,124.75
20,1885,124.75
20,1886,124.75
20,1887,124.75
20,1888,124.75
20,1889,124.75
20,1890,124.75
20,1891,124.75
20,1892,124.75
20,1893,124.75
20,1894,124.75
20,1895,124.75
20,1896,124.75
20,1897,124.75
20,1898,124.75
20,1899,124.75
20,1900,124.75
20,1901,124.75
20,1902,124.75
20,1903,124.75
20,1904,124.75
20,1905,124.75
20,1906,124.75
20,1907,124.75
20,1908,124.75
20,1909,124.75
20,1910,124.75
20,1911,124.75
20,1912,124.75
20,1913,124.75
20,1914,124.75
20,1915,124.75
20,1916,124.75
20,1917,124.75
20,1918,124.75
20,1919,124.75
20,1920,124.75
20,1921,124.75
20,1922,124.75
20,1923,124.75
20,1924,124.75
20,1925,124.75
20,1926,124.75
20,1927,124.75
20,1928,124.75
20,1929,124.75
20,1930,124.75
20,1931,124.75
20,1932,124.75
20,1933,124.75
20,1934,124.75
20,1935,124.75
20,1936,124.75
20,1937,124.75
20,1938,124.75
20,1939,124.75
20,1940,124.75
20,1941,124.75
20,1942,124.75
20,1943,124.75
20,1944,124.75
20,1945,124.75
20,1946,124.75
20,1947,124.75
20,1948,124.75
20,1949,124.75
20,1950,124.75
20,1951,124.75
20,1952,124.75
20,1953,124.75
20,1954,124.75
20,1955,124.75
20,1956,124.75
20,1957,124.75
20,1958,124.75
20,1959,124.75
20,1960,124.75
20,1961,124.75
20,1962,126.25
20,1963,126.25
20,1964,126.25
20,1965,132
20,1966,146.5
20,1967,146.5
20,1968,259.25
20,1969,259.25
20,1970,261.25
20,1971,261.75
20,1972,261.75
20,1973,261.75
20,1974,261.75
20,1975,371.5
20,1976,371.5
20,1977,371.5
20,1978,425.5
20,1979,433
20,1980,433
20,1981,763.25
20,1982,1005.5
20,1983,1007
20,1984,1007
20,1985,1009.25
20,1986,1009.25
20,1987,1009.75
20,1988,1023
20,1989,1023
20,1990,1023.25
20,1991,1023.25
20,1992,1023.5
20,1993,1024
20,1994,1024
20,1995,1024.75
20,1996,1024.75
20,1997,1028.75
20,1998,1029.75
20,1999,1030.25
21,2000,0
21,2001,0
21,2002,0
21,2003,0
21,2004,0
21,2005,0
21,2006,0.25
21,2007,0.25
21,2008,0.25
21,2009,0.25
21,2010,0.25
21,2011,0.25
21,2012,0.25
21,2013,0.25
21,2014,0.25
21,2015,0.25
21,2016,0.25
21,2017,0.25
21,2018,0.25
21,2019,0.25
21,2020,0.25
21,2021,0.25
21,2022,0.25
21,2023,0.25
21,2024,0.25
21,2025,0.25
21,0,0
21,1800,0
21,1838,0
21,1840,0
21,1849,0
21,1858,0
21,1864,0
21,1865,0
21,1867,0
21,1872,0
21,1875,0
21,1878,0
21,1881,0
21,1883,0
21,1884,0
21,1885,0
21,1886,0
21,1887,0
21,1888,0
21,1889,0
21,1890,0
21,1891,0
21,1892,0
21,1893,0
21,1894,0
21,1895,0
21,1896,0
21,1897,0
21,1898,0
21,1899,0
21,1900,0
21,1901,0
21,1902,0
21,1903,0
21,1904,0
21,1905,0
21,1906,0
21,1907,0
21,1908,0
21,1909,0
21,1910,0
21,1911,0
21,1912,0
21,1913,0
21,1914,0
21,1915,0
21,1916,0
21,1917,0
21,1918,0
21,1919,0
21,1920,0
21,1921,0
21,1922,0
21,1923,0
21,1924,0
21,1925,0
21,1926,0
21,1927,0
21,1928,0
21,1929,0
21,1930,0
21,1931,0
21,1932,0
21,1933,0
21,1934,0
21,1935,0
21,1936,0
21,1937,0
21,1938,0
21,1939,0
21,1940,0
21,1941,0
21,1942,0
21,1943,0
21,1944,0
21,1945,0
21,1946,0
21,1947,0
21,1948,0
21,1949,0
21,1950,0
21,1951,0
21,1952,0
21,1953,0
21,1954,0
21,1955,0
21,1956,0
21,1957,0
21,1958,0
21,1959,0
21,1960,0
21,1961,0
21,1962,0
21,1963,0
21,1964,0
21,1965,0
21,1966,0
21,1967,0
21,1968,0
21,1969,0
21,1970,0
21,1971,0
21,1972,0
21,1973,0
21,1974,0
21,1975,0
21,1976,0
21,1977,0
21,1978,0
21,1979,0
21,1980,0
21,1981,0
21,1982,0
21,1983,0
21,1984,0
21,1985,0
21,1986,0
21,1987,0
21,1988,0
21,1989,0
21,1990,0
21,1991,0
21,1992,0
21,1993,0
21,1994,0
21,1995,0
21,1996,0
21,1997,0
21,1998,0
21,1999,0
24,2000,308.25
24,2001,308.25
24,2002,308.25
24,2003,308.25
24,2004,308.25
24,2005,308.25
24,2006,308.5
24,2007,308.5
24,2008,308.5
24,2009,308.5
24,2010,308.5
24,2011,308.5
24,2012,308.5
24,2013,308.5
24,2014,308.5
24,2015,308.5
24,2016,325.5
24,2017,325.5
24,2018,373
24,2019,373
24,2020,373
24,2021,373
24,2022,373
24,2023,373
24,2024,373
24,2025,373
24,0,0
24,1800,0
24,1838,0
24,1840,0
24,1849,0
24,1858,0
24,1864,0
24,1865,0
24,1867,0
24,1872,0
24,1875,0
24,1878,0
24,1881,0
24,1883,0
24,1884,0
24,1885,0
24,1886,0
24,1887,0
24,1888,0
24,1889,0
24,1890,0
24,1891,0
24,1892,0
24,1893,0
24,1894,0
24,1895,0
24,1896,0
24,1897,0
24,1898,0
24,1899,0
24,1900,0
24,1901,0
24,1902,0
24,1903,0
24,1904,0
24,1905,0
24,1906,0
24,1907,0
24,1908,0
24,1909,0
24,1910,0
24,1911,0
24,1912,0
24,1913,0
24,1914,0
24,1915,0
24,1916,0
24,1917,0
24,1918,0
24,1919,0
24,1920,0
24,1921,0
24,1922,0
24,1923,0
24,1924,0
24,1925,0
24,1926,0
24,1927,0
24,1928,0
24,1929,0
24,1930,0
24,1931,0
24,1932,0
24,1933,0
24,1934,0
24,1935,0
24,1936,0
24,1937,0
24,1938,0
24,1939,0
24,1940,0
24,1941,0
24,1942,0
24,1943,0
24,1944,0
24,1945,0
24,1946,0
24,1947,0
24,1948,0
24,1949,0
24,1950,0
24,1951,0
24,1952,0
24,1953,0
24,1954,0
24,1955,0
24,1956,0
24,1957,0
24,1958,0
24,1959,0
24,1960,0
24,1961,0
24,1962,0
24,1963,0
24,1964,0
24,1965,0
24,1966,0
24,1967,0
24,1968,0
24,1969,0
24,1970,0
24,1971,0
24,1972,0
24,1973,0
24,1974,0
24,1975,0
24,1976,0
24,1977,0
24,1978,0
24,1979,0
24,1980,0
24,1981,0
24,1982,0
24,1983,0
24,1984,0
24,1985,0
24,1986,0
24,1987,0
24,1988,0
24,1989,0
24,1990,0
24,1991,0
24,1992,0
24,1993,305.5
24,1994,305.5
24,1995,305.5
24,1996,308.25
24,1997,308.25
24,1998,308.25
24,1999,308.25
25,2000,489
25,2001,514.5
25,2002,571
25,2003,571
25,2004,571
25,2005,571
25,2006,571
25,2007,571
25,2008,573.25
25,2009,573.25
25,2010,573.25
25,2011,580
25,2012,580
25,2013,637
25,2014,637
25,2015,791
25,2016,1090.5
25,2017,1149.25
25,2018,1196
25,2019,1196
25,2020,1196
25,2021,1198.75
25,2022,1218.75
25,2023,1218.75
25,2024,1218.75
25,2025,1218.75
25,0,0
25,1800,0
25,1838,0
25,1840,0
25,1849,0
25,1858,0
25,1864,0
25,1865,0
25,1867,0
25,1872,0
25,1875,0
25,1878,0
25,1881,0
25,1883,0
25,1884,0
25,1885,0
25,1886,0
25,1887,0
25,1888,0
25,1889,0
25,1890,0
25,1891,0
25,1892,0
25,1893,0
25,1894,0
25,1895,0
25,1896,0
25,1897,0
25,1898,0
25,1899,0
25,1900,0
25,1901,0
25,1902,0
25,1903,0
25,1904,0
25,1905,0
25,1906,0
25,1907,0
25,1908,0
25,1909,0
25,1910,0
25,1911,0
25,1912,0
25,1913,0
25,1914,0
25,1915,0
25,1916,0
25,1917,0
25,1918,0
25,1919,0
25,1920,0
25,1921,0
25,1922,0
25,1923,0
25,1924,0
25,1925,0
25,1926,0
25,1927,0
25,1928,0
25,1929,0
25,1930,0
25,1931,0
25,1932,0
25,1933,0
25,1934,0
25,1935,0
25,1936,0
25,1937,0
25,1938,0
25,1939,0
25,1940,0
25,1941,0
25,1942,0
25,1943,0
25,1944,0
25,1945,0
25,1946,0
25,1947,0
25,1948,0
25,1949,0
25,1950,0
25,1951,0
25,1952,0
25,1953,0
25,1954,0
25,1955,0
25,1956,0
25,1957,0
25,1958,0
25,1959,0
25,1960,0
25,1961,0
25,1962,0
25,1963,0
25,1964,0
25,1965,0
25,1966,3.75
25,1967,3.75
25,1968,3.75
25,1969,3.75
25,1970,3.75
25,1971,3.75
25,1972,3.75
25,1973,3.75
25,1974,3.75
25,1975,3.75
25,1976,127.5
25,1977,127.5
25,1978,127.5
25,1979,157.75
25,1980,179
25,1981,275.25
25,1982,355.75
25,1983,387.25
25,1984,411
25,1985,411
25,1986,411
25,1987,411
25,1988,411
25,1989,411
25,1990,431
25,1991,431
25,1992,434.75
25,1993,435.75
25,1994,435.75
25,1995,435.75
25,1996,435.75
25,1997,441.75
25,1998,451
25,1999,489
26,2000,0
26,2001,0
26,2002,0
26,2003,0
26,2004,0
26,2005,0
26,2006,0
26,2007,0
26,2008,0
26,2009,0
26,2010,0
26,2011,0
26,2012,0
26,2013,0
26,2014,0
26,2015,0
26,2016,0
26,2017,0
26,2018,0
26,2019,0
26,2020,0
26,2021,0
26,2022,0
26,2023,0
26,2024,0
26,2025,0
26,0,0
26,1800,0
26,1838,0
26,1840,0
26,1849,0
26,1858,0
26,1864,0
26,1865,0
26,1867,0
26,1872,0
26,1875,0
26,1878,0
26,1881,0
26,1883,0
26,1884,0
26,1885,0
26,1886,0
26,1887,0
26,1888,0
26,1889,0
26,1890,0
26,1891,0
26,1892,0
26,1893,0
26,1894,0
26,1895,0
26,1896,0
26,1897,0
26,1898,0
26,1899,0
26,1900,0
26,1901,0
26,1902,0
26,1903,0
26,1904,0
26,1905,0
26,1906,0
26,1907,0
26,1908,0
26,1909,0
26,1910,0
26,1911,0
26,1912,0
26,1913,0
26,1914,0
26,1915,0
26,1916,0
26,1917,0
26,1918,0
26,1919,0
26,1920,0
26,1921,0
26,1922,0
26,1923,0
26,1924,0
26,1925,0
26,1926,0
26,1927,0
26,1928,0
26,1929,0
26,1930,0
26,1931,0
26,1932,0
26,1933,0
26,1934,0
26,1935,0
26,1936,0
26,1937,0
26,1938,0
26,1939,0
26,1940,0
26,1941,0
26,1942,0
26,1943,0
26,1944,0
26,1945,0
26,1946,0
26,1947,0
26,1948,0
26,1949,0
26,1950,0
26,1951,0
26,1952,0
26,1953,0
26,1954,0
26,1955,0
26,1956,0
26,1957,0
26,1958,0
26,1959,0
26,1960,0
26,1961,0
26,1962,0
26,1963,0
26,1964,0
26,1965,0
26,1966,0
26,1967,0
26,1968,0
26,1969,0
26,1970,0
26,1971,0
26,1972,0
26,1973,0
26,1974,0
26,1975,0
26,1976,0
26,1977,0
26,1978,0
26,1979,0
26,1980,0
26,1981,0
26,1982,0
26,1983,0
26,1984,0
26,1985,0
26,1986,0
26,1987,0
26,1988,0
26,1989,0
26,1990,0
26,1991,0
26,1992,0
26,1993,0
26,1994,0
26,1995,0
26,1996,0
26,1997,0
26,1998,0
26,1999,0
28,2000,0.75
28,2001,0.75
28,2002,0.75
28,2003,0.75
28,2004,0.75
28,2005,0.75
28,2006,0.75
28,2007,0.75
28,2008,0.75
28,2009,0.75
28,2010,89.5
28,2011,89.5
28,2012,89.5
28,2013,89.5
28,2014,89.5
28,2015,89.5
28,2016,89.5
28,2017,89.5
28,2018,89.5
28,2019,89.5
28,2020,89.5
28,2021,117
28,2022,117
28,2023,117
28,2024,117
28,2025,117
28,0,0
28,1800,0
28,1838,0
28,1840,0
28,1849,0
28,1858,0
28,1864,0
28,1865,0
28,1867,0
28,1872,0
28,1875,0
28,1878,0
28,1881,0
28,1883,0
28,1884,0
28,1885,0
28,1886,0
28,1887,0
28,1888,0
28,1889,0
28,1890,0
28,1891,0
28,1892,0
28,1893,0
28,1894,0
28,1895,0
28,1896,0
28,1897,0
28,1898,0
28,1899,0
28,1900,0
28,1901,0
28,1902,0
28,1903,0
28,1904,0
28,1905,0
28,1906,0
28,1907,0
28,1908,0
28,1909,0
28,1910,0
28,1911,0
28,1912,0
28,1913,0
28,1914,0
28,1915,0
28,1916,0
28,1917,0
28,1918,0
28,1919,0
28,1920,0
28,1921,0
28,1922,0
28,1923,0
28,1924,0
28,1925,0
28,1926,0
28,1927,0
28,1928,0
28,1929,0
28,1930,0
28,1931,0
28,1932,0
28,1933,0
28,1934,0
28,1935,0
28,1936,0
28,1937,0
28,1938,0
28,1939,0
28,1940,0
28,1941,0
28,1942,0
28,1943,0
28,1944,0
28,1945,0
28,1946,0
28,1947,0
28,1948,0
28,1949,0
28,1950,0
28,1951,0
28,1952,0
28,1953,0
28,1954,0
28,1955,0
28,1956,0
28,1957,0
28,1958,0
28,1959,0
28,1960,0
28,1961,0
28,1962,0
28,1963,0
28,1964,0
28,1965,0
28,1966,0
28,1967,0
28,1968,0
28,1969,0
28,1970,0
28,1971,0
28,1972,0
28,1973,0
28,1974,0
28,1975,0
28,1976,0
28,1977,0
28,1978,0
28,1979,0
28,1980,0
28,1981,0
28,1982,0
28,1983,0
28,1984,0
28,1985,0
28,1986,0
28,1987,0
28,1988,0
28,1989,0
28,1990,0
28,1991,0
28,1992,0
28,1993,0
28,1994,0
28,1995,0.75
28,1996,0.75
28,1997,0.75
28,1998,0.75
28,1999,0.75
29,2000,4
29,2001,7
29,2002,7.75
29,2003,9
29,2004,9
29,2005,9
29,2006,9
29,2007,14.75
29,2008,14.75
29,2009,17.25
29,2010,50
29,2011,50
29,2012,50
29,2013,50
29,2014,50
29,2015,50
29,2016,51.5
29,2017,51.5
29,2018,51.5
29,2019,51.5
29,2020,51.5
29,2021,53.5
29,2022,53.5
29,2023,53.5
29,2024,53.5
29,2025,53.5
29,0,0
29,1800,0
29,1838,0
29,1840,0
29,1849,0
29,1858,0
29,1864,0
29,1865,0
29,1867,0
29,1872,0
29,1875,0
29,1878,0
29,1881,0
29,1883,0
29,1884,0
29,1885,0
29,1886,0
29,1887,0
29,1888,0
29,1889,0
29,1890,0
29,1891,0
29,1892,0
29,1893,0
29,1894,0
29,1895,0
29,1896,0
29,1897,0
29,1898,0
29,1899,0
29,1900,0
29,1901,0
29,1902,0
29,1903,0
29,1904,0
29,1905,0
29,1906,0
29,1907,0
29,1908,0
29,1909,0
29,1910,0
29,1911,0
29,1912,0
29,1913,0
29,1914,0
29,1915,0
29,1916,0
29,1917,0
29,1918,0
29,1919,0
29,1920,0
29,1921,0
29,1922,0
29,1923,0
29,1924,0
29,1925,0
29,1926,0
29,1927,0
29,1928,0
29,1929,0
29,1930,0
29,1931,0
29,1932,0
29,1933,0
29,1934,0
29,1935,0
29,1936,0
29,1937,0
29,1938,0
29,1939,0
29,1940,0
29,1941,0
29,1942,0
29,1943,0
29,1944,0
29,1945,0
29,1946,0
29,1947,0
29,1948,0
29,1949,0
29,1950,0
29,1951,0
29,1952,0
29,1953,0
29,1954,0
29,1955,0
29,1956,0
29,1957,0
29,1958,0
29,1959,0
29,1960,0
29,1961,0
29,1962,0
29,1963,0
29,1964,0
29,1965,0
29,1966,0
29,1967,0
29,1968,0
29,1969,0
29,1970,0
29,1971,0
29,1972,0
29,1973,0
29,1974,0
29,1975,0
29,1976,0
29,1977,0
29,1978,0
29,1979,0
29,1980,0
29,1981,0
29,1982,0
29,1983,0
29,1984,0
29,1985,0
29,1986,0
29,1987,0
29,1988,0
29,1989,0
29,1990,0
29,1991,0
29,1992,0
29,1993,0
29,1994,0
29,1995,0
29,1996,0
29,1997,4
29,1998,4
29,1999,4
30,2000,0
30,2001,0
30,2002,0
30,2003,0
30,2004,0
30,2005,0
30,2006,0
30,2007,0
30,2008,0
30,2009,0
30,2010,0
30,2011,0
30,2012,0
30,2013,0
30,2014,0
30,2015,0
30,2016,0
30,2017,0
30,2018,0
30,2019,0
30,2020,0
30,2021,3.5
30,2022,3.5
30,2023,3.5
30,2024,3.5
30,2025,3.5
30,0,0
30,1800,0
30,1838,0
30,1840,0
30,1849,0
30,1858,0
30,1864,0
30,1865,0
30,1867,0
30,1872,0
30,1875,0
30,1878,0
30,1881,0
30,1883,0
30,1884,0
30,1885,0
30,1886,0
30,1887,0
30,1888,0
30,1889,0
30,1890,0
30,1891,0
30,1892,0
30,1893,0
30,1894,0
30,1895,0
30,1896,0
30,1897,0
30,1898,0
30,1899,0
30,1900,0
30,1901,0
30,1902,0
30,1903,0
30,1904,0
30,1905,0
30,1906,0
30,1907,0
30,1908,0
30,1909,0
30,1910,0
30,1911,0
30,1912,0
30,1913,0
30,1914,0
30,1915,0
30,1916,0
30,1917,0
30,1918,0
30,1919,0
30,1920,0
30,1921,0
30,1922,0
30,1923,0
30,1924,0
30,1925,0
30,1926,0
30,1927,0
30,1928,0
30,1929,0
30,1930,0
30,1931,0
30,1932,0
30,1933,0
30,1934,0
30,1935,0
30,1936,0
30,1937,0
30,1938,0
30,1939,0
30,1940,0
30,1941,0
30,1942,0
30,1943,0
30,1944,0
30,1945,0
30,1946,0
30,1947,0
30,1948,0
30,1949,0
30,1950,0
30,1951,0
30,1952,0
30,1953,0
30,1954,0
30,1955,0
30,1956,0
30,1957,0
30,1958,0
30,1959,0
30,1960,0
30,1961,0
30,1962,0
30,1963,0
30,1964,0
30,1965,0
30,1966,0
30,1967,0
30,1968,0
30,1969,0
30,1970,0
30,1971,0
30,1972,0
30,1973,0
30,1974,0
30,1975,0
30,1976,0
30,1977,0
30,1978,0
30,1979,0
30,1980,0
30,1981,0
30,1982,0
30,1983,0
30,1984,0
30,1985,0
30,1986,0
30,1987,0
30,1988,0
30,1989,0
30,1990,0
30,1991,0
30,1992,0
30,1993,0
30,1994,0
30,1995,0
30,1996,0
30,1997,0
30,1998,0
30,1999,0
31,2000,74.25
31,2001,74.25
31,2002,74.25
31,2003,74.25
31,2004,74.5
31,2005,74.5
31,2006,74.5
31,2007,74.5
31,2008,74.5
31,2009,74.5
31,2010,74.5
31,2011,74.5
31,2012,74.5
31,2013,74.5
31,2014,74.5
31,2015,74.5
31,2016,74.5
31,2017,74.5
31,2018,74.5
31,2019,74.5
31,2020,144
31,2021,144
31,2022,144
31,2023,144
31,2024,144
31,2025,144
31,0,17.5
31,1800,17.5
31,1838,17.5
31,1840,17.5
31,1849,17.5
31,1858,17.5
31,1864,17.5
31,1865,17.5
31,1867,17.5
31,1872,17.5
31,1875,17.5
31,1878,17.5
31,1881,17.5
31,1883,17.5
31,1884,17.5
31,1885,17.5
31,1886,17.5
31,1887,17.5
31,1888,17.5
31,1889,17.5
31,1890,17.5
31,1891,17.5
31,1892,17.5
31,1893,17.5
31,1894,17.5
31,1895,17.5
31,1896,17.5
31,1897,17.5
31,1898,17.5
31,1899,17.5
31,1900,17.5
31,1901,17.5
31,1902,17.5
31,1903,17.5
31,1904,17.5
31,1905,17.5
31,1906,17.5
31,1907,17.5
31,1908,17.5
31,1909,17.5
31,1910,17.5
31,1911,17.5
31,1912,17.5
31,1913,17.5
31,1914,17.5
31,1915,17.5
31,1916,17.5
31,1917,17.5
31,1918,17.5
31,1919,17.5
31,1920,17.5
31,1921,17.5
31,1922,17.5
31,1923,17.5
31,1924,17.5
31,1925,17.5
31,1926,17.5
31,1927,17.5
31,1928,17.5
31,1929,17.5
31,1930,17.5
31,1931,17.5
31,1932,17.5
31,1933,17.5
31,1934,17.5
31,1935,17.5
31,1936,17.5
31,1937,17.5
31,1938,17.5
31,1939,17.5
31,1940,17.5
31,1941,17.5
31,1942,17.5
31,1943,17.5
31,1944,17.5
31,1945,17.5
31,1946,17.5
31,1947,17.5
31,1948,17.5
31,1949,17.5
31,1950,17.5
31,1951,17.5
31,1952,17.5
31,1953,17.5
31,1954,17.5
31,1955,17.5
31,1956,17.5
31,1957,17.5
31,1958,17.5
31,1959,17.5
31,1960,17.5
31,1961,17.5
31,1962,17.5
31,1963,17.5
31,1964,17.5
31,1965,17.5
31,1966,17.5
31,1967,17.5
31,1968,17.5
31,1969,17.5
31,1970,17.5
31,1971,17.5
31,1972,17.5
31,1973,18.75
31,1974,18.75
31,1975,19
31,1976,19
31,1977,19
31,1978,19
31,1979,32.5
31,1980,32.5
31,1981,71
31,1982,71
31,1983,71
31,1984,71
31,1985,71
31,1986,71
31,1987,73.25
31,1988,73.25
31,1989,73.25
31,1990,73.25
31,1991,74
31,1992,74
31,1993,74
31,1994,74
31,1995,74
31,1996,74.25
31,1997,74.25
31,1998,74.25
31,1999,74.25
32,2000,1.75
32,2001,1.75
32,2002,1.75
32,2003,2
32,2004,2
32,2005,2
32,2006,2.25
32,2007,31
32,2008,31.25
32,2009,31.25
32,2010,31.25
32,2011,31.25
32,2012,31.25
32,2013,31.25
32,2014,31.25
32,2015,31.25
32,2016,31.25
32,2017,31.25
32,2018,31.25
32,2019,31.25
32,2020,31.25
32,2021,31.25
32,2022,31.25
32,2023,31.25
32,2024,31.25
32,2025,31.25
32,0,0
32,1800,0
32,1838,0
32,1840,0
32,1849,0
32,1858,0
32,1864,0
32,1865,0
32,1867,0
32,1872,0
32,1875,0
32,1878,0
32,1881,0
32,1883,0
32,1884,0
32,1885,0
32,1886,0
32,1887,0
32,1888,0
32,1889,0
32,1890,0
32,1891,0
32,1892,0
32,1893,0
32,1894,0
32,1895,0
32,1896,0
32,1897,0
32,1898,0
32,1899,0
32,1900,0
32,1901,0
32,1902,0
32,1903,0
32,1904,0
32,1905,0
32,1906,0
32,1907,0
32,1908,0
32,1909,0
32,1910,0
32,1911,0
32,1912,0
32,1913,0
32,1914,0
32,1915,0
32,1916,0
32,1917,0
32,1918,0
32,1919,0
32,1920,0
32,1921,0
32,1922,0
32,1923,0
32,1924,0
32,1925,0
32,1926,0
32,1927,0
32,1928,0
32,1929,0
32,1930,0
32,1931,0
32,1932,0
32,1933,0
32,1934,0
32,1935,0
32,1936,0
32,1937,0
32,1938,0
32,1939,0
32,1940,0
32,1941,0
32,1942,0
32,1943,0
32,1944,0
32,1945,0
32,1946,0
32,1947,0
32,1948,0
32,1949,0
32,1950,0
32,1951,0
32,1952,0
32,1953,0
32,1954,0
32,1955,0
32,1956,0
32,1957,0
32,1958,0
32,1959,0
32,1960,0
32,1961,0
32,1962,0
32,1963,0
32,1964,0
32,1965,0
32,1966,0
32,1967,0
32,1968,0
32,1969,0
32,1970,0
32,1971,0
32,1972,0
32,1973,0
32,1974,0
32,1975,0
32,1976,0
32,1977,0
32,1978,0
32,1979,0
32,1980,1
32,1981,1
32,1982,1
32,1983,1
32,1984,1
32,1985,1
32,1986,1
32,1987,1
32,1988,1
32,1989,1
32,1990,1
32,1991,1
32,1992,1
32,1993,1
32,1994,1
32,1995,1
32,1996,1.75
32,1997,1.75
32,1998,1.75
32,1999,1.75
33,2000,0
33,2001,0
33,2002,0
33,2003,0
33,2004,0
33,2005,0
33,2006,0
33,2007,0
33,2008,0
33,2009,0
33,2010,0
33,2011,0
33,2012,0
33,2013,0
33,2014,0
33,2015,0
33,2016,0
33,2017,0
33,2018,0
33,2019,0
33,2020,0
33,2021,0
33,2022,0
33,2023,0
33,2024,0
33,2025,0
33,0,0
33,1800,0
33,1838,0
33,1840,0
33,1849,0
33,1858,0
33,1864,0
33,1865,0
33,1867,0
33,1872,0
33,1875,0
33,1878,0
33,1881,0
33,1883,0
33,1884,0
33,1885,0
33,1886,0
33,1887,0
33,1888,0
33,1889,0
33,1890,0
33,1891,0
33,1892,0
33,1893,0
33,1894,0
33,1895,0
33,1896,0
33,1897,0
33,1898,0
33,1899,0
33,1900,0
33,1901,0
33,1902,0
33,1903,0
33,1904,0
33,1905,0
33,1906,0
33,1907,0
33,1908,0
33,1909,0
33,1910,0
33,1911,0
33,1912,0
33,1913,0
33,1914,0
33,1915,0
33,1916,0
33,1917,0
33,1918,0
33,1919,0
33,1920,0
33,1921,0
33,1922,0
33,1923,0
33,1924,0
33,1925,0
33,1926,0
33,1927,0
33,1928,0
33,1929,0
33,1930,0
33,1931,0
33,1932,0
33,1933,0
33,1934,0
33,1935,0
33,1936,0
33,1937,0
33,1938,0
33,1939,0
33,1940,0
33,1941,0
33,1942,0
33,1943,0
33,1944,0
33,1945,0
33,1946,0
33,1947,0
33,1948,0
33,1949,0
33,1950,0
33,1951,0
33,1952,0
33,1953,0
33,1954,0
33,1955,0
33,1956,0
33,1957,0
33,1958,0
33,1959,0
33,1960,0
33,1961,0
33,1962,0
33,1963,0
33,1964,0
33,1965,0
33,1966,0
33,1967,0
33,1968,0
33,1969,0
33,1970,0
33,1971,0
33,1972,0
33,1973,0
33,1974,0
33,1975,0
33,1976,0
33,1977,0
33,1978,0
33,1979,0
33,1980,0
33,1981,0
33,1982,0
33,1983,0
33,1984,0
33,1985,0
33,1986,0
33,1987,0
33,1988,0
33,1989,0
33,1990,0
33,1991,0
33,1992,0
33,1993,0
33,1994,0
33,1995,0
33,1996,0
33,1997,0
33,1998,0
33,1999,0
34,2000,0
34,2001,0
34,2002,0
34,2003,0
34,2004,0
34,2005,0
34,2006,0
34,2007,0
34,2008,0
34,2009,0
34,2010,0
34,2011,0
34,2012,0
34,2013,0
34,2014,0
34,2015,0
34,2016,0
34,2017,0
34,2018,0
34,2019,0
34,2020,0
34,2021,0
34,2022,0
34,2023,0
34,2024,0
34,2025,0
34,0,0
34,1800,0
34,1838,0
34,1840,0
34,1849,0
34,1858,0
34,1864,0
34,1865,0
34,1867,0
34,1872,0
34,1875,0
34,1878,0
34,1881,0
34,1883,0
34,1884,0
34,1885,0
34,1886,0
34,1887,0
34,1888,0
34,1889,0
34,1890,0
34,1891,0
34,1892,0
34,1893,0
34,1894,0
34,1895,0
34,1896,0
34,1897,0
34,1898,0
34,1899,0
34,1900,0
34,1901,0
34,1902,0
34,1903,0
34,1904,0
34,1905,0
34,1906,0
34,1907,0
34,1908,0
34,1909,0
34,1910,0
34,1911,0
34,1912,0
34,1913,0
34,1914,0
34,1915,0
34,1916,0
34,1917,0
34,1918,0
34,1919,0
34,1920,0
34,1921,0
34,1922,0
34,1923,0
34,1924,0
34,1925,0
34,1926,0
34,1927,0
34,1928,0
34,1929,0
34,1930,0
34,1931,0
34,1932,0
34,1933,0
34,1934,0
34,1935,0
34,1936,0
34,1937,0
34,1938,0
34,1939,0
34,1940,0
34,1941,0
34,1942,0
34,1943,0
34,1944,0
34,1945,0
34,1946,0
34,1947,0
34,1948,0
34,1949,0
34,1950,0
34,1951,0
34,1952,0
34,1953,0
34,1954,0
34,1955,0
34,1956,0
34,1957,0
34,1958,0
34,1959,0
34,1960,0
34,1961,0
34,1962,0
34,1963,0
34,1964,0
34,1965,0
34,1966,0
34,1967,0
34,1968,0
34,1969,0
34,1970,0
34,1971,0
34,1972,0
34,1973,0
34,1974,0
34,1975,0
34,1976,0
34,1977,0
34,1978,0
34,1979,0
34,1980,0
34,1981,0
34,1982,0
34,1983,0
34,1984,0
34,1985,0
34,1986,0
34,1987,0
34,1988,0
34,1989,0
34,1990,0
34,1991,0
34,1992,0
34,1993,0
34,1994,0
34,1995,0
34,1996,0
34,1997,0
34,1998,0
34,1999,0
35,2000,0
35,2001,0
35,2002,0
35,2003,0
35,2004,0
35,2005,0
35,2006,0
35,2007,0
35,2008,0
35,2009,0
35,2010,0
35,2011,22.75
35,2012,22.75
35,2013,22.75
35,2014,22.75
35,2015,22.75
35,2016,22.75
35,2017,22.75
35,2018,22.75
35,2019,22.75
35,2020,22.75
35,2021,22.75
35,2022,22.75
35,2023,22.75
35,2024,22.75
35,2025,22.75
35,0,0
35,1800,0
35,1838,0
35,1840,0
35,1849,0
35,1858,0
35,1864,0
35,1865,0
35,1867,0
35,1872,0
35,1875,0
35,1878,0
35,1881,0
35,1883,0
35,1884,0
35,1885,0
35,1886,0
35,1887,0
35,1888,0
35,1889,0
35,1890,0
35,1891,0
35,1892,0
35,1893,0
35,1894,0
35,1895,0
35,1896,0
35,1897,0
35,1898,0
35,1899,0
35,1900,0
35,1901,0
35,1902,0
35,1903,0
35,1904,0
35,1905,0
35,1906,0
35,1907,0
35,1908,0
35,1909,0
35,1910,0
35,1911,0
35,1912,0
35,1913,0
35,1914,0
35,1915,0
35,1916,0
35,1917,0
35,1918,0
35,1919,0
35,1920,0
35,1921,0
35,1922,0
35,1923,0
35,1924,0
35,1925,0
35,1926,0
35,1927,0
35,1928,0
35,1929,0
35,1930,0
35,1931,0
35,1932,0
35,1933,0
35,1934,0
35,1935,0
35,1936,0
35,1937,0
35,1938,0
35,1939,0
35,1940,0
35,1941,0
35,1942,0
35,1943,0
35,1944,0
35,1945,0
35,1946,0
35,1947,0
35,1948,0
35,1949,0
35,1950,0
35,1951,0
35,1952,0
35,1953,0
35,1954,0
35,1955,0
35,1956,0
35,1957,0
35,1958,0
35,1959,0
35,1960,0
35,1961,0
35,1962,0
35,1963,0
35,1964,0
35,1965,0
35,1966,0
35,1967,0
35,1968,0
35,1969,0
35,1970,0
35,1971,0
35,1972,0
35,1973,0
35,1974,0
35,1975,0
35,1976,0
35,1977,0
35,1978,0
35,1979,0
35,1980,0
35,1981,0
35,1982,0
35,1983,0
35,1984,0
35,1985,0
35,1986,0
35,1987,0
35,1988,0
35,1989,0
35,1990,0
35,1991,0
35,1992,0
35,1993,0
35,1994,0
35,1995,0
35,1996,0
35,1997,0
35,1998,0
35,1999,0
36,2000,0
36,2001,0
36,2002,0
36,2003,0
36,2004,0
36,2005,0
36,2006,0
36,2007,0
36,2008,0
36,2009,0
36,2010,0
36,2011,0
36,2012,0
36,2013,0
36,2014,0
36,2015,0
36,2016,0
36,2017,0
36,2018,0
36,2019,0
36,2020,0
36,2021,0
36,2022,0
36,2023,0
36,2024,0
36,2025,0
36,0,0
36,1800,0
36,1838,0
36,1840,0
36,1849,0
36,1858,0
36,1864,0
36,1865,0
36,1867,0
36,1872,0
36,1875,0
36,1878,0
36,1881,0
36,1883,0
36,1884,0
36,1885,0
36,1886,0
36,1887,0
36,1888,0
36,1889,0
36,1890,0
36,1891,0
36,1892,0
36,1893,0
36,1894,0
36,1895,0
36,1896,0
36,1897,0
36,1898,0
36,1899,0
36,1900,0
36,1901,0
36,1902,0
36,1903,0
36,1904,0
36,1905,0
36,1906,0
36,1907,0
36,1908,0
36,1909,0
36,1910,0
36,1911,0
36,1912,0
36,1913,0
36,1914,0
36,1915,0
36,1916,0
36,1917,0
36,1918,0
36,1919,0
36,1920,0
36,1921,0
36,1922,0
36,1923,0
36,1924,0
36,1925,0
36,1926,0
36,1927,0
36,1928,0
36,1929,0
36,1930,0
36,1931,0
36,1932,0
36,1933,0
36,1934,0
36,1935,0
36,1936,0
36,1937,0
36,1938,0
36,1939,0
36,1940,0
36,1941,0
36,1942,0
36,1943,0
36,1944,0
36,1945,0
36,1946,0
36,1947,0
36,1948,0
36,1949,0
36,1950,0
36,1951,0
36,1952,0
36,1953,0
36,1954,0
36,1955,0
36,1956,0
36,1957,0
36,1958,0
36,1959,0
36,1960,0
36,1961,0
36,1962,0
36,1963,0
36,1964,0
36,1965,0
36,1966,0
36,1967,0
36,1968,0
36,1969,0
36,1970,0
36,1971,0
36,1972,0
36,1973,0
36,1974,0
36,1975,0
36,1976,0
36,1977,0
36,1978,0
36,1979,0
36,1980,0
36,1981,0
36,1982,0
36,1983,0
36,1984,0
36,1985,0
36,1986,0
36,1987,0
36,1988,0
36,1989,0
36,1990,0
36,1991,0
36,1992,0
36,1993,0
36,1994,0
36,1995,0
36,1996,0
36,1997,0
36,1998,0
36,1999,0
37,2000,15.25
37,2001,15.25
37,2002,15.25
37,2003,15.25
37,2004,15.25
37,2005,15.25
37,2006,15.25
37,2007,15.25
37,2008,15.25
37,2009,15.25
37,2010,15.25
37,2011,17.75
37,2012,17.75
37,2013,17.75
37,2014,17.75
37,2015,17.75
37,2016,17.75
37,2017,17.75
37,2018,17.75
37,2019,17.75
37,2020,17.75
37,2021,17.75
37,2022,17.75
37,2023,17.75
37,2024,17.75
37,2025,17.75
37,0,0
37,1800,0
37,1838,0
37,1840,0
37,1849,0
37,1858,0
37,1864,0
37,1865,0
37,1867,0
37,1872,0
37,1875,0
37,1878,0
37,1881,0
37,1883,0
37,1884,0
37,1885,0
37,1886,0
37,1887,0
37,1888,0
37,1889,0
37,1890,0
37,1891,0
37,1892,0
37,1893,0
37,1894,0
37,1895,0
37,1896,0
37,1897,0
37,1898,0
37,1899,0
37,1900,0
37,1901,0
37,1902,0
37,1903,0
37,1904,0
37,1905,0
37,1906,0
37,1907,0
37,1908,0
37,1909,0
37,1910,0
37,1911,0
37,1912,0
37,1913,0
37,1914,0
37,1915,0
37,1916,0
37,1917,0
37,1918,0
37,1919,0
37,1920,0
37,1921,0
37,1922,0
37,1923,0
37,1924,0
37,1925,0
37,1926,0
37,1927,0
37,1928,0
37,1929,0
37,1930,0
37,1931,0
37,1932,0
37,1933,0
37,1934,0
37,1935,0
37,1936,0
37,1937,0
37,1938,0
37,1939,0
37,1940,0
37,1941,0
37,1942,0
37,1943,0
37,1944,0
37,1945,0
37,1946,0
37,1947,0
37,1948,0
37,1949,0
37,1950,0
37,1951,0
37,1952,0
37,1953,0
37,1954,0
37,1955,0
37,1956,0
37,1957,2
37,1958,2
37,1959,2
37,1960,2
37,1961,2
37,1962,2
37,1963,2
37,1964,2
37,1965,2
37,1966,2
37,1967,2
37,1968,2
37,1969,2
37,1970,2.5
37,1971,2.5
37,1972,5.25
37,1973,5.25
37,1974,5.25
37,1975,5.25
37,1976,5.25
37,1977,5.25
37,1978,5.25
37,1979,5.25
37,1980,5.25
37,1981,5.25
37,1982,5.25
37,1983,6
37,1984,6
37,1985,6
37,1986,6
37,1987,6
37,1988,6
37,1989,6
37,1990,6
37,1991,6
37,1992,6
37,1993,6
37,1994,6
37,1995,6
37,1996,6
37,1997,8
37,1998,8
37,1999,8
38,2000,0
38,2001,0
38,2002,0
38,2003,0
38,2004,0
38,2005,0
38,2006,0
38,2007,0
38,2008,0
38,2009,0
38,2010,0
38,2011,0
38,2012,0
38,2013,0
38,2014,0
38,2015,0
38,2016,0
38,2017,0
38,2018,0
38,2019,0
38,2020,0
38,2021,0
38,2022,0
38,2023,0
38,2024,0
38,2025,0
38,0,0
38,1800,0
38,1838,0
38,1840,0
38,1849,0
38,1858,0
38,1864,0
38,1865,0
38,1867,0
38,1872,0
38,1875,0
38,1878,0
38,1881,0
38,1883,0
38,1884,0
38,1885,0
38,1886,0
38,1887,0
38,1888,0
38,1889,0
38,1890,0
38,1891,0
38,1892,0
38,1893,0
38,1894,0
38,1895,0
38,1896,0
38,1897,0
38,1898,0
38,1899,0
38,1900,0
38,1901,0
38,1902,0
38,1903,0
38,1904,0
38,1905,0
38,1906,0
38,1907,0
38,1908,0
38,1909,0
38,1910,0
38,1911,0
38,1912,0
38,1913,0
38,1914,0
38,1915,0
38,1916,0
38,1917,0
38,1918,0
38,1919,0
38,1920,0
38,1921,0
38,1922,0
38,1923,0
38,1924,0
38,1925,0
38,1926,0
38,1927,0
38,1928,0
38,1929,0
38,1930,0
38,1931,0
38,1932,0
38,1933,0
38,1934,0
38,1935,0
38,1936,0
38,1937,0
38,1938,0
38,1939,0
38,1940,0
38,1941,0
38,1942,0
38,1943,0
38,1944,0
38,1945,0
38,1946,0
38,1947,0
38,1948,0
38,1949,0
38,1950,0
38,1951,0
38,1952,0
38,1953,0
38,1954,0
38,1955,0
38,1956,0
38,1957,0
38,1958,0
38,1959,0
38,1960,0
38,1961,0
38,1962,0
38,1963,0
38,1964,0
38,1965,0
38,1966,0
38,1967,0
38,1968,0
38,1969,0
38,1970,0
38,1971,0
38,1972,0
38,1973,0
38,1974,0
38,1975,0
38,1976,0
38,1977,0
38,1978,0
38,1979,0
38,1980,0
38,1981,0
38,1982,0
38,1983,0
38,1984,0
38,1985,0
38,1986,0
38,1987,0
38,1988,0
38,1989,0
38,1990,0
38,1991,0
38,1992,0
38,1993,0
38,1994,0
38,1995,0
38,1996,0
38,1997,0
38,1998,0
38,1999,0
39,2000,0.5
39,2001,0.5
39,2002,0.5
39,2003,0.5
39,2004,1.5
39,2005,1.5
39,2006,1.5
39,2007,1.5
39,2008,1.5
39,2009,2
39,2010,2
39,2011,2.25
39,2012,2.25
39,2013,2.25
39,2014,2.25
39,2015,2.25
39,2016,2.25
39,2017,2.25
39,2018,3.25
39,2019,4.25
39,2020,5
39,2021,6
39,2022,6
39,2023,7
39,2024,7
39,2025,7
39,0,0
39,1800,0
39,1838,0
39,1840,0
39,1849,0
39,1858,0
39,1864,0
39,1865,0
39,1867,0
39,1872,0
39,1875,0
39,1878,0
39,1881,0
39,1883,0
39,1884,0
39,1885,0
39,1886,0
39,1887,0
39,1888,0
39,1889,0
39,1890,0
39,1891,0
39,1892,0
39,1893,0
39,1894,0
39,1895,0
39,1896,0
39,1897,0
39,1898,0
39,1899,0
39,1900,0
39,1901,0
39,1902,0
39,1903,0
39,1904,0
39,1905,0
39,1906,0
39,1907,0
39,1908,0
39,1909,0
39,1910,0
39,1911,0
39,1912,0
39,1913,0
39,1914,0
39,1915,0
39,1916,0
39,1917,0
39,1918,0
39,1919,0
39,1920,0
39,1921,0
39,1922,0
39,1923,0
39,1924,0
39,1925,0
39,1926,0
39,1927,0
39,1928,0
39,1929,0
39,1930,0
39,1931,0
39,1932,0
39,1933,0
39,1934,0
39,1935,0
39,1936,0
39,1937,0
39,1938,0
39,1939,0
39,1940,0
39,1941,0
39,1942,0
39,1943,0
39,1944,0
39,1945,0
39,1946,0
39,1947,0
39,1948,0
39,1949,0
39,1950,0
39,1951,0
39,1952,0
39,1953,0
39,1954,0
39,1955,0
39,1956,0
39,1957,0
39,1958,0
39,1959,0
39,1960,0
39,1961,0
39,1962,0
39,1963,0
39,1964,0
39,1965,0
39,1966,0
39,1967,0
39,1968,0
39,1969,0
39,1970,0
39,1971,0
39,1972,0
39,1973,0
39,1974,0
39,1975,0
39,1976,0
39,1977,0
39,1978,0
39,1979,0
39,1980,0
39,1981,0
39,1982,0
39,1983,0
39,1984,0
39,1985,0
39,1986,0
39,1987,0
39,1988,0
39,1989,0
39,1990,0
39,1991,0
39,1992,0
39,1993,0
39,1994,0
39,1995,0.5
39,1996,0.5
39,1997,0.5
39,1998,0.5
39,1999,0.5
40,2000,130.5
40,2001,130.5
40,2002,131
40,2003,131.75
40,2004,131.75
40,2005,138.75
40,2006,168.5
40,2007,168.5
40,2008,190
40,2009,190
40,2010,192
40,2011,192
40,2012,206.25
40,2013,206.25
40,2014,206.25
40,2015,262.5
40,2016,310.5
40,2017,331.75
40,2018,331.75
40,2019,354.75
40,2020,354.75
40,2021,354.75
40,2022,354.75
40,2023,354.75
40,2024,354.75
40,2025,354.75
40,0,0
40,1800,0
40,1838,0
40,1840,0
40,1849,0
40,1858,0
40,1864,0
40,1865,0
40,1867,0
40,1872,0
40,1875,0
40,1878,0
40,1881,0
40,1883,0
40,1884,0
40,1885,0
40,1886,0
40,1887,0
40,1888,0
40,1889,0
40,1890,0
40,1891,0
40,1892,0
40,1893,0
40,1894,0
40,1895,0
40,1896,0
40,1897,0
40,1898,0
40,1899,0
40,1900,0
40,1901,0
40,1902,0
40,1903,0
40,1904,0
40,1905,0
40,1906,0
40,1907,0
40,1908,0
40,1909,0
40,1910,0
40,1911,0
40,1912,0
40,1913,0
40,1914,0
40,1915,0
40,1916,0
40,1917,0
40,1918,0
40,1919,0
40,1920,0
40,1921,3.75
40,1922,3.75
40,1923,3.75
40,1924,3.75
40,1925,3.75
40,1926,3.75
40,1927,3.75
40,1928,3.75
40,1929,3.75
40,1930,3.75
40,1931,3.75
40,1932,3.75
40,1933,3.75
40,1934,3.75
40,1935,3.75
40,1936,3.75
40,1937,3.75
40,1938,44.5
40,1939,45.25
40,1940,45.25
40,1941,45.25
40,1942,45.25
40,1943,45.25
40,1944,45.25
40,1945,45.25
40,1946,45.25
40,1947,45.25
40,1948,45.25
40,1949,45.25
40,1950,45.25
40,1951,47.75
40,1952,47.75
40,1953,47.75
40,1954,47.75
40,1955,47.75
40,1956,47.75
40,1957,47.75
40,1958,47.75
40,1959,47.75
40,1960,47.75
40,1961,47.75
40,1962,47.75
40,1963,48.25
40,1964,48.25
40,1965,48.25
40,1966,48.25
40,1967,48.25
40,1968,48.25
40,1969,48.25
40,1970,93.25
40,1971,93.25
40,1972,93.25
40,1973,93.25
40,1974,93.25
40,1975,93.25
40,1976,93.25
40,1977,93.25
40,1978,93.25
40,1979,98
40,1980,98
40,1981,98
40,1982,98
40,1983,98
40,1984,98
40,1985,98
40,1986,98
40,1987,98
40,1988,99.5
40,1989,99.5
40,1990,113.5
40,1991,113.5
40,1992,115
40,1993,124.25
40,1994,124.25
40,1995,124.25
40,1996,128.25
40,1997,130.5
40,1998,130.5
40,1999,130.5
41,2000,552.5
41,2001,552.5
41,2002,613.25
41,2003,613.25
41,2004,927
41,2005,927
41,2006,927
41,2007,927
41,2008,927
41,2009,950.75
41,2010,950.75
41,2011,950.75
41,2012,1552.25
41,2013,1552.25
41,2014,1552.25
41,2015,1552.25
41,2016,1552.25
41,2017,1552.25
41,2018,1552.25
41,2019,1660
41,2020,1660
41,2021,1660
41,2022,1660
41,2023,1660
41,2024,1660
41,2025,1660
41,0,317.25
41,1800,317.25
41,1838,317.25
41,1840,317.25
41,1849,317.25
41,1858,317.25
41,1864,317.25
41,1865,317.25
41,1867,317.25
41,1872,317.25
41,1875,317.25
41,1878,317.25
41,1881,317.25
41,1883,317.25
41,1884,317.25
41,1885,317.25
41,1886,317.25
41,1887,317.25
41,1888,317.25
41,1889,317.25
41,1890,317.25
41,1891,317.25
41,1892,317.25
41,1893,317.25
41,1894,317.25
41,1895,317.25
41,1896,317.25
41,1897,317.25
41,1898,317.25
41,1899,317.25
41,1900,317.25
41,1901,317.25
41,1902,317.25
41,1903,317.25
41,1904,317.25
41,1905,317.25
41,1906,317.25
41,1907,317.25
41,1908,317.25
41,1909,317.25
41,1910,317.25
41,1911,317.25
41,1912,317.25
41,1913,317.25
41,1914,317.25
41,1915,317.25
41,1916,317.25
41,1917,317.25
41,1918,317.25
41,1919,317.25
41,1920,317.25
41,1921,317.25
41,1922,317.25
41,1923,317.25
41,1924,317.25
41,1925,317.25
41,1926,317.25
41,1927,317.25
41,1928,317.25
41,1929,317.25
41,1930,317.25
41,1931,317.25
41,1932,317.25
41,1933,317.25
41,1934,317.25
41,1935,317.25
41,1936,317.25
41,1937,317.25
41,1938,317.25
41,1939,317.25
41,1940,317.25
41,1941,317.25
41,1942,317.25
41,1943,317.25
41,1944,317.25
41,1945,317.25
41,1946,317.25
41,1947,317.25
41,1948,317.25
41,1949,317.25
41,1950,317.25
41,1951,317.25
41,1952,317.25
41,1953,317.25
41,1954,317.25
41,1955,317.25
41,1956,317.25
41,1957,357
41,1958,357
41,1959,357
41,1960,466.25
41,1961,466.25
41,1962,466.25
41,1963,466.25
41,1964,476.25
41,1965,476.25
41,1966,476.25
41,1967,476.25
41,1968,476.25
41,1969,476.25
41,1970,476.25
41,1971,493
41,1972,493
41,1973,493
41,1974,493
41,1975,493
41,1976,493
41,1977,493
41,1978,493
41,1979,493
41,1980,493
41,1981,493
41,1982,493
41,1983,493
41,1984,493
41,1985,493
41,1986,493
41,1987,493
41,1988,493
41,1989,493
41,1990,493
41,1991,493
41,1992,493
41,1993,493
41,1994,493
41,1995,493
41,1996,493
41,1997,493
41,1998,493
41,1999,493
42,2000,211.5
42,2001,211.5
42,2002,211.5
42,2003,211.5
42,2004,211.5
42,2005,211.5
42,2006,211.5
42,2007,248
42,2008,248
42,2009,264.5
42,2010,264.5
42,2011,344.5
42,2012,344.5
42,2013,344.5
42,2014,344.5
42,2015,1722.5
42,2016,1722.5
42,2017,1772.25
42,2018,1777
42,2019,1777
42,2020,1777
42,2021,1777
42,2022,1777
42,2023,1777
42,2024,1777
42,2025,1777
42,0,0
42,1800,0
42,1838,0
42,1840,0
42,1849,0
42,1858,0
42,1864,0
42,1865,0
42,1867,0
42,1872,0
42,1875,0
42,1878,0
42,1881,0
42,1883,0
42,1884,0
42,1885,0
42,1886,0
42,1887,0
42,1888,0
42,1889,0
42,1890,0
42,1891,0
42,1892,0
42,1893,0
42,1894,0
42,1895,0
42,1896,0
42,1897,0
42,1898,0
42,1899,0
42,1900,0
42,1901,0
42,1902,0
42,1903,0
42,1904,0
42,1905,0
42,1906,0
42,1907,0
42,1908,0
42,1909,0
42,1910,0
42,1911,0
42,1912,0
42,1913,0
42,1914,0
42,1915,0
42,1916,0
42,1917,0
42,1918,0
42,1919,0
42,1920,0
42,1921,0
42,1922,0
42,1923,0
42,1924,0
42,1925,0
42,1926,0
42,1927,0
42,1928,0
42,1929,0
42,1930,0
42,1931,0
42,1932,0
42,1933,0
42,1934,0
42,1935,0
42,1936,0
42,1937,0
42,1938,0
42,1939,0
42,1940,0
42,1941,0
42,1942,0
42,1943,0
42,1944,0
42,1945,0
42,1946,0
42,1947,0
42,1948,0
42,1949,0
42,1950,0
42,1951,0
42,1952,0
42,1953,0
42,1954,0
42,1955,0
42,1956,0
42,1957,0
42,1958,0
42,1959,0
42,1960,0
42,1961,0
42,1962,8
42,1963,8
42,1964,8
42,1965,8
42,1966,8
42,1967,8
42,1968,8
42,1969,8
42,1970,8
42,1971,8
42,1972,8
42,1973,8
42,1974,8
42,1975,8
42,1976,8
42,1977,8
42,1978,8
42,1979,8
42,1980,8
42,1981,8
42,1982,8
42,1983,8
42,1984,8
42,1985,8
42,1986,8
42,1987,8
42,1988,8
42,1989,8.25
42,1990,8.25
42,1991,8.25
42,1992,8.25
42,1993,8.25
42,1994,8.25
42,1995,8.25
42,1996,8.25
42,1997,143.75
42,1998,211.5
42,1999,211.5
43,2000,177.75
43,2001,177.75
43,2002,177.75
43,2003,177.75
43,2004,177.75
43,2005,177.75
43,2006,177.75
43,2007,177.75
43,2008,177.75
43,2009,177.75
43,2010,177.75
43,2011,177.75
43,2012,177.75
43,2013,177.75
43,2014,177.75
43,2015,177.75
43,2016,177.75
43,2017,180.5
43,2018,180.5
43,2019,180.5
43,2020,180.5
43,2021,180.5
43,2022,180.5
43,2023,180.5
43,2024,180.5
43,2025,180.5
43,0,0
43,1800,0
43,1838,0
43,1840,0
43,1849,0
43,1858,0
43,1864,0
43,1865,0
43,1867,0
43,1872,0
43,1875,0
43,1878,0
43,1881,0
43,1883,0
43,1884,0
43,1885,0
43,1886,0
43,1887,0
43,1888,0
43,1889,0
43,1890,0
43,1891,0
43,1892,0
43,1893,0
43,1894,0
43,1895,0
43,1896,0
43,1897,0
43,1898,0
43,1899,0
43,1900,0
43,1901,0
43,1902,0
43,1903,0
43,1904,0
43,1905,0
43,1906,0
43,1907,0
43,1908,0
43,1909,0
43,1910,0
43,1911,0
43,1912,0
43,1913,0
43,1914,0
43,1915,0
43,1916,0
43,1917,0
43,1918,0
43,1919,0
43,1920,0
43,1921,0
43,1922,0
43,1923,0
43,1924,0
43,1925,0
43,1926,0
43,1927,0
43,1928,0
43,1929,0
43,1930,0
43,1931,0
43,1932,0
43,1933,0
43,1934,0
43,1935,0
43,1936,0
43,1937,0
43,1938,0
43,1939,0
43,1940,0
43,1941,0
43,1942,0
43,1943,3
43,1944,3
43,1945,3
43,1946,3
43,1947,3
43,1948,3
43,1949,3
43,1950,3
43,1951,3
43,1952,3
43,1953,3
43,1954,3
43,1955,3
43,1956,3
43,1957,3
43,1958,3
43,1959,3
43,1960,3
43,1961,3
43,1962,3
43,1963,3
43,1964,3
43,1965,3
43,1966,3
43,1967,3
43,1968,24.25
43,1969,24.25
43,1970,24.25
43,1971,24.25
43,1972,24.25
43,1973,24.25
43,1974,24.25
43,1975,24.25
43,1976,42
43,1977,42
43,1978,42
43,1979,89
43,1980,89
43,1981,89
43,1982,89
43,1983,89
43,1984,89
43,1985,89
43,1986,89.25
43,1987,89.25
43,1988,89.25
43,1989,89.25
43,1990,89.25
43,1991,173.25
43,1992,173.25
43,1993,173.25
43,1994,173.25
43,1995,177.75
43,1996,177.75
43,1997,177.75
43,1998,177.75
43,1999,177.75
44,2000,0.75
44,2001,0.75
44,2002,0.75
44,2003,0.75
44,2004,0.75
44,2005,0.75
44,2006,0.75
44,2007,0.75
44,2008,0.75
44,2009,0.75
44,2010,0.75
44,2011,0.75
44,2012,0.75
44,2013,0.75
44,2014,0.75
44,2015,0.75
44,2016,0.75
44,2017,0.75
44,2018,0.75
44,2019,0.75
44,2020,0.75
44,2021,0.75
44,2022,0.75
44,2023,0.75
44,2024,0.75
44,2025,0.75
44,0,0
44,1800,0
44,1838,0
44,1840,0
44,1849,0
44,1858,0
44,1864,0
44,1865,0
44,1867,0
44,1872,0
44,1875,0
44,1878,0
44,1881,0
44,1883,0
44,1884,0
44,1885,0
44,1886,0
44,1887,0
44,1888,0
44,1889,0
44,1890,0
44,1891,0
44,1892,0
44,1893,0
44,1894,0
44,1895,0
44,1896,0
44,1897,0
44,1898,0
44,1899,0
44,1900,0
44,1901,0
44,1902,0
44,1903,0
44,1904,0
44,1905,0
44,1906,0
44,1907,0
44,1908,0
44,1909,0
44,1910,0
44,1911,0
44,1912,0
44,1913,0
44,1914,0
44,1915,0
44,1916,0
44,1917,0
44,1918,0
44,1919,0
44,1920,0
44,1921,0
44,1922,0
44,1923,0
44,1924,0
44,1925,0
44,1926,0
44,1927,0
44,1928,0
44,1929,0
44,1930,0
44,1931,0
44,1932,0
44,1933,0
44,1934,0
44,1935,0
44,1936,0
44,1937,0
44,1938,0
44,1939,0
44,1940,0
44,1941,0
44,1942,0
44,1943,0
44,1944,0
44,1945,0
44,1946,0
44,1947,0
44,1948,0
44,1949,0
44,1950,0
44,1951,0
44,1952,0
44,1953,0
44,1954,0
44,1955,0
44,1956,0
44,1957,0
44,1958,0
44,1959,0
44,1960,0
44,1961,0
44,1962,0
44,1963,0
44,1964,0
44,1965,0
44,1966,0
44,1967,0
44,1968,0
44,1969,0
44,1970,0
44,1971,0
44,1972,0
44,1973,0
44,1974,0
44,1975,0
44,1976,0.75
44,1977,0.75
44,1978,0.75
44,1979,0.75
44,1980,0.75
44,1981,0.75
44,1982,0.75
44,1983,0.75
44,1984,0.75
44,1985,0.75
44,1986,0.75
44,1987,0.75
44,1988,0.75
44,1989,0.75
44,1990,0.75
44,1991,0.75
44,1992,0.75
44,1993,0.75
44,1994,0.75
44,1995,0.75
44,1996,0.75
44,1997,0.75
44,1998,0.75
44,1999,0.75
45,2000,0
45,2001,0
45,2002,0
45,2003,0
45,2004,0
45,2005,0
45,2006,0
45,2007,0
45,2008,0
45,2009,0
45,2010,0
45,2011,0
45,2012,0
45,2013,0
45,2014,0
45,2015,0
45,2016,0
45,2017,0
45,2018,0
45,2019,0
45,2020,0
45,2021,0
45,2022,0
45,2023,0
45,2024,0
45,2025,0
45,0,0
45,1800,0
45,1838,0
45,1840,0
45,1849,0
45,1858,0
45,1864,0
45,1865,0
45,1867,0
45,1872,0
45,1875,0
45,1878,0
45,1881,0
45,1883,0
45,1884,0
45,1885,0
45,1886,0
45,1887,0
45,1888,0
45,1889,0
45,1890,0
45,1891,0
45,1892,0
45,1893,0
45,1894,0
45,1895,0
45,1896,0
45,1897,0
45,1898,0
45,1899,0
45,1900,0
45,1901,0
45,1902,0
45,1903,0
45,1904,0
45,1905,0
45,1906,0
45,1907,0
45,1908,0
45,1909,0
45,1910,0
45,1911,0
45,1912,0
45,1913,0
45,1914,0
45,1915,0
45,1916,0
45,1917,0
45,1918,0
45,1919,0
45,1920,0
45,1921,0
45,1922,0
45,1923,0
45,1924,0
45,1925,0
45,1926,0
45,1927,0
45,1928,0
45,1929,0
45,1930,0
45,1931,0
45,1932,0
45,1933,0
45,1934,0
45,1935,0
45,1936,0
45,1937,0
45,1938,0
45,1939,0
45,1940,0
45,1941,0
45,1942,0
45,1943,0
45,1944,0
45,1945,0
45,1946,0
45,1947,0
45,1948,0
45,1949,0
45,1950,0
45,1951,0
45,1952,0
45,1953,0
45,1954,0
45,1955,0
45,1956,0
45,1957,0
45,1958,0
45,1959,0
45,1960,0
45,1961,0
45,1962,0
45,1963,0
45,1964,0
45,1965,0
45,1966,0
45,1967,0
45,1968,0
45,1969,0
45,1970,0
45,1971,0
45,1972,0
45,1973,0
45,1974,0
45,1975,0
45,1976,0
45,1977,0
45,1978,0
45,1979,0
45,1980,0
45,1981,0
45,1982,0
45,1983,0
45,1984,0
45,1985,0
45,1986,0
45,1987,0
45,1988,0
45,1989,0
45,1990,0
45,1991,0
45,1992,0
45,1993,0
45,1994,0
45,1995,0
45,1996,0
45,1997,0
45,1998,0
45,1999,0
46,2000,0
46,2001,0
46,2002,0
46,2003,0
46,2004,0
46,2005,0
46,2006,0
46,2007,0
46,2008,0
46,2009,0
46,2010,0
46,2011,0
46,2012,0
46,2013,0
46,2014,0
46,2015,0
46,2016,0
46,2017,0
46,2018,0
46,2019,0
46,2020,0
46,2021,0
46,2022,0
46,2023,0
46,2024,0
46,2025,0
46,0,0
46,1800,0
46,1838,0
46,1840,0
46,1849,0
46,1858,0
46,1864,0
46,1865,0
46,1867,0
46,1872,0
46,1875,0
46,1878,0
46,1881,0
46,1883,0
46,1884,0
46,1885,0
46,1886,0
46,1887,0
46,1888,0
46,1889,0
46,1890,0
46,1891,0
46,1892,0
46,1893,0
46,1894,0
46,1895,0
46,1896,0
46,1897,0
46,1898,0
46,1899,0
46,1900,0
46,1901,0
46,1902,0
46,1903,0
46,1904,0
46,1905,0
46,1906,0
46,1907,0
46,1908,0
46,1909,0
46,1910,0
46,1911,0
46,1912,0
46,1913,0
46,1914,0
46,1915,0
46,1916,0
46,1917,0
46,1918,0
46,1919,0
46,1920,0
46,1921,0
46,1922,0
46,1923,0
46,1924,0
46,1925,0
46,1926,0
46,1927,0
46,1928,0
46,1929,0
46,1930,0
46,1931,0
46,1932,0
46,1933,0
46,1934,0
46,1935,0
46,1936,0
46,1937,0
46,1938,0
46,1939,0
46,1940,0
46,1941,0
46,1942,0
46,1943,0
46,1944,0
46,1945,0
46,1946,0
46,1947,0
46,1948,0
46,1949,0
46,1950,0
46,1951,0
46,1952,0
46,1953,0
46,1954,0
46,1955,0
46,1956,0
46,1957,0
46,1958,0
46,1959,0
46,1960,0
46,1961,0
46,1962,0
46,1963,0
46,1964,0
46,1965,0
46,1966,0
46,1967,0
46,1968,0
46,1969,0
46,1970,0
46,1971,0
46,1972,0
46,1973,0
46,1974,0
46,1975,0
46,1976,0
46,1977,0
46,1978,0
46,1979,0
46,1980,0
46,1981,0
46,1982,0
46,1983,0
46,1984,0
46,1985,0
46,1986,0
46,1987,0
46,1988,0
46,1989,0
46,1990,0
46,1991,0
46,1992,0
46,1993,0
46,1994,0
46,1995,0
46,1996,0
46,1997,0
46,1998,0
46,1999,0
47,2000,349
47,2001,349
47,2002,349
47,2003,349
47,2004,349
47,2005,377.75
47,2006,377.75
47,2007,377.75
47,2008,387
47,2009,416.25
47,2010,416.25
47,2011,416.25
47,2012,416.25
47,2013,416.25
47,2014,416.25
47,2015,416.25
47,2016,416.25
47,2017,416.25
47,2018,416.25
47,2019,416.25
47,2020,416.25
47,2021,416.25
47,2022,453.25
47,2023,453.25
47,2024,453.25
47,2025,453.25
47,0,0
47,1800,0
47,1838,0
47,1840,0
47,1849,0
47,1858,0
47,1864,0
47,1865,0
47,1867,0
47,1872,0
47,1875,0
47,1878,0
47,1881,0
47,1883,0
47,1884,0
47,1885,0
47,1886,0
47,1887,0
47,1888,0
47,1889,0
47,1890,0
47,1891,0
47,1892,0
47,1893,0
47,1894,0
47,1895,0
47,1896,0
47,1897,0
47,1898,0
47,1899,0
47,1900,0
47,1901,0
47,1902,0
47,1903,0
47,1904,0
47,1905,0
47,1906,0
47,1907,0
47,1908,0
47,1909,0
47,1910,0
47,1911,0
47,1912,0
47,1913,0
47,1914,0
47,1915,0
47,1916,0
47,1917,0
47,1918,0
47,1919,0
47,1920,0
47,1921,0
47,1922,0
47,1923,0
47,1924,0
47,1925,0
47,1926,0
47,1927,0
47,1928,0
47,1929,0
47,1930,0
47,1931,0
47,1932,0
47,1933,0
47,1934,0
47,1935,0
47,1936,0
47,1937,0
47,1938,0
47,1939,0
47,1940,0
47,1941,0
47,1942,0
47,1943,0
47,1944,0
47,1945,0
47,1946,0
47,1947,0
47,1948,0
47,1949,0
47,1950,0
47,1951,0
47,1952,0
47,1953,0
47,1954,0
47,1955,0
47,1956,0
47,1957,0
47,1958,0
47,1959,0
47,1960,0
47,1961,0
47,1962,0
47,1963,0
47,1964,0
47,1965,0
47,1966,0
47,1967,0
47,1968,0
47,1969,0
47,1970,0
47,1971,0
47,1972,0
47,1973,0
47,1974,0
47,1975,0
47,1976,0
47,1977,0
47,1978,0
47,1979,0
47,1980,0
47,1981,0
47,1982,0
47,1983,0
47,1984,0
47,1985,0
47,1986,0
47,1987,0
47,1988,0
47,1989,0
47,1990,0
47,1991,0
47,1992,0
47,1993,0
47,1994,0
47,1995,0
47,1996,0
47,1997,0
47,1998,0
47,1999,0
48,2000,149.25
48,2001,149.25
48,2002,149.25
48,2003,149.25
48,2004,149.25
48,2005,149.25
48,2006,149.25
48,2007,156.5
48,2008,156.5
48,2009,156.5
48,2010,156.5
48,2011,156.5
48,2012,156.5
48,2013,156.5
48,2014,342
48,2015,342
48,2016,342
48,2017,342
48,2018,342
48,2019,342
48,2020,342
48,2021,356.75
48,2022,603.5
48,2023,603.5
48,2024,603.5
48,2025,603.5
48,0,0
48,1800,0
48,1838,0
48,1840,0
48,1849,0
48,1858,0
48,1864,0
48,1865,0
48,1867,0
48,1872,0
48,1875,0
48,1878,0
48,1881,0
48,1883,0
48,1884,0
48,1885,0
48,1886,0
48,1887,0
48,1888,0
48,1889,0
48,1890,0
48,1891,0
48,1892,0
48,1893,0
48,1894,0
48,1895,0
48,1896,0
48,1897,0
48,1898,0
48,1899,0
48,1900,0
48,1901,0
48,1902,0
48,1903,0
48,1904,0
48,1905,0
48,1906,0
48,1907,0
48,1908,0
48,1909,0
48,1910,0
48,1911,0
48,1912,0
48,1913,0
48,1914,0
48,1915,0
48,1916,0
48,1917,0
48,1918,0
48,1919,0
48,1920,0
48,1921,0
48,1922,0
48,1923,0
48,1924,0
48,1925,0
48,1926,0
48,1927,0
48,1928,0
48,1929,0
48,1930,0
48,1931,0
48,1932,0
48,1933,0
48,1934,0
48,1935,0
48,1936,0
48,1937,0
48,1938,0
48,1939,0
48,1940,0
48,1941,0
48,1942,0
48,1943,0
48,1944,0
48,1945,0
48,1946,0
48,1947,0
48,1948,0
48,1949,0
48,1950,0
48,1951,0
48,1952,0
48,1953,0
48,1954,0
48,1955,0
48,1956,0
48,1957,0
48,1958,0
48,1959,0
48,1960,0
48,1961,0
48,1962,0
48,1963,0
48,1964,0
48,1965,0
48,1966,0
48,1967,0
48,1968,0
48,1969,0
48,1970,0
48,1971,0
48,1972,0
48,1973,0
48,1974,0
48,1975,0.75
48,1976,0.75
48,1977,0.75
48,1978,0.75
48,1979,0.75
48,1980,0.75
48,1981,1.25
48,1982,1.25
48,1983,1.25
48,1984,1.25
48,1985,4.75
48,1986,4.75
48,1987,4.75
48,1988,4.75
48,1989,4.75
48,1990,4.75
48,1991,4.75
48,1992,4.75
48,1993,4.75
48,1994,4.75
48,1995,4.75
48,1996,61.5
48,1997,149.25
48,1998,149.25
48,1999,149.25
49,2000,0
49,2001,0
49,2002,0
49,2003,0
49,2004,0
49,2005,0
49,2006,0
49,2007,0
49,2008,0
49,2009,0
49,2010,0
49,2011,0
49,2012,0
49,2013,0
49,2014,0
49,2015,0
49,2016,0
49,2017,0
49,2018,0
49,2019,0
49,2020,0
49,2021,0
49,2022,0
49,2023,0
49,2024,0
49,2025,0
49,0,0
49,1800,0
49,1838,0
49,1840,0
49,1849,0
49,1858,0
49,1864,0
49,1865,0
49,1867,0
49,1872,0
49,1875,0
49,1878,0
49,1881,0
49,1883,0
49,1884,0
49,1885,0
49,1886,0
49,1887,0
49,1888,0
49,1889,0
49,1890,0
49,1891,0
49,1892,0
49,1893,0
49,1894,0
49,1895,0
49,1896,0
49,1897,0
49,1898,0
49,1899,0
49,1900,0
49,1901,0
49,1902,0
49,1903,0
49,1904,0
49,1905,0
49,1906,0
49,1907,0
49,1908,0
49,1909,0
49,1910,0
49,1911,0
49,1912,0
49,1913,0
49,1914,0
49,1915,0
49,1916,0
49,1917,0
49,1918,0
49,1919,0
49,1920,0
49,1921,0
49,1922,0
49,1923,0
49,1924,0
49,1925,0
49,1926,0
49,1927,0
49,1928,0
49,1929,0
49,1930,0
49,1931,0
49,1932,0
49,1933,0
49,1934,0
49,1935,0
49,1936,0
49,1937,0
49,1938,0
49,1939,0
49,1940,0
49,1941,0
49,1942,0
49,1943,0
49,1944,0
49,1945,0
49,1946,0
49,1947,0
49,1948,0
49,1949,0
49,1950,0
49,1951,0
49,1952,0
49,1953,0
49,1954,0
49,1955,0
49,1956,0
49,1957,0
49,1958,0
49,1959,0
49,1960,0
49,1961,0
49,1962,0
49,1963,0
49,1964,0
49,1965,0
49,1966,0
49,1967,0
49,1968,0
49,1969,0
49,1970,0
49,1971,0
49,1972,0
49,1973,0
49,1974,0
49,1975,0
49,1976,0
49,1977,0
49,1978,0
49,1979,0
49,1980,0
49,1981,0
49,1982,0
49,1983,0
49,1984,0
49,1985,0
49,1986,0
49,1987,0
49,1988,0
49,1989,0
49,1990,0
49,1991,0
49,1992,0
49,1993,0
49,1994,0
49,1995,0
49,1996,0
49,1997,0
49,1998,0
49,1999,0
50,2000,634
50,2001,634
50,2002,634
50,2003,634
50,2004,634
50,2005,634
50,2006,634
50,2007,657.75
50,2008,657.75
50,2009,657.75
50,2010,657.75
50,2011,657.75
50,2012,657.75
50,2013,657.75
50,2014,657.75
50,2015,657.75
50,2016,657.75
50,2017,657.75
50,2018,870.75
50,2019,870.75
50,2020,870.75
50,2021,870.75
50,2022,870.75
50,2023,1007.25
50,2024,1007.25
50,2025,1007.25
50,0,3
50,1800,3
50,1838,3
50,1840,3
50,1849,3
50,1858,3
50,1864,3
50,1865,3
50,1867,3
50,1872,3
50,1875,3
50,1878,3
50,1881,3
50,1883,3
50,1884,3
50,1885,3
50,1886,3
50,1887,3
50,1888,3
50,1889,3
50,1890,3
50,1891,3
50,1892,3
50,1893,3
50,1894,3
50,1895,3
50,1896,3
50,1897,3
50,1898,3
50,1899,3
50,1900,3
50,1901,3
50,1902,3
50,1903,3
50,1904,3
50,1905,3
50,1906,3
50,1907,3
50,1908,3
50,1909,3
50,1910,3
50,1911,3
50,1912,3
50,1913,3
50,1914,3
50,1915,3
50,1916,3
50,1917,3
50,1918,3
50,1919,3
50,1920,3
50,1921,3
50,1922,3
50,1923,3
50,1924,3
50,1925,3
50,1926,3
50,1927,3
50,1928,3
50,1929,3
50,1930,3
50,1931,3
50,1932,3
50,1933,3
50,1934,3
50,1935,3
50,1936,3
50,1937,3
50,1938,3
50,1939,3
50,1940,3
50,1941,3
50,1942,3
50,1943,3
50,1944,3
50,1945,3
50,1946,3
50,1947,3
50,1948,3
50,1949,3
50,1950,3
50,1951,3
50,1952,3
50,1953,3
50,1954,3
50,1955,3
50,1956,3
50,1957,3
50,1958,3
50,1959,3
50,1960,3
50,1961,3
50,1962,3
50,1963,3
50,1964,3
50,1965,3
50,1966,3
50,1967,3
50,1968,3
50,1969,3
50,1970,3
50,1971,3
50,1972,3
50,1973,3
50,1974,3
50,1975,3
50,1976,3
50,1977,3.25
50,1978,3.25
50,1979,3.25
50,1980,3.25
50,1981,102.75
50,1982,102.75
50,1983,154.25
50,1984,154.25
50,1985,154.25
50,1986,154.25
50,1987,154.25
50,1988,154.25
50,1989,154.25
50,1990,154.25
50,1991,154.25
50,1992,154.25
50,1993,154.25
50,1994,154.25
50,1995,154.25
50,1996,634
50,1997,634
50,1998,634
50,1999,634
51,2000,22
51,2001,22
51,2002,22
51,2003,22
51,2004,22
51,2005,22
51,2006,22
51,2007,22
51,2008,22
51,2009,22
51,2010,230
51,2011,243.5
51,2012,243.5
51,2013,243.5
51,2014,244
51,2015,244
51,2016,246
51,2017,246
51,2018,246
51,2019,246
51,2020,246
51,2021,246
51,2022,247.75
51,2023,247.75
51,2024,247.75
51,2025,247.75
51,0,0
51,1800,0
51,1838,0
51,1840,0
51,1849,0
51,1858,0
51,1864,0
51,1865,0
51,1867,0
51,1872,0
51,1875,0
51,1878,0
51,1881,0
51,1883,0
51,1884,0
51,1885,0
51,1886,0
51,1887,0
51,1888,0
51,1889,0
51,1890,0
51,1891,0
51,1892,0
51,1893,0
51,1894,0
51,1895,0
51,1896,0
51,1897,0
51,1898,0
51,1899,0
51,1900,0
51,1901,0
51,1902,0
51,1903,0
51,1904,0
51,1905,0
51,1906,0
51,1907,0
51,1908,0
51,1909,0
51,1910,0
51,1911,0
51,1912,0
51,1913,0
51,1914,0
51,1915,0
51,1916,0
51,1917,0
51,1918,0
51,1919,0
51,1920,0
51,1921,0
51,1922,0
51,1923,0
51,1924,0
51,1925,0
51,1926,0
51,1927,0
51,1928,0
51,1929,0
51,1930,0
51,1931,0
51,1932,0
51,1933,0
51,1934,0
51,1935,0
51,1936,0
51,1937,0
51,1938,0
51,1939,0
51,1940,0
51,1941,0
51,1942,0
51,1943,0
51,1944,0
51,1945,0
51,1946,0
51,1947,0
51,1948,0
51,1949,0
51,1950,0
51,1951,0
51,1952,0
51,1953,0
51,1954,0
51,1955,0
51,1956,0
51,1957,0
51,1958,0
51,1959,0
51,1960,0
51,1961,0
51,1962,0
51,1963,0
51,1964,0
51,1965,0
51,1966,0
51,1967,0
51,1968,0
51,1969,0
51,1970,0
51,1971,0
51,1972,0
51,1973,0
51,1974,0
51,1975,0
51,1976,0
51,1977,0
51,1978,0
51,1979,0
51,1980,0
51,1981,0
51,1982,0
51,1983,0
51,1984,0
51,1985,0
51,1986,0
51,1987,5
51,1988,19.25
51,1989,19.25
51,1990,19.25
51,1991,19.25
51,1992,19.25
51,1993,19.25
51,1994,19.25
51,1995,19.25
51,1996,19.25
51,1997,22
51,1998,22
51,1999,22
52,2000,0
52,2001,0
52,2002,0
52,2003,0
52,2004,0
52,2005,0
52,2006,0
52,2007,0
52,2008,0
52,2009,0
52,2010,0
52,2011,0
52,2012,0
52,2013,0
52,2014,0
52,2015,0
52,2016,0
52,2017,0
52,2018,0
52,2019,0
52,2020,0
52,2021,0
52,2022,0
52,2023,0
52,2024,0
52,2025,0
52,0,0
52,1800,0
52,1838,0
52,1840,0
52,1849,0
52,1858,0
52,1864,0
52,1865,0
52,1867,0
52,1872,0
52,1875,0
52,1878,0
52,1881,0
52,1883,0
52,1884,0
52,1885,0
52,1886,0
52,1887,0
52,1888,0
52,1889,0
52,1890,0
52,1891,0
52,1892,0
52,1893,0
52,1894,0
52,1895,0
52,1896,0
52,1897,0
52,1898,0
52,1899,0
52,1900,0
52,1901,0
52,1902,0
52,1903,0
52,1904,0
52,1905,0
52,1906,0
52,1907,0
52,1908,0
52,1909,0
52,1910,0
52,1911,0
52,1912,0
52,1913,0
52,1914,0
52,1915,0
52,1916,0
52,1917,0
52,1918,0
52,1919,0
52,1920,0
52,1921,0
52,1922,0
52,1923,0
52,1924,0
52,1925,0
52,1926,0
52,1927,0
52,1928,0
52,1929,0
52,1930,0
52,1931,0
52,1932,0
52,1933,0
52,1934,0
52,1935,0
52,1936,0
52,1937,0
52,1938,0
52,1939,0
52,1940,0
52,1941,0
52,1942,0
52,1943,0
52,1944,0
52,1945,0
52,1946,0
52,1947,0
52,1948,0
52,1949,0
52,1950,0
52,1951,0
52,1952,0
52,1953,0
52,1954,0
52,1955,0
52,1956,0
52,1957,0
52,1958,0
52,1959,0
52,1960,0
52,1961,0
52,1962,0
52,1963,0
52,1964,0
52,1965,0
52,1966,0
52,1967,0
52,1968,0
52,1969,0
52,1970,0
52,1971,0
52,1972,0
52,1973,0
52,1974,0
52,1975,0
52,1976,0
52,1977,0
52,1978,0
52,1979,0
52,1980,0
52,1981,0
52,1982,0
52,1983,0
52,1984,0
52,1985,0
52,1986,0
52,1987,0
52,1988,0
52,1989,0
52,1990,0
52,1991,0
52,1992,0
52,1993,0
52,1994,0
52,1995,0
52,1996,0
52,1997,0
52,1998,0
52,1999,0
53,2000,273
53,2001,273
53,2002,273
53,2003,273
53,2004,273
53,2005,273
53,2006,273
53,2007,273
53,2008,273
53,2009,273
53,2010,273
53,2011,273
53,2012,273
53,2013,273
53,2014,273
53,2015,273
53,2016,273
53,2017,273
53,2018,273
53,2019,273
53,2020,273
53,2021,399.5
53,2022,399.5
53,2023,399.5
53,2024,399.5
53,2025,399.5
53,0,0
53,1800,0
53,1838,0
53,1840,0
53,1849,0
53,1858,0
53,1864,0
53,1865,0
53,1867,0
53,1872,0
53,1875,0
53,1878,0
53,1881,0
53,1883,0
53,1884,0
53,1885,0
53,1886,0
53,1887,0
53,1888,0
53,1889,0
53,1890,0
53,1891,0
53,1892,0
53,1893,0
53,1894,0
53,1895,0
53,1896,0
53,1897,0
53,1898,0
53,1899,0
53,1900,0
53,1901,0
53,1902,0
53,1903,0
53,1904,0
53,1905,0
53,1906,0
53,1907,0
53,1908,0
53,1909,0
53,1910,0
53,1911,0
53,1912,0
53,1913,0
53,1914,0
53,1915,0
53,1916,0
53,1917,0
53,1918,0
53,1919,0
53,1920,0
53,1921,0
53,1922,0
53,1923,0
53,1924,0
53,1925,0
53,1926,0
53,1927,0
53,1928,0
53,1929,0
53,1930,0
53,1931,0
53,1932,0
53,1933,0
53,1934,0
53,1935,0
53,1936,0
53,1937,0
53,1938,0
53,1939,0
53,1940,0
53,1941,0
53,1942,0
53,1943,0
53,1944,0
53,1945,0
53,1946,0
53,1947,0
53,1948,0
53,1949,0
53,1950,0
53,1951,0
53,1952,0
53,1953,0
53,1954,0
53,1955,0
53,1956,0
53,1957,0
53,1958,0
53,1959,0
53,1960,0
53,1961,0
53,1962,0
53,1963,0
53,1964,0
53,1965,0
53,1966,0
53,1967,0
53,1968,0
53,1969,0
53,1970,0
53,1971,0
53,1972,0
53,1973,0
53,1974,0
53,1975,0
53,1976,0
53,1977,245.75
53,1978,245.75
53,1979,245.75
53,1980,245.75
53,1981,245.75
53,1982,245.75
53,1983,245.75
53,1984,245.75
53,1985,245.75
53,1986,245.75
53,1987,245.75
53,1988,255.5
53,1989,255.5
53,1990,255.5
53,1991,255.5
53,1992,255.5
53,1993,273
53,1994,273
53,1995,273
53,1996,273
53,1997,273
53,1998,273
53,1999,273
54,2000,26
54,2001,199
54,2002,199
54,2003,199
54,2004,199.5
54,2005,268.75
54,2006,268.75
54,2007,268.75
54,2008,268.75
54,2009,268.75
54,2010,268.75
54,2011,268.75
54,2012,272.75
54,2013,272.75
54,2014,272.75
54,2015,272.75
54,2016,300.75
54,2017,305
54,2018,306.25
54,2019,306.25
54,2020,306.25
54,2021,306.25
54,2022,306.25
54,2023,306.25
54,2024,306.25
54,2025,306.25
54,0,0
54,1800,0
54,1838,0
54,1840,0
54,1849,0
54,1858,0
54,1864,0
54,1865,0
54,1867,0
54,1872,0
54,1875,0
54,1878,0
54,1881,0
54,1883,0
54,1884,0
54,1885,0
54,1886,0
54,1887,0
54,1888,0
54,1889,0
54,1890,0
54,1891,0
54,1892,0
54,1893,0
54,1894,0
54,1895,0
54,1896,0
54,1897,0
54,1898,0
54,1899,0
54,1900,0
54,1901,0
54,1902,0
54,1903,0
54,1904,0
54,1905,0
54,1906,0
54,1907,0
54,1908,0
54,1909,0
54,1910,0
54,1911,0
54,1912,0
54,1913,0
54,1914,0
54,1915,0
54,1916,0
54,1917,0
54,1918,0
54,1919,0
54,1920,0
54,1921,0
54,1922,0
54,1923,0
54,1924,0
54,1925,0
54,1926,0
54,1927,0
54,1928,0
54,1929,0
54,1930,0
54,1931,0
54,1932,0
54,1933,0
54,1934,0
54,1935,0
54,1936,0
54,1937,0
54,1938,0
54,1939,0
54,1940,0
54,1941,0
54,1942,0
54,1943,0
54,1944,0
54,1945,0
54,1946,0
54,1947,0
54,1948,0
54,1949,0
54,1950,0
54,1951,0
54,1952,0
54,1953,0
54,1954,0
54,1955,0
54,1956,0
54,1957,0
54,1958,0
54,1959,0
54,1960,0
54,1961,0
54,1962,0
54,1963,0
54,1964,0
54,1965,0
54,1966,0
54,1967,0
54,1968,0
54,1969,0
54,1970,0
54,1971,0
54,1972,0
54,1973,0
54,1974,0
54,1975,0
54,1976,0
54,1977,0
54,1978,0
54,1979,0
54,1980,0
54,1981,0
54,1982,0
54,1983,0
54,1984,0
54,1985,0
54,1986,0
54,1987,0
54,1988,0
54,1989,0
54,1990,0
54,1991,0
54,1992,0
54,1993,0
54,1994,0
54,1995,0
54,1996,0
54,1997,0
54,1998,16.25
54,1999,26
55,2000,20.75
55,2001,20.75
55,2002,20.75
55,2003,20.75
55,2004,49.25
55,2005,57.75
55,2006,66.5
55,2007,66.5
55,2008,92
55,2009,113.5
55,2010,113.5
55,2011,145.25
55,2012,145.25
55,2013,145.25
55,2014,145.25
55,2015,145.25
55,2016,145.25
55,2017,145.25
55,2018,145.25
55,2019,145.25
55,2020,145.25
55,2021,145.25
55,2022,145.25
55,2023,145.25
55,2024,145.25
55,2025,145.25
55,0,0
55,1800,0
55,1838,0
55,1840,0
55,1849,0
55,1858,0
55,1864,0
55,1865,0
55,1867,0
55,1872,0
55,1875,0
55,1878,0
55,1881,0
55,1883,0
55,1884,0
55,1885,0
55,1886,0
55,1887,0
55,1888,0
55,1889,0
55,1890,0
55,1891,0
55,1892,0
55,1893,0
55,1894,0
55,1895,0
55,1896,0
55,1897,0
55,1898,0
55,1899,0
55,1900,0
55,1901,0
55,1902,0
55,1903,0
55,1904,0
55,1905,0
55,1906,0
55,1907,0
55,1908,0
55,1909,0
55,1910,0
55,1911,0
55,1912,0
55,1913,0
55,1914,0
55,1915,0
55,1916,0
55,1917,0
55,1918,0
55,1919,0
55,1920,0
55,1921,0
55,1922,0
55,1923,0
55,1924,0
55,1925,0
55,1926,0
55,1927,0
55,1928,0
55,1929,0
55,1930,0
55,1931,0
55,1932,0
55,1933,0
55,1934,0
55,1935,0
55,1936,0
55,1937,0
55,1938,0
55,1939,0
55,1940,0
55,1941,0
55,1942,0
55,1943,0
55,1944,0
55,1945,0
55,1946,0
55,1947,0
55,1948,0
55,1949,0
55,1950,0
55,1951,0
55,1952,0
55,1953,0
55,1954,0
55,1955,0
55,1956,0
55,1957,0
55,1958,0
55,1959,0
55,1960,0
55,1961,0
55,1962,0
55,1963,0
55,1964,0
55,1965,0
55,1966,0
55,1967,0
55,1968,0
55,1969,0
55,1970,0
55,1971,0
55,1972,0
55,1973,0
55,1974,0
55,1975,0
55,1976,0
55,1977,0
55,1978,0
55,1979,0
55,1980,0.5
55,1981,0.5
55,1982,0.5
55,1983,0.75
55,1984,0.75
55,1985,0.75
55,1986,0.75
55,1987,3.5
55,1988,3.5
55,1989,3.5
55,1990,20.75
55,1991,20.75
55,1992,20.75
55,1993,20.75
55,1994,20.75
55,1995,20.75
55,1996,20.75
55,1997,20.75
55,1998,20.75
55,1999,20.75
56,2000,0
56,2001,0
56,2002,0
56,2003,171.75
56,2004,171.75
56,2005,173.25
56,2006,173.25
56,2007,173.25
56,2008,173.25
56,2009,173.25
56,2010,173.25
56,2011,173.25
56,2012,173.25
56,2013,173.25
56,2014,196.25
56,2015,196.25
56,2016,196.25
56,2017,196.25
56,2018,196.25
56,2019,196.25
56,2020,196.25
56,2021,196.25
56,2022,196.25
56,2023,196.25
56,2024,196.25
56,2025,196.25
56,0,0
56,1800,0
56,1838,0
56,1840,0
56,1849,0
56,1858,0
56,1864,0
56,1865,0
56,1867,0
56,1872,0
56,1875,0
56,1878,0
56,1881,0
56,1883,0
56,1884,0
56,1885,0
56,1886,0
56,1887,0
56,1888,0
56,1889,0
56,1890,0
56,1891,0
56,1892,0
56,1893,0
56,1894,0
56,1895,0
56,1896,0
56,1897,0
56,1898,0
56,1899,0
56,1900,0
56,1901,0
56,1902,0
56,1903,0
56,1904,0
56,1905,0
56,1906,0
56,1907,0
56,1908,0
56,1909,0
56,1910,0
56,1911,0
56,1912,0
56,1913,0
56,1914,0
56,1915,0
56,1916,0
56,1917,0
56,1918,0
56,1919,0
56,1920,0
56,1921,0
56,1922,0
56,1923,0
56,1924,0
56,1925,0
56,1926,0
56,1927,0
56,1928,0
56,1929,0
56,1930,0
56,1931,0
56,1932,0
56,1933,0
56,1934,0
56,1935,0
56,1936,0
56,1937,0
56,1938,0
56,1939,0
56,1940,0
56,1941,0
56,1942,0
56,1943,0
56,1944,0
56,1945,0
56,1946,0
56,1947,0
56,1948,0
56,1949,0
56,1950,0
56,1951,0
56,1952,0
56,1953,0
56,1954,0
56,1955,0
56,1956,0
56,1957,0
56,1958,0
56,1959,0
56,1960,0
56,1961,0
56,1962,0
56,1963,0
56,1964,0
56,1965,0
56,1966,0
56,1967,0
56,1968,0
56,1969,0
56,1970,0
56,1971,0
56,1972,0
56,1973,0
56,1974,0
56,1975,0
56,1976,0
56,1977,0
56,1978,0
56,1979,0
56,1980,0
56,1981,0
56,1982,0
56,1983,0
56,1984,0
56,1985,0
56,1986,0
56,1987,0
56,1988,0
56,1989,0
56,1990,0
56,1991,0
56,1992,0
56,1993,0
56,1994,0
56,1995,0
56,1996,0
56,1997,0
56,1998,0
56,1999,0
57,2000,58.25
57,2001,58.25
57,2002,58.25
57,2003,58.25
57,2004,58.25
57,2005,58.25
57,2006,58.25
57,2007,58.25
57,2008,64.75
57,2009,69.25
57,2010,69.25
57,2011,69.25
57,2012,69.25
57,2013,69.25
57,2014,69.25
57,2015,69.25
57,2016,69.25
57,2017,70.5
57,2018,71.5
57,2019,71.5
57,2020,71.5
57,2021,73.25
57,2022,73.25
57,2023,73.25
57,2024,73.25
57,2025,73.25
57,0,3.5
57,1800,3.5
57,1838,3.5
57,1840,3.5
57,1849,3.5
57,1858,3.5
57,1864,3.5
57,1865,3.5
57,1867,3.5
57,1872,3.5
57,1875,3.5
57,1878,3.5
57,1881,3.5
57,1883,3.5
57,1884,3.5
57,1885,3.5
57,1886,3.5
57,1887,3.5
57,1888,3.5
57,1889,3.5
57,1890,3.5
57,1891,3.5
57,1892,3.5
57,1893,3.5
57,1894,3.5
57,1895,3.5
57,1896,3.5
57,1897,3.5
57,1898,3.5
57,1899,3.5
57,1900,3.5
57,1901,3.5
57,1902,3.5
57,1903,3.5
57,1904,3.5
57,1905,3.5
57,1906,3.5
57,1907,3.5
57,1908,3.5
57,1909,3.5
57,1910,3.5
57,1911,3.5
57,1912,3.5
57,1913,3.5
57,1914,3.5
57,1915,3.5
57,1916,3.5
57,1917,3.5
57,1918,3.5
57,1919,3.5
57,1920,3.5
57,1921,3.5
57,1922,3.5
57,1923,3.5
57,1924,3.5
57,1925,3.5
57,1926,3.5
57,1927,3.5
57,1928,3.5
57,1929,3.5
57,1930,3.5
57,1931,3.5
57,1932,3.5
57,1933,3.5
57,1934,3.5
57,1935,3.5
57,1936,3.5
57,1937,3.5
57,1938,3.5
57,1939,3.5
57,1940,3.5
57,1941,3.5
57,1942,3.5
57,1943,3.5
57,1944,3.5
57,1945,3.5
57,1946,3.5
57,1947,3.5
57,1948,3.5
57,1949,3.5
57,1950,3.5
57,1951,3.5
57,1952,3.5
57,1953,3.5
57,1954,3.5
57,1955,3.5
57,1956,3.5
57,1957,3.5
57,1958,3.5
57,1959,3.5
57,1960,3.5
57,1961,3.5
57,1962,3.5
57,1963,3.5
57,1964,3.5
57,1965,3.5
57,1966,3.5
57,1967,3.5
57,1968,3.5
57,1969,3.5
57,1970,3.5
57,1971,7
57,1972,7
57,1973,7
57,1974,7
57,1975,7
57,1976,7
57,1977,7
57,1978,7
57,1979,7
57,1980,7
57,1981,7
57,1982,37.25
57,1983,37.25
57,1984,37.25
57,1985,37.25
57,1986,39.75
57,1987,39.75
57,1988,39.75
57,1989,39.75
57,1990,58.25
57,1991,58.25
57,1992,58.25
57,1993,58.25
57,1994,58.25
57,1995,58.25
57,1996,58.25
57,1997,58.25
57,1998,58.25
57,1999,58.25
58,2000,417.75
58,2001,417.75
58,2002,417.75
58,2003,417.75
58,2004,417.75
58,2005,417.75
58,2006,417.75
58,2007,417.75
58,2008,417.75
58,2009,417.75
58,2010,437
58,2011,495.25
58,2012,495.25
58,2013,495.25
58,2014,522.75
58,2015,522.75
58,2016,522.75
58,2017,522.75
58,2018,522.75
58,2019,522.75
58,2020,522.75
58,2021,522.75
58,2022,565.5
58,2023,565.5
58,2024,565.5
58,2025,565.5
58,0,43.5
58,1800,43.5
58,1838,43.5
58,1840,43.5
58,1849,43.5
58,1858,43.5
58,1864,43.5
58,1865,43.5
58,1867,43.5
58,1872,43.5
58,1875,43.5
58,1878,43.5
58,1881,43.5
58,1883,43.5
58,1884,43.5
58,1885,43.5
58,1886,43.5
58,1887,43.5
58,1888,43.5
58,1889,43.5
58,1890,43.5
58,1891,43.5
58,1892,43.5
58,1893,43.5
58,1894,43.5
58,1895,43.5
58,1896,43.5
58,1897,43.5
58,1898,43.5
58,1899,43.5
58,1900,43.5
58,1901,43.5
58,1902,43.5
58,1903,43.5
58,1904,43.5
58,1905,43.5
58,1906,43.5
58,1907,43.5
58,1908,43.5
58,1909,43.5
58,1910,43.5
58,1911,43.5
58,1912,43.5
58,1913,43.5
58,1914,43.5
58,1915,43.5
58,1916,43.5
58,1917,43.5
58,1918,43.5
58,1919,43.5
58,1920,43.5
58,1921,43.5
58,1922,43.5
58,1923,43.5
58,1924,43.5
58,1925,43.5
58,1926,43.5
58,1927,43.5
58,1928,43.5
58,1929,43.5
58,1930,43.5
58,1931,43.5
58,1932,43.5
58,1933,43.5
58,1934,43.5
58,1935,43.5
58,1936,43.5
58,1937,43.5
58,1938,43.5
58,1939,43.5
58,1940,43.5
58,1941,43.5
58,1942,43.5
58,1943,43.5
58,1944,43.5
58,1945,43.5
58,1946,43.5
58,1947,43.5
58,1948,43.5
58,1949,43.5
58,1950,43.5
58,1951,43.5
58,1952,43.5
58,1953,43.5
58,1954,43.5
58,1955,43.5
58,1956,43.5
58,1957,43.5
58,1958,43.5
58,1959,43.5
58,1960,43.5
58,1961,43.5
58,1962,43.5
58,1963,43.5
58,1964,43.5
58,1965,43.5
58,1966,43.5
58,1967,43.5
58,1968,43.5
58,1969,43.5
58,1970,43.5
58,1971,43.5
58,1972,43.5
58,1973,43.5
58,1974,51.75
58,1975,51.75
58,1976,51.75
58,1977,51.75
58,1978,51.75
58,1979,51.75
58,1980,51.75
58,1981,51.75
58,1982,51.75
58,1983,51.75
58,1984,51.75
58,1985,51.75
58,1986,51.75
58,1987,394.75
58,1988,394.75
58,1989,394.75
58,1990,394.75
58,1991,394.75
58,1992,394.75
58,1993,394.75
58,1994,417.25
58,1995,417.5
58,1996,417.75
58,1997,417.75
58,1998,417.75
58,1999,417.75
59,2000,12.75
59,2001,12.75
59,2002,12.75
59,2003,21.25
59,2004,21.25
59,2005,21.5
59,2006,21.5
59,2007,21.5
59,2008,21.5
59,2009,21.5
59,2010,21.5
59,2011,21.5
59,2012,21.5
59,2013,21.5
59,2014,24.75
59,2015,24.75
59,2016,24.75
59,2017,24.75
59,2018,25
59,2019,25.25
59,2020,25.25
59,2021,25.5
59,2022,25.5
59,2023,25.5
59,2024,25.5
59,2025,25.5
59,0,0
59,1800,0
59,1838,0
59,1840,0
59,1849,0
59,1858,0
59,1864,0
59,1865,0
59,1867,0
59,1872,0
59,1875,0
59,1878,0
59,1881,0
59,1883,0
59,1884,0
59,1885,0
59,1886,0
59,1887,0
59,1888,0
59,1889,0
59,1890,0
59,1891,0
59,1892,0
59,1893,0
59,1894,0
59,1895,0
59,1896,0
59,1897,0
59,1898,0
59,1899,0
59,1900,0
59,1901,0
59,1902,0
59,1903,0
59,1904,0
59,1905,0
59,1906,0
59,1907,0
59,1908,0
59,1909,0
59,1910,0
59,1911,0
59,1912,0
59,1913,0
59,1914,0
59,1915,0
59,1916,0
59,1917,0
59,1918,0
59,1919,0
59,1920,0
59,1921,0
59,1922,0
59,1923,0
59,1924,0
59,1925,0
59,1926,0
59,1927,0
59,1928,0
59,1929,0
59,1930,0
59,1931,0
59,1932,0
59,1933,0
59,1934,0
59,1935,0
59,1936,0
59,1937,0
59,1938,0
59,1939,0
59,1940,0
59,1941,0
59,1942,0
59,1943,0
59,1944,0
59,1945,0
59,1946,0
59,1947,0
59,1948,0
59,1949,0
59,1950,0
59,1951,0
59,1952,0
59,1953,0
59,1954,0
59,1955,0
59,1956,0
59,1957,2
59,1958,2
59,1959,2
59,1960,2
59,1961,2
59,1962,2
59,1963,2
59,1964,2
59,1965,2
59,1966,2
59,1967,2
59,1968,2
59,1969,2
59,1970,2
59,1971,2
59,1972,2
59,1973,2
59,1974,2
59,1975,2
59,1976,2
59,1977,2
59,1978,2
59,1979,2
59,1980,2
59,1981,2
59,1982,2
59,1983,2
59,1984,2
59,1985,2
59,1986,6.25
59,1987,6.25
59,1988,11.25
59,1989,11.25
59,1990,11.25
59,1991,11.25
59,1992,11.25
59,1993,12.75
59,1994,12.75
59,1995,12.75
59,1996,12.75
59,1997,12.75
59,1998,12.75
59,1999,12.75
60,2000,2.5
60,2001,2.5
60,2002,2.5
60,2003,2.5
60,2004,2.5
60,2005,2.5
60,2006,2.5
60,2007,2.5
60,2008,2.5
60,2009,2.5
60,2010,2.5
60,2011,2.5
60,2012,2.5
60,2013,2.5
60,2014,2.5
60,2015,2.5
60,2016,2.5
60,2017,2.5
60,2018,2.5
60,2019,2.5
60,2020,2.5
60,2021,2.5
60,2022,2.5
60,2023,2.5
60,2024,2.5
60,2025,2.5
60,0,2.5
60,1800,2.5
60,1838,2.5
60,1840,2.5
60,1849,2.5
60,1858,2.5
60,1864,2.5
60,1865,2.5
60,1867,2.5
60,1872,2.5
60,1875,2.5
60,1878,2.5
60,1881,2.5
60,1883,2.5
60,1884,2.5
60,1885,2.5
60,1886,2.5
60,1887,2.5
60,1888,2.5
60,1889,2.5
60,1890,2.5
60,1891,2.5
60,1892,2.5
60,1893,2.5
60,1894,2.5
60,1895,2.5
60,1896,2.5
60,1897,2.5
60,1898,2.5
60,1899,2.5
60,1900,2.5
60,1901,2.5
60,1902,2.5
60,1903,2.5
60,1904,2.5
60,1905,2.5
60,1906,2.5
60,1907,2.5
60,1908,2.5
60,1909,2.5
60,1910,2.5
60,1911,2.5
60,1912,2.5
60,1913,2.5
60,1914,2.5
60,1915,2.5
60,1916,2.5
60,1917,2.5
60,1918,2.5
60,1919,2.5
60,1920,2.5
60,1921,2.5
60,1922,2.5
60,1923,2.5
60,1924,2.5
60,1925,2.5
60,1926,2.5
60,1927,2.5
60,1928,2.5
60,1929,2.5
60,1930,2.5
60,1931,2.5
60,1932,2.5
60,1933,2.5
60,1934,2.5
60,1935,2.5
60,1936,2.5
60,1937,2.5
60,1938,2.5
60,1939,2.5
60,1940,2.5
60,1941,2.5
60,1942,2.5
60,1943,2.5
60,1944,2.5
60,1945,2.5
60,1946,2.5
60,1947,2.5
60,1948,2.5
60,1949,2.5
60,1950,2.5
60,1951,2.5
60,1952,2.5
60,1953,2.5
60,1954,2.5
60,1955,2.5
60,1956,2.5
60,1957,2.5
60,1958,2.5
60,1959,2.5
60,1960,2.5
60,1961,2.5
60,1962,2.5
60,1963,2.5
60,1964,2.5
60,1965,2.5
60,1966,2.5
60,1967,2.5
60,1968,2.5
60,1969,2.5
60,1970,2.5
60,1971,2.5
60,1972,2.5
60,1973,2.5
60,1974,2.5
60,1975,2.5
60,1976,2.5
60,1977,2.5
60,1978,2.5
60,1979,2.5
60,1980,2.5
60,1981,2.5
60,1982,2.5
60,1983,2.5
60,1984,2.5
60,1985,2.5
60,1986,2.5
60,1987,2.5
60,1988,2.5
60,1989,2.5
60,1990,2.5
60,1991,2.5
60,1992,2.5
60,1993,2.5
60,1994,2.5
60,1995,2.5
60,1996,2.5
60,1997,2.5
60,1998,2.5
60,1999,2.5
61,2000,42.5
61,2001,53
61,2002,53
61,2003,53
61,2004,53
61,2005,53
61,2006,53
61,2007,117.75
61,2008,117.75
61,2009,117.75
61,2010,137
61,2011,137
61,2012,160
61,2013,177.25
61,2014,177.25
61,2015,177.25
61,2016,177.25
61,2017,177.25
61,2018,177.25
61,2019,177.25
61,2020,177.25
61,2021,177.25
61,2022,177.25
61,2023,177.25
61,2024,177.25
61,2025,177.25
61,0,0
61,1800,0
61,1838,0
61,1840,0
61,1849,0
61,1858,0
61,1864,0
61,1865,0
61,1867,0
61,1872,0
61,1875,0
61,1878,0
61,1881,0
61,1883,0
61,1884,0
61,1885,0
61,1886,0
61,1887,0
61,1888,0
61,1889,0
61,1890,0
61,1891,0
61,1892,0
61,1893,0
61,1894,0
61,1895,0
61,1896,0
61,1897,0
61,1898,0
61,1899,0
61,1900,0
61,1901,0
61,1902,0
61,1903,0
61,1904,0
61,1905,0
61,1906,0
61,1907,0
61,1908,0
61,1909,0
61,1910,0
61,1911,0
61,1912,0
61,1913,0
61,1914,0
61,1915,0
61,1916,0
61,1917,0
61,1918,0
61,1919,0
61,1920,0
61,1921,0
61,1922,0
61,1923,0
61,1924,0
61,1925,0
61,1926,0
61,1927,0
61,1928,0
61,1929,0
61,1930,0
61,1931,0
61,1932,0
61,1933,0
61,1934,0
61,1935,0
61,1936,0
61,1937,0
61,1938,0
61,1939,0
61,1940,0
61,1941,0
61,1942,0
61,1943,0
61,1944,0
61,1945,0
61,1946,0
61,1947,0
61,1948,32
61,1949,32
61,1950,32
61,1951,32
61,1952,32
61,1953,32
61,1954,32
61,1955,32
61,1956,32
61,1957,32
61,1958,32
61,1959,32
61,1960,32
61,1961,32
61,1962,32
61,1963,32
61,1964,32
61,1965,32
61,1966,32
61,1967,32
61,1968,32
61,1969,32
61,1970,32
61,1971,32
61,1972,32
61,1973,32
61,1974,32
61,1975,32
61,1976,32
61,1977,35.75
61,1978,35.75
61,1979,40.75
61,1980,40.75
61,1981,40.75
61,1982,40.75
61,1983,42.25
61,1984,42.25
61,1985,42.25
61,1986,42.25
61,1987,42.25
61,1988,42.25
61,1989,42.25
61,1990,42.25
61,1991,42.25
61,1992,42.25
61,1993,42.5
61,1994,42.5
61,1995,42.5
61,1996,42.5
61,1997,42.5
61,1998,42.5
61,1999,42.5
62,2000,304.5
62,2001,304.5
62,2002,304.5
62,2003,304.5
62,2004,346
62,2005,466.25
62,2006,497.5
62,2007,497.5
62,2008,497.5
62,2009,497.5
62,2010,497.5
62,2011,497.5
62,2012,497.5
62,2013,497.5
62,2014,497.5
62,2015,497.5
62,2016,497.5
62,2017,497.5
62,2018,497.5
62,2019,509.5
62,2020,509.5
62,2021,509.5
62,2022,509.5
62,2023,509.5
62,2024,509.5
62,2025,509.5
62,0,0
62,1800,0
62,1838,0
62,1840,0
62,1849,0
62,1858,0
62,1864,0
62,1865,0
62,1867,0
62,1872,0
62,1875,0
62,1878,0
62,1881,0
62,1883,0
62,1884,0
62,1885,0
62,1886,0
62,1887,0
62,1888,0
62,1889,0
62,1890,0
62,1891,0
62,1892,0
62,1893,0
62,1894,0
62,1895,0
62,1896,0
62,1897,0
62,1898,0
62,1899,0
62,1900,0
62,1901,0
62,1902,0
62,1903,0
62,1904,0
62,1905,0
62,1906,0
62,1907,0
62,1908,0
62,1909,0
62,1910,0
62,1911,0
62,1912,0
62,1913,0
62,1914,0
62,1915,0
62,1916,0
62,1917,0
62,1918,0
62,1919,0
62,1920,0
62,1921,0
62,1922,0
62,1923,0
62,1924,0
62,1925,0
62,1926,0
62,1927,0
62,1928,0
62,1929,0
62,1930,0
62,1931,0
62,1932,0
62,1933,0
62,1934,0
62,1935,0
62,1936,0
62,1937,0
62,1938,0
62,1939,0
62,1940,0
62,1941,0
62,1942,0
62,1943,0
62,1944,0
62,1945,0
62,1946,0
62,1947,0
62,1948,0
62,1949,0
62,1950,0
62,1951,0
62,1952,0
62,1953,0
62,1954,0
62,1955,0
62,1956,0
62,1957,0
62,1958,0
62,1959,0
62,1960,0
62,1961,0
62,1962,0
62,1963,0
62,1964,0
62,1965,0
62,1966,0
62,1967,0
62,1968,0
62,1969,0
62,1970,0
62,1971,0
62,1972,0
62,1973,0
62,1974,0
62,1975,0
62,1976,0
62,1977,0
62,1978,0
62,1979,0
62,1980,36.75
62,1981,36.75
62,1982,36.75
62,1983,36.75
62,1984,36.75
62,1985,36.75
62,1986,36.75
62,1987,36.75
62,1988,36.75
62,1989,37.75
62,1990,37.75
62,1991,112.25
62,1992,112.25
62,1993,112.25
62,1994,112.25
62,1995,112.25
62,1996,112.25
62,1997,112.25
62,1998,304.5
62,1999,304.5
63,2000,0
63,2001,0
63,2002,0
63,2003,0
63,2004,0
63,2005,0
63,2006,0
63,2007,0
63,2008,0
63,2009,0
63,2010,0
63,2011,0
63,2012,0
63,2013,0
63,2014,0
63,2015,0
63,2016,0
63,2017,0
63,2018,0
63,2019,0
63,2020,0
63,2021,0
63,2022,0
63,2023,0
63,2024,0
63,2025,0
63,0,0
63,1800,0
63,1838,0
63,1840,0
63,1849,0
63,1858,0
63,1864,0
63,1865,0
63,1867,0
63,1872,0
63,1875,0
63,1878,0
63,1881,0
63,1883,0
63,1884,0
63,1885,0
63,1886,0
63,1887,0
63,1888,0
63,1889,0
63,1890,0
63,1891,0
63,1892,0
63,1893,0
63,1894,0
63,1895,0
63,1896,0
63,1897,0
63,1898,0
63,1899,0
63,1900,0
63,1901,0
63,1902,0
63,1903,0
63,1904,0
63,1905,0
63,1906,0
63,1907,0
63,1908,0
63,1909,0
63,1910,0
63,1911,0
63,1912,0
63,1913,0
63,1914,0
63,1915,0
63,1916,0
63,1917,0
63,1918,0
63,1919,0
63,1920,0
63,1921,0
63,1922,0
63,1923,0
63,1924,0
63,1925,0
63,1926,0
63,1927,0
63,1928,0
63,1929,0
63,1930,0
63,1931,0
63,1932,0
63,1933,0
63,1934,0
63,1935,0
63,1936,0
63,1937,0
63,1938,0
63,1939,0
63,1940,0
63,1941,0
63,1942,0
63,1943,0
63,1944,0
63,1945,0
63,1946,0
63,1947,0
63,1948,0
63,1949,0
63,1950,0
63,1951,0
63,1952,0
63,1953,0
63,1954,0
63,1955,0
63,1956,0
63,1957,0
63,1958,0
63,1959,0
63,1960,0
63,1961,0
63,1962,0
63,1963,0
63,1964,0
63,1965,0
63,1966,0
63,1967,0
63,1968,0
63,1969,0
63,1970,0
63,1971,0
63,1972,0
63,1973,0
63,1974,0
63,1975,0
63,1976,0
63,1977,0
63,1978,0
63,1979,0
63,1980,0
63,1981,0
63,1982,0
63,1983,0
63,1984,0
63,1985,0
63,1986,0
63,1987,0
63,1988,0
63,1989,0
63,1990,0
63,1991,0
63,1992,0
63,1993,0
63,1994,0
63,1995,0
63,1996,0
63,1997,0
63,1998,0
63,1999,0
64,2000,572.75
64,2001,572.75
64,2002,572.75
64,2003,572.75
64,2004,572.75
64,2005,572.75
64,2006,572.75
64,2007,572.75
64,2008,572.75
64,2009,572.75
64,2010,572.75
64,2011,572.75
64,2012,572.75
64,2013,572.75
64,2014,572.75
64,2015,572.75
64,2016,572.75
64,2017,572.75
64,2018,572.75
64,2019,572.75
64,2020,572.75
64,2021,572.75
64,2022,572.75
64,2023,572.75
64,2024,572.75
64,2025,572.75
64,0,0
64,1800,0
64,1838,0
64,1840,0
64,1849,0
64,1858,0
64,1864,0
64,1865,0
64,1867,0
64,1872,0
64,1875,0
64,1878,0
64,1881,0
64,1883,0
64,1884,0
64,1885,0
64,1886,0
64,1887,0
64,1888,0
64,1889,0
64,1890,0
64,1891,0
64,1892,0
64,1893,0
64,1894,0
64,1895,0
64,1896,0
64,1897,0
64,1898,0
64,1899,0
64,1900,0
64,1901,0
64,1902,0
64,1903,0
64,1904,0
64,1905,0
64,1906,0
64,1907,0
64,1908,0
64,1909,0
64,1910,0
64,1911,0
64,1912,0
64,1913,0
64,1914,0
64,1915,0
64,1916,0
64,1917,0
64,1918,0
64,1919,0
64,1920,0
64,1921,0
64,1922,0
64,1923,0
64,1924,0
64,1925,0
64,1926,0
64,1927,0
64,1928,0
64,1929,0
64,1930,0
64,1931,0
64,1932,0
64,1933,0
64,1934,0
64,1935,0
64,1936,0
64,1937,0
64,1938,0
64,1939,0
64,1940,0
64,1941,0
64,1942,0
64,1943,0
64,1944,0
64,1945,0
64,1946,0
64,1947,0
64,1948,0
64,1949,0
64,1950,0
64,1951,0
64,1952,0
64,1953,0
64,1954,0
64,1955,0
64,1956,0
64,1957,0
64,1958,0
64,1959,0
64,1960,0
64,1961,0
64,1962,0
64,1963,0
64,1964,0
64,1965,0
64,1966,0
64,1967,0
64,1968,0
64,1969,0
64,1970,0
64,1971,0
64,1972,0
64,1973,0
64,1974,0
64,1975,0
64,1976,0
64,1977,0
64,1978,561.25
64,1979,561.25
64,1980,561.25
64,1981,561.25
64,1982,561.25
64,1983,561.25
64,1984,561.25
64,1985,561.25
64,1986,561.25
64,1987,561.25
64,1988,561.25
64,1989,561.25
64,1990,561.25
64,1991,561.25
64,1992,561.25
64,1993,561.25
64,1994,572.75
64,1995,572.75
64,1996,572.75
64,1997,572.75
64,1998,572.75
64,1999,572.75
65,2000,89.5
65,2001,124.25
65,2002,124.25
65,2003,124.25
65,2004,124.25
65,2005,124.25
65,2006,124.25
65,2007,125.25
65,2008,127
65,2009,127
65,2010,127
65,2011,127
65,2012,127
65,2013,127
65,2014,186
65,2015,186
65,2016,186
65,2017,186
65,2018,186
65,2019,186
65,2020,186
65,2021,186
65,2022,186
65,2023,186
65,2024,186
65,2025,186
65,0,0
65,1800,0
65,1838,0
65,1840,0
65,1849,0
65,1858,0
65,1864,0
65,1865,0
65,1867,0
65,1872,0
65,1875,0
65,1878,0
65,1881,0
65,1883,0
65,1884,0
65,1885,0
65,1886,0
65,1887,0
65,1888,0
65,1889,0
65,1890,0
65,1891,0
65,1892,0
65,1893,0
65,1894,0
65,1895,0
65,1896,0
65,1897,0
65,1898,0
65,1899,0
65,1900,0
65,1901,0
65,1902,0
65,1903,0
65,1904,0
65,1905,0
65,1906,0
65,1907,0
65,1908,0
65,1909,0
65,1910,0
65,1911,0
65,1912,0
65,1913,0
65,1914,0
65,1915,0
65,1916,0
65,1917,0
65,1918,0
65,1919,0
65,1920,0
65,1921,0
65,1922,0
65,1923,0
65,1924,0
65,1925,0
65,1926,0
65,1927,0
65,1928,0
65,1929,0
65,1930,0
65,1931,0
65,1932,0
65,1933,0
65,1934,0
65,1935,0
65,1936,0
65,1937,0
65,1938,0
65,1939,0
65,1940,0
65,1941,0
65,1942,0
65,1943,0
65,1944,0
65,1945,0
65,1946,0
65,1947,0
65,1948,0
65,1949,0
65,1950,0
65,1951,0
65,1952,0
65,1953,0
65,1954,0
65,1955,0
65,1956,0
65,1957,0
65,1958,0
65,1959,0
65,1960,0
65,1961,0
65,1962,0
65,1963,0
65,1964,0
65,1965,0
65,1966,0
65,1967,0
65,1968,0
65,1969,0
65,1970,0
65,1971,0
65,1972,0
65,1973,0
65,1974,0
65,1975,0
65,1976,0
65,1977,0
65,1978,0
65,1979,0
65,1980,0
65,1981,0
65,1982,0
65,1983,0
65,1984,0
65,1985,0
65,1986,11
65,1987,46
65,1988,46
65,1989,46
65,1990,46
65,1991,46
65,1992,46
65,1993,49.5
65,1994,49.5
65,1995,49.5
65,1996,89.5
65,1997,89.5
65,1998,89.5
65,1999,89.5
66,2000,238.75
66,2001,238.75
66,2002,238.75
66,2003,238.75
66,2004,248.5
66,2005,248.5
66,2006,248.5
66,2007,248.5
66,2008,248.5
66,2009,248.5
66,2010,248.5
66,2011,248.5
66,2012,248.5
66,2013,248.5
66,2014,248.5
66,2015,266
66,2016,266
66,2017,323.25
66,2018,323.25
66,2019,323.5
66,2020,328.75
66,2021,328.75
66,2022,328.75
66,2023,328.75
66,2024,328.75
66,2025,328.75
66,0,3.5
66,1800,3.5
66,1838,3.5
66,1840,3.5
66,1849,3.5
66,1858,3.5
66,1864,3.5
66,1865,3.5
66,1867,3.5
66,1872,3.5
66,1875,3.5
66,1878,3.5
66,1881,3.5
66,1883,3.5
66,1884,3.5
66,1885,3.5
66,1886,3.5
66,1887,3.5
66,1888,3.5
66,1889,3.5
66,1890,3.5
66,1891,3.5
66,1892,3.5
66,1893,3.5
66,1894,3.5
66,1895,3.5
66,1896,3.5
66,1897,3.5
66,1898,3.5
66,1899,3.5
66,1900,3.5
66,1901,3.5
66,1902,3.5
66,1903,3.5
66,1904,3.5
66,1905,3.5
66,1906,3.5
66,1907,3.5
66,1908,3.5
66,1909,3.5
66,1910,3.5
66,1911,3.5
66,1912,3.5
66,1913,3.5
66,1914,3.5
66,1915,3.5
66,1916,3.5
66,1917,3.5
66,1918,3.5
66,1919,3.5
66,1920,3.5
66,1921,3.5
66,1922,3.5
66,1923,3.5
66,1924,3.5
66,1925,3.5
66,1926,3.5
66,1927,3.5
66,1928,3.5
66,1929,3.5
66,1930,3.5
66,1931,3.5
66,1932,3.5
66,1933,3.5
66,1934,3.5
66,1935,3.5
66,1936,3.5
66,1937,3.5
66,1938,3.5
66,1939,3.5
66,1940,3.5
66,1941,3.5
66,1942,3.5
66,1943,3.5
66,1944,3.5
66,1945,3.5
66,1946,3.5
66,1947,3.5
66,1948,3.5
66,1949,3.5
66,1950,3.5
66,1951,3.5
66,1952,3.5
66,1953,3.5
66,1954,3.5
66,1955,3.5
66,1956,3.5
66,1957,3.5
66,1958,3.5
66,1959,3.5
66,1960,3.5
66,1961,3.5
66,1962,3.5
66,1963,3.5
66,1964,3.5
66,1965,3.5
66,1966,3.5
66,1967,3.5
66,1968,3.5
66,1969,3.5
66,1970,3.5
66,1971,3.5
66,1972,3.5
66,1973,3.5
66,1974,3.5
66,1975,3.5
66,1976,51.5
66,1977,51.5
66,1978,52.25
66,1979,52.25
66,1980,233.25
66,1981,233.25
66,1982,233.25
66,1983,233.25
66,1984,233.25
66,1985,233.25
66,1986,235.5
66,1987,235.5
66,1988,235.5
66,1989,235.5
66,1990,235.5
66,1991,235.5
66,1992,235.5
66,1993,235.5
66,1994,238.75
66,1995,238.75
66,1996,238.75
66,1997,238.75
66,1998,238.75
66,1999,238.75
67,2000,0
67,2001,0
67,2002,0
67,2003,0
67,2004,0
67,2005,0
67,2006,0
67,2007,0
67,2008,0
67,2009,0
67,2010,0
67,2011,0
67,2012,0
67,2013,0
67,2014,0
67,2015,0
67,2016,0
67,2017,0
67,2018,0
67,2019,0
67,2020,0
67,2021,0
67,2022,0
67,2023,0
67,2024,0
67,2025,0
67,0,0
67,1800,0
67,1838,0
67,1840,0
67,1849,0
67,1858,0
67,1864,0
67,1865,0
67,1867,0
67,1872,0
67,1875,0
67,1878,0
67,1881,0
67,1883,0
67,1884,0
67,1885,0
67,1886,0
67,1887,0
67,1888,0
67,1889,0
67,1890,0
67,1891,0
67,1892,0
67,1893,0
67,1894,0
67,1895,0
67,1896,0
67,1897,0
67,1898,0
67,1899,0
67,1900,0
67,1901,0
67,1902,0
67,1903,0
67,1904,0
67,1905,0
67,1906,0
67,1907,0
67,1908,0
67,1909,0
67,1910,0
67,1911,0
67,1912,0
67,1913,0
67,1914,0
67,1915,0
67,1916,0
67,1917,0
67,1918,0
67,1919,0
67,1920,0
67,1921,0
67,1922,0
67,1923,0
67,1924,0
67,1925,0
67,1926,0
67,1927,0
67,1928,0
67,1929,0
67,1930,0
67,1931,0
67,1932,0
67,1933,0
67,1934,0
67,1935,0
67,1936,0
67,1937,0
67,1938,0
67,1939,0
67,1940,0
67,1941,0
67,1942,0
67,1943,0
67,1944,0
67,1945,0
67,1946,0
67,1947,0
67,1948,0
67,1949,0
67,1950,0
67,1951,0
67,1952,0
67,1953,0
67,1954,0
67,1955,0
67,1956,0
67,1957,0
67,1958,0
67,1959,0
67,1960,0
67,1961,0
67,1962,0
67,1963,0
67,1964,0
67,1965,0
67,1966,0
67,1967,0
67,1968,0
67,1969,0
67,1970,0
67,1971,0
67,1972,0
67,1973,0
67,1974,0
67,1975,0
67,1976,0
67,1977,0
67,1978,0
67,1979,0
67,1980,0
67,1981,0
67,1982,0
67,1983,0
67,1984,0
67,1985,0
67,1986,0
67,1987,0
67,1988,0
67,1989,0
67,1990,0
67,1991,0
67,1992,0
67,1993,0
67,1994,0
67,1995,0
67,1996,0
67,1997,0
67,1998,0
67,1999,0
68,2000,36.25
68,2001,42.5
68,2002,43
68,2003,44.75
68,2004,44.75
68,2005,46.5
68,2006,49.25
68,2007,49.75
68,2008,50.75
68,2009,50.75
68,2010,55.5
68,2011,56.25
68,2012,56.25
68,2013,56.25
68,2014,56.25
68,2015,56.25
68,2016,57.5
68,2017,57.5
68,2018,57.5
68,2019,58.25
68,2020,58.25
68,2021,58.25
68,2022,58.25
68,2023,58.25
68,2024,58.25
68,2025,58.25
68,0,0.75
68,1800,0.75
68,1838,0.75
68,1840,0.75
68,1849,0.75
68,1858,0.75
68,1864,0.75
68,1865,0.75
68,1867,0.75
68,1872,0.75
68,1875,0.75
68,1878,0.75
68,1881,0.75
68,1883,0.75
68,1884,0.75
68,1885,0.75
68,1886,0.75
68,1887,0.75
68,1888,0.75
68,1889,0.75
68,1890,0.75
68,1891,0.75
68,1892,0.75
68,1893,0.75
68,1894,0.75
68,1895,0.75
68,1896,0.75
68,1897,0.75
68,1898,0.75
68,1899,0.75
68,1900,0.75
68,1901,0.75
68,1902,0.75
68,1903,0.75
68,1904,0.75
68,1905,0.75
68,1906,0.75
68,1907,0.75
68,1908,0.75
68,1909,0.75
68,1910,0.75
68,1911,0.75
68,1912,0.75
68,1913,0.75
68,1914,0.75
68,1915,0.75
68,1916,0.75
68,1917,0.75
68,1918,0.75
68,1919,0.75
68,1920,0.75
68,1921,0.75
68,1922,0.75
68,1923,0.75
68,1924,0.75
68,1925,0.75
68,1926,0.75
68,1927,0.75
68,1928,0.75
68,1929,0.75
68,1930,0.75
68,1931,0.75
68,1932,0.75
68,1933,0.75
68,1934,0.75
68,1935,0.75
68,1936,0.75
68,1937,0.75
68,1938,0.75
68,1939,0.75
68,1940,0.75
68,1941,0.75
68,1942,0.75
68,1943,0.75
68,1944,0.75
68,1945,0.75
68,1946,0.75
68,1947,0.75
68,1948,0.75
68,1949,0.75
68,1950,0.75
68,1951,0.75
68,1952,0.75
68,1953,0.75
68,1954,0.75
68,1955,0.75
68,1956,0.75
68,1957,0.75
68,1958,0.75
68,1959,0.75
68,1960,0.75
68,1961,0.75
68,1962,0.75
68,1963,0.75
68,1964,0.75
68,1965,0.75
68,1966,0.75
68,1967,0.75
68,1968,0.75
68,1969,0.75
68,1970,0.75
68,1971,0.75
68,1972,0.75
68,1973,0.75
68,1974,0.75
68,1975,0.75
68,1976,0.75
68,1977,0.75
68,1978,0.75
68,1979,0.75
68,1980,0.75
68,1981,0.75
68,1982,0.75
68,1983,0.75
68,1984,0.75
68,1985,0.75
68,1986,0.75
68,1987,0.75
68,1988,2
68,1989,2
68,1990,2
68,1991,2
68,1992,2
68,1993,9
68,1994,9
68,1995,9.25
68,1996,34.5
68,1997,34.75
68,1998,34.75
68,1999,34.75
69,2000,242
69,2001,243.5
69,2002,244
69,2003,244
69,2004,247.25
69,2005,247.25
69,2006,247.25
69,2007,247.75
69,2008,247.75
69,2009,247.75
69,2010,258.25
69,2011,258.25
69,2012,258.25
69,2013,258.25
69,2014,258.25
69,2015,258.25
69,2016,258.25
69,2017,258.25
69,2018,258.25
69,2019,262.75
69,2020,262.75
69,2021,262.75
69,2022,263.25
69,2023,266.5
69,2024,266.5
69,2025,266.5
69,0,0
69,1800,0
69,1838,0
69,1840,0
69,1849,0
69,1858,0
69,1864,0
69,1865,0
69,1867,0
69,1872,0
69,1875,0
69,1878,0
69,1881,0
69,1883,0
69,1884,0
69,1885,0
69,1886,0
69,1887,0
69,1888,0
69,1889,0
69,1890,0
69,1891,0
69,1892,0
69,1893,0
69,1894,0
69,1895,0
69,1896,0
69,1897,0
69,1898,0
69,1899,0
69,1900,0
69,1901,0
69,1902,0
69,1903,0
69,1904,0
69,1905,0
69,1906,0
69,1907,0
69,1908,0
69,1909,0
69,1910,0
69,1911,0
69,1912,0
69,1913,0
69,1914,0
69,1915,0
69,1916,0
69,1917,0
69,1918,0
69,1919,0
69,1920,0
69,1921,35.5
69,1922,35.5
69,1923,35.5
69,1924,35.5
69,1925,35.5
69,1926,35.5
69,1927,35.5
69,1928,35.5
69,1929,35.5
69,1930,35.5
69,1931,35.5
69,1932,35.5
69,1933,35.5
69,1934,35.5
69,1935,35.5
69,1936,35.5
69,1937,35.5
69,1938,35.5
69,1939,35.5
69,1940,35.5
69,1941,35.5
69,1942,35.5
69,1943,35.5
69,1944,35.5
69,1945,35.5
69,1946,35.5
69,1947,35.5
69,1948,35.5
69,1949,35.5
69,1950,35.5
69,1951,35.5
69,1952,35.5
69,1953,35.5
69,1954,35.5
69,1955,35.5
69,1956,35.5
69,1957,63.75
69,1958,63.75
69,1959,63.75
69,1960,63.75
69,1961,63.75
69,1962,100.75
69,1963,100.75
69,1964,100.75
69,1965,100.75
69,1966,100.75
69,1967,100.75
69,1968,100.75
69,1969,100.75
69,1970,100.75
69,1971,100.75
69,1972,100.75
69,1973,100.75
69,1974,100.75
69,1975,100.75
69,1976,100.75
69,1977,124
69,1978,124
69,1979,124
69,1980,124
69,1981,124
69,1982,124
69,1983,124
69,1984,124
69,1985,124
69,1986,124
69,1987,135
69,1988,135
69,1989,135
69,1990,135
69,1991,135
69,1992,135
69,1993,135
69,1994,135
69,1995,140.75
69,1996,140.75
69,1997,200.25
69,1998,200.25
69,1999,242
70,2000,181.5
70,2001,182
70,2002,182
70,2003,192.25
70,2004,837.5
70,2005,847.5
70,2006,861.75
70,2007,902.75
70,2008,903
70,2009,908.5
70,2010,921.5
70,2011,922.25
70,2012,922.25
70,2013,925
70,2014,925.25
70,2015,925.25
70,2016,925.25
70,2017,934.75
70,2018,937
70,2019,942.25
70,2020,944.25
70,2021,945.5
70,2022,947
70,2023,952.5
70,2024,952.5
70,2025,952.5
70,0,0
70,1800,0
70,1838,0
70,1840,0
70,1849,0
70,1858,0
70,1864,0
70,1865,0
70,1867,0
70,1872,0
70,1875,0
70,1878,0
70,1881,0
70,1883,0
70,1884,0
70,1885,0
70,1886,0
70,1887,0
70,1888,0
70,1889,0
70,1890,0
70,1891,0
70,1892,0
70,1893,0
70,1894,0
70,1895,0
70,1896,0
70,1897,0
70,1898,0
70,1899,0
70,1900,0
70,1901,0
70,1902,0
70,1903,0
70,1904,0
70,1905,0
70,1906,0
70,1907,0
70,1908,0
70,1909,0
70,1910,0
70,1911,0
70,1912,0
70,1913,0
70,1914,0
70,1915,0
70,1916,0
70,1917,0
70,1918,0
70,1919,0
70,1920,0
70,1921,0
70,1922,0
70,1923,0
70,1924,0
70,1925,0
70,1926,0
70,1927,0
70,1928,0
70,1929,0
70,1930,0
70,1931,0
70,1932,0
70,1933,0
70,1934,0
70,1935,0
70,1936,0
70,1937,0
70,1938,0
70,1939,0
70,1940,0
70,1941,0
70,1942,0
70,1943,0
70,1944,0
70,1945,0
70,1946,0
70,1947,0
70,1948,0
70,1949,0
70,1950,0
70,1951,0
70,1952,0
70,1953,0
70,1954,0
70,1955,0
70,1956,0
70,1957,0
70,1958,0
70,1959,0
70,1960,0
70,1961,0
70,1962,0
70,1963,0
70,1964,0
70,1965,0
70,1966,0
70,1967,0
70,1968,0
70,1969,0
70,1970,0
70,1971,0
70,1972,0
70,1973,0
70,1974,0
70,1975,0
70,1976,0
70,1977,0
70,1978,0
70,1979,0
70,1980,0
70,1981,0
70,1982,0
70,1983,0
70,1984,0
70,1985,0
70,1986,0
70,1987,0
70,1988,0
70,1989,0
70,1990,0
70,1991,0
70,1992,0
70,1993,0
70,1994,72.25
70,1995,72.25
70,1996,72.25
70,1997,181.5
70,1998,181.5
70,1999,181.5
71,2000,53.5
71,2001,59
71,2002,198.5
71,2003,198.5
71,2004,198.5
71,2005,200
71,2006,200
71,2007,293.5
71,2008,295.25
71,2009,295.25
71,2010,295.25
71,2011,295.25
71,2012,295.25
71,2013,295.25
71,2014,295.25
71,2015,295.75
71,2016,296
71,2017,296.25
71,2018,296.25
71,2019,296.25
71,2020,298
71,2021,298.75
71,2022,298.75
71,2023,298.75
71,2024,298.75
71,2025,298.75
71,0,0
71,1800,0
71,1838,0
71,1840,0
71,1849,0
71,1858,0
71,1864,0
71,1865,0
71,1867,0
71,1872,0
71,1875,0
71,1878,0
71,1881,0
71,1883,0
71,1884,0
71,1885,0
71,1886,0
71,1887,0
71,1888,0
71,1889,0
71,1890,0
71,1891,0
71,1892,0
71,1893,0
71,1894,0
71,1895,0
71,1896,0
71,1897,0
71,1898,0
71,1899,0
71,1900,0
71,1901,0
71,1902,0
71,1903,0
71,1904,0
71,1905,0
71,1906,0
71,1907,0
71,1908,0
71,1909,0
71,1910,0
71,1911,0
71,1912,0
71,1913,0
71,1914,0
71,1915,0
71,1916,0
71,1917,0
71,1918,0
71,1919,0
71,1920,0
71,1921,0
71,1922,0
71,1923,0
71,1924,0
71,1925,0
71,1926,0
71,1927,0
71,1928,0
71,1929,0
71,1930,0
71,1931,0
71,1932,0
71,1933,0
71,1934,0
71,1935,0
71,1936,0
71,1937,0
71,1938,0
71,1939,0
71,1940,0
71,1941,3
71,1942,3
71,1943,4.25
71,1944,4.25
71,1945,4.25
71,1946,4.25
71,1947,4.25
71,1948,4.25
71,1949,4.25
71,1950,4.25
71,1951,6.5
71,1952,6.5
71,1953,6.5
71,1954,6.5
71,1955,6.5
71,1956,6.5
71,1957,6.5
71,1958,6.5
71,1959,6.5
71,1960,6.5
71,1961,6.5
71,1962,6.5
71,1963,6.5
71,1964,6.5
71,1965,6.5
71,1966,6.5
71,1967,6.5
71,1968,6.5
71,1969,6.5
71,1970,7.25
71,1971,7.25
71,1972,7.25
71,1973,7.25
71,1974,7.25
71,1975,8.5
71,1976,8.75
71,1977,8.75
71,1978,9.75
71,1979,9.75
71,1980,11
71,1981,11
71,1982,11
71,1983,11
71,1984,15.5
71,1985,15.5
71,1986,16.25
71,1987,16.75
71,1988,16.75
71,1989,17
71,1990,18.75
71,1991,19
71,1992,32.25
71,1993,32.25
71,1994,32.5
71,1995,53.25
71,1996,53.25
71,1997,53.25
71,1998,53.25
71,1999,53.25
72,2000,416.75
72,2001,416.75
72,2002,416.75
72,2003,416.75
72,2004,416.75
72,2005,417.75
72,2006,417.75
72,2007,441.5
72,2008,441.5
72,2009,441.5
72,2010,441.5
72,2011,441.5
72,2012,441.5
72,2013,441.5
72,2014,441.5
72,2015,441.5
72,2016,441.5
72,2017,441.5
72,2018,441.5
72,2019,441.5
72,2020,441.5
72,2021,441.5
72,2022,441.5
72,2023,441.5
72,2024,441.5
72,2025,441.5
72,0,0
72,1800,0
72,1838,0
72,1840,0
72,1849,0
72,1858,0
72,1864,0
72,1865,0
72,1867,0
72,1872,0
72,1875,0
72,1878,0
72,1881,0
72,1883,0
72,1884,0
72,1885,0
72,1886,0
72,1887,0
72,1888,0
72,1889,0
72,1890,0
72,1891,0
72,1892,0
72,1893,0
72,1894,0
72,1895,0
72,1896,0
72,1897,0
72,1898,0
72,1899,0
72,1900,0
72,1901,0
72,1902,0
72,1903,0
72,1904,0
72,1905,0
72,1906,0
72,1907,0
72,1908,0
72,1909,0
72,1910,0
72,1911,0
72,1912,0
72,1913,0
72,1914,0
72,1915,0
72,1916,0
72,1917,0
72,1918,0
72,1919,0
72,1920,0
72,1921,0
72,1922,0
72,1923,0
72,1924,0
72,1925,0
72,1926,0
72,1927,0
72,1928,0
72,1929,0
72,1930,0
72,1931,0
72,1932,0
72,1933,0
72,1934,0
72,1935,0
72,1936,0
72,1937,0
72,1938,0
72,1939,0
72,1940,0
72,1941,0
72,1942,0
72,1943,0
72,1944,0
72,1945,0
72,1946,0
72,1947,0
72,1948,0
72,1949,0
72,1950,0
72,1951,0
72,1952,0
72,1953,0
72,1954,0
72,1955,0
72,1956,0
72,1957,0
72,1958,0
72,1959,0
72,1960,0
72,1961,0
72,1962,0
72,1963,0
72,1964,0
72,1965,0
72,1966,0
72,1967,0
72,1968,0
72,1969,0
72,1970,0
72,1971,0
72,1972,0
72,1973,0
72,1974,0
72,1975,0
72,1976,0.25
72,1977,0.25
72,1978,0.25
72,1979,0.25
72,1980,0.25
72,1981,0.25
72,1982,0.25
72,1983,0.25
72,1984,0.25
72,1985,0.25
72,1986,0.25
72,1987,0.25
72,1988,0.25
72,1989,0.25
72,1990,0.25
72,1991,413.5
72,1992,413.5
72,1993,413.5
72,1994,413.5
72,1995,413.5
72,1996,413.5
72,1997,413.5
72,1998,413.5
72,1999,413.5
73,2000,14686.5
73,2001,14790.75
73,2002,15178
73,2003,15264
73,2004,15264
73,2005,15305
73,2006,15330.5
73,2007,15521.25
73,2008,15542.75
73,2009,19974.5
73,2010,20581
73,2011,20581
73,2012,20621.25
73,2013,22390.5
73,2014,22522.25
73,2015,22522.25
73,2016,22525.25
73,2017,22734.75
73,2018,23234
73,2019,23257.75
73,2020,23363
73,2021,23363
73,2022,23363
73,2023,23363
73,2024,23363
73,2025,23363
73,0,0.75
73,1800,0.75
73,1838,0.75
73,1840,0.75
73,1849,0.75
73,1858,0.75
73,1864,0.75
73,1865,0.75
73,1867,0.75
73,1872,0.75
73,1875,0.75
73,1878,0.75
73,1881,0.75
73,1883,0.75
73,1884,0.75
73,1885,0.75
73,1886,0.75
73,1887,0.75
73,1888,0.75
73,1889,0.75
73,1890,0.75
73,1891,0.75
73,1892,0.75
73,1893,0.75
73,1894,0.75
73,1895,0.75
73,1896,0.75
73,1897,0.75
73,1898,0.75
73,1899,0.75
73,1900,0.75
73,1901,0.75
73,1902,0.75
73,1903,0.75
73,1904,0.75
73,1905,0.75
73,1906,0.75
73,1907,0.75
73,1908,0.75
73,1909,0.75
73,1910,0.75
73,1911,0.75
73,1912,0.75
73,1913,0.75
73,1914,0.75
73,1915,0.75
73,1916,0.75
73,1917,0.75
73,1918,0.75
73,1919,0.75
73,1920,0.75
73,1921,0.75
73,1922,0.75
73,1923,0.75
73,1924,0.75
73,1925,0.75
73,1926,0.75
73,1927,0.75
73,1928,0.75
73,1929,0.75
73,1930,0.75
73,1931,0.75
73,1932,0.75
73,1933,0.75
73,1934,0.75
73,1935,35.75
73,1936,35.75
73,1937,35.75
73,1938,35.75
73,1939,35.75
73,1940,35.75
73,1941,35.75
73,1942,35.75
73,1943,35.75
73,1944,36.25
73,1945,36.25
73,1946,36.25
73,1947,36.25
73,1948,36.25
73,1949,36.5
73,1950,36.5
73,1951,36.5
73,1952,36.5
73,1953,36.5
73,1954,36.5
73,1955,36.5
73,1956,36.5
73,1957,36.5
73,1958,44
73,1959,44
73,1960,44
73,1961,95.25
73,1962,95.25
73,1963,95.25
73,1964,95.25
73,1965,95.25
73,1966,109.25
73,1967,169
73,1968,169
73,1969,169
73,1970,169
73,1971,338.5
73,1972,338.5
73,1973,419
73,1974,570.75
73,1975,570.75
73,1976,774.25
73,1977,1791
73,1978,2412.75
73,1979,2798.25
73,1980,2837.25
73,1981,2844.25
73,1982,3335.5
73,1983,3423.5
73,1984,3693.25
73,1985,3846.5
73,1986,3883
73,1987,4107.25
73,1988,4278.75
73,1989,4279.75
73,1990,4480
73,1991,4481.25
73,1992,4484.5
73,1993,4600
73,1994,7086.75
73,1995,8094.5
73,1996,13873.5
73,1997,14411.75
73,1998,14619.25
73,1999,14686.5
74,2000,53
74,2001,53
74,2002,53
74,2003,53
74,2004,53
74,2005,53
74,2006,53
74,2007,53
74,2008,53
74,2009,53
74,2010,53
74,2011,53
74,2012,53
74,2013,53
74,2014,53
74,2015,53
74,2016,53
74,2017,53
74,2018,53
74,2019,53
74,2020,53
74,2021,53
74,2022,53
74,2023,53
74,2024,53
74,2025,53
74,0,51.75
74,1800,51.75
74,1838,51.75
74,1840,51.75
74,1849,51.75
74,1858,51.75
74,1864,51.75
74,1865,51.75
74,1867,51.75
74,1872,51.75
74,1875,51.75
74,1878,51.75
74,1881,51.75
74,1883,51.75
74,1884,51.75
74,1885,51.75
74,1886,51.75
74,1887,51.75
74,1888,51.75
74,1889,51.75
74,1890,51.75
74,1891,51.75
74,1892,51.75
74,1893,51.75
74,1894,51.75
74,1895,51.75
74,1896,51.75
74,1897,51.75
74,1898,51.75
74,1899,51.75
74,1900,51.75
74,1901,51.75
74,1902,51.75
74,1903,51.75
74,1904,51.75
74,1905,51.75
74,1906,51.75
74,1907,51.75
74,1908,51.75
74,1909,51.75
74,1910,51.75
74,1911,51.75
74,1912,51.75
74,1913,51.75
74,1914,51.75
74,1915,51.75
74,1916,51.75
74,1917,51.75
74,1918,51.75
74,1919,51.75
74,1920,51.75
74,1921,51.75
74,1922,51.75
74,1923,51.75
74,1924,51.75
74,1925,51.75
74,1926,51.75
74,1927,51.75
74,1928,51.75
74,1929,51.75
74,1930,51.75
74,1931,51.75
74,1932,51.75
74,1933,51.75
74,1934,51.75
74,1935,51.75
74,1936,51.75
74,1937,51.75
74,1938,51.75
74,1939,51.75
74,1940,51.75
74,1941,51.75
74,1942,51.75
74,1943,51.75
74,1944,51.75
74,1945,51.75
74,1946,51.75
74,1947,51.75
74,1948,51.75
74,1949,51.75
74,1950,51.75
74,1951,51.75
74,1952,51.75
74,1953,51.75
74,1954,51.75
74,1955,51.75
74,1956,51.75
74,1957,51.75
74,1958,51.75
74,1959,51.75
74,1960,51.75
74,1961,51.75
74,1962,51.75
74,1963,51.75
74,1964,51.75
74,1965,51.75
74,1966,51.75
74,1967,51.75
74,1968,51.75
74,1969,51.75
74,1970,51.75
74,1971,51.75
74,1972,51.75
74,1973,51.75
74,1974,51.75
74,1975,51.75
74,1976,51.75
74,1977,51.75
74,1978,51.75
74,1979,51.75
74,1980,51.75
74,1981,51.75
74,1982,51.75
74,1983,51.75
74,1984,51.75
74,1985,51.75
74,1986,51.75
74,1987,51.75
74,1988,51.75
74,1989,51.75
74,1990,51.75
74,1991,51.75
74,1992,51.75
74,1993,51.75
74,1994,51.75
74,1995,51.75
74,1996,51.75
74,1997,51.75
74,1998,53
74,1999,53
75,2000,1914.5
75,2001,1914.5
75,2002,1914.5
75,2003,1914.5
75,2004,1914.5
75,2005,1914.5
75,2006,1914.5
75,2007,1914.5
75,2008,1914.5
75,2009,1914.5
75,2010,1914.5
75,2011,1914.5
75,2012,1914.5
75,2013,1914.5
75,2014,1914.5
75,2015,1914.5
75,2016,1914.5
75,2017,1914.5
75,2018,1914.5
75,2019,1914.5
75,2020,1914.5
75,2021,1914.5
75,2022,1914.5
75,2023,1914.5
75,2024,1914.5
75,2025,1914.5
75,0,1822.75
75,1800,1822.75
75,1838,1822.75
75,1840,1822.75
75,1849,1822.75
75,1858,1822.75
75,1864,1822.75
75,1865,1822.75
75,1867,1822.75
75,1872,1822.75
75,1875,1822.75
75,1878,1822.75
75,1881,1822.75
75,1883,1822.75
75,1884,1822.75
75,1885,1822.75
75,1886,1822.75
75,1887,1822.75
75,1888,1822.75
75,1889,1822.75
75,1890,1822.75
75,1891,1822.75
75,1892,1822.75
75,1893,1822.75
75,1894,1822.75
75,1895,1822.75
75,1896,1822.75
75,1897,1822.75
75,1898,1822.75
75,1899,1822.75
75,1900,1822.75
75,1901,1822.75
75,1902,1822.75
75,1903,1822.75
75,1904,1822.75
75,1905,1822.75
75,1906,1822.75
75,1907,1822.75
75,1908,1822.75
75,1909,1822.75
75,1910,1822.75
75,1911,1822.75
75,1912,1822.75
75,1913,1822.75
75,1914,1822.75
75,1915,1822.75
75,1916,1822.75
75,1917,1822.75
75,1918,1822.75
75,1919,1822.75
75,1920,1822.75
75,1921,1822.75
75,1922,1822.75
75,1923,1822.75
75,1924,1822.75
75,1925,1822.75
75,1926,1822.75
75,1927,1823.5
75,1928,1823.5
75,1929,1823.5
75,1930,1823.5
75,1931,1823.5
75,1932,1823.5
75,1933,1823.5
75,1934,1823.5
75,1935,1823.5
75,1936,1823.5
75,1937,1823.5
75,1938,1823.5
75,1939,1823.5
75,1940,1823.5
75,1941,1823.5
75,1942,1823.5
75,1943,1823.5
75,1944,1823.5
75,1945,1823.5
75,1946,1823.5
75,1947,1823.5
75,1948,1823.5
75,1949,1823.5
75,1950,1823.5
75,1951,1823.5
75,1952,1823.5
75,1953,1823.5
75,1954,1823.5
75,1955,1823.5
75,1956,1823.5
75,1957,1823.5
75,1958,1823.5
75,1959,1823.5
75,1960,1823.5
75,1961,1823.5
75,1962,1823.5
75,1963,1823.5
75,1964,1823.5
75,1965,1823.5
75,1966,1823.5
75,1967,1823.5
75,1968,1823.5
75,1969,1823.5
75,1970,1823.5
75,1971,1823.5
75,1972,1824.75
75,1973,1825.25
75,1974,1827.5
75,1975,1827.5
75,1976,1850
75,1977,1850
75,1978,1851.5
75,1979,1853
75,1980,1855
75,1981,1855
75,1982,1855
75,1983,1855
75,1984,1855
75,1985,1855
75,1986,1855
75,1987,1855
75,1988,1855
75,1989,1855
75,1990,1855
75,1991,1856
75,1992,1856
75,1993,1856
75,1994,1856
75,1995,1910
75,1996,1912.5
75,1997,1912.5
75,1998,1914.5
75,1999,1914.5
76,2000,137.75
76,2001,137.75
76,2002,137.75
76,2003,137.75
76,2004,137.75
76,2005,188
76,2006,188
76,2007,188
76,2008,188
76,2009,188
76,2010,188
76,2011,188
76,2012,188
76,2013,188
76,2014,188
76,2015,188
76,2016,188
76,2017,188
76,2018,188
76,2019,188
76,2020,188
76,2021,188
76,2022,188
76,2023,188
76,2024,188
76,2025,188
76,0,0
76,1800,0
76,1838,0
76,1840,0
76,1849,0
76,1858,0
76,1864,0
76,1865,0
76,1867,0
76,1872,0
76,1875,0
76,1878,0
76,1881,0
76,1883,0
76,1884,0
76,1885,0
76,1886,0
76,1887,0
76,1888,0
76,1889,0
76,1890,0
76,1891,0
76,1892,0
76,1893,0
76,1894,0
76,1895,0
76,1896,0
76,1897,0
76,1898,0
76,1899,0
76,1900,0
76,1901,0
76,1902,0
76,1903,0
76,1904,0
76,1905,0
76,1906,0
76,1907,0
76,1908,0
76,1909,0
76,1910,0
76,1911,0
76,1912,0
76,1913,0
76,1914,0
76,1915,0
76,1916,0
76,1917,0
76,1918,0
76,1919,0
76,1920,0
76,1921,0
76,1922,0
76,1923,0
76,1924,0
76,1925,0
76,1926,0
76,1927,0
76,1928,0
76,1929,0
76,1930,0
76,1931,0
76,1932,0
76,1933,0
76,1934,0
76,1935,0
76,1936,0
76,1937,0
76,1938,0
76,1939,0
76,1940,0
76,1941,0
76,1942,0
76,1943,0
76,1944,0
76,1945,0
76,1946,0
76,1947,0
76,1948,0
76,1949,0
76,1950,0
76,1951,0
76,1952,0
76,1953,0
76,1954,0
76,1955,0
76,1956,0
76,1957,0
76,1958,0
76,1959,0
76,1960,0
76,1961,0
76,1962,0
76,1963,0
76,1964,0
76,1965,0
76,1966,0
76,1967,0
76,1968,0
76,1969,0
76,1970,0
76,1971,0
76,1972,0
76,1973,0
76,1974,0
76,1975,0
76,1976,0
76,1977,2.25
76,1978,2.25
76,1979,2.25
76,1980,2.25
76,1981,2.25
76,1982,2.25
76,1983,2.25
76,1984,2.25
76,1985,2.25
76,1986,2.25
76,1987,2.25
76,1988,2.25
76,1989,2.25
76,1990,2.25
76,1991,2.25
76,1992,2.25
76,1993,2.25
76,1994,31
76,1995,31
76,1996,31
76,1997,31
76,1998,137.75
76,1999,137.75
77,2000,0
77,2001,0
77,2002,0
77,2003,0
77,2004,0
77,2005,0
77,2006,0
77,2007,0
77,2008,0
77,2009,0
77,2010,0
77,2011,0
77,2012,0
77,2013,0
77,2014,0
77,2015,0
77,2016,0
77,2017,0
77,2018,0
77,2019,0
77,2020,0
77,2021,0
77,2022,0
77,2023,0
77,2024,0
77,2025,0
77,0,0
77,1800,0
77,1838,0
77,1840,0
77,1849,0
77,1858,0
77,1864,0
77,1865,0
77,1867,0
77,1872,0
77,1875,0
77,1878,0
77,1881,0
77,1883,0
77,1884,0
77,1885,0
77,1886,0
77,1887,0
77,1888,0
77,1889,0
77,1890,0
77,1891,0
77,1892,0
77,1893,0
77,1894,0
77,1895,0
77,1896,0
77,1897,0
77,1898,0
77,1899,0
77,1900,0
77,1901,0
77,1902,0
77,1903,0
77,1904,0
77,1905,0
77,1906,0
77,1907,0
77,1908,0
77,1909,0
77,1910,0
77,1911,0
77,1912,0
77,1913,0
77,1914,0
77,1915,0
77,1916,0
77,1917,0
77,1918,0
77,1919,0
77,1920,0
77,1921,0
77,1922,0
77,1923,0
77,1924,0
77,1925,0
77,1926,0
77,1927,0
77,1928,0
77,1929,0
77,1930,0
77,1931,0
77,1932,0
77,1933,0
77,1934,0
77,1935,0
77,1936,0
77,1937,0
77,1938,0
77,1939,0
77,1940,0
77,1941,0
77,1942,0
77,1943,0
77,1944,0
77,1945,0
77,1946,0
77,1947,0
77,1948,0
77,1949,0
77,1950,0
77,1951,0
77,1952,0
77,1953,0
77,1954,0
77,1955,0
77,1956,0
77,1957,0
77,1958,0
77,1959,0
77,1960,0
77,1961,0
77,1962,0
77,1963,0
77,1964,0
77,1965,0
77,1966,0
77,1967,0
77,1968,0
77,1969,0
77,1970,0
77,1971,0
77,1972,0
77,1973,0
77,1974,0
77,1975,0
77,1976,0
77,1977,0
77,1978,0
77,1979,0
77,1980,0
77,1981,0
77,1982,0
77,1983,0
77,1984,0
77,1985,0
77,1986,0
77,1987,0
77,1988,0
77,1989,0
77,1990,0
77,1991,0
77,1992,0
77,1993,0
77,1994,0
77,1995,0
77,1996,0
77,1997,0
77,1998,0
77,1999,0
78,2000,6
78,2001,6
78,2002,6
78,2003,6
78,2004,6
78,2005,6
78,2006,6
78,2007,6
78,2008,6
78,2009,6
78,2010,6
78,2011,6
78,2012,6
78,2013,6
78,2014,6
78,2015,6
78,2016,6
78,2017,6
78,2018,6
78,2019,6
78,2020,6.25
78,2021,6.25
78,2022,6.25
78,2023,6.25
78,2024,6.25
78,2025,6.25
78,0,0
78,1800,0
78,1838,0
78,1840,0
78,1849,0
78,1858,0
78,1864,0
78,1865,0
78,1867,0
78,1872,0
78,1875,0
78,1878,0
78,1881,0
78,1883,0
78,1884,0
78,1885,0
78,1886,0
78,1887,0
78,1888,0
78,1889,0
78,1890,0
78,1891,0
78,1892,0
78,1893,0
78,1894,0
78,1895,0
78,1896,0
78,1897,0
78,1898,0
78,1899,0
78,1900,0
78,1901,0
78,1902,0
78,1903,0
78,1904,0
78,1905,0
78,1906,0
78,1907,0
78,1908,0
78,1909,0
78,1910,0
78,1911,0
78,1912,0
78,1913,0
78,1914,0
78,1915,0
78,1916,0
78,1917,0
78,1918,0
78,1919,0
78,1920,0
78,1921,0
78,1922,0
78,1923,0
78,1924,0
78,1925,0
78,1926,0
78,1927,0
78,1928,0
78,1929,0
78,1930,0
78,1931,0
78,1932,0
78,1933,0
78,1934,0
78,1935,0
78,1936,0
78,1937,0
78,1938,0
78,1939,0
78,1940,0
78,1941,0
78,1942,0
78,1943,0
78,1944,0
78,1945,0
78,1946,0
78,1947,0
78,1948,0
78,1949,0
78,1950,0
78,1951,0
78,1952,0
78,1953,0
78,1954,0
78,1955,0
78,1956,0
78,1957,0
78,1958,0
78,1959,0
78,1960,0
78,1961,0
78,1962,0
78,1963,0
78,1964,0
78,1965,0
78,1966,0
78,1967,0
78,1968,0
78,1969,0
78,1970,0
78,1971,0
78,1972,0
78,1973,0
78,1974,0
78,1975,0
78,1976,0
78,1977,0
78,1978,0
78,1979,0
78,1980,0
78,1981,0
78,1982,0
78,1983,0
78,1984,0
78,1985,0
78,1986,0
78,1987,0
78,1988,0
78,1989,0
78,1990,0
78,1991,0
78,1992,0.5
78,1993,0.5
78,1994,0.5
78,1995,0.5
78,1996,0.5
78,1997,0.5
78,1998,0.5
78,1999,6
79,2000,7
79,2001,7
79,2002,7.5
79,2003,7.75
79,2004,8.25
79,2005,11
79,2006,11
79,2007,11
79,2008,15.25
79,2009,15.75
79,2010,15.75
79,2011,17
79,2012,17
79,2013,18.75
79,2014,18.75
79,2015,18.75
79,2016,18.75
79,2017,18.75
79,2018,21
79,2019,21
79,2020,21
79,2021,21.25
79,2022,25
79,2023,25.5
79,2024,25.5
79,2025,25.5
79,0,0
79,1800,0
79,1838,0
79,1840,0
79,1849,0
79,1858,0
79,1864,0
79,1865,0
79,1867,0
79,1872,0
79,1875,0
79,1878,0
79,1881,0
79,1883,0
79,1884,0
79,1885,0
79,1886,0
79,1887,0
79,1888,0
79,1889,0
79,1890,0
79,1891,0
79,1892,0
79,1893,0
79,1894,0
79,1895,0
79,1896,0
79,1897,0
79,1898,0
79,1899,0
79,1900,0
79,1901,0
79,1902,0
79,1903,0
79,1904,0
79,1905,0
79,1906,0
79,1907,0
79,1908,0
79,1909,0
79,1910,0
79,1911,0
79,1912,0
79,1913,0
79,1914,0
79,1915,0
79,1916,0
79,1917,0
79,1918,0
79,1919,0
79,1920,0
79,1921,0
79,1922,0
79,1923,0
79,1924,0
79,1925,0
79,1926,0
79,1927,0
79,1928,0
79,1929,0
79,1930,0
79,1931,0
79,1932,0
79,1933,0
79,1934,0
79,1935,0
79,1936,0
79,1937,0
79,1938,0
79,1939,0
79,1940,0
79,1941,0
79,1942,0
79,1943,0
79,1944,0
79,1945,0
79,1946,0
79,1947,0
79,1948,0
79,1949,0
79,1950,0
79,1951,0
79,1952,0
79,1953,0
79,1954,0
79,1955,0
79,1956,0
79,1957,0
79,1958,0
79,1959,0
79,1960,0
79,1961,0
79,1962,0
79,1963,0
79,1964,0.25
79,1965,0.5
79,1966,0.75
79,1967,0.75
79,1968,2
79,1969,2
79,1970,2
79,1971,2
79,1972,2.25
79,1973,4
79,1974,4
79,1975,4
79,1976,4
79,1977,4
79,1978,4
79,1979,4
79,1980,4.5
79,1981,4.5
79,1982,5.75
79,1983,5.75
79,1984,5.75
79,1985,5.75
79,1986,5.75
79,1987,5.75
79,1988,5.75
79,1989,5.75
79,1990,5.75
79,1991,5.75
79,1992,5.75
79,1993,5.75
79,1994,5.75
79,1995,5.75
79,1996,7
79,1997,7
79,1998,7
79,1999,7
80,2000,1548.5
80,2001,2177.75
80,2002,2499
80,2003,2519.25
80,2004,2530.75
80,2005,2534.75
80,2006,2579.5
80,2007,2583.5
80,2008,2812
80,2009,2828.5
80,2010,3411.75
80,2011,4328.75
80,2012,4329
80,2013,4329
80,2014,4329
80,2015,4329
80,2016,4329
80,2017,4329
80,2018,4329
80,2019,4329
80,2020,4329
80,2021,4329
80,2022,4329
80,2023,4329
80,2024,4329
80,2025,4329
80,0,345
80,1800,345
80,1838,345
80,1840,345
80,1849,345
80,1858,345
80,1864,345
80,1865,345
80,1867,345
80,1872,345
80,1875,345
80,1878,345
80,1881,345
80,1883,345
80,1884,345
80,1885,345
80,1886,345
80,1887,345
80,1888,345
80,1889,345
80,1890,345
80,1891,345
80,1892,345
80,1893,345
80,1894,345
80,1895,345
80,1896,345
80,1897,345
80,1898,345
80,1899,345
80,1900,345
80,1901,345
80,1902,345
80,1903,345
80,1904,345
80,1905,345
80,1906,345
80,1907,345
80,1908,345
80,1909,345
80,1910,345
80,1911,345
80,1912,345
80,1913,345
80,1914,345
80,1915,345
80,1916,345
80,1917,345
80,1918,345
80,1919,345
80,1920,345
80,1921,345
80,1922,345
80,1923,345
80,1924,345
80,1925,345
80,1926,345
80,1927,345
80,1928,345
80,1929,345
80,1930,345
80,1931,345
80,1932,345
80,1933,345
80,1934,345
80,1935,345
80,1936,345
80,1937,345
80,1938,345
80,1939,345
80,1940,345
80,1941,345
80,1942,345
80,1943,345
80,1944,345
80,1945,345
80,1946,345
80,1947,345
80,1948,345
80,1949,345
80,1950,345
80,1951,345
80,1952,345
80,1953,345
80,1954,345
80,1955,345
80,1956,345
80,1957,345
80,1958,345
80,1959,345
80,1960,345
80,1961,345
80,1962,345
80,1963,345
80,1964,345
80,1965,345
80,1966,345
80,1967,345
80,1968,345
80,1969,345
80,1970,345
80,1971,345
80,1972,345
80,1973,345
80,1974,352.75
80,1975,678
80,1976,744
80,1977,803.75
80,1978,819.5
80,1979,841
80,1980,843.5
80,1981,859.25
80,1982,886.5
80,1983,905
80,1984,943
80,1985,991
80,1986,1000
80,1987,1066
80,1988,1181.25
80,1989,1224.75
80,1990,1258.5
80,1991,1266.75
80,1992,1296
80,1993,1301.75
80,1994,1318
80,1995,1330
80,1996,1343
80,1997,1515.75
80,1998,1519.25
80,1999,1524
81,2000,73
81,2001,74
81,2002,74
81,2003,78
81,2004,78
81,2005,84.25
81,2006,84.25
81,2007,88.75
81,2008,89.75
81,2009,95
81,2010,95
81,2011,95
81,2012,95
81,2013,95
81,2014,95.75
81,2015,95.75
81,2016,139.5
81,2017,141.75
81,2018,141.75
81,2019,141.75
81,2020,141.75
81,2021,141.75
81,2022,141.75
81,2023,141.75
81,2024,141.75
81,2025,141.75
81,0,0
81,1800,0
81,1838,0
81,1840,0
81,1849,0
81,1858,0
81,1864,0
81,1865,0
81,1867,0
81,1872,0
81,1875,0
81,1878,0
81,1881,0
81,1883,0
81,1884,0
81,1885,0
81,1886,0
81,1887,0
81,1888,0
81,1889,0
81,1890,0
81,1891,0
81,1892,0
81,1893,0
81,1894,0
81,1895,0
81,1896,0
81,1897,0
81,1898,0
81,1899,0
81,1900,0
81,1901,0
81,1902,0
81,1903,0
81,1904,0
81,1905,0
81,1906,0
81,1907,0
81,1908,0
81,1909,0
81,1910,0
81,1911,0
81,1912,0
81,1913,0
81,1914,0
81,1915,0
81,1916,0
81,1917,0
81,1918,0
81,1919,0
81,1920,0
81,1921,0
81,1922,0
81,1923,0
81,1924,0
81,1925,0
81,1926,0
81,1927,0
81,1928,0
81,1929,0
81,1930,0
81,1931,0
81,1932,0
81,1933,0
81,1934,0
81,1935,0
81,1936,0
81,1937,0
81,1938,0
81,1939,0
81,1940,0
81,1941,0
81,1942,0
81,1943,0
81,1944,0
81,1945,0
81,1946,0
81,1947,0
81,1948,0
81,1949,0
81,1950,0
81,1951,0
81,1952,0
81,1953,0
81,1954,0
81,1955,0
81,1956,0
81,1957,0
81,1958,0
81,1959,0
81,1960,0
81,1961,0
81,1962,0
81,1963,0
81,1964,0
81,1965,0
81,1966,0
81,1967,0
81,1968,0
81,1969,0
81,1970,0
81,1971,0
81,1972,0
81,1973,0
81,1974,0
81,1975,0
81,1976,0
81,1977,0
81,1978,0
81,1979,0
81,1980,0
81,1981,0
81,1982,0
81,1983,0
81,1984,0.75
81,1985,0.75
81,1986,0.75
81,1987,0.75
81,1988,0.75
81,1989,3.5
81,1990,72.25
81,1991,72.25
81,1992,72.25
81,1993,72.5
81,1994,72.5
81,1995,72.5
81,1996,72.5
81,1997,72.5
81,1998,72.5
81,1999,72.5
82,2000,273.5
82,2001,273.5
82,2002,273.5
82,2003,273.5
82,2004,274
82,2005,274.25
82,2006,274.25
82,2007,281.5
82,2008,281.5
82,2009,281.5
82,2010,288.25
82,2011,288.25
82,2012,288.25
82,2013,306.5
82,2014,306.5
82,2015,306.5
82,2016,306.5
82,2017,306.5
82,2018,306.5
82,2019,306.5
82,2020,306.5
82,2021,306.5
82,2022,306.5
82,2023,306.5
82,2024,306.5
82,2025,306.5
82,0,263
82,1800,263
82,1838,263
82,1840,263
82,1849,263
82,1858,263
82,1864,263
82,1865,263
82,1867,263
82,1872,263
82,1875,263
82,1878,263
82,1881,263
82,1883,263
82,1884,263
82,1885,263
82,1886,263
82,1887,263
82,1888,263
82,1889,263
82,1890,263
82,1891,263
82,1892,263
82,1893,263
82,1894,263
82,1895,263
82,1896,263
82,1897,263
82,1898,263
82,1899,263
82,1900,263
82,1901,263
82,1902,263
82,1903,263
82,1904,263
82,1905,263
82,1906,263
82,1907,263
82,1908,263
82,1909,263
82,1910,263
82,1911,263
82,1912,263
82,1913,263
82,1914,263
82,1915,263
82,1916,263
82,1917,263
82,1918,263
82,1919,263
82,1920,263
82,1921,263
82,1922,263
82,1923,263
82,1924,263
82,1925,263
82,1926,263
82,1927,263
82,1928,263
82,1929,263
82,1930,263
82,1931,263
82,1932,263
82,1933,263
82,1934,263
82,1935,263
82,1936,263
82,1937,263
82,1938,263
82,1939,263
82,1940,263
82,1941,263
82,1942,263
82,1943,263
82,1944,263
82,1945,263
82,1946,263
82,1947,263
82,1948,263
82,1949,263
82,1950,263
82,1951,263
82,1952,263
82,1953,263
82,1954,263
82,1955,263
82,1956,263
82,1957,263
82,1958,263
82,1959,263
82,1960,263
82,1961,263
82,1962,263
82,1963,263
82,1964,263
82,1965,263
82,1966,263
82,1967,263
82,1968,263
82,1969,263
82,1970,263
82,1971,263
82,1972,263
82,1973,263
82,1974,263
82,1975,263
82,1976,263
82,1977,271.75
82,1978,271.75
82,1979,271.75
82,1980,271.75
82,1981,271.75
82,1982,271.75
82,1983,271.75
82,1984,271.75
82,1985,271.75
82,1986,271.75
82,1987,271.75
82,1988,271.75
82,1989,271.75
82,1990,271.75
82,1991,271.75
82,1992,271.75
82,1993,271.75
82,1994,271.75
82,1995,273.5
82,1996,273.5
82,1997,273.5
82,1998,273.5
82,1999,273.5
84,2000,53.75
84,2001,70
84,2002,70
84,2003,75
84,2004,77
84,2005,77
84,2006,77
84,2007,77
84,2008,77
84,2009,78.25
84,2010,78.25
84,2011,78.25
84,2012,78.25
84,2013,78.25
84,2014,78.25
84,2015,78.25
84,2016,78.25
84,2017,78.25
84,2018,78.25
84,2019,86.25
84,2020,86.25
84,2021,86.25
84,2022,86.25
84,2023,86.25
84,2024,86.25
84,2025,86.25
84,0,0
84,1800,0
84,1838,0
84,1840,0
84,1849,0
84,1858,0
84,1864,0
84,1865,0
84,1867,0
84,1872,0
84,1875,0
84,1878,0
84,1881,0
84,1883,0
84,1884,0
84,1885,0
84,1886,0
84,1887,0
84,1888,0
84,1889,0
84,1890,0
84,1891,0
84,1892,0
84,1893,0
84,1894,0
84,1895,0
84,1896,0
84,1897,0
84,1898,0
84,1899,0
84,1900,0
84,1901,0
84,1902,0
84,1903,0
84,1904,0
84,1905,0
84,1906,0
84,1907,0
84,1908,0
84,1909,0
84,1910,0
84,1911,0
84,1912,0
84,1913,0
84,1914,0
84,1915,0
84,1916,0
84,1917,0
84,1918,0
84,1919,0
84,1920,0
84,1921,0
84,1922,0
84,1923,0
84,1924,0
84,1925,0
84,1926,0
84,1927,0
84,1928,0
84,1929,0
84,1930,0
84,1931,0
84,1932,0
84,1933,0
84,1934,0
84,1935,0
84,1936,0
84,1937,0
84,1938,0
84,1939,0
84,1940,0
84,1941,0
84,1942,0
84,1943,0
84,1944,0
84,1945,0
84,1946,0
84,1947,0
84,1948,0
84,1949,0
84,1950,0
84,1951,0
84,1952,0
84,1953,0
84,1954,0
84,1955,0
84,1956,0
84,1957,0
84,1958,0
84,1959,0
84,1960,0
84,1961,0
84,1962,0
84,1963,0
84,1964,0
84,1965,0
84,1966,0
84,1967,0
84,1968,0
84,1969,0
84,1970,0
84,1971,0
84,1972,0
84,1973,0
84,1974,0
84,1975,0
84,1976,0
84,1977,0
84,1978,0
84,1979,0
84,1980,0
84,1981,0
84,1982,0
84,1983,38.75
84,1984,53.75
84,1985,53.75
84,1986,53.75
84,1987,53.75
84,1988,53.75
84,1989,53.75
84,1990,53.75
84,1991,53.75
84,1992,53.75
84,1993,53.75
84,1994,53.75
84,1995,53.75
84,1996,53.75
84,1997,53.75
84,1998,53.75
84,1999,53.75
85,2000,0
85,2001,0
85,2002,0
85,2003,0
85,2004,0
85,2005,0.25
85,2006,0.25
85,2007,0.25
85,2008,0.25
85,2009,0.25
85,2010,0.25
85,2011,0.25
85,2012,0.25
85,2013,0.25
85,2014,6
85,2015,6
85,2016,6
85,2017,6
85,2018,6
85,2019,13
85,2020,13
85,2021,13
85,2022,13
85,2023,13
85,2024,13
85,2025,13
85,0,0
85,1800,0
85,1838,0
85,1840,0
85,1849,0
85,1858,0
85,1864,0
85,1865,0
85,1867,0
85,1872,0
85,1875,0
85,1878,0
85,1881,0
85,1883,0
85,1884,0
85,1885,0
85,1886,0
85,1887,0
85,1888,0
85,1889,0
85,1890,0
85,1891,0
85,1892,0
85,1893,0
85,1894,0
85,1895,0
85,1896,0
85,1897,0
85,1898,0
85,1899,0
85,1900,0
85,1901,0
85,1902,0
85,1903,0
85,1904,0
85,1905,0
85,1906,0
85,1907,0
85,1908,0
85,1909,0
85,1910,0
85,1911,0
85,1912,0
85,1913,0
85,1914,0
85,1915,0
85,1916,0
85,1917,0
85,1918,0
85,1919,0
85,1920,0
85,1921,0
85,1922,0
85,1923,0
85,1924,0
85,1925,0
85,1926,0
85,1927,0
85,1928,0
85,1929,0
85,1930,0
85,1931,0
85,1932,0
85,1933,0
85,1934,0
85,1935,0
85,1936,0
85,1937,0
85,1938,0
85,1939,0
85,1940,0
85,1941,0
85,1942,0
85,1943,0
85,1944,0
85,1945,0
85,1946,0
85,1947,0
85,1948,0
85,1949,0
85,1950,0
85,1951,0
85,1952,0
85,1953,0
85,1954,0
85,1955,0
85,1956,0
85,1957,0
85,1958,0
85,1959,0
85,1960,0
85,1961,0
85,1962,0
85,1963,0
85,1964,0
85,1965,0
85,1966,0
85,1967,0
85,1968,0
85,1969,0
85,1970,0
85,1971,0
85,1972,0
85,1973,0
85,1974,0
85,1975,0
85,1976,0
85,1977,0
85,1978,0
85,1979,0
85,1980,0
85,1981,0
85,1982,0
85,1983,0
85,1984,0
85,1985,0
85,1986,0
85,1987,0
85,1988,0
85,1989,0
85,1990,0
85,1991,0
85,1992,0
85,1993,0
85,1994,0
85,1995,0
85,1996,0
85,1997,0
85,1998,0
85,1999,0
86,2000,0
86,2001,0
86,2002,0
86,2003,0
86,2004,0
86,2005,0
86,2006,0
86,2007,0
86,2008,0
86,2009,0
86,2010,0
86,2011,0
86,2012,0
86,2013,0
86,2014,0
86,2015,0
86,2016,0
86,2017,0
86,2018,0
86,2019,0
86,2020,0
86,2021,0
86,2022,0
86,2023,0
86,2024,0
86,2025,0
86,0,0
86,1800,0
86,1838,0
86,1840,0
86,1849,0
86,1858,0
86,1864,0
86,1865,0
86,1867,0
86,1872,0
86,1875,0
86,1878,0
86,1881,0
86,1883,0
86,1884,0
86,1885,0
86,1886,0
86,1887,0
86,1888,0
86,1889,0
86,1890,0
86,1891,0
86,1892,0
86,1893,0
86,1894,0
86,1895,0
86,1896,0
86,1897,0
86,1898,0
86,1899,0
86,1900,0
86,1901,0
86,1902,0
86,1903,0
86,1904,0
86,1905,0
86,1906,0
86,1907,0
86,1908,0
86,1909,0
86,1910,0
86,1911,0
86,1912,0
86,1913,0
86,1914,0
86,1915,0
86,1916,0
86,1917,0
86,1918,0
86,1919,0
86,1920,0
86,1921,0
86,1922,0
86,1923,0
86,1924,0
86,1925,0
86,1926,0
86,1927,0
86,1928,0
86,1929,0
86,1930,0
86,1931,0
86,1932,0
86,1933,0
86,1934,0
86,1935,0
86,1936,0
86,1937,0
86,1938,0
86,1939,0
86,1940,0
86,1941,0
86,1942,0
86,1943,0
86,1944,0
86,1945,0
86,1946,0
86,1947,0
86,1948,0
86,1949,0
86,1950,0
86,1951,0
86,1952,0
86,1953,0
86,1954,0
86,1955,0
86,1956,0
86,1957,0
86,1958,0
86,1959,0
86,1960,0
86,1961,0
86,1962,0
86,1963,0
86,1964,0
86,1965,0
86,1966,0
86,1967,0
86,1968,0
86,1969,0
86,1970,0
86,1971,0
86,1972,0
86,1973,0
86,1974,0
86,1975,0
86,1976,0
86,1977,0
86,1978,0
86,1979,0
86,1980,0
86,1981,0
86,1982,0
86,1983,0
86,1984,0
86,1985,0
86,1986,0
86,1987,0
86,1988,0
86,1989,0
86,1990,0
86,1991,0
86,1992,0
86,1993,0
86,1994,0
86,1995,0
86,1996,0
86,1997,0
86,1998,0
86,1999,0
88,2000,0
88,2001,0
88,2002,0
88,2003,0
88,2004,0
88,2005,0
88,2006,0
88,2007,0
88,2008,0
88,2009,0
88,2010,0
88,2011,0
88,2012,0
88,2013,0
88,2014,0
88,2015,0
88,2016,0
88,2017,0
88,2018,0
88,2019,0
88,2020,0
88,2021,0
88,2022,0
88,2023,0
88,2024,0
88,2025,0
88,0,0
88,1800,0
88,1838,0
88,1840,0
88,1849,0
88,1858,0
88,1864,0
88,1865,0
88,1867,0
88,1872,0
88,1875,0
88,1878,0
88,1881,0
88,1883,0
88,1884,0
88,1885,0
88,1886,0
88,1887,0
88,1888,0
88,1889,0
88,1890,0
88,1891,0
88,1892,0
88,1893,0
88,1894,0
88,1895,0
88,1896,0
88,1897,0
88,1898,0
88,1899,0
88,1900,0
88,1901,0
88,1902,0
88,1903,0
88,1904,0
88,1905,0
88,1906,0
88,1907,0
88,1908,0
88,1909,0
88,1910,0
88,1911,0
88,1912,0
88,1913,0
88,1914,0
88,1915,0
88,1916,0
88,1917,0
88,1918,0
88,1919,0
88,1920,0
88,1921,0
88,1922,0
88,1923,0
88,1924,0
88,1925,0
88,1926,0
88,1927,0
88,1928,0
88,1929,0
88,1930,0
88,1931,0
88,1932,0
88,1933,0
88,1934,0
88,1935,0
88,1936,0
88,1937,0
88,1938,0
88,1939,0
88,1940,0
88,1941,0
88,1942,0
88,1943,0
88,1944,0
88,1945,0
88,1946,0
88,1947,0
88,1948,0
88,1949,0
88,1950,0
88,1951,0
88,1952,0
88,1953,0
88,1954,0
88,1955,0
88,1956,0
88,1957,0
88,1958,0
88,1959,0
88,1960,0
88,1961,0
88,1962,0
88,1963,0
88,1964,0
88,1965,0
88,1966,0
88,1967,0
88,1968,0
88,1969,0
88,1970,0
88,1971,0
88,1972,0
88,1973,0
88,1974,0
88,1975,0
88,1976,0
88,1977,0
88,1978,0
88,1979,0
88,1980,0
88,1981,0
88,1982,0
88,1983,0
88,1984,0
88,1985,0
88,1986,0
88,1987,0
88,1988,0
88,1989,0
88,1990,0
88,1991,0
88,1992,0
88,1993,0
88,1994,0
88,1995,0
88,1996,0
88,1997,0
88,1998,0
88,1999,0
89,2000,0
89,2001,0
89,2002,0
89,2003,0
89,2004,0
89,2005,0
89,2006,0
89,2007,0
89,2008,0
89,2009,0
89,2010,0
89,2011,0
89,2012,389.75
89,2013,389.75
89,2014,389.75
89,2015,389.75
89,2016,389.75
89,2017,389.75
89,2018,389.75
89,2019,389.75
89,2020,389.75
89,2021,389.75
89,2022,389.75
89,2023,389.75
89,2024,389.75
89,2025,389.75
89,0,0
89,1800,0
89,1838,0
89,1840,0
89,1849,0
89,1858,0
89,1864,0
89,1865,0
89,1867,0
89,1872,0
89,1875,0
89,1878,0
89,1881,0
89,1883,0
89,1884,0
89,1885,0
89,1886,0
89,1887,0
89,1888,0
89,1889,0
89,1890,0
89,1891,0
89,1892,0
89,1893,0
89,1894,0
89,1895,0
89,1896,0
89,1897,0
89,1898,0
89,1899,0
89,1900,0
89,1901,0
89,1902,0
89,1903,0
89,1904,0
89,1905,0
89,1906,0
89,1907,0
89,1908,0
89,1909,0
89,1910,0
89,1911,0
89,1912,0
89,1913,0
89,1914,0
89,1915,0
89,1916,0
89,1917,0
89,1918,0
89,1919,0
89,1920,0
89,1921,0
89,1922,0
89,1923,0
89,1924,0
89,1925,0
89,1926,0
89,1927,0
89,1928,0
89,1929,0
89,1930,0
89,1931,0
89,1932,0
89,1933,0
89,1934,0
89,1935,0
89,1936,0
89,1937,0
89,1938,0
89,1939,0
89,1940,0
89,1941,0
89,1942,0
89,1943,0
89,1944,0
89,1945,0
89,1946,0
89,1947,0
89,1948,0
89,1949,0
89,1950,0
89,1951,0
89,1952,0
89,1953,0
89,1954,0
89,1955,0
89,1956,0
89,1957,0
89,1958,0
89,1959,0
89,1960,0
89,1961,0
89,1962,0
89,1963,0
89,1964,0
89,1965,0
89,1966,0
89,1967,0
89,1968,0
89,1969,0
89,1970,0
89,1971,0
89,1972,0
89,1973,0
89,1974,0
89,1975,0
89,1976,0
89,1977,0
89,1978,0
89,1979,0
89,1980,0
89,1981,0
89,1982,0
89,1983,0
89,1984,0
89,1985,0
89,1986,0
89,1987,0
89,1988,0
89,1989,0
89,1990,0
89,1991,0
89,1992,0
89,1993,0
89,1994,0
89,1995,0
89,1996,0
89,1997,0
89,1998,0
89,1999,0
90,2000,84.75
90,2001,84.75
90,2002,84.75
90,2003,84.75
90,2004,84.75
90,2005,84.75
90,2006,84.75
90,2007,84.75
90,2008,84.75
90,2009,84.75
90,2010,84.75
90,2011,84.75
90,2012,84.75
90,2013,93
90,2014,93
90,2015,93
90,2016,93
90,2017,93
90,2018,93
90,2019,93
90,2020,93
90,2021,93
90,2022,93
90,2023,93
90,2024,93
90,2025,93
90,0,0
90,1800,0
90,1838,0
90,1840,0
90,1849,0
90,1858,0
90,1864,0
90,1865,0
90,1867,0
90,1872,0
90,1875,0
90,1878,0
90,1881,0
90,1883,0
90,1884,0
90,1885,0
90,1886,0
90,1887,0
90,1888,0
90,1889,0
90,1890,0
90,1891,0
90,1892,0
90,1893,0
90,1894,0
90,1895,0
90,1896,0
90,1897,0
90,1898,0
90,1899,0
90,1900,0
90,1901,0
90,1902,0
90,1903,0
90,1904,0
90,1905,0
90,1906,0
90,1907,0
90,1908,0
90,1909,0
90,1910,0
90,1911,0
90,1912,0
90,1913,0
90,1914,0
90,1915,0
90,1916,0
90,1917,0
90,1918,0
90,1919,0
90,1920,0
90,1921,0
90,1922,0
90,1923,0
90,1924,0
90,1925,0
90,1926,0
90,1927,0
90,1928,0
90,1929,0
90,1930,0
90,1931,0
90,1932,0
90,1933,0
90,1934,0
90,1935,0
90,1936,0
90,1937,0
90,1938,0
90,1939,0
90,1940,0
90,1941,0
90,1942,0
90,1943,0
90,1944,0
90,1945,0
90,1946,0
90,1947,0
90,1948,0
90,1949,0
90,1950,0
90,1951,0
90,1952,0
90,1953,0
90,1954,0
90,1955,0
90,1956,0
90,1957,0
90,1958,0
90,1959,0
90,1960,0
90,1961,0
90,1962,0
90,1963,0
90,1964,0
90,1965,0
90,1966,0
90,1967,0
90,1968,0
90,1969,0
90,1970,0
90,1971,0
90,1972,0
90,1973,0
90,1974,0
90,1975,0
90,1976,0
90,1977,0
90,1978,0
90,1979,0
90,1980,0
90,1981,0
90,1982,0
90,1983,0
90,1984,0
90,1985,0
90,1986,0
90,1987,0
90,1988,0
90,1989,0
90,1990,0
90,1991,0
90,1992,0
90,1993,0
90,1994,0
90,1995,84.75
90,1996,84.75
90,1997,84.75
90,1998,84.75
90,1999,84.75
91,2000,0
91,2001,0
91,2002,0
91,2003,0
91,2004,0
91,2005,0
91,2006,141.5
91,2007,141.5
91,2008,141.5
91,2009,141.5
91,2010,141.5
91,2011,141.5
91,2012,141.5
91,2013,141.5
91,2014,141.5
91,2015,141.5
91,2016,141.5
91,2017,141.5
91,2018,141.5
91,2019,141.5
91,2020,141.5
91,2021,141.5
91,2022,141.5
91,2023,141.5
91,2024,141.5
91,2025,141.5
91,0,0
91,1800,0
91,1838,0
91,1840,0
91,1849,0
91,1858,0
91,1864,0
91,1865,0
91,1867,0
91,1872,0
91,1875,0
91,1878,0
91,1881,0
91,1883,0
91,1884,0
91,1885,0
91,1886,0
91,1887,0
91,1888,0
91,1889,0
91,1890,0
91,1891,0
91,1892,0
91,1893,0
91,1894,0
91,1895,0
91,1896,0
91,1897,0
91,1898,0
91,1899,0
91,1900,0
91,1901,0
91,1902,0
91,1903,0
91,1904,0
91,1905,0
91,1906,0
91,1907,0
91,1908,0
91,1909,0
91,1910,0
91,1911,0
91,1912,0
91,1913,0
91,1914,0
91,1915,0
91,1916,0
91,1917,0
91,1918,0
91,1919,0
91,1920,0
91,1921,0
91,1922,0
91,1923,0
91,1924,0
91,1925,0
91,1926,0
91,1927,0
91,1928,0
91,1929,0
91,1930,0
91,1931,0
91,1932,0
91,1933,0
91,1934,0
91,1935,0
91,1936,0
91,1937,0
91,1938,0
91,1939,0
91,1940,0
91,1941,0
91,1942,0
91,1943,0
91,1944,0
91,1945,0
91,1946,0
91,1947,0
91,1948,0
91,1949,0
91,1950,0
91,1951,0
91,1952,0
91,1953,0
91,1954,0
91,1955,0
91,1956,0
91,1957,0
91,1958,0
91,1959,0
91,1960,0
91,1961,0
91,1962,0
91,1963,0
91,1964,0
91,1965,0
91,1966,0
91,1967,0
91,1968,0
91,1969,0
91,1970,0
91,1971,0
91,1972,0
91,1973,0
91,1974,0
91,1975,0
91,1976,0
91,1977,0
91,1978,0
91,1979,0
91,1980,0
91,1981,0
91,1982,0
91,1983,0
91,1984,0
91,1985,0
91,1986,0
91,1987,0
91,1988,0
91,1989,0
91,1990,0
91,1991,0
91,1992,0
91,1993,0
91,1994,0
91,1995,0
91,1996,0
91,1997,0
91,1998,0
91,1999,0
92,2000,0
92,2001,0
92,2002,0
92,2003,0
92,2004,0
92,2005,0
92,2006,36
92,2007,36
92,2008,36
92,2009,36
92,2010,36
92,2011,36
92,2012,36
92,2013,36
92,2014,36
92,2015,36
92,2016,36
92,2017,36
92,2018,36
92,2019,36
92,2020,36
92,2021,36
92,2022,36
92,2023,36
92,2024,36
92,2025,36
92,0,0
92,1800,0
92,1838,0
92,1840,0
92,1849,0
92,1858,0
92,1864,0
92,1865,0
92,1867,0
92,1872,0
92,1875,0
92,1878,0
92,1881,0
92,1883,0
92,1884,0
92,1885,0
92,1886,0
92,1887,0
92,1888,0
92,1889,0
92,1890,0
92,1891,0
92,1892,0
92,1893,0
92,1894,0
92,1895,0
92,1896,0
92,1897,0
92,1898,0
92,1899,0
92,1900,0
92,1901,0
92,1902,0
92,1903,0
92,1904,0
92,1905,0
92,1906,0
92,1907,0
92,1908,0
92,1909,0
92,1910,0
92,1911,0
92,1912,0
92,1913,0
92,1914,0
92,1915,0
92,1916,0
92,1917,0
92,1918,0
92,1919,0
92,1920,0
92,1921,0
92,1922,0
92,1923,0
92,1924,0
92,1925,0
92,1926,0
92,1927,0
92,1928,0
92,1929,0
92,1930,0
92,1931,0
92,1932,0
92,1933,0
92,1934,0
92,1935,0
92,1936,0
92,1937,0
92,1938,0
92,1939,0
92,1940,0
92,1941,0
92,1942,0
92,1943,0
92,1944,0
92,1945,0
92,1946,0
92,1947,0
92,1948,0
92,1949,0
92,1950,0
92,1951,0
92,1952,0
92,1953,0
92,1954,0
92,1955,0
92,1956,0
92,1957,0
92,1958,0
92,1959,0
92,1960,0
92,1961,0
92,1962,0
92,1963,0
92,1964,0
92,1965,0
92,1966,0
92,1967,0
92,1968,0
92,1969,0
92,1970,0
92,1971,0
92,1972,0
92,1973,0
92,1974,0
92,1975,0
92,1976,0
92,1977,0
92,1978,0
92,1979,0
92,1980,0
92,1981,0
92,1982,0
92,1983,0
92,1984,0
92,1985,0
92,1986,0
92,1987,0
92,1988,0
92,1989,0
92,1990,0
92,1991,0
92,1992,0
92,1993,0
92,1994,0
92,1995,0
92,1996,0
92,1997,0
92,1998,0
92,1999,0
93,2000,0
93,2001,0
93,2002,0
93,2003,0
93,2004,0
93,2005,0
93,2006,2068
93,2007,2068
93,2008,2068
93,2009,2068
93,2010,2068
93,2011,2068
93,2012,2068
93,2013,2068
93,2014,2068
93,2015,2068
93,2016,2068
93,2017,2068
93,2018,2068
93,2019,2068
93,2020,2068
93,2021,2068
93,2022,2068
93,2023,2068
93,2024,2068
93,2025,2068
93,0,0
93,1800,0
93,1838,0
93,1840,0
93,1849,0
93,1858,0
93,1864,0
93,1865,0
93,1867,0
93,1872,0
93,1875,0
93,1878,0
93,1881,0
93,1883,0
93,1884,0
93,1885,0
93,1886,0
93,1887,0
93,1888,0
93,1889,0
93,1890,0
93,1891,0
93,1892,0
93,1893,0
93,1894,0
93,1895,0
93,1896,0
93,1897,0
93,1898,0
93,1899,0
93,1900,0
93,1901,0
93,1902,0
93,1903,0
93,1904,0
93,1905,0
93,1906,0
93,1907,0
93,1908,0
93,1909,0
93,1910,0
93,1911,0
93,1912,0
93,1913,0
93,1914,0
93,1915,0
93,1916,0
93,1917,0
93,1918,0
93,1919,0
93,1920,0
93,1921,0
93,1922,0
93,1923,0
93,1924,0
93,1925,0
93,1926,0
93,1927,0
93,1928,0
93,1929,0
93,1930,0
93,1931,0
93,1932,0
93,1933,0
93,1934,0
93,1935,0
93,1936,0
93,1937,0
93,1938,0
93,1939,0
93,1940,0
93,1941,0
93,1942,0
93,1943,0
93,1944,0
93,1945,0
93,1946,0
93,1947,0
93,1948,0
93,1949,0
93,1950,0
93,1951,0
93,1952,0
93,1953,0
93,1954,0
93,1955,0
93,1956,0
93,1957,0
93,1958,0
93,1959,0
93,1960,0
93,1961,0
93,1962,0
93,1963,0
93,1964,0
93,1965,0
93,1966,0
93,1967,0
93,1968,0
93,1969,0
93,1970,0
93,1971,0
93,1972,0
93,1973,0
93,1974,0
93,1975,0
93,1976,0
93,1977,0
93,1978,0
93,1979,0
93,1980,0
93,1981,0
93,1982,0
93,1983,0
93,1984,0
93,1985,0
93,1986,0
93,1987,0
93,1988,0
93,1989,0
93,1990,0
93,1991,0
93,1992,0
93,1993,0
93,1994,0
93,1995,0
93,1996,0
93,1997,0
93,1998,0
93,1999,0
94,2000,0
94,2001,0
94,2002,105.75
94,2003,105.75
94,2004,105.75
94,2005,105.75
94,2006,105.75
94,2007,105.75
94,2008,105.75
94,2009,105.75
94,2010,105.75
94,2011,105.75
94,2012,105.75
94,2013,105.75
94,2014,105.75
94,2015,105.75
94,2016,105.75
94,2017,105.75
94,2018,105.75
94,2019,105.75
94,2020,105.75
94,2021,105.75
94,2022,105.75
94,2023,105.75
94,2024,105.75
94,2025,105.75
94,0,0
94,1800,0
94,1838,0
94,1840,0
94,1849,0
94,1858,0
94,1864,0
94,1865,0
94,1867,0
94,1872,0
94,1875,0
94,1878,0
94,1881,0
94,1883,0
94,1884,0
94,1885,0
94,1886,0
94,1887,0
94,1888,0
94,1889,0
94,1890,0
94,1891,0
94,1892,0
94,1893,0
94,1894,0
94,1895,0
94,1896,0
94,1897,0
94,1898,0
94,1899,0
94,1900,0
94,1901,0
94,1902,0
94,1903,0
94,1904,0
94,1905,0
94,1906,0
94,1907,0
94,1908,0
94,1909,0
94,1910,0
94,1911,0
94,1912,0
94,1913,0
94,1914,0
94,1915,0
94,1916,0
94,1917,0
94,1918,0
94,1919,0
94,1920,0
94,1921,0
94,1922,0
94,1923,0
94,1924,0
94,1925,0
94,1926,0
94,1927,0
94,1928,0
94,1929,0
94,1930,0
94,1931,0
94,1932,0
94,1933,0
94,1934,0
94,1935,0
94,1936,0
94,1937,0
94,1938,0
94,1939,0
94,1940,0
94,1941,0
94,1942,0
94,1943,0
94,1944,0
94,1945,0
94,1946,0
94,1947,0
94,1948,0
94,1949,0
94,1950,0
94,1951,0
94,1952,0
94,1953,0
94,1954,0
94,1955,0
94,1956,0
94,1957,0
94,1958,0
94,1959,0
94,1960,0
94,1961,0
94,1962,0
94,1963,0
94,1964,0
94,1965,0
94,1966,0
94,1967,0
94,1968,0
94,1969,0
94,1970,0
94,1971,0
94,1972,0
94,1973,0
94,1974,0
94,1975,0
94,1976,0
94,1977,0
94,1978,0
94,1979,0
94,1980,0
94,1981,0
94,1982,0
94,1983,0
94,1984,0
94,1985,0
94,1986,0
94,1987,0
94,1988,0
94,1989,0
94,1990,0
94,1991,0
94,1992,0
94,1993,0
94,1994,0
94,1995,0
94,1996,0
94,1997,0
94,1998,0
94,1999,0
95,2000,33
95,2001,44.25
95,2002,44.25
95,2003,44.25
95,2004,44.25
95,2005,44.25
95,2006,44.25
95,2007,44.25
95,2008,44.25
95,2009,44.25
95,2010,44.25
95,2011,44.25
95,2012,44.25
95,2013,44.25
95,2014,44.25
95,2015,44.25
95,2016,44.25
95,2017,44.25
95,2018,44.25
95,2019,44.25
95,2020,44.25
95,2021,44.25
95,2022,44.25
95,2023,44.25
95,2024,44.25
95,2025,44.25
95,0,19.5
95,1800,19.5
95,1838,19.5
95,1840,19.5
95,1849,19.5
95,1858,19.5
95,1864,19.5
95,1865,19.5
95,1867,19.5
95,1872,19.5
95,1875,19.5
95,1878,19.5
95,1881,19.5
95,1883,19.5
95,1884,19.5
95,1885,19.5
95,1886,19.5
95,1887,19.5
95,1888,19.5
95,1889,19.5
95,1890,19.5
95,1891,19.5
95,1892,19.5
95,1893,19.5
95,1894,19.5
95,1895,19.5
95,1896,19.5
95,1897,19.5
95,1898,19.5
95,1899,19.5
95,1900,19.5
95,1901,19.5
95,1902,19.5
95,1903,19.5
95,1904,19.5
95,1905,19.5
95,1906,19.5
95,1907,19.5
95,1908,19.5
95,1909,19.5
95,1910,19.5
95,1911,19.5
95,1912,19.5
95,1913,19.5
95,1914,19.5
95,1915,19.5
95,1916,19.5
95,1917,19.5
95,1918,19.5
95,1919,19.5
95,1920,19.5
95,1921,19.5
95,1922,19.5
95,1923,19.5
95,1924,19.5
95,1925,19.5
95,1926,19.5
95,1927,19.5
95,1928,19.5
95,1929,19.5
95,1930,19.5
95,1931,19.5
95,1932,19.5
95,1933,19.5
95,1934,19.5
95,1935,19.5
95,1936,19.5
95,1937,19.5
95,1938,19.5
95,1939,19.5
95,1940,19.5
95,1941,19.5
95,1942,19.5
95,1943,19.5
95,1944,19.5
95,1945,19.5
95,1946,19.5
95,1947,19.5
95,1948,19.5
95,1949,19.5
95,1950,19.5
95,1951,19.5
95,1952,19.5
95,1953,19.5
95,1954,19.5
95,1955,19.5
95,1956,19.5
95,1957,19.5
95,1958,19.5
95,1959,19.5
95,1960,19.5
95,1961,19.5
95,1962,19.5
95,1963,19.5
95,1964,19.5
95,1965,19.5
95,1966,24
95,1967,24
95,1968,24
95,1969,24
95,1970,24
95,1971,24
95,1972,24
95,1973,30.75
95,1974,30.75
95,1975,30.75
95,1976,30.75
95,1977,30.75
95,1978,33
95,1979,33
95,1980,33
95,1981,33
95,1982,33
95,1983,33
95,1984,33
95,1985,33
95,1986,33
95,1987,33
95,1988,33
95,1989,33
95,1990,33
95,1991,33
95,1992,33
95,1993,33
95,1994,33
95,1995,33
95,1996,33
95,1997,33
95,1998,33
95,1999,33
96,2000,188.5
96,2001,188.5
96,2002,188.5
96,2003,188.75
96,2004,188.75
96,2005,188.75
96,2006,188.75
96,2007,188.75
96,2008,188.75
96,2009,188.75
96,2010,188.75
96,2011,188.75
96,2012,577.75
96,2013,577.75
96,2014,577.75
96,2015,577.75
96,2016,577.75
96,2017,577.75
96,2018,577.75
96,2019,577.75
96,2020,577.75
96,2021,577.75
96,2022,577.75
96,2023,577.75
96,2024,577.75
96,2025,577.75
96,0,0
96,1800,0
96,1838,0
96,1840,0
96,1849,0
96,1858,0
96,1864,0
96,1865,0
96,1867,0
96,1872,0
96,1875,0
96,1878,0
96,1881,0
96,1883,0
96,1884,0
96,1885,0
96,1886,0
96,1887,0
96,1888,0
96,1889,0
96,1890,0
96,1891,0
96,1892,0
96,1893,0
96,1894,0
96,1895,0
96,1896,0
96,1897,0
96,1898,0
96,1899,0
96,1900,0
96,1901,0
96,1902,0
96,1903,0
96,1904,0
96,1905,0
96,1906,0
96,1907,0
96,1908,0
96,1909,0
96,1910,0
96,1911,0
96,1912,0
96,1913,0
96,1914,0
96,1915,0
96,1916,0
96,1917,0
96,1918,0
96,1919,0
96,1920,0
96,1921,0
96,1922,0
96,1923,0
96,1924,0
96,1925,0
96,1926,0
96,1927,0
96,1928,0
96,1929,0
96,1930,0
96,1931,0
96,1932,0
96,1933,0
96,1934,0
96,1935,0
96,1936,0
96,1937,0.25
96,1938,0.25
96,1939,0.25
96,1940,0.25
96,1941,0.25
96,1942,0.25
96,1943,0.25
96,1944,0.25
96,1945,0.25
96,1946,0.25
96,1947,0.25
96,1948,0.25
96,1949,0.25
96,1950,0.25
96,1951,0.25
96,1952,0.25
96,1953,0.25
96,1954,0.25
96,1955,0.25
96,1956,0.25
96,1957,0.25
96,1958,0.25
96,1959,0.25
96,1960,0.25
96,1961,0.25
96,1962,0.25
96,1963,0.25
96,1964,0.25
96,1965,0.25
96,1966,0.25
96,1967,0.25
96,1968,0.25
96,1969,0.25
96,1970,0.25
96,1971,0.25
96,1972,0.25
96,1973,0.25
96,1974,0.25
96,1975,0.25
96,1976,0.25
96,1977,0.25
96,1978,0.25
96,1979,0.25
96,1980,0.25
96,1981,0.25
96,1982,0.25
96,1983,0.25
96,1984,0.25
96,1985,0.25
96,1986,0.25
96,1987,0.25
96,1988,0.25
96,1989,0.25
96,1990,0.25
96,1991,0.25
96,1992,0.25
96,1993,0.25
96,1994,0.25
96,1995,0.25
96,1996,0.25
96,1997,0.25
96,1998,0.25
96,1999,188.5
97,2000,0
97,2001,0
97,2002,0
97,2003,147.25
97,2004,147.25
97,2005,147.25
97,2006,147.25
97,2007,147.25
97,2008,147.25
97,2009,147.25
97,2010,147.25
97,2011,147.25
97,2012,147.25
97,2013,147.25
97,2014,147.25
97,2015,147.25
97,2016,147.25
97,2017,147.25
97,2018,147.25
97,2019,147.25
97,2020,147.25
97,2021,147.25
97,2022,147.25
97,2023,147.25
97,2024,147.25
97,2025,147.25
97,0,0
97,1800,0
97,1838,0
97,1840,0
97,1849,0
97,1858,0
97,1864,0
97,1865,0
97,1867,0
97,1872,0
97,1875,0
97,1878,0
97,1881,0
97,1883,0
97,1884,0
97,1885,0
97,1886,0
97,1887,0
97,1888,0
97,1889,0
97,1890,0
97,1891,0
97,1892,0
97,1893,0
97,1894,0
97,1895,0
97,1896,0
97,1897,0
97,1898,0
97,1899,0
97,1900,0
97,1901,0
97,1902,0
97,1903,0
97,1904,0
97,1905,0
97,1906,0
97,1907,0
97,1908,0
97,1909,0
97,1910,0
97,1911,0
97,1912,0
97,1913,0
97,1914,0
97,1915,0
97,1916,0
97,1917,0
97,1918,0
97,1919,0
97,1920,0
97,1921,0
97,1922,0
97,1923,0
97,1924,0
97,1925,0
97,1926,0
97,1927,0
97,1928,0
97,1929,0
97,1930,0
97,1931,0
97,1932,0
97,1933,0
97,1934,0
97,1935,0
97,1936,0
97,1937,0
97,1938,0
97,1939,0
97,1940,0
97,1941,0
97,1942,0
97,1943,0
97,1944,0
97,1945,0
97,1946,0
97,1947,0
97,1948,0
97,1949,0
97,1950,0
97,1951,0
97,1952,0
97,1953,0
97,1954,0
97,1955,0
97,1956,0
97,1957,0
97,1958,0
97,1959,0
97,1960,0
97,1961,0
97,1962,0
97,1963,0
97,1964,0
97,1965,0
97,1966,0
97,1967,0
97,1968,0
97,1969,0
97,1970,0
97,1971,0
97,1972,0
97,1973,0
97,1974,0
97,1975,0
97,1976,0
97,1977,0
97,1978,0
97,1979,0
97,1980,0
97,1981,0
97,1982,0
97,1983,0
97,1984,0
97,1985,0
97,1986,0
97,1987,0
97,1988,0
97,1989,0
97,1990,0
97,1991,0
97,1992,0
97,1993,0
97,1994,0
97,1995,0
97,1996,0
97,1997,0
97,1998,0
97,1999,0
98,2000,0
98,2001,0
98,2002,0
98,2003,0
98,2004,0
98,2005,0
98,2006,0
98,2007,0
98,2008,0
98,2009,0
98,2010,0
98,2011,0
98,2012,0
98,2013,0
98,2014,0
98,2015,0
98,2016,0
98,2017,0
98,2018,0
98,2019,0
98,2020,0
98,2021,0
98,2022,0
98,2023,0
98,2024,0
98,2025,0
98,0,0
98,1800,0
98,1838,0
98,1840,0
98,1849,0
98,1858,0
98,1864,0
98,1865,0
98,1867,0
98,1872,0
98,1875,0
98,1878,0
98,1881,0
98,1883,0
98,1884,0
98,1885,0
98,1886,0
98,1887,0
98,1888,0
98,1889,0
98,1890,0
98,1891,0
98,1892,0
98,1893,0
98,1894,0
98,1895,0
98,1896,0
98,1897,0
98,1898,0
98,1899,0
98,1900,0
98,1901,0
98,1902,0
98,1903,0
98,1904,0
98,1905,0
98,1906,0
98,1907,0
98,1908,0
98,1909,0
98,1910,0
98,1911,0
98,1912,0
98,1913,0
98,1914,0
98,1915,0
98,1916,0
98,1917,0
98,1918,0
98,1919,0
98,1920,0
98,1921,0
98,1922,0
98,1923,0
98,1924,0
98,1925,0
98,1926,0
98,1927,0
98,1928,0
98,1929,0
98,1930,0
98,1931,0
98,1932,0
98,1933,0
98,1934,0
98,1935,0
98,1936,0
98,1937,0
98,1938,0
98,1939,0
98,1940,0
98,1941,0
98,1942,0
98,1943,0
98,1944,0
98,1945,0
98,1946,0
98,1947,0
98,1948,0
98,1949,0
98,1950,0
98,1951,0
98,1952,0
98,1953,0
98,1954,0
98,1955,0
98,1956,0
98,1957,0
98,1958,0
98,1959,0
98,1960,0
98,1961,0
98,1962,0
98,1963,0
98,1964,0
98,1965,0
98,1966,0
98,1967,0
98,1968,0
98,1969,0
98,1970,0
98,1971,0
98,1972,0
98,1973,0
98,1974,0
98,1975,0
98,1976,0
98,1977,0
98,1978,0
98,1979,0
98,1980,0
98,1981,0
98,1982,0
98,1983,0
98,1984,0
98,1985,0
98,1986,0
98,1987,0
98,1988,0
98,1989,0
98,1990,0
98,1991,0
98,1992,0
98,1993,0
98,1994,0
98,1995,0
98,1996,0
98,1997,0
98,1998,0
98,1999,0
99,2000,0
99,2001,0
99,2002,0
99,2003,0
99,2004,0
99,2005,0
99,2006,0
99,2007,0
99,2008,0
99,2009,0
99,2010,0
99,2011,0
99,2012,0
99,2013,0
99,2014,0
99,2015,0
99,2016,0
99,2017,0
99,2018,0
99,2019,0
99,2020,0
99,2021,0
99,2022,0
99,2023,0
99,2024,0
99,2025,0
99,0,0
99,1800,0
99,1838,0
99,1840,0
99,1849,0
99,1858,0
99,1864,0
99,1865,0
99,1867,0
99,1872,0
99,1875,0
99,1878,0
99,1881,0
99,1883,0
99,1884,0
99,1885,0
99,1886,0
99,1887,0
99,1888,0
99,1889,0
99,1890,0
99,1891,0
99,1892,0
99,1893,0
99,1894,0
99,1895,0
99,1896,0
99,1897,0
99,1898,0
99,1899,0
99,1900,0
99,1901,0
99,1902,0
99,1903,0
99,1904,0
99,1905,0
99,1906,0
99,1907,0
99,1908,0
99,1909,0
99,1910,0
99,1911,0
99,1912,0
99,1913,0
99,1914,0
99,1915,0
99,1916,0
99,1917,0
99,1918,0
99,1919,0
99,1920,0
99,1921,0
99,1922,0
99,1923,0
99,1924,0
99,1925,0
99,1926,0
99,1927,0
99,1928,0
99,1929,0
99,1930,0
99,1931,0
99,1932,0
99,1933,0
99,1934,0
99,1935,0
99,1936,0
99,1937,0
99,1938,0
99,1939,0
99,1940,0
99,1941,0
99,1942,0
99,1943,0
99,1944,0
99,1945,0
99,1946,0
99,1947,0
99,1948,0
99,1949,0
99,1950,0
99,1951,0
99,1952,0
99,1953,0
99,1954,0
99,1955,0
99,1956,0
99,1957,0
99,1958,0
99,1959,0
99,1960,0
99,1961,0
99,1962,0
99,1963,0
99,1964,0
99,1965,0
99,1966,0
99,1967,0
99,1968,0
99,1969,0
99,1970,0
99,1971,0
99,1972,0
99,1973,0
99,1974,0
99,1975,0
99,1976,0
99,1977,0
99,1978,0
99,1979,0
99,1980,0
99,1981,0
99,1982,0
99,1983,0
99,1984,0
99,1985,0
99,1986,0
99,1987,0
99,1988,0
99,1989,0
99,1990,0
99,1991,0
99,1992,0
99,1993,0
99,1994,0
99,1995,0
99,1996,0
99,1997,0
99,1998,0
99,1999,0
100,2000,47.75
100,2001,47.75
100,2002,47.75
100,2003,47.75
100,2004,47.75
100,2005,47.75
100,2006,47.75
100,2007,47.75
100,2008,47.75
100,2009,47.75
100,2010,47.75
100,2011,47.75
100,2012,47.75
100,2013,47.75
100,2014,47.75
100,2015,47.75
100,2016,47.75
100,2017,64.25
100,2018,64.25
100,2019,64.25
100,2020,64.25
100,2021,64.25
100,2022,64.25
100,2023,64.25
100,2024,64.25
100,2025,64.25
100,0,0
100,1800,0
100,1838,0
100,1840,0
100,1849,0
100,1858,0
100,1864,0
100,1865,0
100,1867,0
100,1872,0
100,1875,0
100,1878,0
100,1881,0
100,1883,0
100,1884,0
100,1885,0
100,1886,0
100,1887,0
100,1888,0
100,1889,0
100,1890,0
100,1891,0
100,1892,0
100,1893,0
100,1894,0
100,1895,0
100,1896,0
100,1897,0
100,1898,0
100,1899,0
100,1900,0
100,1901,0
100,1902,0
100,1903,0
100,1904,0
100,1905,0
100,1906,0
100,1907,0
100,1908,0
100,1909,0
100,1910,0
100,1911,0
100,1912,0
100,1913,0
100,1914,0
100,1915,0
100,1916,0
100,1917,0
100,1918,0
100,1919,0
100,1920,0
100,1921,0
100,1922,0
100,1923,0
100,1924,0
100,1925,0
100,1926,0
100,1927,0
100,1928,0
100,1929,0
100,1930,0
100,1931,0
100,1932,0
100,1933,0
100,1934,0
100,1935,0
100,1936,0
100,1937,0
100,1938,0
100,1939,0
100,1940,0
100,1941,0
100,1942,0
100,1943,0
100,1944,0
100,1945,0
100,1946,0
100,1947,0
100,1948,0
100,1949,0
100,1950,0
100,1951,0
100,1952,0
100,1953,0
100,1954,0
100,1955,0
100,1956,0
100,1957,0
100,1958,0
100,1959,0
100,1960,0
100,1961,0
100,1962,0
100,1963,0
100,1964,0
100,1965,0
100,1966,0
100,1967,0
100,1968,0
100,1969,0
100,1970,0
100,1971,0
100,1972,0
100,1973,0
100,1974,0
100,1975,0
100,1976,0
100,1977,0
100,1978,0
100,1979,0
100,1980,0
100,1981,0
100,1982,0
100,1983,0
100,1984,0
100,1985,0
100,1986,0
100,1987,0
100,1988,0
100,1989,0
100,1990,0
100,1991,0
100,1992,0
100,1993,0
100,1994,0
100,1995,0
100,1996,0
100,1997,0
100,1998,0
100,1999,47.75
101,2000,749.25
101,2001,749.25
101,2002,749.25
101,2003,749.25
101,2004,749.25
101,2005,749.25
101,2006,749.25
101,2007,749.25
101,2008,1092.5
101,2009,1238.5
101,2010,1402.25
101,2011,1402.25
101,2012,1402.25
101,2013,1402.25
101,2014,1402.25
101,2015,1402.25
101,2016,1402.25
101,2017,1402.25
101,2018,1403
101,2019,1403
101,2020,1403
101,2021,1403
101,2022,1403
101,2023,1403
101,2024,1403
101,2025,1403
101,0,0
101,1800,0
101,1838,0
101,1840,0
101,1849,0
101,1858,0
101,1864,0
101,1865,0
101,1867,0
101,1872,0
101,1875,0
101,1878,0
101,1881,0
101,1883,0
101,1884,0
101,1885,0
101,1886,0
101,1887,0
101,1888,0
101,1889,0
101,1890,0
101,1891,0
101,1892,0
101,1893,0
101,1894,0
101,1895,0
101,1896,0
101,1897,0
101,1898,0
101,1899,0
101,1900,0
101,1901,0
101,1902,0
101,1903,0
101,1904,0
101,1905,0
101,1906,0
101,1907,0
101,1908,0
101,1909,0
101,1910,0
101,1911,0
101,1912,0
101,1913,0
101,1914,0
101,1915,0
101,1916,0
101,1917,0
101,1918,0
101,1919,0
101,1920,0
101,1921,0
101,1922,0
101,1923,0
101,1924,0
101,1925,0
101,1926,0
101,1927,0
101,1928,0
101,1929,0
101,1930,0
101,1931,0
101,1932,0
101,1933,0
101,1934,0
101,1935,0
101,1936,0
101,1937,0
101,1938,0
101,1939,0
101,1940,0
101,1941,0
101,1942,0
101,1943,0
101,1944,0
101,1945,0
101,1946,0
101,1947,0
101,1948,0
101,1949,0
101,1950,0
101,1951,0
101,1952,0
101,1953,0
101,1954,0
101,1955,0
101,1956,0
101,1957,0
101,1958,0
101,1959,0
101,1960,0
101,1961,0
101,1962,0
101,1963,0
101,1964,0
101,1965,0
101,1966,0
101,1967,0
101,1968,0
101,1969,5.75
101,1970,5.75
101,1971,5.75
101,1972,5.75
101,1973,466
101,1974,466
101,1975,466
101,1976,466
101,1977,466
101,1978,466
101,1979,466
101,1980,466
101,1981,466
101,1982,466
101,1983,466
101,1984,466
101,1985,466
101,1986,725.25
101,1987,725.25
101,1988,725.25
101,1989,725.25
101,1990,725.25
101,1991,729.75
101,1992,729.75
101,1993,729.75
101,1994,729.75
101,1995,749.25
101,1996,749.25
101,1997,749.25
101,1998,749.25
101,1999,749.25
102,2000,720.5
102,2001,780.75
102,2002,781.75
102,2003,784.25
102,2004,808.25
102,2005,808.25
102,2006,809.5
102,2007,809.5
102,2008,810.75
102,2009,811
102,2010,811
102,2011,814
102,2012,814.5
102,2013,814.5
102,2014,814.5
102,2015,822.5
102,2016,822.5
102,2017,829
102,2018,834.75
102,2019,853.75
102,2020,855.75
102,2021,860.75
102,2022,860.75
102,2023,860.75
102,2024,863
102,2025,884.75
102,0,0
102,1800,0
102,1838,0
102,1840,0
102,1849,0
102,1858,0
102,1864,0
102,1865,0
102,1867,0
102,1872,0
102,1875,0
102,1878,0
102,1881,0
102,1883,0
102,1884,0
102,1885,0
102,1886,0
102,1887,0
102,1888,0
102,1889,0
102,1890,0
102,1891,0
102,1892,0
102,1893,0
102,1894,0
102,1895,0
102,1896,0
102,1897,0
102,1898,0
102,1899,0
102,1900,0
102,1901,0
102,1902,0
102,1903,0
102,1904,0
102,1905,0
102,1906,0
102,1907,0
102,1908,0
102,1909,0
102,1910,0
102,1911,0
102,1912,0
102,1913,0
102,1914,0
102,1915,0
102,1916,0.5
102,1917,0.5
102,1918,0.5
102,1919,0.5
102,1920,0.5
102,1921,0.5
102,1922,0.5
102,1923,0.5
102,1924,0.5
102,1925,0.5
102,1926,0.5
102,1927,0.5
102,1928,0.5
102,1929,0.5
102,1930,0.5
102,1931,56.75
102,1932,56.75
102,1933,56.75
102,1934,56.75
102,1935,62.25
102,1936,62.25
102,1937,62.25
102,1938,62.25
102,1939,75.5
102,1940,75.5
102,1941,75.5
102,1942,75.5
102,1943,75.5
102,1944,75.5
102,1945,75.5
102,1946,75.5
102,1947,75.5
102,1948,85.75
102,1949,85.75
102,1950,92.75
102,1951,92.75
102,1952,92.75
102,1953,92.75
102,1954,92.75
102,1955,92.75
102,1956,92.75
102,1957,92.75
102,1958,92.75
102,1959,92.75
102,1960,92.75
102,1961,92.75
102,1962,92.75
102,1963,96
102,1964,147.5
102,1965,150.25
102,1966,150.25
102,1967,178.25
102,1968,178.25
102,1969,191.75
102,1970,191.75
102,1971,193
102,1972,193
102,1973,201.75
102,1974,203.5
102,1975,228.5
102,1976,279.5
102,1977,294
102,1978,297.5
102,1979,302.25
102,1980,307.5
102,1981,307.75
102,1982,311.75
102,1983,317.5
102,1984,351.5
102,1985,442.5
102,1986,537.25
102,1987,548.75
102,1988,552.5
102,1989,552.75
102,1990,555.25
102,1991,608.75
102,1992,655.25
102,1993,655.75
102,1994,665.75
102,1995,673.25
102,1996,674.5
102,1997,675.25
102,1998,690.25
102,1999,711
103,2000,0
103,2001,0
103,2002,0
103,2003,0
103,2004,0
103,2005,0
103,2006,31.5
103,2007,31.5
103,2008,31.5
103,2009,31.5
103,2010,31.5
103,2011,31.5
103,2012,31.5
103,2013,31.5
103,2014,31.5
103,2015,31.5
103,2016,31.5
103,2017,31.5
103,2018,31.5
103,2019,31.5
103,2020,31.5
103,2021,31.5
103,2022,31.5
103,2023,31.5
103,2024,31.5
103,2025,31.5
103,0,0
103,1800,0
103,1838,0
103,1840,0
103,1849,0
103,1858,0
103,1864,0
103,1865,0
103,1867,0
103,1872,0
103,1875,0
103,1878,0
103,1881,0
103,1883,0
103,1884,0
103,1885,0
103,1886,0
103,1887,0
103,1888,0
103,1889,0
103,1890,0
103,1891,0
103,1892,0
103,1893,0
103,1894,0
103,1895,0
103,1896,0
103,1897,0
103,1898,0
103,1899,0
103,1900,0
103,1901,0
103,1902,0
103,1903,0
103,1904,0
103,1905,0
103,1906,0
103,1907,0
103,1908,0
103,1909,0
103,1910,0
103,1911,0
103,1912,0
103,1913,0
103,1914,0
103,1915,0
103,1916,0
103,1917,0
103,1918,0
103,1919,0
103,1920,0
103,1921,0
103,1922,0
103,1923,0
103,1924,0
103,1925,0
103,1926,0
103,1927,0
103,1928,0
103,1929,0
103,1930,0
103,1931,0
103,1932,0
103,1933,0
103,1934,0
103,1935,0
103,1936,0
103,1937,0
103,1938,0
103,1939,0
103,1940,0
103,1941,0
103,1942,0
103,1943,0
103,1944,0
103,1945,0
103,1946,0
103,1947,0
103,1948,0
103,1949,0
103,1950,0
103,1951,0
103,1952,0
103,1953,0
103,1954,0
103,1955,0
103,1956,0
103,1957,0
103,1958,0
103,1959,0
103,1960,0
103,1961,0
103,1962,0
103,1963,0
103,1964,0
103,1965,0
103,1966,0
103,1967,0
103,1968,0
103,1969,0
103,1970,0
103,1971,0
103,1972,0
103,1973,0
103,1974,0
103,1975,0
103,1976,0
103,1977,0
103,1978,0
103,1979,0
103,1980,0
103,1981,0
103,1982,0
103,1983,0
103,1984,0
103,1985,0
103,1986,0
103,1987,0
103,1988,0
103,1989,0
103,1990,0
103,1991,0
103,1992,0
103,1993,0
103,1994,0
103,1995,0
103,1996,0
103,1997,0
103,1998,0
103,1999,0
104,2000,148.75
104,2001,148.75
104,2002,148.75
104,2003,148.75
104,2004,148.75
104,2005,148.75
104,2006,148.75
104,2007,148.75
104,2008,148.75
104,2009,148.75
104,2010,148.75
104,2011,148.75
104,2012,148.75
104,2013,148.75
104,2014,148.75
104,2015,148.75
104,2016,148.75
104,2017,150
104,2018,150
104,2019,150
104,2020,150
104,2021,150
104,2022,150
104,2023,150
104,2024,150
104,2025,150
104,0,0
104,1800,0
104,1838,0
104,1840,0
104,1849,0
104,1858,0
104,1864,0
104,1865,0
104,1867,0
104,1872,0
104,1875,0
104,1878,0
104,1881,0
104,1883,0
104,1884,0
104,1885,0
104,1886,0
104,1887,0
104,1888,0
104,1889,0
104,1890,0
104,1891,0
104,1892,0
104,1893,0
104,1894,0
104,1895,0
104,1896,0
104,1897,0
104,1898,0
104,1899,0
104,1900,0
104,1901,0
104,1902,0
104,1903,0
104,1904,0
104,1905,0
104,1906,0
104,1907,0
104,1908,0
104,1909,0
104,1910,0
104,1911,0
104,1912,0
104,1913,0
104,1914,0
104,1915,0
104,1916,0
104,1917,0
104,1918,0
104,1919,0
104,1920,0
104,1921,0
104,1922,0
104,1923,0
104,1924,0
104,1925,0
104,1926,0
104,1927,0
104,1928,0
104,1929,0
104,1930,0
104,1931,0
104,1932,0
104,1933,0
104,1934,0
104,1935,0
104,1936,0
104,1937,0
104,1938,0
104,1939,0
104,1940,0
104,1941,0
104,1942,0
104,1943,0
104,1944,0
104,1945,0
104,1946,0
104,1947,0
104,1948,0
104,1949,0
104,1950,0
104,1951,0
104,1952,0
104,1953,0
104,1954,0
104,1955,0
104,1956,0
104,1957,0
104,1958,0
104,1959,0
104,1960,0
104,1961,0
104,1962,0
104,1963,0
104,1964,0
104,1965,0
104,1966,0
104,1967,0
104,1968,0
104,1969,0
104,1970,0
104,1971,0
104,1972,0
104,1973,0
104,1974,0
104,1975,0
104,1976,0
104,1977,0
104,1978,0
104,1979,0
104,1980,0
104,1981,0
104,1982,0
104,1983,0
104,1984,0
104,1985,0
104,1986,0
104,1987,0
104,1988,0
104,1989,0
104,1990,0
104,1991,0
104,1992,0
104,1993,0
104,1994,0
104,1995,0
104,1996,0
104,1997,0
104,1998,0
104,1999,0
105,2000,25
105,2001,25
105,2002,25
105,2003,25
105,2004,25
105,2005,25
105,2006,25
105,2007,25
105,2008,25
105,2009,25
105,2010,25
105,2011,25
105,2012,25
105,2013,25
105,2014,25
105,2015,25
105,2016,25
105,2017,25
105,2018,25
105,2019,25
105,2020,25
105,2021,25
105,2022,25
105,2023,25
105,2024,25
105,2025,25
105,0,0
105,1800,0
105,1838,0
105,1840,0
105,1849,0
105,1858,0
105,1864,0
105,1865,0
105,1867,0
105,1872,0
105,1875,0
105,1878,0
105,1881,0
105,1883,0
105,1884,0
105,1885,0
105,1886,0
105,1887,0
105,1888,0
105,1889,0
105,1890,0
105,1891,0
105,1892,0
105,1893,0
105,1894,0
105,1895,0
105,1896,0
105,1897,0
105,1898,0
105,1899,0
105,1900,0
105,1901,0
105,1902,0
105,1903,0
105,1904,0
105,1905,0
105,1906,0
105,1907,0
105,1908,0
105,1909,0
105,1910,0
105,1911,0
105,1912,0
105,1913,0
105,1914,0
105,1915,0
105,1916,0
105,1917,0
105,1918,0
105,1919,0
105,1920,0
105,1921,0
105,1922,0
105,1923,0
105,1924,0
105,1925,0
105,1926,0
105,1927,0
105,1928,0
105,1929,0
105,1930,0
105,1931,0
105,1932,0
105,1933,0
105,1934,0
105,1935,0
105,1936,0
105,1937,0
105,1938,0
105,1939,0
105,1940,0
105,1941,0
105,1942,0
105,1943,0
105,1944,0
105,1945,0
105,1946,0
105,1947,0
105,1948,0
105,1949,0
105,1950,0
105,1951,0
105,1952,0
105,1953,0
105,1954,0
105,1955,0
105,1956,0
105,1957,0
105,1958,0
105,1959,0
105,1960,0
105,1961,0
105,1962,0
105,1963,0
105,1964,0
105,1965,0
105,1966,0
105,1967,0
105,1968,0
105,1969,0
105,1970,0
105,1971,25
105,1972,25
105,1973,25
105,1974,25
105,1975,25
105,1976,25
105,1977,25
105,1978,25
105,1979,25
105,1980,25
105,1981,25
105,1982,25
105,1983,25
105,1984,25
105,1985,25
105,1986,25
105,1987,25
105,1988,25
105,1989,25
105,1990,25
105,1991,25
105,1992,25
105,1993,25
105,1994,25
105,1995,25
105,1996,25
105,1997,25
105,1998,25
105,1999,25
106,2000,6
106,2001,6
106,2002,6
106,2003,6
106,2004,6
106,2005,6
106,2006,6
106,2007,6
106,2008,6
106,2009,6
106,2010,6
106,2011,10.75
106,2012,10.75
106,2013,10.75
106,2014,10.75
106,2015,10.75
106,2016,10.75
106,2017,10.75
106,2018,10.75
106,2019,10.75
106,2020,10.75
106,2021,10.75
106,2022,10.75
106,2023,10.75
106,2024,10.75
106,2025,10.75
106,0,0
106,1800,0
106,1838,0
106,1840,0
106,1849,0
106,1858,0
106,1864,0
106,1865,0
106,1867,0
106,1872,0
106,1875,0
106,1878,0
106,1881,0
106,1883,0
106,1884,0
106,1885,0
106,1886,0
106,1887,0
106,1888,0
106,1889,0
106,1890,0
106,1891,0
106,1892,0
106,1893,0
106,1894,0
106,1895,0
106,1896,0
106,1897,0
106,1898,0
106,1899,0
106,1900,0
106,1901,0
106,1902,0
106,1903,0
106,1904,0
106,1905,0
106,1906,0
106,1907,0
106,1908,0
106,1909,0
106,1910,0
106,1911,0
106,1912,0
106,1913,0
106,1914,0
106,1915,0
106,1916,0
106,1917,0
106,1918,0
106,1919,0
106,1920,0
106,1921,0
106,1922,0
106,1923,0
106,1924,0
106,1925,0
106,1926,0
106,1927,0
106,1928,0
106,1929,0
106,1930,0
106,1931,0
106,1932,0
106,1933,0
106,1934,0
106,1935,0
106,1936,0
106,1937,0.5
106,1938,0.5
106,1939,0.5
106,1940,0.5
106,1941,0.5
106,1942,0.5
106,1943,0.5
106,1944,0.5
106,1945,0.5
106,1946,0.5
106,1947,0.5
106,1948,0.5
106,1949,0.5
106,1950,0.5
106,1951,0.5
106,1952,0.5
106,1953,0.5
106,1954,0.5
106,1955,0.5
106,1956,0.5
106,1957,0.5
106,1958,0.5
106,1959,0.5
106,1960,0.5
106,1961,0.5
106,1962,0.5
106,1963,0.5
106,1964,0.5
106,1965,0.5
106,1966,0.5
106,1967,0.5
106,1968,0.5
106,1969,0.5
106,1970,0.5
106,1971,0.5
106,1972,0.5
106,1973,0.5
106,1974,0.5
106,1975,0.5
106,1976,0.5
106,1977,0.5
106,1978,0.5
106,1979,0.5
106,1980,0.5
106,1981,0.5
106,1982,0.5
106,1983,0.5
106,1984,0.5
106,1985,0.5
106,1986,0.5
106,1987,0.5
106,1988,0.5
106,1989,0.5
106,1990,0.5
106,1991,0.5
106,1992,6
106,1993,6
106,1994,6
106,1995,6
106,1996,6
106,1997,6
106,1998,6
106,1999,6
107,2000,0
107,2001,0
107,2002,0
107,2003,0
107,2004,0
107,2005,0
107,2006,0
107,2007,0
107,2008,0
107,2009,0
107,2010,0
107,2011,0
107,2012,0
107,2013,0
107,2014,0
107,2015,0
107,2016,3.25
107,2017,3.25
107,2018,3.25
107,2019,3.25
107,2020,3.25
107,2021,3.25
107,2022,3.25
107,2023,3.25
107,2024,3.25
107,2025,3.25
107,0,0
107,1800,0
107,1838,0
107,1840,0
107,1849,0
107,1858,0
107,1864,0
107,1865,0
107,1867,0
107,1872,0
107,1875,0
107,1878,0
107,1881,0
107,1883,0
107,1884,0
107,1885,0
107,1886,0
107,1887,0
107,1888,0
107,1889,0
107,1890,0
107,1891,0
107,1892,0
107,1893,0
107,1894,0
107,1895,0
107,1896,0
107,1897,0
107,1898,0
107,1899,0
107,1900,0
107,1901,0
107,1902,0
107,1903,0
107,1904,0
107,1905,0
107,1906,0
107,1907,0
107,1908,0
107,1909,0
107,1910,0
107,1911,0
107,1912,0
107,1913,0
107,1914,0
107,1915,0
107,1916,0
107,1917,0
107,1918,0
107,1919,0
107,1920,0
107,1921,0
107,1922,0
107,1923,0
107,1924,0
107,1925,0
107,1926,0
107,1927,0
107,1928,0
107,1929,0
107,1930,0
107,1931,0
107,1932,0
107,1933,0
107,1934,0
107,1935,0
107,1936,0
107,1937,0
107,1938,0
107,1939,0
107,1940,0
107,1941,0
107,1942,0
107,1943,0
107,1944,0
107,1945,0
107,1946,0
107,1947,0
107,1948,0
107,1949,0
107,1950,0
107,1951,0
107,1952,0
107,1953,0
107,1954,0
107,1955,0
107,1956,0
107,1957,0
107,1958,0
107,1959,0
107,1960,0
107,1961,0
107,1962,0
107,1963,0
107,1964,0
107,1965,0
107,1966,0
107,1967,0
107,1968,0
107,1969,0
107,1970,0
107,1971,0
107,1972,0
107,1973,0
107,1974,0
107,1975,0
107,1976,0
107,1977,0
107,1978,0
107,1979,0
107,1980,0
107,1981,0
107,1982,0
107,1983,0
107,1984,0
107,1985,0
107,1986,0
107,1987,0
107,1988,0
107,1989,0
107,1990,0
107,1991,0
107,1992,0
107,1993,0
107,1994,0
107,1995,0
107,1996,0
107,1997,0
107,1998,0
107,1999,0
108,2000,1
108,2001,1
108,2002,1
108,2003,1
108,2004,1
108,2005,1
108,2006,1
108,2007,1
108,2008,1.25
108,2009,1.25
108,2010,1.25
108,2011,1.25
108,2012,1.25
108,2013,1.25
108,2014,1.25
108,2015,1.25
108,2016,1.25
108,2017,1.25
108,2018,1.25
108,2019,1.25
108,2020,1.25
108,2021,1.25
108,2022,1.25
108,2023,1.25
108,2024,1.25
108,2025,1.25
108,0,0
108,1800,0
108,1838,0
108,1840,0
108,1849,0
108,1858,0
108,1864,0
108,1865,0
108,1867,0
108,1872,0
108,1875,0
108,1878,0
108,1881,0
108,1883,0
108,1884,0
108,1885,0
108,1886,0
108,1887,0
108,1888,0
108,1889,0
108,1890,0
108,1891,0
108,1892,0
108,1893,0
108,1894,0
108,1895,0
108,1896,0
108,1897,0
108,1898,0
108,1899,0
108,1900,0
108,1901,0
108,1902,0
108,1903,0
108,1904,0
108,1905,0
108,1906,0
108,1907,0
108,1908,0
108,1909,0
108,1910,0
108,1911,0
108,1912,0
108,1913,0
108,1914,0
108,1915,0
108,1916,0
108,1917,0
108,1918,0
108,1919,0
108,1920,0
108,1921,0
108,1922,0
108,1923,0
108,1924,0
108,1925,0
108,1926,0
108,1927,0
108,1928,0
108,1929,0
108,1930,0
108,1931,0
108,1932,0
108,1933,0
108,1934,0
108,1935,0
108,1936,0
108,1937,0
108,1938,0
108,1939,0
108,1940,0
108,1941,0
108,1942,0
108,1943,0
108,1944,0
108,1945,0
108,1946,0
108,1947,0
108,1948,0
108,1949,0
108,1950,0
108,1951,0
108,1952,0.25
108,1953,0.25
108,1954,0.25
108,1955,0.25
108,1956,0.25
108,1957,0.25
108,1958,0.25
108,1959,0.25
108,1960,0.25
108,1961,0.25
108,1962,0.25
108,1963,0.25
108,1964,0.25
108,1965,0.25
108,1966,0.25
108,1967,0.25
108,1968,0.25
108,1969,0.25
108,1970,0.25
108,1971,0.25
108,1972,0.25
108,1973,0.25
108,1974,0.25
108,1975,0.25
108,1976,0.25
108,1977,0.25
108,1978,0.25
108,1979,0.25
108,1980,0.25
108,1981,0.25
108,1982,0.25
108,1983,0.25
108,1984,0.25
108,1985,0.25
108,1986,1
108,1987,1
108,1988,1
108,1989,1
108,1990,1
108,1991,1
108,1992,1
108,1993,1
108,1994,1
108,1995,1
108,1996,1
108,1997,1
108,1998,1
108,1999,1
110,2000,91
110,2001,91
110,2002,151.75
110,2003,151.75
110,2004,151.75
110,2005,151.75
110,2006,151.75
110,2007,151.75
110,2008,157
110,2009,164.5
110,2010,165.5
110,2011,165.5
110,2012,1213
110,2013,1213
110,2014,1213
110,2015,1746.5
110,2016,1746.5
110,2017,1746.5
110,2018,1746.5
110,2019,1746.5
110,2020,1746.5
110,2021,1746.5
110,2022,1746.5
110,2023,1746.5
110,2024,1746.5
110,2025,1746.5
110,0,0
110,1800,0
110,1838,0
110,1840,0
110,1849,0
110,1858,0
110,1864,0
110,1865,0
110,1867,0
110,1872,0
110,1875,0
110,1878,0
110,1881,0
110,1883,0
110,1884,0
110,1885,0
110,1886,0
110,1887,0
110,1888,0
110,1889,0
110,1890,0
110,1891,0
110,1892,0
110,1893,0
110,1894,0
110,1895,0
110,1896,0
110,1897,0
110,1898,0
110,1899,0
110,1900,0
110,1901,0
110,1902,0
110,1903,0
110,1904,0
110,1905,0
110,1906,0
110,1907,0
110,1908,0
110,1909,0
110,1910,0
110,1911,0
110,1912,0
110,1913,0
110,1914,0
110,1915,0
110,1916,0
110,1917,0
110,1918,0
110,1919,0
110,1920,0
110,1921,0
110,1922,0
110,1923,0
110,1924,0
110,1925,0
110,1926,0
110,1927,0
110,1928,0
110,1929,0
110,1930,0
110,1931,0
110,1932,0
110,1933,0
110,1934,0
110,1935,0
110,1936,0
110,1937,0
110,1938,0
110,1939,0
110,1940,0
110,1941,0
110,1942,0
110,1943,0
110,1944,0
110,1945,0
110,1946,0
110,1947,0
110,1948,0
110,1949,0
110,1950,0
110,1951,0
110,1952,0
110,1953,0
110,1954,0
110,1955,0
110,1956,0
110,1957,0
110,1958,13.5
110,1959,13.5
110,1960,13.5
110,1961,13.5
110,1962,13.5
110,1963,13.5
110,1964,22.25
110,1965,25.25
110,1966,25.25
110,1967,25.25
110,1968,25.25
110,1969,25.25
110,1970,25.25
110,1971,25.25
110,1972,25.5
110,1973,25.5
110,1974,25.5
110,1975,25.5
110,1976,25.5
110,1977,26.5
110,1978,26.5
110,1979,26.5
110,1980,26.5
110,1981,26.5
110,1982,26.5
110,1983,26.5
110,1984,26.5
110,1985,26.5
110,1986,26.5
110,1987,26.5
110,1988,26.5
110,1989,26.5
110,1990,26.5
110,1991,26.5
110,1992,26.5
110,1993,26.5
110,1994,35.25
110,1995,35.25
110,1996,35.25
110,1997,91
110,1998,91
110,1999,91
111,2000,174.75
111,2001,174.75
111,2002,174.75
111,2003,174.75
111,2004,174.75
111,2005,174.75
111,2006,174.75
111,2007,174.75
111,2008,174.75
111,2009,174.75
111,2010,174.75
111,2011,174.75
111,2012,174.75
111,2013,174.75
111,2014,174.75
111,2015,174.75
111,2016,174.75
111,2017,174.75
111,2018,174.75
111,2019,174.75
111,2020,174.75
111,2021,174.75
111,2022,174.75
111,2023,174.75
111,2024,174.75
111,2025,174.75
111,0,0
111,1800,0
111,1838,0
111,1840,0
111,1849,0
111,1858,0
111,1864,0
111,1865,0
111,1867,0
111,1872,0
111,1875,0
111,1878,0
111,1881,0
111,1883,0
111,1884,0
111,1885,0
111,1886,0
111,1887,0
111,1888,0
111,1889,0
111,1890,0
111,1891,0
111,1892,0
111,1893,0
111,1894,0
111,1895,0
111,1896,0
111,1897,0
111,1898,0
111,1899,0
111,1900,0
111,1901,0
111,1902,0
111,1903,0
111,1904,0
111,1905,0
111,1906,0
111,1907,0
111,1908,0
111,1909,0
111,1910,0
111,1911,0
111,1912,0
111,1913,0
111,1914,0
111,1915,0
111,1916,0
111,1917,0
111,1918,0
111,1919,0
111,1920,0
111,1921,0
111,1922,2.75
111,1923,2.75
111,1924,2.75
111,1925,2.75
111,1926,2.75
111,1927,2.75
111,1928,2.75
111,1929,2.75
111,1930,2.75
111,1931,2.75
111,1932,2.75
111,1933,2.75
111,1934,2.75
111,1935,2.75
111,1936,2.75
111,1937,2.75
111,1938,2.75
111,1939,2.75
111,1940,2.75
111,1941,2.75
111,1942,2.75
111,1943,2.75
111,1944,2.75
111,1945,2.75
111,1946,2.75
111,1947,2.75
111,1948,2.75
111,1949,2.75
111,1950,2.75
111,1951,2.75
111,1952,2.75
111,1953,2.75
111,1954,2.75
111,1955,2.75
111,1956,2.75
111,1957,2.75
111,1958,2.75
111,1959,2.75
111,1960,2.75
111,1961,2.75
111,1962,2.75
111,1963,2.75
111,1964,2.75
111,1965,2.75
111,1966,2.75
111,1967,2.75
111,1968,2.75
111,1969,2.75
111,1970,2.75
111,1971,2.75
111,1972,2.75
111,1973,2.75
111,1974,2.75
111,1975,4.25
111,1976,4.25
111,1977,4.25
111,1978,4.25
111,1979,4.25
111,1980,4.25
111,1981,4.25
111,1982,4.25
111,1983,4.25
111,1984,4.25
111,1985,4.25
111,1986,4.25
111,1987,37.5
111,1988,37.5
111,1989,37.5
111,1990,133.25
111,1991,133.25
111,1992,174.75
111,1993,174.75
111,1994,174.75
111,1995,174.75
111,1996,174.75
111,1997,174.75
111,1998,174.75
111,1999,174.75
112,2000,971.75
112,2001,1700
112,2002,2183.5
112,2003,2183.5
112,2004,2183.5
112,2005,2183.5
112,2006,2183.5
112,2007,2183.5
112,2008,2279
112,2009,2279
112,2010,2773
112,2011,2773
112,2012,3473.25
112,2013,3473.25
112,2014,3473.25
112,2015,3473.25
112,2016,3473.25
112,2017,3473.25
112,2018,3473.25
112,2019,3473.25
112,2020,3473.25
112,2021,3473.25
112,2022,3473.25
112,2023,3473.25
112,2024,3473.25
112,2025,3473.25
112,0,0
112,1800,0
112,1838,0
112,1840,0
112,1849,0
112,1858,0
112,1864,0
112,1865,0
112,1867,0
112,1872,0
112,1875,0
112,1878,0
112,1881,0
112,1883,0
112,1884,0
112,1885,0
112,1886,0
112,1887,0
112,1888,0
112,1889,0
112,1890,0
112,1891,0
112,1892,0
112,1893,0
112,1894,0
112,1895,0
112,1896,0
112,1897,0
112,1898,0
112,1899,0
112,1900,0
112,1901,0
112,1902,0
112,1903,0
112,1904,0
112,1905,0
112,1906,0
112,1907,0
112,1908,0
112,1909,0
112,1910,0
112,1911,0
112,1912,0
112,1913,0
112,1914,0
112,1915,0
112,1916,0
112,1917,0
112,1918,0
112,1919,0
112,1920,0
112,1921,0
112,1922,0
112,1923,0
112,1924,0
112,1925,0
112,1926,0
112,1927,0
112,1928,0
112,1929,0
112,1930,0
112,1931,0
112,1932,0
112,1933,0
112,1934,0
112,1935,0
112,1936,0
112,1937,0
112,1938,0
112,1939,0
112,1940,0
112,1941,0
112,1942,0
112,1943,0
112,1944,0
112,1945,0
112,1946,0
112,1947,0
112,1948,0
112,1949,0
112,1950,0
112,1951,0
112,1952,0
112,1953,0
112,1954,0
112,1955,0
112,1956,0
112,1957,0
112,1958,0
112,1959,0
112,1960,0
112,1961,0
112,1962,0
112,1963,0
112,1964,0
112,1965,0
112,1966,0
112,1967,0
112,1968,0
112,1969,0
112,1970,0
112,1971,0
112,1972,0
112,1973,0
112,1974,0
112,1975,0
112,1976,0
112,1977,0
112,1978,0
112,1979,0
112,1980,0
112,1981,0
112,1982,0
112,1983,0
112,1984,0
112,1985,0
112,1986,0
112,1987,319.5
112,1988,319.5
112,1989,319.5
112,1990,319.5
112,1991,319.5
112,1992,319.5
112,1993,319.5
112,1994,319.5
112,1995,319.5
112,1996,319.5
112,1997,319.5
112,1998,319.5
112,1999,319.5
113,2000,19
113,2001,19
113,2002,19
113,2003,19
113,2004,19.25
113,2005,19.25
113,2006,19.25
113,2007,19.25
113,2008,19.25
113,2009,19.25
113,2010,19.25
113,2011,19.25
113,2012,19.25
113,2013,19.75
113,2014,19.75
113,2015,19.75
113,2016,19.75
113,2017,19.75
113,2018,19.75
113,2019,19.75
113,2020,19.75
113,2021,19.75
113,2022,19.75
113,2023,19.75
113,2024,19.75
113,2025,19.75
113,0,0
113,1800,0
113,1838,0
113,1840,0
113,1849,0
113,1858,0
113,1864,0
113,1865,0
113,1867,0
113,1872,0
113,1875,0
113,1878,0
113,1881,0
113,1883,0
113,1884,0
113,1885,0
113,1886,0
113,1887,0
113,1888,0
113,1889,0
113,1890,0
113,1891,0
113,1892,0
113,1893,0
113,1894,0
113,1895,0
113,1896,0
113,1897,0
113,1898,0
113,1899,0
113,1900,0
113,1901,0
113,1902,0
113,1903,0
113,1904,0
113,1905,0
113,1906,0
113,1907,0
113,1908,0
113,1909,0
113,1910,0
113,1911,0
113,1912,0
113,1913,0
113,1914,0
113,1915,0
113,1916,0
113,1917,0
113,1918,0
113,1919,0
113,1920,0
113,1921,0
113,1922,0
113,1923,0
113,1924,0
113,1925,0
113,1926,0
113,1927,0
113,1928,0
113,1929,0
113,1930,0
113,1931,0
113,1932,0
113,1933,0
113,1934,0
113,1935,0
113,1936,0
113,1937,0
113,1938,0
113,1939,0
113,1940,0
113,1941,0
113,1942,0
113,1943,0
113,1944,0
113,1945,0
113,1946,0
113,1947,0
113,1948,0
113,1949,0
113,1950,0
113,1951,0
113,1952,0
113,1953,0
113,1954,0
113,1955,0
113,1956,0
113,1957,0
113,1958,0
113,1959,0
113,1960,0
113,1961,0
113,1962,0
113,1963,0
113,1964,0
113,1965,0
113,1966,0
113,1967,0
113,1968,0
113,1969,0
113,1970,0
113,1971,0
113,1972,0
113,1973,0
113,1974,0
113,1975,0
113,1976,0
113,1977,2
113,1978,2
113,1979,2
113,1980,2
113,1981,2
113,1982,2
113,1983,2
113,1984,2
113,1985,2
113,1986,17.5
113,1987,17.5
113,1988,18
113,1989,18
113,1990,18
113,1991,18.75
113,1992,18.75
113,1993,18.75
113,1994,18.75
113,1995,19
113,1996,19
113,1997,19
113,1998,19
113,1999,19
114,2000,18
114,2001,18
114,2002,18
114,2003,18
114,2004,34.75
114,2005,34.75
114,2006,34.75
114,2007,34.75
114,2008,34.75
114,2009,34.75
114,2010,34.75
114,2011,34.75
114,2012,34.75
114,2013,142.75
114,2014,261.25
114,2015,261.25
114,2016,261.25
114,2017,416.75
114,2018,416.75
114,2019,416.75
114,2020,416.75
114,2021,419.75
114,2022,419.75
114,2023,419.75
114,2024,419.75
114,2025,419.75
114,0,5
114,1800,5
114,1838,5
114,1840,5
114,1849,5
114,1858,5
114,1864,5
114,1865,5
114,1867,5
114,1872,5
114,1875,5
114,1878,5
114,1881,5
114,1883,5
114,1884,5
114,1885,5
114,1886,5
114,1887,5
114,1888,5
114,1889,5
114,1890,5
114,1891,5
114,1892,5
114,1893,5
114,1894,5
114,1895,5
114,1896,5
114,1897,5
114,1898,5
114,1899,5
114,1900,5
114,1901,5
114,1902,5
114,1903,5
114,1904,5
114,1905,5
114,1906,5
114,1907,5
114,1908,5
114,1909,5
114,1910,5
114,1911,5
114,1912,5
114,1913,5
114,1914,5
114,1915,5
114,1916,5
114,1917,5
114,1918,5
114,1919,5
114,1920,5
114,1921,5
114,1922,5
114,1923,5
114,1924,5
114,1925,5
114,1926,5
114,1927,5
114,1928,5
114,1929,5
114,1930,5
114,1931,5
114,1932,5
114,1933,5
114,1934,5
114,1935,5
114,1936,5
114,1937,5
114,1938,5
114,1939,5
114,1940,5
114,1941,5
114,1942,5
114,1943,5
114,1944,5
114,1945,5
114,1946,5
114,1947,5
114,1948,5
114,1949,5
114,1950,5
114,1951,5
114,1952,5
114,1953,5
114,1954,5
114,1955,5
114,1956,5
114,1957,5
114,1958,5
114,1959,5
114,1960,5
114,1961,5
114,1962,5
114,1963,5
114,1964,5
114,1965,5
114,1966,5
114,1967,5
114,1968,5
114,1969,5
114,1970,5
114,1971,5
114,1972,5
114,1973,5
114,1974,5
114,1975,5
114,1976,5
114,1977,5
114,1978,5
114,1979,5
114,1980,5
114,1981,5
114,1982,5
114,1983,18
114,1984,18
114,1985,18
114,1986,18
114,1987,18
114,1988,18
114,1989,18
114,1990,18
114,1991,18
114,1992,18
114,1993,18
114,1994,18
114,1995,18
114,1996,18
114,1997,18
114,1998,18
114,1999,18
115,2000,116.5
115,2001,116.5
115,2002,116.5
115,2003,116.5
115,2004,527.25
115,2005,527.25
115,2006,527.25
115,2007,527.25
115,2008,527.25
115,2009,611.25
115,2010,611.25
115,2011,627.75
115,2012,627.75
115,2013,627.75
115,2014,636.25
115,2015,636.25
115,2016,636.25
115,2017,636.25
115,2018,636.25
115,2019,636.25
115,2020,636.25
115,2021,636.25
115,2022,636.25
115,2023,636.25
115,2024,636.25
115,2025,636.25
115,0,0
115,1800,0
115,1838,0
115,1840,0
115,1849,0
115,1858,0
115,1864,0
115,1865,0
115,1867,0
115,1872,0
115,1875,0
115,1878,0
115,1881,0
115,1883,0
115,1884,0
115,1885,0
115,1886,0
115,1887,0
115,1888,0
115,1889,0
115,1890,0
115,1891,0
115,1892,0
115,1893,0
115,1894,0
115,1895,0
115,1896,0
115,1897,0
115,1898,0
115,1899,0
115,1900,0
115,1901,0
115,1902,0
115,1903,0
115,1904,0
115,1905,0
115,1906,0
115,1907,0
115,1908,0
115,1909,0
115,1910,0
115,1911,0
115,1912,0
115,1913,0
115,1914,0
115,1915,0
115,1916,0
115,1917,0
115,1918,0
115,1919,0
115,1920,0
115,1921,0
115,1922,0
115,1923,0
115,1924,0
115,1925,0
115,1926,0
115,1927,0
115,1928,0
115,1929,0
115,1930,0
115,1931,0
115,1932,0
115,1933,0
115,1934,0
115,1935,0
115,1936,0
115,1937,0
115,1938,0
115,1939,0
115,1940,0
115,1941,0
115,1942,0
115,1943,0
115,1944,0
115,1945,0
115,1946,0
115,1947,0
115,1948,0
115,1949,0
115,1950,0
115,1951,0
115,1952,0
115,1953,0
115,1954,0
115,1955,0
115,1956,0
115,1957,0
115,1958,0
115,1959,0
115,1960,0
115,1961,0
115,1962,0
115,1963,0
115,1964,0
115,1965,0
115,1966,0
115,1967,0
115,1968,30.5
115,1969,30.5
115,1970,30.5
115,1971,30.5
115,1972,30.5
115,1973,30.5
115,1974,30.5
115,1975,30.5
115,1976,30.5
115,1977,30.5
115,1978,30.5
115,1979,30.5
115,1980,30.5
115,1981,30.5
115,1982,30.5
115,1983,114.75
115,1984,114.75
115,1985,114.75
115,1986,116.5
115,1987,116.5
115,1988,116.5
115,1989,116.5
115,1990,116.5
115,1991,116.5
115,1992,116.5
115,1993,116.5
115,1994,116.5
115,1995,116.5
115,1996,116.5
115,1997,116.5
115,1998,116.5
115,1999,116.5
116,2000,168.25
116,2001,216.25
116,2002,216.25
116,2003,218
116,2004,218.5
116,2005,218.5
116,2006,218.5
116,2007,218.5
116,2008,218.5
116,2009,218.5
116,2010,218.5
116,2011,218.5
116,2012,218.5
116,2013,218.5
116,2014,218.5
116,2015,218.5
116,2016,218.5
116,2017,218.5
116,2018,218.5
116,2019,218.5
116,2020,218.5
116,2021,218.5
116,2022,218.5
116,2023,218.5
116,2024,218.5
116,2025,218.5
116,0,111.75
116,1800,111.75
116,1838,111.75
116,1840,111.75
116,1849,111.75
116,1858,111.75
116,1864,111.75
116,1865,111.75
116,1867,111.75
116,1872,111.75
116,1875,111.75
116,1878,111.75
116,1881,111.75
116,1883,111.75
116,1884,111.75
116,1885,111.75
116,1886,111.75
116,1887,111.75
116,1888,111.75
116,1889,111.75
116,1890,111.75
116,1891,111.75
116,1892,111.75
116,1893,111.75
116,1894,111.75
116,1895,111.75
116,1896,111.75
116,1897,111.75
116,1898,111.75
116,1899,111.75
116,1900,111.75
116,1901,111.75
116,1902,111.75
116,1903,111.75
116,1904,111.75
116,1905,111.75
116,1906,111.75
116,1907,111.75
116,1908,111.75
116,1909,117.75
116,1910,117.75
116,1911,117.75
116,1912,117.75
116,1913,117.75
116,1914,117.75
116,1915,117.75
116,1916,117.75
116,1917,117.75
116,1918,118.5
116,1919,118.5
116,1920,118.5
116,1921,118.5
116,1922,118.5
116,1923,118.5
116,1924,118.5
116,1925,118.5
116,1926,118.5
116,1927,118.5
116,1928,118.5
116,1929,118.5
116,1930,118.5
116,1931,118.5
116,1932,118.5
116,1933,118.5
116,1934,118.5
116,1935,118.5
116,1936,118.5
116,1937,118.5
116,1938,118.5
116,1939,118.5
116,1940,118.5
116,1941,118.5
116,1942,118.5
116,1943,118.5
116,1944,118.5
116,1945,118.5
116,1946,118.5
116,1947,118.5
116,1948,118.5
116,1949,118.5
116,1950,118.5
116,1951,118.5
116,1952,118.5
116,1953,118.5
116,1954,118.5
116,1955,118.5
116,1956,123.75
116,1957,123.75
116,1958,123.75
116,1959,123.75
116,1960,123.75
116,1961,125
116,1962,125
116,1963,125
116,1964,125
116,1965,125
116,1966,125
116,1967,125
116,1968,125
116,1969,125
116,1970,125
116,1971,125
116,1972,125
116,1973,125
116,1974,125
116,1975,127.25
116,1976,128.25
116,1977,128.25
116,1978,128.25
116,1979,140
116,1980,140.75
116,1981,146.25
116,1982,146.25
116,1983,146.25
116,1984,146.25
116,1985,152.5
116,1986,155.5
116,1987,155.5
116,1988,155.5
116,1989,158.75
116,1990,158.75
116,1991,158.75
116,1992,160.25
116,1993,160.25
116,1994,162.25
116,1995,162.25
116,1996,162.25
116,1997,162.25
116,1998,166.5
116,1999,167.25
117,2000,11.5
117,2001,11.5
117,2002,11.5
117,2003,11.5
117,2004,11.5
117,2005,11.5
117,2006,11.5
117,2007,11.5
117,2008,11.5
117,2009,11.5
117,2010,11.5
117,2011,11.5
117,2012,11.5
117,2013,11.5
117,2014,11.5
117,2015,11.5
117,2016,11.5
117,2017,11.5
117,2018,11.5
117,2019,11.5
117,2020,11.5
117,2021,11.5
117,2022,11.5
117,2023,11.5
117,2024,11.5
117,2025,11.5
117,0,0
117,1800,0
117,1838,0
117,1840,0
117,1849,0
117,1858,0
117,1864,0
117,1865,0
117,1867,0
117,1872,0
117,1875,0
117,1878,0
117,1881,0
117,1883,0
117,1884,0
117,1885,0
117,1886,0
117,1887,0
117,1888,0
117,1889,0
117,1890,0
117,1891,0
117,1892,0
117,1893,0
117,1894,0
117,1895,0
117,1896,0
117,1897,0
117,1898,0
117,1899,0
117,1900,0
117,1901,0
117,1902,0
117,1903,0
117,1904,0
117,1905,0
117,1906,0
117,1907,0
117,1908,0
117,1909,0
117,1910,0
117,1911,0
117,1912,0
117,1913,0
117,1914,0
117,1915,0
117,1916,0
117,1917,0
117,1918,0
117,1919,0
117,1920,0
117,1921,0
117,1922,0
117,1923,0
117,1924,0
117,1925,0
117,1926,0
117,1927,0
117,1928,0
117,1929,0
117,1930,0
117,1931,0
117,1932,0
117,1933,0
117,1934,0
117,1935,0
117,1936,0
117,1937,0
117,1938,0
117,1939,0
117,1940,0
117,1941,0
117,1942,0
117,1943,0
117,1944,0
117,1945,0
117,1946,0
117,1947,0
117,1948,0
117,1949,0
117,1950,0
117,1951,0
117,1952,0
117,1953,0
117,1954,0
117,1955,0
117,1956,0
117,1957,0
117,1958,0
117,1959,0
117,1960,0
117,1961,0
117,1962,0
117,1963,0
117,1964,0.25
117,1965,0.25
117,1966,0.25
117,1967,0.25
117,1968,0.25
117,1969,0.25
117,1970,0.25
117,1971,0.25
117,1972,0.25
117,1973,0.25
117,1974,0.25
117,1975,0.25
117,1976,0.25
117,1977,0.25
117,1978,0.5
117,1979,0.5
117,1980,0.5
117,1981,0.5
117,1982,0.5
117,1983,0.5
117,1984,0.5
117,1985,0.5
117,1986,0.5
117,1987,0.5
117,1988,1
117,1989,1
117,1990,1
117,1991,1
117,1992,1
117,1993,1
117,1994,1
117,1995,1.75
117,1996,1.75
117,1997,1.75
117,1998,1.75
117,1999,11.5
118,2000,3.5
118,2001,3.5
118,2002,3.5
118,2003,3.5
118,2004,3.5
118,2005,3.5
118,2006,3.5
118,2007,9.5
118,2008,9.5
118,2009,9.5
118,2010,9.5
118,2011,9.5
118,2012,9.5
118,2013,9.5
118,2014,9.5
118,2015,9.5
118,2016,9.5
118,2017,9.5
118,2018,9.5
118,2019,9.5
118,2020,9.5
118,2021,9.5
118,2022,9.5
118,2023,9.5
118,2024,9.5
118,2025,9.5
118,0,0
118,1800,0
118,1838,0
118,1840,0
118,1849,0
118,1858,0
118,1864,0
118,1865,0
118,1867,0
118,1872,0
118,1875,0
118,1878,0
118,1881,0
118,1883,0
118,1884,0
118,1885,0
118,1886,0
118,1887,0
118,1888,0
118,1889,0
118,1890,0
118,1891,0
118,1892,0
118,1893,0
118,1894,0
118,1895,0
118,1896,0
118,1897,0
118,1898,0
118,1899,0
118,1900,0
118,1901,0
118,1902,0
118,1903,0
118,1904,0
118,1905,0
118,1906,0
118,1907,0
118,1908,0
118,1909,0
118,1910,0
118,1911,0
118,1912,0
118,1913,0
118,1914,0
118,1915,0
118,1916,0
118,1917,0
118,1918,0
118,1919,0
118,1920,0
118,1921,0
118,1922,0
118,1923,0
118,1924,0
118,1925,0
118,1926,0
118,1927,0
118,1928,0
118,1929,0
118,1930,0
118,1931,0
118,1932,0
118,1933,0
118,1934,0
118,1935,0
118,1936,0
118,1937,0
118,1938,0
118,1939,0
118,1940,0
118,1941,0
118,1942,0
118,1943,0
118,1944,0
118,1945,0
118,1946,0
118,1947,0
118,1948,0
118,1949,0
118,1950,0
118,1951,0
118,1952,0
118,1953,0
118,1954,0
118,1955,0
118,1956,0
118,1957,0
118,1958,0
118,1959,0
118,1960,0
118,1961,0
118,1962,0
118,1963,0
118,1964,0
118,1965,0
118,1966,0
118,1967,0
118,1968,0
118,1969,0
118,1970,0
118,1971,0
118,1972,0
118,1973,0
118,1974,0
118,1975,0
118,1976,0
118,1977,0
118,1978,0
118,1979,0
118,1980,0
118,1981,0
118,1982,0
118,1983,0
118,1984,0
118,1985,0
118,1986,0
118,1987,0
118,1988,0
118,1989,0
118,1990,0
118,1991,0
118,1992,0
118,1993,3.5
118,1994,3.5
118,1995,3.5
118,1996,3.5
118,1997,3.5
118,1998,3.5
118,1999,3.5
119,2000,0.25
119,2001,0.25
119,2002,0.25
119,2003,0.25
119,2004,0.25
119,2005,0.25
119,2006,0.25
119,2007,0.25
119,2008,0.25
119,2009,0.25
119,2010,0.25
119,2011,7.5
119,2012,7.5
119,2013,7.5
119,2014,7.5
119,2015,7.5
119,2016,27.75
119,2017,27.75
119,2018,27.75
119,2019,27.75
119,2020,27.75
119,2021,27.75
119,2022,27.75
119,2023,27.75
119,2024,27.75
119,2025,27.75
119,0,0
119,1800,0
119,1838,0
119,1840,0
119,1849,0
119,1858,0
119,1864,0
119,1865,0
119,1867,0
119,1872,0
119,1875,0
119,1878,0
119,1881,0
119,1883,0
119,1884,0
119,1885,0
119,1886,0
119,1887,0
119,1888,0
119,1889,0
119,1890,0
119,1891,0
119,1892,0
119,1893,0
119,1894,0
119,1895,0
119,1896,0
119,1897,0
119,1898,0
119,1899,0
119,1900,0
119,1901,0
119,1902,0
119,1903,0
119,1904,0
119,1905,0
119,1906,0
119,1907,0
119,1908,0
119,1909,0
119,1910,0
119,1911,0
119,1912,0
119,1913,0
119,1914,0
119,1915,0
119,1916,0
119,1917,0
119,1918,0
119,1919,0
119,1920,0
119,1921,0
119,1922,0
119,1923,0
119,1924,0
119,1925,0
119,1926,0
119,1927,0
119,1928,0
119,1929,0
119,1930,0
119,1931,0
119,1932,0
119,1933,0
119,1934,0
119,1935,0
119,1936,0
119,1937,0
119,1938,0
119,1939,0
119,1940,0
119,1941,0
119,1942,0
119,1943,0
119,1944,0
119,1945,0
119,1946,0
119,1947,0
119,1948,0
119,1949,0
119,1950,0
119,1951,0
119,1952,0
119,1953,0
119,1954,0
119,1955,0
119,1956,0
119,1957,0
119,1958,0
119,1959,0
119,1960,0
119,1961,0
119,1962,0
119,1963,0
119,1964,0
119,1965,0
119,1966,0
119,1967,0
119,1968,0
119,1969,0
119,1970,0
119,1971,0
119,1972,0
119,1973,0
119,1974,0
119,1975,0
119,1976,0
119,1977,0
119,1978,0
119,1979,0
119,1980,0
119,1981,0
119,1982,0
119,1983,0
119,1984,0
119,1985,0.25
119,1986,0.25
119,1987,0.25
119,1988,0.25
119,1989,0.25
119,1990,0.25
119,1991,0.25
119,1992,0.25
119,1993,0.25
119,1994,0.25
119,1995,0.25
119,1996,0.25
119,1997,0.25
119,1998,0.25
119,1999,0.25
120,2000,18.75
120,2001,18.75
120,2002,18.75
120,2003,18.75
120,2004,18.75
120,2005,71.75
120,2006,71.75
120,2007,71.75
120,2008,72.5
120,2009,72.5
120,2010,72.5
120,2011,72.5
120,2012,72.5
120,2013,72.5
120,2014,75.5
120,2015,75.5
120,2016,75.5
120,2017,75.5
120,2018,75.5
120,2019,75.5
120,2020,75.5
120,2021,75.5
120,2022,75.5
120,2023,76.5
120,2024,76.5
120,2025,76.5
120,0,0
120,1800,0
120,1838,0
120,1840,0
120,1849,0
120,1858,0
120,1864,0
120,1865,0
120,1867,0
120,1872,0
120,1875,0
120,1878,0
120,1881,0
120,1883,0
120,1884,0
120,1885,0
120,1886,0
120,1887,0
120,1888,0
120,1889,0
120,1890,0
120,1891,0
120,1892,0
120,1893,0
120,1894,0
120,1895,0
120,1896,0
120,1897,0
120,1898,0
120,1899,0
120,1900,0
120,1901,0
120,1902,0
120,1903,0
120,1904,0
120,1905,0
120,1906,0
120,1907,0
120,1908,0
120,1909,0
120,1910,0
120,1911,0
120,1912,0
120,1913,0
120,1914,0
120,1915,0
120,1916,0
120,1917,0
120,1918,0
120,1919,0
120,1920,0
120,1921,0
120,1922,0
120,1923,0
120,1924,0
120,1925,0
120,1926,0
120,1927,0
120,1928,0
120,1929,0
120,1930,0
120,1931,0
120,1932,0
120,1933,0
120,1934,0
120,1935,0
120,1936,0
120,1937,0
120,1938,0
120,1939,0
120,1940,0
120,1941,0
120,1942,0
120,1943,0
120,1944,0
120,1945,0
120,1946,0
120,1947,0
120,1948,0
120,1949,0
120,1950,0
120,1951,0
120,1952,0
120,1953,0
120,1954,0
120,1955,0
120,1956,0
120,1957,0
120,1958,0
120,1959,0
120,1960,0
120,1961,0
120,1962,0
120,1963,0
120,1964,0
120,1965,0
120,1966,0
120,1967,0
120,1968,0
120,1969,0
120,1970,0
120,1971,0
120,1972,0
120,1973,0
120,1974,0
120,1975,0
120,1976,0
120,1977,0
120,1978,0
120,1979,0
120,1980,0
120,1981,0
120,1982,0
120,1983,0
120,1984,0
120,1985,0
120,1986,0
120,1987,0
120,1988,0
120,1989,16.75
120,1990,16.75
120,1991,16.75
120,1992,16.75
120,1993,16.75
120,1994,16.75
120,1995,16.75
120,1996,16.75
120,1997,16.75
120,1998,16.75
120,1999,18.75
121,2000,0
121,2001,0
121,2002,0
121,2003,0
121,2004,0
121,2005,0
121,2006,0
121,2007,0
121,2008,0
121,2009,0
121,2010,0
121,2011,0
121,2012,0
121,2013,0
121,2014,0
121,2015,0
121,2016,0
121,2017,0
121,2018,0
121,2019,0
121,2020,0
121,2021,0
121,2022,0
121,2023,0
121,2024,0
121,2025,0
121,0,0
121,1800,0
121,1838,0
121,1840,0
121,1849,0
121,1858,0
121,1864,0
121,1865,0
121,1867,0
121,1872,0
121,1875,0
121,1878,0
121,1881,0
121,1883,0
121,1884,0
121,1885,0
121,1886,0
121,1887,0
121,1888,0
121,1889,0
121,1890,0
121,1891,0
121,1892,0
121,1893,0
121,1894,0
121,1895,0
121,1896,0
121,1897,0
121,1898,0
121,1899,0
121,1900,0
121,1901,0
121,1902,0
121,1903,0
121,1904,0
121,1905,0
121,1906,0
121,1907,0
121,1908,0
121,1909,0
121,1910,0
121,1911,0
121,1912,0
121,1913,0
121,1914,0
121,1915,0
121,1916,0
121,1917,0
121,1918,0
121,1919,0
121,1920,0
121,1921,0
121,1922,0
121,1923,0
121,1924,0
121,1925,0
121,1926,0
121,1927,0
121,1928,0
121,1929,0
121,1930,0
121,1931,0
121,1932,0
121,1933,0
121,1934,0
121,1935,0
121,1936,0
121,1937,0
121,1938,0
121,1939,0
121,1940,0
121,1941,0
121,1942,0
121,1943,0
121,1944,0
121,1945,0
121,1946,0
121,1947,0
121,1948,0
121,1949,0
121,1950,0
121,1951,0
121,1952,0
121,1953,0
121,1954,0
121,1955,0
121,1956,0
121,1957,0
121,1958,0
121,1959,0
121,1960,0
121,1961,0
121,1962,0
121,1963,0
121,1964,0
121,1965,0
121,1966,0
121,1967,0
121,1968,0
121,1969,0
121,1970,0
121,1971,0
121,1972,0
121,1973,0
121,1974,0
121,1975,0
121,1976,0
121,1977,0
121,1978,0
121,1979,0
121,1980,0
121,1981,0
121,1982,0
121,1983,0
121,1984,0
121,1985,0
121,1986,0
121,1987,0
121,1988,0
121,1989,0
121,1990,0
121,1991,0
121,1992,0
121,1993,0
121,1994,0
121,1995,0
121,1996,0
121,1997,0
121,1998,0
121,1999,0
122,2000,5.25
122,2001,5.25
122,2002,5.25
122,2003,5.25
122,2004,5.25
122,2005,5.25
122,2006,5.25
122,2007,9.25
122,2008,9.25
122,2009,9.25
122,2010,9.25
122,2011,9.25
122,2012,9.25
122,2013,9.25
122,2014,9.25
122,2015,9.25
122,2016,9.25
122,2017,9.25
122,2018,9.25
122,2019,9.25
122,2020,9.25
122,2021,9.25
122,2022,9.25
122,2023,9.25
122,2024,9.25
122,2025,9.25
122,0,0
122,1800,0
122,1838,0
122,1840,0
122,1849,0
122,1858,0
122,1864,0
122,1865,0
122,1867,0
122,1872,0
122,1875,0
122,1878,0
122,1881,0
122,1883,0
122,1884,0
122,1885,0
122,1886,0
122,1887,0
122,1888,0
122,1889,0
122,1890,0
122,1891,0
122,1892,0
122,1893,0
122,1894,0
122,1895,0
122,1896,0
122,1897,0
122,1898,0
122,1899,0
122,1900,0
122,1901,0
122,1902,0
122,1903,0
122,1904,0
122,1905,0
122,1906,0
122,1907,0
122,1908,0
122,1909,0
122,1910,0
122,1911,0
122,1912,0
122,1913,0
122,1914,0
122,1915,0
122,1916,0
122,1917,0
122,1918,0
122,1919,0
122,1920,0
122,1921,0
122,1922,0
122,1923,0
122,1924,0
122,1925,0
122,1926,0
122,1927,0
122,1928,0
122,1929,0
122,1930,0
122,1931,0
122,1932,0
122,1933,0
122,1934,0
122,1935,0
122,1936,0
122,1937,0
122,1938,0
122,1939,0
122,1940,0
122,1941,0
122,1942,0
122,1943,0
122,1944,0
122,1945,0
122,1946,0
122,1947,0
122,1948,0
122,1949,0
122,1950,0
122,1951,0
122,1952,0
122,1953,0
122,1954,0
122,1955,0
122,1956,0
122,1957,0
122,1958,0
122,1959,0
122,1960,0
122,1961,0
122,1962,0
122,1963,0
122,1964,0
122,1965,0
122,1966,0
122,1967,0
122,1968,0
122,1969,0
122,1970,0
122,1971,0
122,1972,0
122,1973,0
122,1974,0
122,1975,0
122,1976,0
122,1977,0
122,1978,0
122,1979,0
122,1980,0
122,1981,0
122,1982,0
122,1983,0
122,1984,0.5
122,1985,0.5
122,1986,1.25
122,1987,1.25
122,1988,1.25
122,1989,1.25
122,1990,1.5
122,1991,1.5
122,1992,1.5
122,1993,1.5
122,1994,1.5
122,1995,4.75
122,1996,4.75
122,1997,4.75
122,1998,5.25
122,1999,5.25
123,2000,8.5
123,2001,8.5
123,2002,8.5
123,2003,8.5
123,2004,8.5
123,2005,8.5
123,2006,8.5
123,2007,8.5
123,2008,8.5
123,2009,8.5
123,2010,8.5
123,2011,8.5
123,2012,8.5
123,2013,8.5
123,2014,8.5
123,2015,8.5
123,2016,8.5
123,2017,8.5
123,2018,8.5
123,2019,8.5
123,2020,8.5
123,2021,8.5
123,2022,8.5
123,2023,8.5
123,2024,8.5
123,2025,8.5
123,0,0
123,1800,0
123,1838,0
123,1840,0
123,1849,0
123,1858,0
123,1864,0
123,1865,0
123,1867,0
123,1872,0
123,1875,0
123,1878,0
123,1881,0
123,1883,0
123,1884,0
123,1885,0
123,1886,0
123,1887,0
123,1888,0
123,1889,0
123,1890,0
123,1891,0
123,1892,0
123,1893,0
123,1894,0
123,1895,0
123,1896,0
123,1897,0
123,1898,0
123,1899,0
123,1900,0
123,1901,0
123,1902,0
123,1903,0
123,1904,0
123,1905,0
123,1906,0
123,1907,0
123,1908,0
123,1909,0
123,1910,0
123,1911,0
123,1912,0
123,1913,0
123,1914,0
123,1915,0
123,1916,0
123,1917,0
123,1918,0
123,1919,0
123,1920,0
123,1921,0
123,1922,0
123,1923,0
123,1924,0
123,1925,0
123,1926,0
123,1927,0
123,1928,0
123,1929,0
123,1930,0
123,1931,0
123,1932,0
123,1933,0
123,1934,0
123,1935,0
123,1936,0
123,1937,0
123,1938,0
123,1939,0
123,1940,0
123,1941,0
123,1942,0
123,1943,0
123,1944,0
123,1945,0
123,1946,0
123,1947,0
123,1948,0
123,1949,0
123,1950,0
123,1951,0
123,1952,0
123,1953,0
123,1954,0
123,1955,0
123,1956,0
123,1957,0
123,1958,0
123,1959,0
123,1960,0
123,1961,0
123,1962,0
123,1963,0
123,1964,0
123,1965,0
123,1966,0
123,1967,0
123,1968,0
123,1969,0
123,1970,0
123,1971,0
123,1972,0
123,1973,0
123,1974,0
123,1975,0.5
123,1976,0.5
123,1977,0.5
123,1978,0.5
123,1979,0.5
123,1980,0.5
123,1981,0.5
123,1982,0.5
123,1983,0.5
123,1984,0.5
123,1985,0.5
123,1986,0.5
123,1987,5.25
123,1988,5.25
123,1989,5.25
123,1990,5.25
123,1991,5.25
123,1992,5.25
123,1993,5.25
123,1994,5.25
123,1995,5.25
123,1996,5.25
123,1997,5.25
123,1998,8.5
123,1999,8.5
124,2000,3
124,2001,3
124,2002,3
124,2003,3
124,2004,3
124,2005,3
124,2006,3
124,2007,3
124,2008,3
124,2009,3
124,2010,3
124,2011,3
124,2012,3
124,2013,3
124,2014,3
124,2015,3
124,2016,3
124,2017,3
124,2018,3
124,2019,3
124,2020,3
124,2021,3
124,2022,3
124,2023,3
124,2024,3
124,2025,3
124,0,0
124,1800,0
124,1838,0
124,1840,0
124,1849,0
124,1858,0
124,1864,0
124,1865,0
124,1867,0
124,1872,0
124,1875,0
124,1878,0
124,1881,0
124,1883,0
124,1884,0
124,1885,0
124,1886,0
124,1887,0
124,1888,0
124,1889,0
124,1890,0
124,1891,0
124,1892,0
124,1893,0
124,1894,0
124,1895,0
124,1896,0
124,1897,0
124,1898,0
124,1899,0
124,1900,0
124,1901,0
124,1902,0
124,1903,0
124,1904,0
124,1905,0
124,1906,0
124,1907,0
124,1908,0
124,1909,0
124,1910,0
124,1911,0
124,1912,0
124,1913,0
124,1914,0
124,1915,0
124,1916,0
124,1917,0
124,1918,0
124,1919,0
124,1920,0
124,1921,0
124,1922,0
124,1923,0
124,1924,0
124,1925,0
124,1926,0
124,1927,0
124,1928,0
124,1929,0
124,1930,0
124,1931,0
124,1932,0
124,1933,0
124,1934,0
124,1935,0
124,1936,0
124,1937,0
124,1938,0
124,1939,0
124,1940,0
124,1941,0
124,1942,0
124,1943,0
124,1944,0
124,1945,0
124,1946,0
124,1947,0
124,1948,0
124,1949,0
124,1950,0
124,1951,0
124,1952,0
124,1953,0
124,1954,0
124,1955,0
124,1956,0
124,1957,0
124,1958,0
124,1959,0
124,1960,0
124,1961,0
124,1962,0
124,1963,0
124,1964,0
124,1965,0
124,1966,0
124,1967,0
124,1968,0
124,1969,0
124,1970,0
124,1971,0
124,1972,0
124,1973,0
124,1974,0
124,1975,0
124,1976,0
124,1977,0
124,1978,0
124,1979,0
124,1980,3
124,1981,3
124,1982,3
124,1983,3
124,1984,3
124,1985,3
124,1986,3
124,1987,3
124,1988,3
124,1989,3
124,1990,3
124,1991,3
124,1992,3
124,1993,3
124,1994,3
124,1995,3
124,1996,3
124,1997,3
124,1998,3
124,1999,3
125,2000,4.5
125,2001,4.5
125,2002,4.5
125,2003,4.5
125,2004,4.5
125,2005,4.5
125,2006,4.5
125,2007,4.5
125,2008,4.5
125,2009,6
125,2010,6
125,2011,6
125,2012,6.25
125,2013,6.25
125,2014,6.25
125,2015,6.25
125,2016,6.25
125,2017,6.25
125,2018,9.5
125,2019,9.5
125,2020,9.5
125,2021,9.5
125,2022,9.5
125,2023,9.5
125,2024,9.5
125,2025,9.5
125,0,0.5
125,1800,0.5
125,1838,0.5
125,1840,0.5
125,1849,0.5
125,1858,0.5
125,1864,0.5
125,1865,0.5
125,1867,0.5
125,1872,0.5
125,1875,0.5
125,1878,0.5
125,1881,0.5
125,1883,0.5
125,1884,0.5
125,1885,0.5
125,1886,0.5
125,1887,0.5
125,1888,0.5
125,1889,0.5
125,1890,0.5
125,1891,0.5
125,1892,0.5
125,1893,0.5
125,1894,0.5
125,1895,0.5
125,1896,0.5
125,1897,0.5
125,1898,0.5
125,1899,0.5
125,1900,0.5
125,1901,0.5
125,1902,0.5
125,1903,0.5
125,1904,0.5
125,1905,0.5
125,1906,0.5
125,1907,0.5
125,1908,0.5
125,1909,0.5
125,1910,0.5
125,1911,0.5
125,1912,0.5
125,1913,0.5
125,1914,0.5
125,1915,0.5
125,1916,0.5
125,1917,0.5
125,1918,0.5
125,1919,0.5
125,1920,0.5
125,1921,0.5
125,1922,0.5
125,1923,0.5
125,1924,0.5
125,1925,0.5
125,1926,0.5
125,1927,0.5
125,1928,0.5
125,1929,0.5
125,1930,0.5
125,1931,0.5
125,1932,0.5
125,1933,0.5
125,1934,0.5
125,1935,0.5
125,1936,0.5
125,1937,0.5
125,1938,0.5
125,1939,0.5
125,1940,0.5
125,1941,0.5
125,1942,0.5
125,1943,0.5
125,1944,0.5
125,1945,0.5
125,1946,0.5
125,1947,0.5
125,1948,0.5
125,1949,0.5
125,1950,0.5
125,1951,0.5
125,1952,0.5
125,1953,0.5
125,1954,0.5
125,1955,0.5
125,1956,0.5
125,1957,0.5
125,1958,0.5
125,1959,0.5
125,1960,0.5
125,1961,0.5
125,1962,0.5
125,1963,0.5
125,1964,0.5
125,1965,0.5
125,1966,0.5
125,1967,0.5
125,1968,0.5
125,1969,0.5
125,1970,0.5
125,1971,0.5
125,1972,0.5
125,1973,0.5
125,1974,0.5
125,1975,0.5
125,1976,0.5
125,1977,0.5
125,1978,0.5
125,1979,0.5
125,1980,0.5
125,1981,0.5
125,1982,0.5
125,1983,0.5
125,1984,0.5
125,1985,0.5
125,1986,0.5
125,1987,0.5
125,1988,0.5
125,1989,0.5
125,1990,0.5
125,1991,0.5
125,1992,0.5
125,1993,0.5
125,1994,0.5
125,1995,0.5
125,1996,1.5
125,1997,1.5
125,1998,1.5
125,1999,4.5
126,2000,77.25
126,2001,77.25
126,2002,77.25
126,2003,77.25
126,2004,77.25
126,2005,77.25
126,2006,77.25
126,2007,77.25
126,2008,77.25
126,2009,77.25
126,2010,77.25
126,2011,77.25
126,2012,77.25
126,2013,77.25
126,2014,77.25
126,2015,77.25
126,2016,77.25
126,2017,77.25
126,2018,77.25
126,2019,77.25
126,2020,77.25
126,2021,77.25
126,2022,77.25
126,2023,77.25
126,2024,77.25
126,2025,77.25
126,0,45.25
126,1800,45.25
126,1838,45.25
126,1840,45.25
126,1849,45.25
126,1858,45.25
126,1864,45.25
126,1865,45.25
126,1867,45.25
126,1872,45.25
126,1875,45.25
126,1878,45.25
126,1881,45.25
126,1883,45.25
126,1884,45.25
126,1885,45.25
126,1886,45.25
126,1887,45.25
126,1888,45.25
126,1889,45.25
126,1890,45.25
126,1891,45.25
126,1892,45.25
126,1893,45.25
126,1894,45.25
126,1895,45.25
126,1896,45.25
126,1897,45.25
126,1898,45.25
126,1899,45.25
126,1900,45.25
126,1901,45.25
126,1902,45.25
126,1903,45.25
126,1904,45.25
126,1905,45.25
126,1906,45.25
126,1907,45.25
126,1908,45.25
126,1909,45.25
126,1910,45.25
126,1911,45.25
126,1912,45.25
126,1913,45.25
126,1914,45.25
126,1915,45.25
126,1916,45.25
126,1917,45.25
126,1918,45.25
126,1919,45.25
126,1920,45.25
126,1921,45.25
126,1922,45.25
126,1923,45.25
126,1924,45.25
126,1925,45.25
126,1926,45.25
126,1927,45.25
126,1928,68.75
126,1929,68.75
126,1930,68.75
126,1931,68.75
126,1932,68.75
126,1933,68.75
126,1934,68.75
126,1935,68.75
126,1936,68.75
126,1937,68.75
126,1938,68.75
126,1939,68.75
126,1940,68.75
126,1941,68.75
126,1942,68.75
126,1943,68.75
126,1944,68.75
126,1945,68.75
126,1946,68.75
126,1947,68.75
126,1948,68.75
126,1949,68.75
126,1950,68.75
126,1951,68.75
126,1952,68.75
126,1953,68.75
126,1954,68.75
126,1955,68.75
126,1956,68.75
126,1957,68.75
126,1958,68.75
126,1959,68.75
126,1960,68.75
126,1961,68.75
126,1962,68.75
126,1963,68.75
126,1964,68.75
126,1965,68.75
126,1966,68.75
126,1967,68.75
126,1968,68.75
126,1969,68.75
126,1970,75.25
126,1971,75.25
126,1972,75.25
126,1973,75.25
126,1974,75.25
126,1975,75.25
126,1976,75.25
126,1977,75.25
126,1978,75.25
126,1979,75.25
126,1980,75.25
126,1981,75.25
126,1982,75.25
126,1983,75.25
126,1984,77.25
126,1985,77.25
126,1986,77.25
126,1987,77.25
126,1988,77.25
126,1989,77.25
126,1990,77.25
126,1991,77.25
126,1992,77.25
126,1993,77.25
126,1994,77.25
126,1995,77.25
126,1996,77.25
126,1997,77.25
126,1998,77.25
126,1999,77.25
127,2000,17
127,2001,17
127,2002,17
127,2003,17
127,2004,17
127,2005,17
127,2006,17
127,2007,17
127,2008,17
127,2009,17
127,2010,17
127,2011,17
127,2012,17
127,2013,17
127,2014,17
127,2015,17
127,2016,17
127,2017,17
127,2018,17
127,2019,17
127,2020,17
127,2021,17
127,2022,17
127,2023,17
127,2024,17
127,2025,17
127,0,9.25
127,1800,9.25
127,1838,9.25
127,1840,9.25
127,1849,9.25
127,1858,9.25
127,1864,9.25
127,1865,9.25
127,1867,9.25
127,1872,9.25
127,1875,9.25
127,1878,9.25
127,1881,9.25
127,1883,9.25
127,1884,9.25
127,1885,9.25
127,1886,9.25
127,1887,9.25
127,1888,9.25
127,1889,9.25
127,1890,9.25
127,1891,9.25
127,1892,9.25
127,1893,9.25
127,1894,9.25
127,1895,9.25
127,1896,9.25
127,1897,9.25
127,1898,9.25
127,1899,9.25
127,1900,9.25
127,1901,9.25
127,1902,9.25
127,1903,9.25
127,1904,9.25
127,1905,9.25
127,1906,9.25
127,1907,9.25
127,1908,9.25
127,1909,9.25
127,1910,9.25
127,1911,9.25
127,1912,9.25
127,1913,9.25
127,1914,9.25
127,1915,9.25
127,1916,9.25
127,1917,9.25
127,1918,9.25
127,1919,9.25
127,1920,9.25
127,1921,9.25
127,1922,9.25
127,1923,9.25
127,1924,9.25
127,1925,9.25
127,1926,9.25
127,1927,9.25
127,1928,9.25
127,1929,9.25
127,1930,9.25
127,1931,9.25
127,1932,9.25
127,1933,9.25
127,1934,9.25
127,1935,9.25
127,1936,9.25
127,1937,9.25
127,1938,9.25
127,1939,9.25
127,1940,9.25
127,1941,9.25
127,1942,9.25
127,1943,9.25
127,1944,9.25
127,1945,9.25
127,1946,9.25
127,1947,9.25
127,1948,9.25
127,1949,9.25
127,1950,9.25
127,1951,9.25
127,1952,9.25
127,1953,9.25
127,1954,9.25
127,1955,9.25
127,1956,9.25
127,1957,9.25
127,1958,9.25
127,1959,9.25
127,1960,9.25
127,1961,9.25
127,1962,9.25
127,1963,9.25
127,1964,9.25
127,1965,9.25
127,1966,9.25
127,1967,9.25
127,1968,9.25
127,1969,9.25
127,1970,9.25
127,1971,9.25
127,1972,9.25
127,1973,9.25
127,1974,9.25
127,1975,9.25
127,1976,9.25
127,1977,9.25
127,1978,9.25
127,1979,9.25
127,1980,9.25
127,1981,9.25
127,1982,9.25
127,1983,9.25
127,1984,9.25
127,1985,9.25
127,1986,9.25
127,1987,17
127,1988,17
127,1989,17
127,1990,17
127,1991,17
127,1992,17
127,1993,17
127,1994,17
127,1995,17
127,1996,17
127,1997,17
127,1998,17
127,1999,17
129,2000,725.5
129,2001,725.5
129,2002,725.5
129,2003,876.25
129,2004,1047.5
129,2005,1047.5
129,2006,1054
129,2007,1054
129,2008,1055.5
129,2009,1199.5
129,2010,1262
129,2011,1262
129,2012,1262
129,2013,1273.5
129,2014,1273.5
129,2015,1273.75
129,2016,1275.25
129,2017,1291.5
129,2018,1291.5
129,2019,1339.5
129,2020,1339.5
129,2021,1339.5
129,2022,1339.5
129,2023,1339.5
129,2024,1339.5
129,2025,1339.5
129,0,0
129,1800,0
129,1838,0
129,1840,0
129,1849,0
129,1858,0
129,1864,0
129,1865,0
129,1867,0
129,1872,0
129,1875,0
129,1878,0
129,1881,0
129,1883,0
129,1884,0
129,1885,0
129,1886,0
129,1887,0
129,1888,0
129,1889,0
129,1890,0
129,1891,0
129,1892,0
129,1893,0
129,1894,0
129,1895,0
129,1896,0
129,1897,0
129,1898,0
129,1899,0
129,1900,0
129,1901,0
129,1902,0
129,1903,0
129,1904,0
129,1905,0
129,1906,0
129,1907,0
129,1908,0
129,1909,0
129,1910,0
129,1911,0
129,1912,0
129,1913,0
129,1914,0
129,1915,0
129,1916,0
129,1917,0
129,1918,0
129,1919,0
129,1920,0
129,1921,0
129,1922,0
129,1923,0
129,1924,0
129,1925,0
129,1926,0
129,1927,0
129,1928,0
129,1929,0
129,1930,0
129,1931,0
129,1932,0
129,1933,0
129,1934,0
129,1935,0
129,1936,0
129,1937,0
129,1938,0
129,1939,0
129,1940,0
129,1941,0
129,1942,0
129,1943,0
129,1944,0
129,1945,0
129,1946,0
129,1947,0
129,1948,0
129,1949,0
129,1950,0
129,1951,0
129,1952,0
129,1953,0
129,1954,0
129,1955,0
129,1956,0
129,1957,0
129,1958,0
129,1959,0
129,1960,1.5
129,1961,1.5
129,1962,1.5
129,1963,1.5
129,1964,1.5
129,1965,1.5
129,1966,1.5
129,1967,1.5
129,1968,1.5
129,1969,1.5
129,1970,1.5
129,1971,1.5
129,1972,1.5
129,1973,1.5
129,1974,1.5
129,1975,1.5
129,1976,47.5
129,1977,78.25
129,1978,78.25
129,1979,78.25
129,1980,176.75
129,1981,177.75
129,1982,181
129,1983,181
129,1984,211.75
129,1985,213.75
129,1986,213.75
129,1987,213.75
129,1988,228.75
129,1989,228.75
129,1990,379.25
129,1991,379.25
129,1992,391.75
129,1993,472
129,1994,690.75
129,1995,690.75
129,1996,690.75
129,1997,725.5
129,1998,725.5
129,1999,725.5
130,2000,565.75
130,2001,592
130,2002,592
130,2003,592
130,2004,592
130,2005,592.5
130,2006,596.5
130,2007,597.5
130,2008,597.5
130,2009,597.75
130,2010,597.75
130,2011,597.75
130,2012,598.5
130,2013,598.75
130,2014,598.75
130,2015,598.75
130,2016,598.75
130,2017,630.5
130,2018,632.25
130,2019,632.25
130,2020,632.25
130,2021,632.25
130,2022,632.25
130,2023,632.25
130,2024,632.25
130,2025,632.25
130,0,0
130,1800,0
130,1838,0
130,1840,0
130,1849,0
130,1858,0
130,1864,0
130,1865,0
130,1867,0
130,1872,0
130,1875,0
130,1878,0
130,1881,0
130,1883,0
130,1884,0
130,1885,0
130,1886,0
130,1887,0
130,1888,0
130,1889,0
130,1890,0
130,1891,0
130,1892,0
130,1893,0
130,1894,0
130,1895,0
130,1896,0
130,1897,0
130,1898,0
130,1899,0
130,1900,0
130,1901,0
130,1902,0
130,1903,0
130,1904,0
130,1905,0
130,1906,0
130,1907,0
130,1908,0
130,1909,0
130,1910,0
130,1911,0
130,1912,0
130,1913,0
130,1914,0
130,1915,0
130,1916,0
130,1917,0
130,1918,0
130,1919,0
130,1920,0
130,1921,0
130,1922,0
130,1923,0
130,1924,0
130,1925,0
130,1926,0
130,1927,0
130,1928,0
130,1929,0
130,1930,0
130,1931,0
130,1932,0
130,1933,0
130,1934,0
130,1935,0
130,1936,0
130,1937,0
130,1938,0
130,1939,0
130,1940,0
130,1941,0
130,1942,0
130,1943,0
130,1944,0
130,1945,0
130,1946,0
130,1947,0
130,1948,0
130,1949,0
130,1950,0
130,1951,0
130,1952,0
130,1953,0
130,1954,0
130,1955,0
130,1956,0
130,1957,0
130,1958,0
130,1959,0
130,1960,0
130,1961,2.25
130,1962,2.25
130,1963,16.75
130,1964,16.75
130,1965,16.75
130,1966,99
130,1967,99
130,1968,99
130,1969,99
130,1970,142.75
130,1971,142.75
130,1972,156.75
130,1973,162.75
130,1974,162.75
130,1975,203
130,1976,207.5
130,1977,207.5
130,1978,229.5
130,1979,229.5
130,1980,235.25
130,1981,235.25
130,1982,235.25
130,1983,244.75
130,1984,244.75
130,1985,332.75
130,1986,350.5
130,1987,350.5
130,1988,350.5
130,1989,350.5
130,1990,351
130,1991,393.75
130,1992,398.75
130,1993,398.75
130,1994,484
130,1995,506
130,1996,521
130,1997,523
130,1998,555
130,1999,558.5
131,2000,740.5
131,2001,801.75
131,2002,801.75
131,2003,801.75
131,2004,801.75
131,2005,801.75
131,2006,801.75
131,2007,801.75
131,2008,801.75
131,2009,801.75
131,2010,809.25
131,2011,809.25
131,2012,809.25
131,2013,809.25
131,2014,809.25
131,2015,809.25
131,2016,809.25
131,2017,809.25
131,2018,809.25
131,2019,809.25
131,2020,809.25
131,2021,809.25
131,2022,809.25
131,2023,809.25
131,2024,809.25
131,2025,809.25
131,0,0
131,1800,0
131,1838,0
131,1840,0
131,1849,0
131,1858,0
131,1864,0
131,1865,0
131,1867,0
131,1872,0
131,1875,0
131,1878,0
131,1881,0
131,1883,0
131,1884,0
131,1885,0
131,1886,0
131,1887,0
131,1888,0
131,1889,0
131,1890,0
131,1891,0
131,1892,0
131,1893,0
131,1894,0
131,1895,0
131,1896,0
131,1897,0
131,1898,0
131,1899,0
131,1900,0
131,1901,0
131,1902,0
131,1903,0
131,1904,0
131,1905,0
131,1906,0
131,1907,0
131,1908,0
131,1909,0
131,1910,0
131,1911,0
131,1912,0
131,1913,0
131,1914,0
131,1915,0
131,1916,0
131,1917,0
131,1918,0
131,1919,0
131,1920,0
131,1921,0
131,1922,0
131,1923,0
131,1924,0
131,1925,0
131,1926,0
131,1927,0
131,1928,0
131,1929,0
131,1930,0
131,1931,0
131,1932,0
131,1933,0
131,1934,0
131,1935,0
131,1936,0
131,1937,0
131,1938,0
131,1939,0
131,1940,0
131,1941,0
131,1942,0
131,1943,0
131,1944,0
131,1945,0
131,1946,0
131,1947,0
131,1948,0
131,1949,0
131,1950,0
131,1951,0
131,1952,0
131,1953,0
131,1954,0
131,1955,0
131,1956,0
131,1957,0
131,1958,0
131,1959,0
131,1960,0
131,1961,1.75
131,1962,1.75
131,1963,1.75
131,1964,1.75
131,1965,1.75
131,1966,1.75
131,1967,1.75
131,1968,1.75
131,1969,1.75
131,1970,1.75
131,1971,1.75
131,1972,1.75
131,1973,1.75
131,1974,1.75
131,1975,1.75
131,1976,1.75
131,1977,1.75
131,1978,1.75
131,1979,1.75
131,1980,1.75
131,1981,1.75
131,1982,1.75
131,1983,139.25
131,1984,139.25
131,1985,139.75
131,1986,139.75
131,1987,139.75
131,1988,139.75
131,1989,139.75
131,1990,139.75
131,1991,485.75
131,1992,485.75
131,1993,485.75
131,1994,485.75
131,1995,485.75
131,1996,491.75
131,1997,491.75
131,1998,491.75
131,1999,740.5
132,2000,688.5
132,2001,688.5
132,2002,699.5
132,2003,699.5
132,2004,699.5
132,2005,709.75
132,2006,751.25
132,2007,751.25
132,2008,844.5
132,2009,899.5
132,2010,916.25
132,2011,923.75
132,2012,933.5
132,2013,957.25
132,2014,1047.25
132,2015,1048.5
132,2016,1055
132,2017,1347.5
132,2018,1363
132,2019,1363.25
132,2020,1363.25
132,2021,1405
132,2022,1405
132,2023,1405
132,2024,1405
132,2025,1405
132,0,0
132,1800,0
132,1838,0
132,1840,0
132,1849,0
132,1858,0
132,1864,0
132,1865,0
132,1867,0
132,1872,0
132,1875,0
132,1878,0
132,1881,0
132,1883,0
132,1884,0
132,1885,0
132,1886,0
132,1887,0
132,1888,0
132,1889,0
132,1890,0
132,1891,0
132,1892,0
132,1893,0
132,1894,0
132,1895,0
132,1896,0
132,1897,0
132,1898,0
132,1899,0
132,1900,0
132,1901,0
132,1902,0
132,1903,0
132,1904,0
132,1905,0
132,1906,0
132,1907,0
132,1908,0
132,1909,0
132,1910,0
132,1911,0
132,1912,0
132,1913,0
132,1914,0
132,1915,0
132,1916,0
132,1917,0
132,1918,0
132,1919,0
132,1920,0
132,1921,0
132,1922,0
132,1923,0
132,1924,0
132,1925,0
132,1926,0
132,1927,0
132,1928,0
132,1929,0
132,1930,0
132,1931,0
132,1932,0
132,1933,0
132,1934,0
132,1935,0
132,1936,0
132,1937,0
132,1938,0
132,1939,0
132,1940,0
132,1941,0
132,1942,0
132,1943,77.5
132,1944,77.5
132,1945,77.5
132,1946,77.5
132,1947,77.5
132,1948,77.5
132,1949,77.5
132,1950,77.5
132,1951,77.5
132,1952,77.5
132,1953,77.5
132,1954,77.5
132,1955,77.5
132,1956,77.5
132,1957,77.5
132,1958,77.5
132,1959,77.5
132,1960,77.5
132,1961,77.5
132,1962,77.5
132,1963,77.5
132,1964,229.5
132,1965,229.5
132,1966,229.5
132,1967,229.5
132,1968,229.5
132,1969,229.5
132,1970,229.5
132,1971,229.5
132,1972,229.5
132,1973,229.5
132,1974,229.5
132,1975,229.5
132,1976,229.5
132,1977,627
132,1978,627
132,1979,627
132,1980,628.25
132,1981,628.25
132,1982,628.25
132,1983,642.25
132,1984,642.25
132,1985,642.25
132,1986,685.25
132,1987,685.25
132,1988,685.25
132,1989,685.25
132,1990,685.25
132,1991,685.25
132,1992,685.25
132,1993,685.25
132,1994,685.25
132,1995,688.5
132,1996,688.5
132,1997,688.5
132,1998,688.5
132,1999,688.5
133,2000,483.5
133,2001,483.5
133,2002,483.5
133,2003,496.75
133,2004,496.75
133,2005,522.25
133,2006,522.25
133,2007,522.25
133,2008,522.25
133,2009,522.25
133,2010,646.25
133,2011,646.25
133,2012,646.25
133,2013,646.25
133,2014,646.25
133,2015,646.25
133,2016,669.5
133,2017,670.25
133,2018,670.25
133,2019,677.5
133,2020,677.5
133,2021,677.5
133,2022,677.5
133,2023,677.5
133,2024,677.5
133,2025,677.5
133,0,0
133,1800,0
133,1838,0
133,1840,0
133,1849,0
133,1858,0
133,1864,0
133,1865,0
133,1867,0
133,1872,0
133,1875,0
133,1878,0
133,1881,0
133,1883,0
133,1884,0
133,1885,0
133,1886,0
133,1887,0
133,1888,0
133,1889,0
133,1890,0
133,1891,0
133,1892,0
133,1893,0
133,1894,0
133,1895,0
133,1896,0
133,1897,0
133,1898,0
133,1899,0
133,1900,0
133,1901,0
133,1902,0
133,1903,0
133,1904,0
133,1905,0
133,1906,0
133,1907,0
133,1908,0
133,1909,0
133,1910,0
133,1911,0
133,1912,0
133,1913,0
133,1914,0
133,1915,0
133,1916,0
133,1917,0
133,1918,0
133,1919,0
133,1920,0
133,1921,0
133,1922,0
133,1923,0
133,1924,0
133,1925,0
133,1926,0
133,1927,0
133,1928,0
133,1929,0
133,1930,0
133,1931,0
133,1932,0
133,1933,0
133,1934,0
133,1935,0
133,1936,0
133,1937,0
133,1938,0
133,1939,0
133,1940,0
133,1941,0
133,1942,0
133,1943,0
133,1944,0
133,1945,0
133,1946,0
133,1947,0
133,1948,0
133,1949,0
133,1950,0
133,1951,0
133,1952,0
133,1953,0
133,1954,0
133,1955,0
133,1956,0
133,1957,0
133,1958,0
133,1959,0
133,1960,0
133,1961,10
133,1962,10
133,1963,10
133,1964,10
133,1965,10
133,1966,10
133,1967,10
133,1968,10
133,1969,10
133,1970,10
133,1971,10
133,1972,10
133,1973,10
133,1974,10
133,1975,10
133,1976,10
133,1977,10
133,1978,10
133,1979,10
133,1980,117.5
133,1981,117.5
133,1982,117.5
133,1983,117.5
133,1984,117.5
133,1985,117.5
133,1986,117.5
133,1987,140.75
133,1988,140.75
133,1989,140.75
133,1990,140.75
133,1991,143.5
133,1992,143.5
133,1993,143.5
133,1994,198.25
133,1995,205.25
133,1996,205.25
133,1997,205.25
133,1998,205.25
133,1999,470.75
134,2000,0.5
134,2001,0.5
134,2002,0.5
134,2003,0.5
134,2004,0.5
134,2005,263.25
134,2006,263.25
134,2007,298.25
134,2008,298.5
134,2009,298.5
134,2010,298.5
134,2011,336.75
134,2012,336.75
134,2013,336.75
134,2014,360
134,2015,360
134,2016,360
134,2017,360
134,2018,360
134,2019,361.5
134,2020,361.5
134,2021,361.5
134,2022,361.5
134,2023,361.5
134,2024,361.5
134,2025,361.5
134,0,0
134,1800,0
134,1838,0
134,1840,0
134,1849,0
134,1858,0
134,1864,0
134,1865,0
134,1867,0
134,1872,0
134,1875,0
134,1878,0
134,1881,0
134,1883,0
134,1884,0
134,1885,0
134,1886,0
134,1887,0
134,1888,0
134,1889,0
134,1890,0
134,1891,0
134,1892,0
134,1893,0
134,1894,0
134,1895,0
134,1896,0
134,1897,0
134,1898,0
134,1899,0
134,1900,0
134,1901,0
134,1902,0
134,1903,0
134,1904,0
134,1905,0
134,1906,0
134,1907,0
134,1908,0
134,1909,0
134,1910,0
134,1911,0
134,1912,0
134,1913,0
134,1914,0
134,1915,0
134,1916,0
134,1917,0
134,1918,0
134,1919,0
134,1920,0
134,1921,0
134,1922,0
134,1923,0
134,1924,0
134,1925,0
134,1926,0
134,1927,0
134,1928,0
134,1929,0
134,1930,0
134,1931,0
134,1932,0
134,1933,0
134,1934,0
134,1935,0
134,1936,0
134,1937,0
134,1938,0
134,1939,0
134,1940,0
134,1941,0
134,1942,0
134,1943,0
134,1944,0
134,1945,0
134,1946,0
134,1947,0
134,1948,0
134,1949,0
134,1950,0
134,1951,0
134,1952,0
134,1953,0
134,1954,0
134,1955,0
134,1956,0
134,1957,0
134,1958,0
134,1959,0
134,1960,0
134,1961,0
134,1962,0
134,1963,0
134,1964,0
134,1965,0
134,1966,0
134,1967,0
134,1968,0
134,1969,0
134,1970,0
134,1971,0
134,1972,0
134,1973,0
134,1974,0
134,1975,0
134,1976,0
134,1977,0
134,1978,0
134,1979,0
134,1980,0
134,1981,0
134,1982,0
134,1983,0
134,1984,0
134,1985,0
134,1986,0
134,1987,0
134,1988,0
134,1989,0
134,1990,0
134,1991,0
134,1992,0
134,1993,0
134,1994,0
134,1995,0
134,1996,0
134,1997,0
134,1998,0
134,1999,0.5
135,2000,5109
135,2001,5109.25
135,2002,5127
135,2003,5150.75
135,2004,6386.75
135,2005,7072
135,2006,7168
135,2007,7359.75
135,2008,8520.25
135,2009,8708.25
135,2010,8848
135,2011,8856.75
135,2012,8872
135,2013,8909.75
135,2014,8912.5
135,2015,8912.5
135,2016,9514.75
135,2017,9516.25
135,2018,9516.5
135,2019,9531
135,2020,9531
135,2021,9531
135,2022,9532.5
135,2023,9549
135,2024,9564
135,2025,9564
135,0,1.25
135,1800,1.25
135,1838,1.25
135,1840,1.25
135,1849,1.25
135,1858,1.25
135,1864,1.25
135,1865,1.25
135,1867,1.25
135,1872,1.25
135,1875,1.25
135,1878,1.25
135,1881,1.25
135,1883,1.25
135,1884,1.25
135,1885,1.25
135,1886,1.25
135,1887,1.25
135,1888,1.25
135,1889,1.25
135,1890,1.25
135,1891,1.25
135,1892,1.25
135,1893,1.25
135,1894,1.25
135,1895,1.25
135,1896,1.25
135,1897,1.25
135,1898,1.25
135,1899,1.25
135,1900,1.25
135,1901,1.25
135,1902,1.25
135,1903,1.25
135,1904,1.25
135,1905,1.25
135,1906,1.25
135,1907,1.25
135,1908,1.25
135,1909,1.25
135,1910,1.25
135,1911,1.25
135,1912,1.25
135,1913,1.25
135,1914,1.25
135,1915,1.25
135,1916,1.25
135,1917,1.25
135,1918,1.25
135,1919,1.25
135,1920,1.25
135,1921,1.25
135,1922,1.25
135,1923,1.25
135,1924,1.25
135,1925,1.25
135,1926,1.25
135,1927,1.25
135,1928,1.25
135,1929,1.25
135,1930,1.25
135,1931,1.25
135,1932,1.25
135,1933,1.25
135,1934,1.25
135,1935,1.25
135,1936,1.25
135,1937,1.25
135,1938,1.25
135,1939,1.25
135,1940,1.25
135,1941,1.25
135,1942,1.25
135,1943,1.25
135,1944,1.25
135,1945,1.25
135,1946,1.25
135,1947,1.25
135,1948,1.25
135,1949,1.25
135,1950,1.25
135,1951,1.25
135,1952,1.25
135,1953,1.25
135,1954,1.25
135,1955,1.25
135,1956,1.25
135,1957,1.25
135,1958,1.25
135,1959,1.25
135,1960,1.25
135,1961,1.25
135,1962,1.25
135,1963,1.25
135,1964,1.25
135,1965,1.25
135,1966,1.25
135,1967,1.25
135,1968,1.25
135,1969,1.25
135,1970,1.25
135,1971,1.25
135,1972,1.25
135,1973,1.25
135,1974,1.25
135,1975,1.25
135,1976,1.25
135,1977,1.25
135,1978,1.25
135,1979,1.25
135,1980,1.25
135,1981,7.75
135,1982,7.75
135,1983,7.75
135,1984,7.75
135,1985,7.75
135,1986,447.25
135,1987,447.25
135,1988,1504.25
135,1989,1504.25
135,1990,1540.75
135,1991,1540.75
135,1992,1550.25
135,1993,2013.5
135,1994,2515.25
135,1995,3840.75
135,1996,3848.5
135,1997,3848.5
135,1998,3928.75
135,1999,4060.75
136,2000,153.75
136,2001,154.25
136,2002,154.25
136,2003,154.25
136,2004,154.25
136,2005,177
136,2006,177
136,2007,177
136,2008,177
136,2009,177
136,2010,177
136,2011,177
136,2012,177
136,2013,177
136,2014,178
136,2015,178
136,2016,192.75
136,2017,192.75
136,2018,192.75
136,2019,193.5
136,2020,193.5
136,2021,193.5
136,2022,193.5
136,2023,193.5
136,2024,193.5
136,2025,193.5
136,0,0
136,1800,0
136,1838,0
136,1840,0
136,1849,0
136,1858,0
136,1864,0
136,1865,0
136,1867,0
136,1872,0
136,1875,0
136,1878,0
136,1881,0
136,1883,0
136,1884,0
136,1885,0
136,1886,0
136,1887,0
136,1888,0
136,1889,0
136,1890,0
136,1891,0
136,1892,0
136,1893,0
136,1894,0
136,1895,0
136,1896,0
136,1897,0
136,1898,0
136,1899,0
136,1900,0
136,1901,0
136,1902,0
136,1903,0
136,1904,0
136,1905,0
136,1906,0
136,1907,0
136,1908,0
136,1909,0
136,1910,0
136,1911,0
136,1912,0
136,1913,0
136,1914,0
136,1915,0
136,1916,0
136,1917,0
136,1918,0
136,1919,0
136,1920,0
136,1921,0
136,1922,0
136,1923,0
136,1924,0
136,1925,0
136,1926,0
136,1927,0
136,1928,0
136,1929,0
136,1930,0
136,1931,0
136,1932,0
136,1933,0
136,1934,0
136,1935,0
136,1936,0
136,1937,0
136,1938,0
136,1939,0
136,1940,0
136,1941,0
136,1942,0
136,1943,0
136,1944,0
136,1945,0
136,1946,0
136,1947,0
136,1948,0
136,1949,0
136,1950,0
136,1951,0
136,1952,0
136,1953,0
136,1954,0
136,1955,4
136,1956,5.5
136,1957,5.5
136,1958,5.5
136,1959,5.5
136,1960,5.5
136,1961,5.5
136,1962,5.5
136,1963,5.5
136,1964,5.5
136,1965,5.5
136,1966,5.5
136,1967,5.5
136,1968,5.5
136,1969,15.5
136,1970,15.5
136,1971,15.5
136,1972,15.5
136,1973,15.5
136,1974,15.5
136,1975,15.5
136,1976,15.5
136,1977,21.75
136,1978,21.75
136,1979,21.75
136,1980,21.75
136,1981,21.75
136,1982,21.75
136,1983,21.75
136,1984,21.75
136,1985,21.75
136,1986,21.75
136,1987,21.75
136,1988,21.75
136,1989,21.75
136,1990,21.75
136,1991,21.75
136,1992,21.75
136,1993,21.75
136,1994,23.25
136,1995,35.25
136,1996,51.5
136,1997,51.5
136,1998,52.5
136,1999,55
137,2000,1402.75
137,2001,1402.75
137,2002,1403.75
137,2003,1573.25
137,2004,1576.25
137,2005,1576.25
137,2006,1576.25
137,2007,1634.25
137,2008,1637.5
137,2009,1649.25
137,2010,1649.25
137,2011,1649.25
137,2012,1739.5
137,2013,1739.5
137,2014,1752
137,2015,1752
137,2016,1752
137,2017,1907.5
137,2018,1907.5
137,2019,1907.5
137,2020,1907.5
137,2021,1943
137,2022,1943
137,2023,1943
137,2024,1943
137,2025,1943
137,0,0
137,1800,0
137,1838,0
137,1840,0
137,1849,0
137,1858,0
137,1864,0
137,1865,0
137,1867,0
137,1872,0
137,1875,0
137,1878,0
137,1881,0
137,1883,0
137,1884,0
137,1885,0
137,1886,0
137,1887,0
137,1888,0
137,1889,0
137,1890,0
137,1891,0
137,1892,0
137,1893,0
137,1894,0
137,1895,0
137,1896,0
137,1897,0
137,1898,0
137,1899,0
137,1900,0
137,1901,0
137,1902,0
137,1903,0
137,1904,0
137,1905,0
137,1906,0
137,1907,0
137,1908,0
137,1909,0
137,1910,0
137,1911,0
137,1912,0
137,1913,0
137,1914,0
137,1915,0
137,1916,0
137,1917,0
137,1918,0
137,1919,0
137,1920,0
137,1921,0
137,1922,0
137,1923,0
137,1924,0
137,1925,0
137,1926,0
137,1927,0
137,1928,0
137,1929,0
137,1930,0
137,1931,0
137,1932,0
137,1933,0
137,1934,0
137,1935,0
137,1936,0
137,1937,0
137,1938,0
137,1939,0
137,1940,0
137,1941,0
137,1942,0
137,1943,0
137,1944,0
137,1945,0
137,1946,0
137,1947,0
137,1948,0
137,1949,0
137,1950,0
137,1951,0
137,1952,0
137,1953,0
137,1954,0
137,1955,0
137,1956,0
137,1957,0
137,1958,0
137,1959,0
137,1960,0
137,1961,0
137,1962,0
137,1963,0
137,1964,0
137,1965,0
137,1966,0
137,1967,0
137,1968,0
137,1969,0
137,1970,0
137,1971,0
137,1972,0
137,1973,0
137,1974,0
137,1975,0
137,1976,0
137,1977,0
137,1978,0
137,1979,0
137,1980,0
137,1981,0
137,1982,0
137,1983,0
137,1984,1207
137,1985,1207
137,1986,1207
137,1987,1207
137,1988,1211.5
137,1989,1211.5
137,1990,1357.5
137,1991,1357.5
137,1992,1357.5
137,1993,1357.5
137,1994,1380.5
137,1995,1380.5
137,1996,1388
137,1997,1388
137,1998,1389
137,1999,1389
138,2000,195.75
138,2001,195.75
138,2002,195.75
138,2003,195.75
138,2004,195.75
138,2005,195.75
138,2006,197.75
138,2007,203.25
138,2008,213
138,2009,250.25
138,2010,250.5
138,2011,328.25
138,2012,328.25
138,2013,328.25
138,2014,328.25
138,2015,328.25
138,2016,328.25
138,2017,328.25
138,2018,328.25
138,2019,328.25
138,2020,328.25
138,2021,366.5
138,2022,366.5
138,2023,366.5
138,2024,376
138,2025,376
138,0,0
138,1800,0
138,1838,0
138,1840,0
138,1849,0
138,1858,0
138,1864,0
138,1865,0
138,1867,0
138,1872,0
138,1875,0
138,1878,0
138,1881,0
138,1883,0
138,1884,0
138,1885,0
138,1886,0
138,1887,0
138,1888,0
138,1889,0
138,1890,0
138,1891,0
138,1892,0
138,1893,0
138,1894,0
138,1895,0
138,1896,0
138,1897,0
138,1898,0
138,1899,0
138,1900,0
138,1901,0
138,1902,0
138,1903,0
138,1904,0
138,1905,0
138,1906,0
138,1907,0
138,1908,0
138,1909,0
138,1910,0
138,1911,0
138,1912,0
138,1913,0
138,1914,0
138,1915,0
138,1916,0
138,1917,0
138,1918,0
138,1919,0
138,1920,0
138,1921,0
138,1922,0
138,1923,0
138,1924,0
138,1925,0
138,1926,0
138,1927,0
138,1928,0
138,1929,0
138,1930,0
138,1931,0
138,1932,0
138,1933,0
138,1934,0
138,1935,0
138,1936,0
138,1937,0
138,1938,0
138,1939,0
138,1940,0
138,1941,0
138,1942,0
138,1943,0
138,1944,0
138,1945,0
138,1946,0
138,1947,0
138,1948,0
138,1949,0
138,1950,0
138,1951,0
138,1952,0
138,1953,0
138,1954,0
138,1955,0
138,1956,0
138,1957,0
138,1958,0
138,1959,0
138,1960,0
138,1961,0
138,1962,0
138,1963,0
138,1964,0
138,1965,0
138,1966,0
138,1967,0
138,1968,0
138,1969,0
138,1970,0
138,1971,0
138,1972,0
138,1973,0
138,1974,0
138,1975,173.5
138,1976,173.5
138,1977,173.5
138,1978,173.5
138,1979,173.5
138,1980,173.5
138,1981,173.5
138,1982,173.5
138,1983,173.5
138,1984,179.5
138,1985,179.5
138,1986,179.5
138,1987,179.5
138,1988,192.5
138,1989,192.5
138,1990,192.5
138,1991,192.5
138,1992,194
138,1993,194
138,1994,194
138,1995,194
138,1996,194
138,1997,195.75
138,1998,195.75
138,1999,195.75
139,2000,2751.75
139,2001,2751.75
139,2002,2751.75
139,2003,2751.75
139,2004,2751.75
139,2005,2768.75
139,2006,2768.75
139,2007,2768.75
139,2008,2768.75
139,2009,2768.75
139,2010,2768.75
139,2011,2768.75
139,2012,2768.75
139,2013,2768.75
139,2014,2768.75
139,2015,2768.75
139,2016,2768.75
139,2017,2768.75
139,2018,2768.75
139,2019,2768.75
139,2020,2768.75
139,2021,2768.75
139,2022,2768.75
139,2023,2768.75
139,2024,2768.75
139,2025,2768.75
139,0,0
139,1800,0
139,1838,0
139,1840,0
139,1849,0
139,1858,0
139,1864,0
139,1865,0
139,1867,0
139,1872,0
139,1875,0
139,1878,0
139,1881,0
139,1883,0
139,1884,0
139,1885,0
139,1886,0
139,1887,0
139,1888,0
139,1889,0
139,1890,0
139,1891,0
139,1892,0
139,1893,0
139,1894,0
139,1895,0
139,1896,0
139,1897,0
139,1898,0
139,1899,0
139,1900,0
139,1901,0
139,1902,0
139,1903,0
139,1904,0
139,1905,0
139,1906,0
139,1907,0
139,1908,0
139,1909,0
139,1910,0
139,1911,0
139,1912,0
139,1913,0
139,1914,0
139,1915,0
139,1916,0
139,1917,0
139,1918,0
139,1919,0
139,1920,0
139,1921,0
139,1922,0
139,1923,0
139,1924,0
139,1925,0
139,1926,0
139,1927,0
139,1928,0
139,1929,0
139,1930,0
139,1931,0
139,1932,0
139,1933,0
139,1934,0
139,1935,0
139,1936,0
139,1937,32.25
139,1938,32.25
139,1939,32.25
139,1940,32.25
139,1941,32.25
139,1942,32.25
139,1943,32.25
139,1944,32.25
139,1945,32.25
139,1946,32.25
139,1947,32.25
139,1948,32.25
139,1949,32.25
139,1950,32.25
139,1951,32.25
139,1952,32.25
139,1953,32.25
139,1954,32.25
139,1955,32.25
139,1956,32.25
139,1957,32.25
139,1958,40.5
139,1959,40.5
139,1960,40.5
139,1961,112
139,1962,112
139,1963,337
139,1964,337
139,1965,337
139,1966,337
139,1967,337
139,1968,337
139,1969,337
139,1970,337
139,1971,337
139,1972,420.75
139,1973,546.25
139,1974,1138.5
139,1975,1180.75
139,1976,1180.75
139,1977,1180.75
139,1978,1227
139,1979,1227
139,1980,1237.75
139,1981,1880
139,1982,1880.75
139,1983,1880.75
139,1984,1880.75
139,1985,1880.75
139,1986,1927.75
139,1987,1953.75
139,1988,1964.75
139,1989,1965.25
139,1990,1965.25
139,1991,2686.75
139,1992,2716.25
139,1993,2716.25
139,1994,2716.25
139,1995,2716.25
139,1996,2717.5
139,1997,2717.5
139,1998,2717.5
139,1999,2751.75
140,2000,368
140,2001,368
140,2002,368
140,2003,371.75
140,2004,372.25
140,2005,372.25
140,2006,372.25
140,2007,372.25
140,2008,372.25
140,2009,372.25
140,2010,475.25
140,2011,475.5
140,2012,475.5
140,2013,475.5
140,2014,475.5
140,2015,475.5
140,2016,475.5
140,2017,475.5
140,2018,475.5
140,2019,475.5
140,2020,475.5
140,2021,475.5
140,2022,475.5
140,2023,475.5
140,2024,475.5
140,2025,475.5
140,0,0
140,1800,0
140,1838,0
140,1840,0
140,1849,0
140,1858,0
140,1864,0
140,1865,0
140,1867,0
140,1872,0
140,1875,0
140,1878,0
140,1881,0
140,1883,0
140,1884,0
140,1885,0
140,1886,0
140,1887,0
140,1888,0
140,1889,0
140,1890,0
140,1891,0
140,1892,0
140,1893,0
140,1894,0
140,1895,0
140,1896,0
140,1897,0
140,1898,0
140,1899,0
140,1900,0
140,1901,0
140,1902,0
140,1903,0
140,1904,0
140,1905,0
140,1906,0
140,1907,0
140,1908,0
140,1909,0
140,1910,0
140,1911,0
140,1912,0
140,1913,0
140,1914,0
140,1915,0
140,1916,0
140,1917,0
140,1918,0
140,1919,0
140,1920,0
140,1921,0
140,1922,0
140,1923,0
140,1924,0
140,1925,0
140,1926,0
140,1927,0
140,1928,0
140,1929,0
140,1930,0
140,1931,0
140,1932,0
140,1933,0
140,1934,0
140,1935,0
140,1936,0
140,1937,0
140,1938,0
140,1939,0
140,1940,0
140,1941,0
140,1942,0
140,1943,0
140,1944,0
140,1945,0
140,1946,0
140,1947,0
140,1948,0
140,1949,0
140,1950,0
140,1951,0
140,1952,0
140,1953,0
140,1954,0
140,1955,0
140,1956,0
140,1957,0
140,1958,0
140,1959,0
140,1960,0
140,1961,0
140,1962,0
140,1963,0
140,1964,0
140,1965,0
140,1966,0
140,1967,0
140,1968,0
140,1969,0
140,1970,0
140,1971,0
140,1972,0
140,1973,0
140,1974,0
140,1975,0
140,1976,131.25
140,1977,131.25
140,1978,131.25
140,1979,131.25
140,1980,131.25
140,1981,131.25
140,1982,131.5
140,1983,131.5
140,1984,131.5
140,1985,131.5
140,1986,131.5
140,1987,133
140,1988,133
140,1989,302.5
140,1990,302.5
140,1991,304.25
140,1992,304.25
140,1993,304.25
140,1994,306
140,1995,306.5
140,1996,306.5
140,1997,306.5
140,1998,366
140,1999,366
141,2000,0
141,2001,0
141,2002,0
141,2003,0
141,2004,0
141,2005,0
141,2006,0
141,2007,0
141,2008,0
141,2009,0
141,2010,0
141,2011,0
141,2012,30.75
141,2013,30.75
141,2014,30.75
141,2015,30.75
141,2016,30.75
141,2017,30.75
141,2018,30.75
141,2019,30.75
141,2020,30.75
141,2021,30.75
141,2022,30.75
141,2023,30.75
141,2024,30.75
141,2025,30.75
141,0,0
141,1800,0
141,1838,0
141,1840,0
141,1849,0
141,1858,0
141,1864,0
141,1865,0
141,1867,0
141,1872,0
141,1875,0
141,1878,0
141,1881,0
141,1883,0
141,1884,0
141,1885,0
141,1886,0
141,1887,0
141,1888,0
141,1889,0
141,1890,0
141,1891,0
141,1892,0
141,1893,0
141,1894,0
141,1895,0
141,1896,0
141,1897,0
141,1898,0
141,1899,0
141,1900,0
141,1901,0
141,1902,0
141,1903,0
141,1904,0
141,1905,0
141,1906,0
141,1907,0
141,1908,0
141,1909,0
141,1910,0
141,1911,0
141,1912,0
141,1913,0
141,1914,0
141,1915,0
141,1916,0
141,1917,0
141,1918,0
141,1919,0
141,1920,0
141,1921,0
141,1922,0
141,1923,0
141,1924,0
141,1925,0
141,1926,0
141,1927,0
141,1928,0
141,1929,0
141,1930,0
141,1931,0
141,1932,0
141,1933,0
141,1934,0
141,1935,0
141,1936,0
141,1937,0
141,1938,0
141,1939,0
141,1940,0
141,1941,0
141,1942,0
141,1943,0
141,1944,0
141,1945,0
141,1946,0
141,1947,0
141,1948,0
141,1949,0
141,1950,0
141,1951,0
141,1952,0
141,1953,0
141,1954,0
141,1955,0
141,1956,0
141,1957,0
141,1958,0
141,1959,0
141,1960,0
141,1961,0
141,1962,0
141,1963,0
141,1964,0
141,1965,0
141,1966,0
141,1967,0
141,1968,0
141,1969,0
141,1970,0
141,1971,0
141,1972,0
141,1973,0
141,1974,0
141,1975,0
141,1976,0
141,1977,0
141,1978,0
141,1979,0
141,1980,0
141,1981,0
141,1982,0
141,1983,0
141,1984,0
141,1985,0
141,1986,0
141,1987,0
141,1988,0
141,1989,0
141,1990,0
141,1991,0
141,1992,0
141,1993,0
141,1994,0
141,1995,0
141,1996,0
141,1997,0
141,1998,0
141,1999,0
143,2000,450.25
143,2001,479.75
143,2002,479.75
143,2003,479.75
143,2004,479.75
143,2005,480.25
143,2006,482.5
143,2007,482.5
143,2008,482.5
143,2009,485.75
143,2010,485.75
143,2011,498
143,2012,498.5
143,2013,500.75
143,2014,500.75
143,2015,500.75
143,2016,500.75
143,2017,500.75
143,2018,500.75
143,2019,501
143,2020,501
143,2021,556.75
143,2022,559.25
143,2023,559.25
143,2024,559.25
143,2025,559.25
143,0,19
143,1800,19
143,1838,19
143,1840,19
143,1849,19
143,1858,19
143,1864,19
143,1865,19
143,1867,19
143,1872,19
143,1875,19
143,1878,19
143,1881,19
143,1883,19
143,1884,19
143,1885,19
143,1886,19
143,1887,19
143,1888,19
143,1889,19
143,1890,19
143,1891,19
143,1892,19
143,1893,19
143,1894,19
143,1895,19
143,1896,19
143,1897,19
143,1898,19
143,1899,19
143,1900,19
143,1901,19
143,1902,19
143,1903,19
143,1904,19
143,1905,19
143,1906,19
143,1907,19
143,1908,19
143,1909,19
143,1910,19
143,1911,19
143,1912,19
143,1913,19
143,1914,19
143,1915,19
143,1916,19
143,1917,19
143,1918,19
143,1919,19
143,1920,19
143,1921,19
143,1922,19
143,1923,19
143,1924,19
143,1925,19
143,1926,19
143,1927,19
143,1928,19
143,1929,19
143,1930,19
143,1931,19
143,1932,19
143,1933,19
143,1934,19
143,1935,19
143,1936,19
143,1937,19
143,1938,19
143,1939,19
143,1940,19
143,1941,19
143,1942,19
143,1943,19
143,1944,19
143,1945,19
143,1946,19
143,1947,19
143,1948,19
143,1949,19
143,1950,19
143,1951,19
143,1952,19
143,1953,19
143,1954,19
143,1955,19
143,1956,19
143,1957,19
143,1958,19
143,1959,19
143,1960,19
143,1961,19
143,1962,19
143,1963,19
143,1964,19
143,1965,19
143,1966,19
143,1967,19
143,1968,19
143,1969,19
143,1970,19
143,1971,19
143,1972,22.5
143,1973,25.25
143,1974,25.25
143,1975,56
143,1976,56
143,1977,57.25
143,1978,58.75
143,1979,65.5
143,1980,67
143,1981,67
143,1982,67
143,1983,67
143,1984,67
143,1985,259.5
143,1986,264
143,1987,264.25
143,1988,271.75
143,1989,271.75
143,1990,271.75
143,1991,271.75
143,1992,271.75
143,1993,271.75
143,1994,274.75
143,1995,448.75
143,1996,449
143,1997,449
143,1998,449
143,1999,450.25
144,2000,0
144,2001,0
144,2002,0
144,2003,0
144,2004,0
144,2005,0
144,2006,0
144,2007,0
144,2008,0
144,2009,0
144,2010,127.75
144,2011,127.75
144,2012,127.75
144,2013,127.75
144,2014,127.75
144,2015,127.75
144,2016,127.75
144,2017,127.75
144,2018,127.75
144,2019,127.75
144,2020,127.75
144,2021,127.75
144,2022,127.75
144,2023,127.75
144,2024,127.75
144,2025,127.75
144,0,0
144,1800,0
144,1838,0
144,1840,0
144,1849,0
144,1858,0
144,1864,0
144,1865,0
144,1867,0
144,1872,0
144,1875,0
144,1878,0
144,1881,0
144,1883,0
144,1884,0
144,1885,0
144,1886,0
144,1887,0
144,1888,0
144,1889,0
144,1890,0
144,1891,0
144,1892,0
144,1893,0
144,1894,0
144,1895,0
144,1896,0
144,1897,0
144,1898,0
144,1899,0
144,1900,0
144,1901,0
144,1902,0
144,1903,0
144,1904,0
144,1905,0
144,1906,0
144,1907,0
144,1908,0
144,1909,0
144,1910,0
144,1911,0
144,1912,0
144,1913,0
144,1914,0
144,1915,0
144,1916,0
144,1917,0
144,1918,0
144,1919,0
144,1920,0
144,1921,0
144,1922,0
144,1923,0
144,1924,0
144,1925,0
144,1926,0
144,1927,0
144,1928,0
144,1929,0
144,1930,0
144,1931,0
144,1932,0
144,1933,0
144,1934,0
144,1935,0
144,1936,0
144,1937,0
144,1938,0
144,1939,0
144,1940,0
144,1941,0
144,1942,0
144,1943,0
144,1944,0
144,1945,0
144,1946,0
144,1947,0
144,1948,0
144,1949,0
144,1950,0
144,1951,0
144,1952,0
144,1953,0
144,1954,0
144,1955,0
144,1956,0
144,1957,0
144,1958,0
144,1959,0
144,1960,0
144,1961,0
144,1962,0
144,1963,0
144,1964,0
144,1965,0
144,1966,0
144,1967,0
144,1968,0
144,1969,0
144,1970,0
144,1971,0
144,1972,0
144,1973,0
144,1974,0
144,1975,0
144,1976,0
144,1977,0
144,1978,0
144,1979,0
144,1980,0
144,1981,0
144,1982,0
144,1983,0
144,1984,0
144,1985,0
144,1986,0
144,1987,0
144,1988,0
144,1989,0
144,1990,0
144,1991,0
144,1992,0
144,1993,0
144,1994,0
144,1995,0
144,1996,0
144,1997,0
144,1998,0
144,1999,0
145,2000,16561
145,2001,16561
145,2002,16561
145,2003,16697.75
145,2004,16697.75
145,2005,16706.25
145,2006,16706.25
145,2007,16706.25
145,2008,16741
145,2009,16741
145,2010,16856
145,2011,16889.75
145,2012,16889.75
145,2013,16889.75
145,2014,16889.75
145,2015,16889.75
145,2016,16889.75
145,2017,16889.75
145,2018,16889.75
145,2019,16889.75
145,2020,16889.75
145,2021,16889.75
145,2022,16889.75
145,2023,16889.75
145,2024,16889.75
145,2025,16889.75
145,0,0
145,1800,0
145,1838,0
145,1840,0
145,1849,0
145,1858,0
145,1864,0
145,1865,0
145,1867,0
145,1872,0
145,1875,0
145,1878,0
145,1881,0
145,1883,0
145,1884,0
145,1885,0
145,1886,0
145,1887,0
145,1888,0
145,1889,0
145,1890,0
145,1891,0
145,1892,0
145,1893,0
145,1894,0
145,1895,0
145,1896,0
145,1897,0
145,1898,0
145,1899,0
145,1900,0
145,1901,0
145,1902,0
145,1903,0
145,1904,0
145,1905,0
145,1906,0
145,1907,0
145,1908,0
145,1909,0
145,1910,0
145,1911,0
145,1912,0
145,1913,0
145,1914,0
145,1915,0
145,1916,0
145,1917,0
145,1918,0
145,1919,0
145,1920,0
145,1921,0
145,1922,0
145,1923,0
145,1924,0
145,1925,0
145,1926,0
145,1927,0
145,1928,0
145,1929,0
145,1930,0
145,1931,0
145,1932,0
145,1933,0
145,1934,0
145,1935,0
145,1936,0
145,1937,0
145,1938,0
145,1939,0
145,1940,0
145,1941,0
145,1942,0
145,1943,0
145,1944,0
145,1945,0
145,1946,0
145,1947,0
145,1948,0
145,1949,0
145,1950,0
145,1951,0
145,1952,0
145,1953,0
145,1954,0
145,1955,0
145,1956,0
145,1957,0
145,1958,0
145,1959,0
145,1960,0
145,1961,0
145,1962,0
145,1963,0
145,1964,0
145,1965,0
145,1966,0
145,1967,0
145,1968,0
145,1969,0
145,1970,5.25
145,1971,5.25
145,1972,5.25
145,1973,5.25
145,1974,15189
145,1975,15189
145,1976,15189
145,1977,15777.75
145,1978,15777.75
145,1979,15777.75
145,1980,15777.75
145,1981,15777.75
145,1982,15777.75
145,1983,15777.75
145,1984,15777.75
145,1985,15777.75
145,1986,15777.75
145,1987,15777.75
145,1988,16560
145,1989,16560
145,1990,16560
145,1991,16560
145,1992,16560
145,1993,16560
145,1994,16560
145,1995,16560
145,1996,16560
145,1997,16560
145,1998,16561
145,1999,16561
146,2000,0
146,2001,0
146,2002,0
146,2003,0
146,2004,0
146,2005,0
146,2006,0
146,2007,0
146,2008,0
146,2009,0
146,2010,0
146,2011,0
146,2012,0
146,2013,0
146,2014,0
146,2015,0
146,2016,16
146,2017,16
146,2018,16
146,2019,16
146,2020,16
146,2021,16
146,2022,16
146,2023,16
146,2024,16
146,2025,16
146,0,0
146,1800,0
146,1838,0
146,1840,0
146,1849,0
146,1858,0
146,1864,0
146,1865,0
146,1867,0
146,1872,0
146,1875,0
146,1878,0
146,1881,0
146,1883,0
146,1884,0
146,1885,0
146,1886,0
146,1887,0
146,1888,0
146,1889,0
146,1890,0
146,1891,0
146,1892,0
146,1893,0
146,1894,0
146,1895,0
146,1896,0
146,1897,0
146,1898,0
146,1899,0
146,1900,0
146,1901,0
146,1902,0
146,1903,0
146,1904,0
146,1905,0
146,1906,0
146,1907,0
146,1908,0
146,1909,0
146,1910,0
146,1911,0
146,1912,0
146,1913,0
146,1914,0
146,1915,0
146,1916,0
146,1917,0
146,1918,0
146,1919,0
146,1920,0
146,1921,0
146,1922,0
146,1923,0
146,1924,0
146,1925,0
146,1926,0
146,1927,0
146,1928,0
146,1929,0
146,1930,0
146,1931,0
146,1932,0
146,1933,0
146,1934,0
146,1935,0
146,1936,0
146,1937,0
146,1938,0
146,1939,0
146,1940,0
146,1941,0
146,1942,0
146,1943,0
146,1944,0
146,1945,0
146,1946,0
146,1947,0
146,1948,0
146,1949,0
146,1950,0
146,1951,0
146,1952,0
146,1953,0
146,1954,0
146,1955,0
146,1956,0
146,1957,0
146,1958,0
146,1959,0
146,1960,0
146,1961,0
146,1962,0
146,1963,0
146,1964,0
146,1965,0
146,1966,0
146,1967,0
146,1968,0
146,1969,0
146,1970,0
146,1971,0
146,1972,0
146,1973,0
146,1974,0
146,1975,0
146,1976,0
146,1977,0
146,1978,0
146,1979,0
146,1980,0
146,1981,0
146,1982,0
146,1983,0
146,1984,0
146,1985,0
146,1986,0
146,1987,0
146,1988,0
146,1989,0
146,1990,0
146,1991,0
146,1992,0
146,1993,0
146,1994,0
146,1995,0
146,1996,0
146,1997,0
146,1998,0
146,1999,0
147,2000,0
147,2001,0
147,2002,0
147,2003,0
147,2004,0
147,2005,0
147,2006,0
147,2007,0
147,2008,0
147,2009,0
147,2010,0
147,2011,0
147,2012,0
147,2013,0
147,2014,0
147,2015,0
147,2016,0
147,2017,0
147,2018,0
147,2019,0
147,2020,0
147,2021,0
147,2022,0
147,2023,0
147,2024,0
147,2025,0
147,0,0
147,1800,0
147,1838,0
147,1840,0
147,1849,0
147,1858,0
147,1864,0
147,1865,0
147,1867,0
147,1872,0
147,1875,0
147,1878,0
147,1881,0
147,1883,0
147,1884,0
147,1885,0
147,1886,0
147,1887,0
147,1888,0
147,1889,0
147,1890,0
147,1891,0
147,1892,0
147,1893,0
147,1894,0
147,1895,0
147,1896,0
147,1897,0
147,1898,0
147,1899,0
147,1900,0
147,1901,0
147,1902,0
147,1903,0
147,1904,0
147,1905,0
147,1906,0
147,1907,0
147,1908,0
147,1909,0
147,1910,0
147,1911,0
147,1912,0
147,1913,0
147,1914,0
147,1915,0
147,1916,0
147,1917,0
147,1918,0
147,1919,0
147,1920,0
147,1921,0
147,1922,0
147,1923,0
147,1924,0
147,1925,0
147,1926,0
147,1927,0
147,1928,0
147,1929,0
147,1930,0
147,1931,0
147,1932,0
147,1933,0
147,1934,0
147,1935,0
147,1936,0
147,1937,0
147,1938,0
147,1939,0
147,1940,0
147,1941,0
147,1942,0
147,1943,0
147,1944,0
147,1945,0
147,1946,0
147,1947,0
147,1948,0
147,1949,0
147,1950,0
147,1951,0
147,1952,0
147,1953,0
147,1954,0
147,1955,0
147,1956,0
147,1957,0
147,1958,0
147,1959,0
147,1960,0
147,1961,0
147,1962,0
147,1963,0
147,1964,0
147,1965,0
147,1966,0
147,1967,0
147,1968,0
147,1969,0
147,1970,0
147,1971,0
147,1972,0
147,1973,0
147,1974,0
147,1975,0
147,1976,0
147,1977,0
147,1978,0
147,1979,0
147,1980,0
147,1981,0
147,1982,0
147,1983,0
147,1984,0
147,1985,0
147,1986,0
147,1987,0
147,1988,0
147,1989,0
147,1990,0
147,1991,0
147,1992,0
147,1993,0
147,1994,0
147,1995,0
147,1996,0
147,1997,0
147,1998,0
147,1999,0
148,2000,0
148,2001,0
148,2002,0
148,2003,0
148,2004,0
148,2005,0
148,2006,0
148,2007,0
148,2008,0
148,2009,0
148,2010,0
148,2011,0
148,2012,0
148,2013,0
148,2014,0
148,2015,0
148,2016,0
148,2017,0
148,2018,0
148,2019,0
148,2020,0
148,2021,0
148,2022,0
148,2023,0
148,2024,0
148,2025,0
148,0,0
148,1800,0
148,1838,0
148,1840,0
148,1849,0
148,1858,0
148,1864,0
148,1865,0
148,1867,0
148,1872,0
148,1875,0
148,1878,0
148,1881,0
148,1883,0
148,1884,0
148,1885,0
148,1886,0
148,1887,0
148,1888,0
148,1889,0
148,1890,0
148,1891,0
148,1892,0
148,1893,0
148,1894,0
148,1895,0
148,1896,0
148,1897,0
148,1898,0
148,1899,0
148,1900,0
148,1901,0
148,1902,0
148,1903,0
148,1904,0
148,1905,0
148,1906,0
148,1907,0
148,1908,0
148,1909,0
148,1910,0
148,1911,0
148,1912,0
148,1913,0
148,1914,0
148,1915,0
148,1916,0
148,1917,0
148,1918,0
148,1919,0
148,1920,0
148,1921,0
148,1922,0
148,1923,0
148,1924,0
148,1925,0
148,1926,0
148,1927,0
148,1928,0
148,1929,0
148,1930,0
148,1931,0
148,1932,0
148,1933,0
148,1934,0
148,1935,0
148,1936,0
148,1937,0
148,1938,0
148,1939,0
148,1940,0
148,1941,0
148,1942,0
148,1943,0
148,1944,0
148,1945,0
148,1946,0
148,1947,0
148,1948,0
148,1949,0
148,1950,0
148,1951,0
148,1952,0
148,1953,0
148,1954,0
148,1955,0
148,1956,0
148,1957,0
148,1958,0
148,1959,0
148,1960,0
148,1961,0
148,1962,0
148,1963,0
148,1964,0
148,1965,0
148,1966,0
148,1967,0
148,1968,0
148,1969,0
148,1970,0
148,1971,0
148,1972,0
148,1973,0
148,1974,0
148,1975,0
148,1976,0
148,1977,0
148,1978,0
148,1979,0
148,1980,0
148,1981,0
148,1982,0
148,1983,0
148,1984,0
148,1985,0
148,1986,0
148,1987,0
148,1988,0
148,1989,0
148,1990,0
148,1991,0
148,1992,0
148,1993,0
148,1994,0
148,1995,0
148,1996,0
148,1997,0
148,1998,0
148,1999,0
149,2000,5
149,2001,5
149,2002,5
149,2003,5
149,2004,5
149,2005,5
149,2006,5
149,2007,5
149,2008,5
149,2009,5
149,2010,5
149,2011,5
149,2012,5
149,2013,5
149,2014,5
149,2015,5
149,2016,5
149,2017,5
149,2018,5
149,2019,5
149,2020,5
149,2021,5
149,2022,5
149,2023,5
149,2024,5
149,2025,5
149,0,5
149,1800,5
149,1838,5
149,1840,5
149,1849,5
149,1858,5
149,1864,5
149,1865,5
149,1867,5
149,1872,5
149,1875,5
149,1878,5
149,1881,5
149,1883,5
149,1884,5
149,1885,5
149,1886,5
149,1887,5
149,1888,5
149,1889,5
149,1890,5
149,1891,5
149,1892,5
149,1893,5
149,1894,5
149,1895,5
149,1896,5
149,1897,5
149,1898,5
149,1899,5
149,1900,5
149,1901,5
149,1902,5
149,1903,5
149,1904,5
149,1905,5
149,1906,5
149,1907,5
149,1908,5
149,1909,5
149,1910,5
149,1911,5
149,1912,5
149,1913,5
149,1914,5
149,1915,5
149,1916,5
149,1917,5
149,1918,5
149,1919,5
149,1920,5
149,1921,5
149,1922,5
149,1923,5
149,1924,5
149,1925,5
149,1926,5
149,1927,5
149,1928,5
149,1929,5
149,1930,5
149,1931,5
149,1932,5
149,1933,5
149,1934,5
149,1935,5
149,1936,5
149,1937,5
149,1938,5
149,1939,5
149,1940,5
149,1941,5
149,1942,5
149,1943,5
149,1944,5
149,1945,5
149,1946,5
149,1947,5
149,1948,5
149,1949,5
149,1950,5
149,1951,5
149,1952,5
149,1953,5
149,1954,5
149,1955,5
149,1956,5
149,1957,5
149,1958,5
149,1959,5
149,1960,5
149,1961,5
149,1962,5
149,1963,5
149,1964,5
149,1965,5
149,1966,5
149,1967,5
149,1968,5
149,1969,5
149,1970,5
149,1971,5
149,1972,5
149,1973,5
149,1974,5
149,1975,5
149,1976,5
149,1977,5
149,1978,5
149,1979,5
149,1980,5
149,1981,5
149,1982,5
149,1983,5
149,1984,5
149,1985,5
149,1986,5
149,1987,5
149,1988,5
149,1989,5
149,1990,5
149,1991,5
149,1992,5
149,1993,5
149,1994,5
149,1995,5
149,1996,5
149,1997,5
149,1998,5
149,1999,5
150,2000,267
150,2001,267
150,2002,267
150,2003,267
150,2004,267
150,2005,267
150,2006,267
150,2007,267
150,2008,267
150,2009,267
150,2010,267
150,2011,267
150,2012,267
150,2013,267
150,2014,267
150,2015,267
150,2016,267
150,2017,267
150,2018,267
150,2019,267
150,2020,267
150,2021,267
150,2022,267
150,2023,267
150,2024,267
150,2025,267
150,0,267
150,1800,267
150,1838,267
150,1840,267
150,1849,267
150,1858,267
150,1864,267
150,1865,267
150,1867,267
150,1872,267
150,1875,267
150,1878,267
150,1881,267
150,1883,267
150,1884,267
150,1885,267
150,1886,267
150,1887,267
150,1888,267
150,1889,267
150,1890,267
150,1891,267
150,1892,267
150,1893,267
150,1894,267
150,1895,267
150,1896,267
150,1897,267
150,1898,267
150,1899,267
150,1900,267
150,1901,267
150,1902,267
150,1903,267
150,1904,267
150,1905,267
150,1906,267
150,1907,267
150,1908,267
150,1909,267
150,1910,267
150,1911,267
150,1912,267
150,1913,267
150,1914,267
150,1915,267
150,1916,267
150,1917,267
150,1918,267
150,1919,267
150,1920,267
150,1921,267
150,1922,267
150,1923,267
150,1924,267
150,1925,267
150,1926,267
150,1927,267
150,1928,267
150,1929,267
150,1930,267
150,1931,267
150,1932,267
150,1933,267
150,1934,267
150,1935,267
150,1936,267
150,1937,267
150,1938,267
150,1939,267
150,1940,267
150,1941,267
150,1942,267
150,1943,267
150,1944,267
150,1945,267
150,1946,267
150,1947,267
150,1948,267
150,1949,267
150,1950,267
150,1951,267
150,1952,267
150,1953,267
150,1954,267
150,1955,267
150,1956,267
150,1957,267
150,1958,267
150,1959,267
150,1960,267
150,1961,267
150,1962,267
150,1963,267
150,1964,267
150,1965,267
150,1966,267
150,1967,267
150,1968,267
150,1969,267
150,1970,267
150,1971,267
150,1972,267
150,1973,267
150,1974,267
150,1975,267
150,1976,267
150,1977,267
150,1978,267
150,1979,267
150,1980,267
150,1981,267
150,1982,267
150,1983,267
150,1984,267
150,1985,267
150,1986,267
150,1987,267
150,1988,267
150,1989,267
150,1990,267
150,1991,267
150,1992,267
150,1993,267
150,1994,267
150,1995,267
150,1996,267
150,1997,267
150,1998,267
150,1999,267
151,2000,23.75
151,2001,24.25
151,2002,24.25
151,2003,25
151,2004,25
151,2005,25
151,2006,25
151,2007,25
151,2008,25
151,2009,25
151,2010,25
151,2011,25
151,2012,25
151,2013,25
151,2014,25
151,2015,25
151,2016,25
151,2017,25
151,2018,25
151,2019,25
151,2020,25
151,2021,25
151,2022,25
151,2023,25
151,2024,25
151,2025,25
151,0,0
151,1800,0
151,1838,0
151,1840,0
151,1849,0
151,1858,0
151,1864,0
151,1865,0
151,1867,0
151,1872,0
151,1875,0
151,1878,0
151,1881,0
151,1883,0
151,1884,0
151,1885,0
151,1886,0
151,1887,0
151,1888,0
151,1889,0
151,1890,0
151,1891,0
151,1892,0
151,1893,0
151,1894,0
151,1895,0
151,1896,0
151,1897,0
151,1898,0
151,1899,0
151,1900,0
151,1901,0
151,1902,0
151,1903,0
151,1904,0
151,1905,0
151,1906,0
151,1907,0
151,1908,0
151,1909,0
151,1910,0
151,1911,0
151,1912,0
151,1913,0
151,1914,0
151,1915,0
151,1916,0
151,1917,0
151,1918,0
151,1919,0
151,1920,0
151,1921,0
151,1922,0
151,1923,0
151,1924,0
151,1925,0
151,1926,0
151,1927,0
151,1928,0
151,1929,0
151,1930,0
151,1931,0
151,1932,0
151,1933,0
151,1934,0
151,1935,0
151,1936,0
151,1937,0
151,1938,0
151,1939,0
151,1940,0
151,1941,0
151,1942,0
151,1943,0
151,1944,0
151,1945,0
151,1946,0
151,1947,0
151,1948,0
151,1949,0
151,1950,0
151,1951,0
151,1952,0
151,1953,0
151,1954,0
151,1955,0
151,1956,0
151,1957,0
151,1958,0
151,1959,0
151,1960,0
151,1961,0
151,1962,0
151,1963,0
151,1964,0
151,1965,0
151,1966,0
151,1967,0
151,1968,0
151,1969,0
151,1970,0
151,1971,0
151,1972,0
151,1973,0
151,1974,0
151,1975,0
151,1976,0
151,1977,0
151,1978,0
151,1979,0
151,1980,0
151,1981,0
151,1982,0
151,1983,0
151,1984,0
151,1985,0
151,1986,7
151,1987,7
151,1988,22.25
151,1989,22.25
151,1990,22.25
151,1991,22.25
151,1992,22.25
151,1993,22.25
151,1994,22.25
151,1995,22.25
151,1996,22.25
151,1997,23.75
151,1998,23.75
151,1999,23.75
152,2000,3.5
152,2001,3.5
152,2002,3.5
152,2003,3.5
152,2004,3.5
152,2005,3.5
152,2006,3.5
152,2007,3.5
152,2008,3.5
152,2009,3.5
152,2010,3.5
152,2011,3.5
152,2012,3.5
152,2013,3.5
152,2014,3.5
152,2015,3.5
152,2016,3.5
152,2017,3.5
152,2018,3.5
152,2019,3.5
152,2020,3.5
152,2021,3.5
152,2022,3.5
152,2023,3.5
152,2024,3.5
152,2025,3.5
152,0,0
152,1800,0
152,1838,0
152,1840,0
152,1849,0
152,1858,0
152,1864,0
152,1865,0
152,1867,0
152,1872,0
152,1875,0
152,1878,0
152,1881,0
152,1883,0
152,1884,0
152,1885,0
152,1886,0
152,1887,0
152,1888,0
152,1889,0
152,1890,0
152,1891,0
152,1892,0
152,1893,0
152,1894,0
152,1895,0
152,1896,0
152,1897,0
152,1898,0
152,1899,0
152,1900,0
152,1901,0
152,1902,0
152,1903,0
152,1904,0
152,1905,0
152,1906,0
152,1907,0
152,1908,0
152,1909,0
152,1910,0
152,1911,0
152,1912,0
152,1913,0
152,1914,0
152,1915,0
152,1916,0
152,1917,0
152,1918,0
152,1919,0
152,1920,0
152,1921,0
152,1922,0
152,1923,0
152,1924,0
152,1925,0
152,1926,0
152,1927,0
152,1928,0
152,1929,0
152,1930,0
152,1931,0
152,1932,0
152,1933,0
152,1934,0
152,1935,0
152,1936,0
152,1937,0
152,1938,0
152,1939,0
152,1940,0
152,1941,0
152,1942,0
152,1943,0
152,1944,0
152,1945,0
152,1946,0
152,1947,0
152,1948,0
152,1949,0
152,1950,0
152,1951,0
152,1952,0
152,1953,0
152,1954,0
152,1955,0
152,1956,0
152,1957,0
152,1958,0
152,1959,0
152,1960,0
152,1961,0
152,1962,0
152,1963,0
152,1964,0
152,1965,0
152,1966,0
152,1967,0
152,1968,0
152,1969,0
152,1970,0
152,1971,0
152,1972,0
152,1973,0
152,1974,0
152,1975,0
152,1976,0
152,1977,0
152,1978,3.5
152,1979,3.5
152,1980,3.5
152,1981,3.5
152,1982,3.5
152,1983,3.5
152,1984,3.5
152,1985,3.5
152,1986,3.5
152,1987,3.5
152,1988,3.5
152,1989,3.5
152,1990,3.5
152,1991,3.5
152,1992,3.5
152,1993,3.5
152,1994,3.5
152,1995,3.5
152,1996,3.5
152,1997,3.5
152,1998,3.5
152,1999,3.5
153,2000,0.75
153,2001,0.75
153,2002,0.75
153,2003,0.75
153,2004,0.75
153,2005,0.75
153,2006,0.75
153,2007,0.75
153,2008,0.75
153,2009,0.75
153,2010,0.75
153,2011,0.75
153,2012,0.75
153,2013,0.75
153,2014,0.75
153,2015,0.75
153,2016,0.75
153,2017,65.5
153,2018,65.5
153,2019,65.5
153,2020,65.5
153,2021,65.5
153,2022,65.5
153,2023,65.5
153,2024,65.5
153,2025,65.5
153,0,0
153,1800,0
153,1838,0
153,1840,0
153,1849,0
153,1858,0
153,1864,0
153,1865,0
153,1867,0
153,1872,0
153,1875,0
153,1878,0
153,1881,0
153,1883,0
153,1884,0
153,1885,0
153,1886,0
153,1887,0
153,1888,0
153,1889,0
153,1890,0
153,1891,0
153,1892,0
153,1893,0
153,1894,0
153,1895,0
153,1896,0
153,1897,0
153,1898,0
153,1899,0
153,1900,0
153,1901,0
153,1902,0
153,1903,0.75
153,1904,0.75
153,1905,0.75
153,1906,0.75
153,1907,0.75
153,1908,0.75
153,1909,0.75
153,1910,0.75
153,1911,0.75
153,1912,0.75
153,1913,0.75
153,1914,0.75
153,1915,0.75
153,1916,0.75
153,1917,0.75
153,1918,0.75
153,1919,0.75
153,1920,0.75
153,1921,0.75
153,1922,0.75
153,1923,0.75
153,1924,0.75
153,1925,0.75
153,1926,0.75
153,1927,0.75
153,1928,0.75
153,1929,0.75
153,1930,0.75
153,1931,0.75
153,1932,0.75
153,1933,0.75
153,1934,0.75
153,1935,0.75
153,1936,0.75
153,1937,0.75
153,1938,0.75
153,1939,0.75
153,1940,0.75
153,1941,0.75
153,1942,0.75
153,1943,0.75
153,1944,0.75
153,1945,0.75
153,1946,0.75
153,1947,0.75
153,1948,0.75
153,1949,0.75
153,1950,0.75
153,1951,0.75
153,1952,0.75
153,1953,0.75
153,1954,0.75
153,1955,0.75
153,1956,0.75
153,1957,0.75
153,1958,0.75
153,1959,0.75
153,1960,0.75
153,1961,0.75
153,1962,0.75
153,1963,0.75
153,1964,0.75
153,1965,0.75
153,1966,0.75
153,1967,0.75
153,1968,0.75
153,1969,0.75
153,1970,0.75
153,1971,0.75
153,1972,0.75
153,1973,0.75
153,1974,0.75
153,1975,0.75
153,1976,0.75
153,1977,0.75
153,1978,0.75
153,1979,0.75
153,1980,0.75
153,1981,0.75
153,1982,0.75
153,1983,0.75
153,1984,0.75
153,1985,0.75
153,1986,0.75
153,1987,0.75
153,1988,0.75
153,1989,0.75
153,1990,0.75
153,1991,0.75
153,1992,0.75
153,1993,0.75
153,1994,0.75
153,1995,0.75
153,1996,0.75
153,1997,0.75
153,1998,0.75
153,1999,0.75
154,2000,0
154,2001,0
154,2002,0
154,2003,0
154,2004,0
154,2005,0
154,2006,0
154,2007,0
154,2008,0
154,2009,0
154,2010,0
154,2011,0
154,2012,0
154,2013,0
154,2014,0
154,2015,0
154,2016,0
154,2017,0
154,2018,0
154,2019,0
154,2020,0
154,2021,0
154,2022,0
154,2023,0
154,2024,0
154,2025,0
154,0,0
154,1800,0
154,1838,0
154,1840,0
154,1849,0
154,1858,0
154,1864,0
154,1865,0
154,1867,0
154,1872,0
154,1875,0
154,1878,0
154,1881,0
154,1883,0
154,1884,0
154,1885,0
154,1886,0
154,1887,0
154,1888,0
154,1889,0
154,1890,0
154,1891,0
154,1892,0
154,1893,0
154,1894,0
154,1895,0
154,1896,0
154,1897,0
154,1898,0
154,1899,0
154,1900,0
154,1901,0
154,1902,0
154,1903,0
154,1904,0
154,1905,0
154,1906,0
154,1907,0
154,1908,0
154,1909,0
154,1910,0
154,1911,0
154,1912,0
154,1913,0
154,1914,0
154,1915,0
154,1916,0
154,1917,0
154,1918,0
154,1919,0
154,1920,0
154,1921,0
154,1922,0
154,1923,0
154,1924,0
154,1925,0
154,1926,0
154,1927,0
154,1928,0
154,1929,0
154,1930,0
154,1931,0
154,1932,0
154,1933,0
154,1934,0
154,1935,0
154,1936,0
154,1937,0
154,1938,0
154,1939,0
154,1940,0
154,1941,0
154,1942,0
154,1943,0
154,1944,0
154,1945,0
154,1946,0
154,1947,0
154,1948,0
154,1949,0
154,1950,0
154,1951,0
154,1952,0
154,1953,0
154,1954,0
154,1955,0
154,1956,0
154,1957,0
154,1958,0
154,1959,0
154,1960,0
154,1961,0
154,1962,0
154,1963,0
154,1964,0
154,1965,0
154,1966,0
154,1967,0
154,1968,0
154,1969,0
154,1970,0
154,1971,0
154,1972,0
154,1973,0
154,1974,0
154,1975,0
154,1976,0
154,1977,0
154,1978,0
154,1979,0
154,1980,0
154,1981,0
154,1982,0
154,1983,0
154,1984,0
154,1985,0
154,1986,0
154,1987,0
154,1988,0
154,1989,0
154,1990,0
154,1991,0
154,1992,0
154,1993,0
154,1994,0
154,1995,0
154,1996,0
154,1997,0
154,1998,0
154,1999,0
155,2000,34.75
155,2001,59.5
155,2002,59.5
155,2003,59.5
155,2004,59.5
155,2005,59.5
155,2006,60
155,2007,60.75
155,2008,63
155,2009,63
155,2010,63
155,2011,63
155,2012,63
155,2013,63
155,2014,63
155,2015,63
155,2016,63
155,2017,63
155,2018,63
155,2019,63
155,2020,63
155,2021,63
155,2022,63
155,2023,63
155,2024,63
155,2025,63
155,0,22.25
155,1800,22.25
155,1838,22.25
155,1840,22.25
155,1849,22.25
155,1858,22.25
155,1864,22.25
155,1865,22.25
155,1867,22.25
155,1872,22.25
155,1875,22.25
155,1878,22.25
155,1881,22.25
155,1883,22.25
155,1884,22.25
155,1885,22.25
155,1886,22.25
155,1887,22.25
155,1888,22.25
155,1889,22.25
155,1890,22.25
155,1891,22.25
155,1892,22.25
155,1893,22.25
155,1894,22.25
155,1895,22.25
155,1896,22.25
155,1897,22.25
155,1898,22.25
155,1899,22.25
155,1900,22.25
155,1901,22.25
155,1902,22.25
155,1903,22.25
155,1904,22.25
155,1905,22.25
155,1906,22.25
155,1907,22.25
155,1908,22.25
155,1909,22.25
155,1910,22.25
155,1911,22.25
155,1912,22.25
155,1913,22.25
155,1914,22.25
155,1915,22.25
155,1916,22.25
155,1917,22.25
155,1918,22.25
155,1919,22.25
155,1920,22.25
155,1921,22.25
155,1922,22.25
155,1923,22.25
155,1924,22.25
155,1925,22.25
155,1926,22.25
155,1927,22.25
155,1928,22.25
155,1929,22.25
155,1930,22.25
155,1931,22.25
155,1932,22.25
155,1933,22.25
155,1934,22.25
155,1935,22.25
155,1936,22.25
155,1937,22.25
155,1938,22.25
155,1939,22.25
155,1940,22.25
155,1941,22.25
155,1942,22.25
155,1943,22.25
155,1944,22.25
155,1945,22.25
155,1946,22.25
155,1947,22.25
155,1948,22.25
155,1949,22.25
155,1950,22.25
155,1951,22.25
155,1952,22.25
155,1953,22.25
155,1954,22.25
155,1955,22.25
155,1956,22.25
155,1957,22.25
155,1958,22.25
155,1959,22.25
155,1960,22.25
155,1961,22.25
155,1962,22.25
155,1963,22.25
155,1964,22.25
155,1965,22.25
155,1966,22.25
155,1967,22.25
155,1968,22.25
155,1969,22.25
155,1970,22.25
155,1971,22.25
155,1972,22.25
155,1973,22.25
155,1974,29.5
155,1975,29.5
155,1976,29.5
155,1977,29.5
155,1978,29.5
155,1979,30.75
155,1980,30.75
155,1981,30.75
155,1982,30.75
155,1983,30.75
155,1984,30.75
155,1985,30.75
155,1986,30.75
155,1987,30.75
155,1988,30.75
155,1989,30.75
155,1990,30.75
155,1991,30.75
155,1992,34.75
155,1993,34.75
155,1994,34.75
155,1995,34.75
155,1996,34.75
155,1997,34.75
155,1998,34.75
155,1999,34.75
156,2000,0
156,2001,0
156,2002,0
156,2003,0
156,2004,0
156,2005,0
156,2006,0
156,2007,0
156,2008,0
156,2009,0
156,2010,0
156,2011,0
156,2012,0
156,2013,0
156,2014,0
156,2015,0
156,2016,0
156,2017,0
156,2018,0
156,2019,0
156,2020,0
156,2021,0
156,2022,0
156,2023,0
156,2024,0
156,2025,0
156,0,0
156,1800,0
156,1838,0
156,1840,0
156,1849,0
156,1858,0
156,1864,0
156,1865,0
156,1867,0
156,1872,0
156,1875,0
156,1878,0
156,1881,0
156,1883,0
156,1884,0
156,1885,0
156,1886,0
156,1887,0
156,1888,0
156,1889,0
156,1890,0
156,1891,0
156,1892,0
156,1893,0
156,1894,0
156,1895,0
156,1896,0
156,1897,0
156,1898,0
156,1899,0
156,1900,0
156,1901,0
156,1902,0
156,1903,0
156,1904,0
156,1905,0
156,1906,0
156,1907,0
156,1908,0
156,1909,0
156,1910,0
156,1911,0
156,1912,0
156,1913,0
156,1914,0
156,1915,0
156,1916,0
156,1917,0
156,1918,0
156,1919,0
156,1920,0
156,1921,0
156,1922,0
156,1923,0
156,1924,0
156,1925,0
156,1926,0
156,1927,0
156,1928,0
156,1929,0
156,1930,0
156,1931,0
156,1932,0
156,1933,0
156,1934,0
156,1935,0
156,1936,0
156,1937,0
156,1938,0
156,1939,0
156,1940,0
156,1941,0
156,1942,0
156,1943,0
156,1944,0
156,1945,0
156,1946,0
156,1947,0
156,1948,0
156,1949,0
156,1950,0
156,1951,0
156,1952,0
156,1953,0
156,1954,0
156,1955,0
156,1956,0
156,1957,0
156,1958,0
156,1959,0
156,1960,0
156,1961,0
156,1962,0
156,1963,0
156,1964,0
156,1965,0
156,1966,0
156,1967,0
156,1968,0
156,1969,0
156,1970,0
156,1971,0
156,1972,0
156,1973,0
156,1974,0
156,1975,0
156,1976,0
156,1977,0
156,1978,0
156,1979,0
156,1980,0
156,1981,0
156,1982,0
156,1983,0
156,1984,0
156,1985,0
156,1986,0
156,1987,0
156,1988,0
156,1989,0
156,1990,0
156,1991,0
156,1992,0
156,1993,0
156,1994,0
156,1995,0
156,1996,0
156,1997,0
156,1998,0
156,1999,0
157,2000,0
157,2001,0
157,2002,0
157,2003,0
157,2004,0
157,2005,0
157,2006,53.5
157,2007,53.5
157,2008,53.5
157,2009,53.5
157,2010,53.5
157,2011,53.5
157,2012,53.5
157,2013,53.5
157,2014,53.5
157,2015,53.5
157,2016,53.5
157,2017,53.5
157,2018,53.5
157,2019,53.5
157,2020,53.5
157,2021,53.5
157,2022,53.5
157,2023,53.5
157,2024,53.5
157,2025,53.5
157,0,0
157,1800,0
157,1838,0
157,1840,0
157,1849,0
157,1858,0
157,1864,0
157,1865,0
157,1867,0
157,1872,0
157,1875,0
157,1878,0
157,1881,0
157,1883,0
157,1884,0
157,1885,0
157,1886,0
157,1887,0
157,1888,0
157,1889,0
157,1890,0
157,1891,0
157,1892,0
157,1893,0
157,1894,0
157,1895,0
157,1896,0
157,1897,0
157,1898,0
157,1899,0
157,1900,0
157,1901,0
157,1902,0
157,1903,0
157,1904,0
157,1905,0
157,1906,0
157,1907,0
157,1908,0
157,1909,0
157,1910,0
157,1911,0
157,1912,0
157,1913,0
157,1914,0
157,1915,0
157,1916,0
157,1917,0
157,1918,0
157,1919,0
157,1920,0
157,1921,0
157,1922,0
157,1923,0
157,1924,0
157,1925,0
157,1926,0
157,1927,0
157,1928,0
157,1929,0
157,1930,0
157,1931,0
157,1932,0
157,1933,0
157,1934,0
157,1935,0
157,1936,0
157,1937,0
157,1938,0
157,1939,0
157,1940,0
157,1941,0
157,1942,0
157,1943,0
157,1944,0
157,1945,0
157,1946,0
157,1947,0
157,1948,0
157,1949,0
157,1950,0
157,1951,0
157,1952,0
157,1953,0
157,1954,0
157,1955,0
157,1956,0
157,1957,0
157,1958,0
157,1959,0
157,1960,0
157,1961,0
157,1962,0
157,1963,0
157,1964,0
157,1965,0
157,1966,0
157,1967,0
157,1968,0
157,1969,0
157,1970,0
157,1971,0
157,1972,0
157,1973,0
157,1974,0
157,1975,0
157,1976,0
157,1977,0
157,1978,0
157,1979,0
157,1980,0
157,1981,0
157,1982,0
157,1983,0
157,1984,0
157,1985,0
157,1986,0
157,1987,0
157,1988,0
157,1989,0
157,1990,0
157,1991,0
157,1992,0
157,1993,0
157,1994,0
157,1995,0
157,1996,0
157,1997,0
157,1998,0
157,1999,0
158,2000,4
158,2001,4
158,2002,4
158,2003,4
158,2004,4
158,2005,4
158,2006,4
158,2007,4
158,2008,4
158,2009,4
158,2010,4
158,2011,4
158,2012,4
158,2013,4
158,2014,4
158,2015,4
158,2016,4
158,2017,4
158,2018,4
158,2019,4
158,2020,4
158,2021,4
158,2022,4
158,2023,4
158,2024,4
158,2025,4
158,0,4
158,1800,4
158,1838,4
158,1840,4
158,1849,4
158,1858,4
158,1864,4
158,1865,4
158,1867,4
158,1872,4
158,1875,4
158,1878,4
158,1881,4
158,1883,4
158,1884,4
158,1885,4
158,1886,4
158,1887,4
158,1888,4
158,1889,4
158,1890,4
158,1891,4
158,1892,4
158,1893,4
158,1894,4
158,1895,4
158,1896,4
158,1897,4
158,1898,4
158,1899,4
158,1900,4
158,1901,4
158,1902,4
158,1903,4
158,1904,4
158,1905,4
158,1906,4
158,1907,4
158,1908,4
158,1909,4
158,1910,4
158,1911,4
158,1912,4
158,1913,4
158,1914,4
158,1915,4
158,1916,4
158,1917,4
158,1918,4
158,1919,4
158,1920,4
158,1921,4
158,1922,4
158,1923,4
158,1924,4
158,1925,4
158,1926,4
158,1927,4
158,1928,4
158,1929,4
158,1930,4
158,1931,4
158,1932,4
158,1933,4
158,1934,4
158,1935,4
158,1936,4
158,1937,4
158,1938,4
158,1939,4
158,1940,4
158,1941,4
158,1942,4
158,1943,4
158,1944,4
158,1945,4
158,1946,4
158,1947,4
158,1948,4
158,1949,4
158,1950,4
158,1951,4
158,1952,4
158,1953,4
158,1954,4
158,1955,4
158,1956,4
158,1957,4
158,1958,4
158,1959,4
158,1960,4
158,1961,4
158,1962,4
158,1963,4
158,1964,4
158,1965,4
158,1966,4
158,1967,4
158,1968,4
158,1969,4
158,1970,4
158,1971,4
158,1972,4
158,1973,4
158,1974,4
158,1975,4
158,1976,4
158,1977,4
158,1978,4
158,1979,4
158,1980,4
158,1981,4
158,1982,4
158,1983,4
158,1984,4
158,1985,4
158,1986,4
158,1987,4
158,1988,4
158,1989,4
158,1990,4
158,1991,4
158,1992,4
158,1993,4
158,1994,4
158,1995,4
158,1996,4
158,1997,4
158,1998,4
158,1999,4
159,2000,3.25
159,2001,3.25
159,2002,3.25
159,2003,3.25
159,2004,3.25
159,2005,3.25
159,2006,3.25
159,2007,3.25
159,2008,3.25
159,2009,3.25
159,2010,3.25
159,2011,3.25
159,2012,3.25
159,2013,3.25
159,2014,3.25
159,2015,3.25
159,2016,3.25
159,2017,3.25
159,2018,3.25
159,2019,3.25
159,2020,3.25
159,2021,3.25
159,2022,3.25
159,2023,3.25
159,2024,3.25
159,2025,3.25
159,0,3.25
159,1800,3.25
159,1838,3.25
159,1840,3.25
159,1849,3.25
159,1858,3.25
159,1864,3.25
159,1865,3.25
159,1867,3.25
159,1872,3.25
159,1875,3.25
159,1878,3.25
159,1881,3.25
159,1883,3.25
159,1884,3.25
159,1885,3.25
159,1886,3.25
159,1887,3.25
159,1888,3.25
159,1889,3.25
159,1890,3.25
159,1891,3.25
159,1892,3.25
159,1893,3.25
159,1894,3.25
159,1895,3.25
159,1896,3.25
159,1897,3.25
159,1898,3.25
159,1899,3.25
159,1900,3.25
159,1901,3.25
159,1902,3.25
159,1903,3.25
159,1904,3.25
159,1905,3.25
159,1906,3.25
159,1907,3.25
159,1908,3.25
159,1909,3.25
159,1910,3.25
159,1911,3.25
159,1912,3.25
159,1913,3.25
159,1914,3.25
159,1915,3.25
159,1916,3.25
159,1917,3.25
159,1918,3.25
159,1919,3.25
159,1920,3.25
159,1921,3.25
159,1922,3.25
159,1923,3.25
159,1924,3.25
159,1925,3.25
159,1926,3.25
159,1927,3.25
159,1928,3.25
159,1929,3.25
159,1930,3.25
159,1931,3.25
159,1932,3.25
159,1933,3.25
159,1934,3.25
159,1935,3.25
159,1936,3.25
159,1937,3.25
159,1938,3.25
159,1939,3.25
159,1940,3.25
159,1941,3.25
159,1942,3.25
159,1943,3.25
159,1944,3.25
159,1945,3.25
159,1946,3.25
159,1947,3.25
159,1948,3.25
159,1949,3.25
159,1950,3.25
159,1951,3.25
159,1952,3.25
159,1953,3.25
159,1954,3.25
159,1955,3.25
159,1956,3.25
159,1957,3.25
159,1958,3.25
159,1959,3.25
159,1960,3.25
159,1961,3.25
159,1962,3.25
159,1963,3.25
159,1964,3.25
159,1965,3.25
159,1966,3.25
159,1967,3.25
159,1968,3.25
159,1969,3.25
159,1970,3.25
159,1971,3.25
159,1972,3.25
159,1973,3.25
159,1974,3.25
159,1975,3.25
159,1976,3.25
159,1977,3.25
159,1978,3.25
159,1979,3.25
159,1980,3.25
159,1981,3.25
159,1982,3.25
159,1983,3.25
159,1984,3.25
159,1985,3.25
159,1986,3.25
159,1987,3.25
159,1988,3.25
159,1989,3.25
159,1990,3.25
159,1991,3.25
159,1992,3.25
159,1993,3.25
159,1994,3.25
159,1995,3.25
159,1996,3.25
159,1997,3.25
159,1998,3.25
159,1999,3.25
161,2000,0
161,2001,0
161,2002,0
161,2003,0
161,2004,0
161,2005,0
161,2006,0
161,2007,0
161,2008,0
161,2009,0
161,2010,0
161,2011,0
161,2012,0
161,2013,0
161,2014,0
161,2015,0
161,2016,0
161,2017,0
161,2018,0
161,2019,0
161,2020,0
161,2021,0
161,2022,0
161,2023,0
161,2024,0
161,2025,0
161,0,0
161,1800,0
161,1838,0
161,1840,0
161,1849,0
161,1858,0
161,1864,0
161,1865,0
161,1867,0
161,1872,0
161,1875,0
161,1878,0
161,1881,0
161,1883,0
161,1884,0
161,1885,0
161,1886,0
161,1887,0
161,1888,0
161,1889,0
161,1890,0
161,1891,0
161,1892,0
161,1893,0
161,1894,0
161,1895,0
161,1896,0
161,1897,0
161,1898,0
161,1899,0
161,1900,0
161,1901,0
161,1902,0
161,1903,0
161,1904,0
161,1905,0
161,1906,0
161,1907,0
161,1908,0
161,1909,0
161,1910,0
161,1911,0
161,1912,0
161,1913,0
161,1914,0
161,1915,0
161,1916,0
161,1917,0
161,1918,0
161,1919,0
161,1920,0
161,1921,0
161,1922,0
161,1923,0
161,1924,0
161,1925,0
161,1926,0
161,1927,0
161,1928,0
161,1929,0
161,1930,0
161,1931,0
161,1932,0
161,1933,0
161,1934,0
161,1935,0
161,1936,0
161,1937,0
161,1938,0
161,1939,0
161,1940,0
161,1941,0
161,1942,0
161,1943,0
161,1944,0
161,1945,0
161,1946,0
161,1947,0
161,1948,0
161,1949,0
161,1950,0
161,1951,0
161,1952,0
161,1953,0
161,1954,0
161,1955,0
161,1956,0
161,1957,0
161,1958,0
161,1959,0
161,1960,0
161,1961,0
161,1962,0
161,1963,0
161,1964,0
161,1965,0
161,1966,0
161,1967,0
161,1968,0
161,1969,0
161,1970,0
161,1971,0
161,1972,0
161,1973,0
161,1974,0
161,1975,0
161,1976,0
161,1977,0
161,1978,0
161,1979,0
161,1980,0
161,1981,0
161,1982,0
161,1983,0
161,1984,0
161,1985,0
161,1986,0
161,1987,0
161,1988,0
161,1989,0
161,1990,0
161,1991,0
161,1992,0
161,1993,0
161,1994,0
161,1995,0
161,1996,0
161,1997,0
161,1998,0
161,1999,0
162,2000,2932.25
162,2001,2952
162,2002,3226.5
162,2003,3373
162,2004,3391.5
162,2005,3433.75
162,2006,3437.5
162,2007,3482.25
162,2008,3490.75
162,2009,3494.75
162,2010,3512.25
162,2011,3517.75
162,2012,3521.5
162,2013,3525
162,2014,3530.5
162,2015,3585.5
162,2016,3587
162,2017,3587.75
162,2018,3589.25
162,2019,3591.25
162,2020,3591.5
162,2021,3591.5
162,2022,3591.5
162,2023,3591.5
162,2024,3591.5
162,2025,3591.5
162,0,6.25
162,1800,6.25
162,1838,6.25
162,1840,6.25
162,1849,6.25
162,1858,6.25
162,1864,6.25
162,1865,6.25
162,1867,6.25
162,1872,6.25
162,1875,6.25
162,1878,7.25
162,1881,7.25
162,1883,7.25
162,1884,7.25
162,1885,7.25
162,1886,7.25
162,1887,7.25
162,1888,7.25
162,1889,9.25
162,1890,9.25
162,1891,9.25
162,1892,9.25
162,1893,9.25
162,1894,9.25
162,1895,12
162,1896,41
162,1897,41
162,1898,41
162,1899,41.25
162,1900,45.75
162,1901,45.75
162,1902,51.5
162,1903,70.25
162,1904,73
162,1905,87.25
162,1906,89
162,1907,90.25
162,1908,93.5
162,1909,95.75
162,1910,96.25
162,1911,104.25
162,1912,137.25
162,1913,149.25
162,1914,155.75
162,1915,155.75
162,1916,156.25
162,1917,157.5
162,1918,157.5
162,1919,171
162,1920,179
162,1921,180.5
162,1922,180.5
162,1923,180.5
162,1924,182.5
162,1925,182.75
162,1926,184.75
162,1927,188.25
162,1928,206.75
162,1929,207.25
162,1930,212
162,1931,212.75
162,1932,212.75
162,1933,212.75
162,1934,423.5
162,1935,426.5
162,1936,426.5
162,1937,427.25
162,1938,464.5
162,1939,466.75
162,1940,467
162,1941,477
162,1942,514.5
162,1943,514.5
162,1944,515.25
162,1945,515.25
162,1946,515.25
162,1947,517.5
162,1948,522.25
162,1949,522.5
162,1950,522.75
162,1951,523.25
162,1952,527.5
162,1953,530.25
162,1954,599.25
162,1955,604
162,1956,609.75
162,1957,633.25
162,1958,636.5
162,1959,641.25
162,1960,720
162,1961,727.25
162,1962,737.25
162,1963,738.75
162,1964,762.75
162,1965,763.25
162,1966,763.25
162,1967,764.5
162,1968,768
162,1969,772.5
162,1970,789
162,1971,808.25
162,1972,822.5
162,1973,863.75
162,1974,869.25
162,1975,874.75
162,1976,890.25
162,1977,906.75
162,1978,2082.75
162,1979,2089.75
162,1980,2111.75
162,1981,2135.25
162,1982,2137.25
162,1983,2139.25
162,1984,2145.5
162,1985,2159.25
162,1986,2179.5
162,1987,2703
162,1988,2713.75
162,1989,2721.5
162,1990,2733.5
162,1991,2750.25
162,1992,2759.75
162,1993,2785
162,1994,2802.75
162,1995,2820.25
162,1996,2890
162,1997,2911
162,1998,2915.75
162,1999,2928.75
163,2000,28441.25
163,2001,28446
163,2002,28533.5
163,2003,28552.25
163,2004,28562
163,2005,28583.5
163,2006,28713.5
163,2007,28728
163,2008,28757.5
163,2009,28853.25
163,2010,28869
163,2011,28888.25
163,2012,28912.25
163,2013,28915.75
163,2014,28921.25
163,2015,28959.25
163,2016,28963.5
163,2017,28964.5
163,2018,28964.5
163,2019,28967.5
163,2020,28968.5
163,2021,28968.5
163,2022,28968.5
163,2023,28968.5
163,2024,28968.5
163,2025,28968.5
163,0,10751.75
163,1800,10751.75
163,1838,10751.75
163,1840,10751.75
163,1849,10751.75
163,1858,10751.75
163,1864,10751.75
163,1865,10751.75
163,1867,10751.75
163,1872,10751.75
163,1875,10751.75
163,1878,10751.75
163,1881,10751.75
163,1883,10751.75
163,1884,10751.75
163,1885,10751.75
163,1886,10751.75
163,1887,10751.75
163,1888,10751.75
163,1889,10751.75
163,1890,10751.75
163,1891,10751.75
163,1892,10751.75
163,1893,10751.75
163,1894,10751.75
163,1895,10751.75
163,1896,10751.75
163,1897,10751.75
163,1898,10751.75
163,1899,10751.75
163,1900,10751.75
163,1901,10751.75
163,1902,10751.75
163,1903,10752.25
163,1904,10813.5
163,1905,10813.5
163,1906,10813.5
163,1907,10813.5
163,1908,10820.75
163,1909,10823.25
163,1910,10823.25
163,1911,10856
163,1912,10856
163,1913,10856.75
163,1914,10856.75
163,1915,10856.75
163,1916,10864
163,1917,10864
163,1918,10864
163,1919,10864
163,1920,10864
163,1921,10864
163,1922,10864
163,1923,10864
163,1924,10885.5
163,1925,10885.5
163,1926,10885.5
163,1927,10886
163,1928,10890
163,1929,10902.25
163,1930,10992
163,1931,10995
163,1932,11047
163,1933,11057.25
163,1934,11727.75
163,1935,11774
163,1936,11776.25
163,1937,11872.75
163,1938,12127.25
163,1939,12127.25
163,1940,12127.25
163,1941,12193
163,1942,12194
163,1943,12206.75
163,1944,12227.25
163,1945,12228.5
163,1946,12233
163,1947,12233.5
163,1948,12233.75
163,1949,12240.75
163,1950,12248.25
163,1951,12249.25
163,1952,12253
163,1953,12274.5
163,1954,12282
163,1955,12282
163,1956,12285.75
163,1957,12295.25
163,1958,12295.25
163,1959,12315.25
163,1960,13750.75
163,1961,13780.25
163,1962,13988.5
163,1963,14083.75
163,1964,14164.75
163,1965,14170.5
163,1966,14304
163,1967,14362.75
163,1968,14459.75
163,1969,14745
163,1970,15131.5
163,1971,15363.5
163,1972,16322.25
163,1973,16363.5
163,1974,16485
163,1975,16684.75
163,1976,16888.25
163,1977,16909.5
163,1978,17327.25
163,1979,17379.5
163,1980,25969.75
163,1981,25981
163,1982,25988.75
163,1983,26055.25
163,1984,26325.25
163,1985,26430.5
163,1986,26509.5
163,1987,26806.25
163,1988,26947.25
163,1989,27009.5
163,1990,27495.25
163,1991,27613.5
163,1992,28023.75
163,1993,28082.25
163,1994,28112.75
163,1995,28134.75
163,1996,28138.5
163,1997,28244.25
163,1998,28349.75
163,1999,28406.25
164,2000,112.75
164,2001,133.25
164,2002,141.75
164,2003,142.5
164,2004,142.5
164,2005,142.75
164,2006,142.75
164,2007,142.75
164,2008,145.75
164,2009,145.75
164,2010,146.75
164,2011,146.75
164,2012,146.75
164,2013,146.75
164,2014,146.75
164,2015,165
164,2016,165
164,2017,165
164,2018,165
164,2019,165
164,2020,165.5
164,2021,165.5
164,2022,333.75
164,2023,333.75
164,2024,333.75
164,2025,333.75
164,0,0
164,1800,0
164,1838,0
164,1840,0
164,1849,0
164,1858,0
164,1864,0
164,1865,0
164,1867,0
164,1872,0
164,1875,0
164,1878,0
164,1881,0
164,1883,0
164,1884,0
164,1885,0
164,1886,0
164,1887,0
164,1888,0
164,1889,0
164,1890,0
164,1891,0
164,1892,0
164,1893,0
164,1894,0
164,1895,0
164,1896,0
164,1897,0
164,1898,0
164,1899,0
164,1900,0
164,1901,0
164,1902,0
164,1903,0
164,1904,0
164,1905,0
164,1906,0
164,1907,0
164,1908,0
164,1909,0
164,1910,0
164,1911,0
164,1912,0
164,1913,0
164,1914,0
164,1915,0
164,1916,0
164,1917,0
164,1918,0
164,1919,0
164,1920,0
164,1921,0
164,1922,0
164,1923,0
164,1924,0
164,1925,0
164,1926,0
164,1927,0
164,1928,0
164,1929,0
164,1930,0
164,1931,0
164,1932,0
164,1933,0
164,1934,0
164,1935,0
164,1936,0
164,1937,0
164,1938,0
164,1939,0
164,1940,0
164,1941,0
164,1942,0
164,1943,0
164,1944,0
164,1945,0
164,1946,0
164,1947,0
164,1948,0
164,1949,0
164,1950,0
164,1951,0
164,1952,0
164,1953,0
164,1954,0
164,1955,0
164,1956,0
164,1957,0
164,1958,0
164,1959,0
164,1960,0
164,1961,0
164,1962,0
164,1963,0
164,1964,0
164,1965,0
164,1966,0
164,1967,0
164,1968,0
164,1969,0
164,1970,0
164,1971,0
164,1972,0
164,1973,0
164,1974,0
164,1975,0
164,1976,0.25
164,1977,0.25
164,1978,0.25
164,1979,0.25
164,1980,0.25
164,1981,0.25
164,1982,0.25
164,1983,0.25
164,1984,0.25
164,1985,0.25
164,1986,0.25
164,1987,4.5
164,1988,4.5
164,1989,6.5
164,1990,6.5
164,1991,6.5
164,1992,8.5
164,1993,11.25
164,1994,36.5
164,1995,36.5
164,1996,61.5
164,1997,61.5
164,1998,84.5
164,1999,84.5
166,2000,254.25
166,2001,254.25
166,2002,254.25
166,2003,254.25
166,2004,272.75
166,2005,272.75
166,2006,273
166,2007,273
166,2008,273
166,2009,273.75
166,2010,273.75
166,2011,273.75
166,2012,273.75
166,2013,273.75
166,2014,273.75
166,2015,273.75
166,2016,274
166,2017,274
166,2018,274
166,2019,274
166,2020,274
166,2021,276.5
166,2022,276.5
166,2023,276.5
166,2024,276.5
166,2025,276.5
166,0,0
166,1800,0
166,1838,0
166,1840,0
166,1849,0
166,1858,0
166,1864,0
166,1865,0
166,1867,0
166,1872,0
166,1875,0
166,1878,0
166,1881,0
166,1883,0
166,1884,0
166,1885,0
166,1886,0
166,1887,0
166,1888,0
166,1889,0
166,1890,0
166,1891,0
166,1892,0
166,1893,0
166,1894,0
166,1895,0
166,1896,0
166,1897,0
166,1898,0
166,1899,0
166,1900,0
166,1901,0
166,1902,0
166,1903,0
166,1904,0
166,1905,0
166,1906,0
166,1907,0
166,1908,0
166,1909,0
166,1910,0
166,1911,0
166,1912,0
166,1913,0
166,1914,0
166,1915,0
166,1916,0
166,1917,0
166,1918,0
166,1919,0
166,1920,0
166,1921,0
166,1922,0
166,1923,0
166,1924,0
166,1925,0
166,1926,0
166,1927,0
166,1928,0
166,1929,0
166,1930,0
166,1931,0
166,1932,0
166,1933,0
166,1934,0
166,1935,0
166,1936,0
166,1937,0
166,1938,0
166,1939,0
166,1940,0
166,1941,0
166,1942,0
166,1943,0
166,1944,0
166,1945,0
166,1946,0
166,1947,0
166,1948,0
166,1949,0
166,1950,30.75
166,1951,30.75
166,1952,30.75
166,1953,30.75
166,1954,30.75
166,1955,30.75
166,1956,30.75
166,1957,30.75
166,1958,30.75
166,1959,30.75
166,1960,30.75
166,1961,30.75
166,1962,30.75
166,1963,30.75
166,1964,30.75
166,1965,30.75
166,1966,31
166,1967,31
166,1968,31
166,1969,31
166,1970,31
166,1971,50
166,1972,50
166,1973,50
166,1974,50
166,1975,50
166,1976,50
166,1977,50
166,1978,50
166,1979,50.5
166,1980,50.5
166,1981,50.5
166,1982,50.5
166,1983,50.5
166,1984,50.5
166,1985,50.5
166,1986,50.5
166,1987,50.5
166,1988,50.5
166,1989,50.5
166,1990,50.5
166,1991,50.5
166,1992,51.5
166,1993,51.5
166,1994,51.5
166,1995,51.5
166,1996,51.5
166,1997,167.25
166,1998,183.25
166,1999,254.25
167,2000,0
167,2001,0
167,2002,0
167,2003,0
167,2004,0
167,2005,0
167,2006,0
167,2007,0
167,2008,0
167,2009,0
167,2010,0
167,2011,130
167,2012,130
167,2013,130
167,2014,130
167,2015,130
167,2016,130
167,2017,130
167,2018,130
167,2019,130
167,2020,130
167,2021,130
167,2022,130
167,2023,130
167,2024,130
167,2025,130
167,0,0
167,1800,0
167,1838,0
167,1840,0
167,1849,0
167,1858,0
167,1864,0
167,1865,0
167,1867,0
167,1872,0
167,1875,0
167,1878,0
167,1881,0
167,1883,0
167,1884,0
167,1885,0
167,1886,0
167,1887,0
167,1888,0
167,1889,0
167,1890,0
167,1891,0
167,1892,0
167,1893,0
167,1894,0
167,1895,0
167,1896,0
167,1897,0
167,1898,0
167,1899,0
167,1900,0
167,1901,0
167,1902,0
167,1903,0
167,1904,0
167,1905,0
167,1906,0
167,1907,0
167,1908,0
167,1909,0
167,1910,0
167,1911,0
167,1912,0
167,1913,0
167,1914,0
167,1915,0
167,1916,0
167,1917,0
167,1918,0
167,1919,0
167,1920,0
167,1921,0
167,1922,0
167,1923,0
167,1924,0
167,1925,0
167,1926,0
167,1927,0
167,1928,0
167,1929,0
167,1930,0
167,1931,0
167,1932,0
167,1933,0
167,1934,0
167,1935,0
167,1936,0
167,1937,0
167,1938,0
167,1939,0
167,1940,0
167,1941,0
167,1942,0
167,1943,0
167,1944,0
167,1945,0
167,1946,0
167,1947,0
167,1948,0
167,1949,0
167,1950,0
167,1951,0
167,1952,0
167,1953,0
167,1954,0
167,1955,0
167,1956,0
167,1957,0
167,1958,0
167,1959,0
167,1960,0
167,1961,0
167,1962,0
167,1963,0
167,1964,0
167,1965,0
167,1966,0
167,1967,0
167,1968,0
167,1969,0
167,1970,0
167,1971,0
167,1972,0
167,1973,0
167,1974,0
167,1975,0
167,1976,0
167,1977,0
167,1978,0
167,1979,0
167,1980,0
167,1981,0
167,1982,0
167,1983,0
167,1984,0
167,1985,0
167,1986,0
167,1987,0
167,1988,0
167,1989,0
167,1990,0
167,1991,0
167,1992,0
167,1993,0
167,1994,0
167,1995,0
167,1996,0
167,1997,0
167,1998,0
167,1999,0
168,2000,350
168,2001,350
168,2002,350
168,2003,350
168,2004,350
168,2005,350
168,2006,350
168,2007,350
168,2008,350
168,2009,350
168,2010,350
168,2011,350
168,2012,350
168,2013,350
168,2014,350
168,2015,350
168,2016,350
168,2017,350
168,2018,350
168,2019,350
168,2020,350
168,2021,350
168,2022,350
168,2023,350
168,2024,350
168,2025,350
168,0,117.75
168,1800,117.75
168,1838,117.75
168,1840,117.75
168,1849,117.75
168,1858,117.75
168,1864,117.75
168,1865,117.75
168,1867,117.75
168,1872,117.75
168,1875,117.75
168,1878,117.75
168,1881,117.75
168,1883,117.75
168,1884,117.75
168,1885,117.75
168,1886,117.75
168,1887,117.75
168,1888,117.75
168,1889,117.75
168,1890,117.75
168,1891,117.75
168,1892,117.75
168,1893,117.75
168,1894,117.75
168,1895,117.75
168,1896,117.75
168,1897,117.75
168,1898,117.75
168,1899,117.75
168,1900,117.75
168,1901,117.75
168,1902,117.75
168,1903,117.75
168,1904,117.75
168,1905,117.75
168,1906,117.75
168,1907,117.75
168,1908,117.75
168,1909,117.75
168,1910,117.75
168,1911,117.75
168,1912,117.75
168,1913,117.75
168,1914,117.75
168,1915,117.75
168,1916,117.75
168,1917,117.75
168,1918,117.75
168,1919,117.75
168,1920,117.75
168,1921,117.75
168,1922,117.75
168,1923,117.75
168,1924,117.75
168,1925,117.75
168,1926,117.75
168,1927,117.75
168,1928,117.75
168,1929,117.75
168,1930,117.75
168,1931,117.75
168,1932,117.75
168,1933,117.75
168,1934,117.75
168,1935,117.75
168,1936,117.75
168,1937,117.75
168,1938,117.75
168,1939,117.75
168,1940,117.75
168,1941,117.75
168,1942,117.75
168,1943,117.75
168,1944,117.75
168,1945,117.75
168,1946,117.75
168,1947,117.75
168,1948,117.75
168,1949,117.75
168,1950,117.75
168,1951,117.75
168,1952,117.75
168,1953,117.75
168,1954,117.75
168,1955,117.75
168,1956,117.75
168,1957,117.75
168,1958,117.75
168,1959,117.75
168,1960,117.75
168,1961,172.75
168,1962,172.75
168,1963,172.75
168,1964,172.75
168,1965,172.75
168,1966,231.75
168,1967,231.75
168,1968,231.75
168,1969,248
168,1970,248
168,1971,248
168,1972,248
168,1973,248
168,1974,248
168,1975,248
168,1976,248
168,1977,248
168,1978,248
168,1979,248
168,1980,248
168,1981,248
168,1982,248
168,1983,248
168,1984,248
168,1985,248
168,1986,261.75
168,1987,350
168,1988,350
168,1989,350
168,1990,350
168,1991,350
168,1992,350
168,1993,350
168,1994,350
168,1995,350
168,1996,350
168,1997,350
168,1998,350
168,1999,350
169,2000,237
169,2001,320
169,2002,320
169,2003,320
169,2004,320
169,2005,320
169,2006,320
169,2007,320
169,2008,327.25
169,2009,327.25
169,2010,327.25
169,2011,327.25
169,2012,327.25
169,2013,341
169,2014,341
169,2015,343.5
169,2016,343.5
169,2017,343.5
169,2018,343.5
169,2019,343.5
169,2020,343.5
169,2021,343.5
169,2022,343.5
169,2023,343.5
169,2024,343.5
169,2025,343.5
169,0,0
169,1800,0
169,1838,0
169,1840,0
169,1849,0
169,1858,0
169,1864,0
169,1865,0
169,1867,0
169,1872,0
169,1875,0
169,1878,0
169,1881,0
169,1883,0
169,1884,0
169,1885,0
169,1886,0
169,1887,0
169,1888,0
169,1889,0
169,1890,0
169,1891,0
169,1892,0
169,1893,0
169,1894,0
169,1895,0
169,1896,0
169,1897,0
169,1898,0
169,1899,0
169,1900,0
169,1901,0
169,1902,0
169,1903,0
169,1904,0
169,1905,0
169,1906,0
169,1907,0
169,1908,0
169,1909,0
169,1910,0
169,1911,0
169,1912,0
169,1913,0
169,1914,0
169,1915,0
169,1916,0
169,1917,0
169,1918,0
169,1919,0
169,1920,0
169,1921,0
169,1922,0
169,1923,0
169,1924,0
169,1925,0
169,1926,0
169,1927,0
169,1928,0
169,1929,0
169,1930,0
169,1931,0
169,1932,0
169,1933,0
169,1934,0
169,1935,0
169,1936,0
169,1937,0
169,1938,0
169,1939,0
169,1940,0
169,1941,0
169,1942,0
169,1943,0
169,1944,0
169,1945,0
169,1946,0
169,1947,0
169,1948,0
169,1949,0
169,1950,0
169,1951,0
169,1952,0
169,1953,0
169,1954,0
169,1955,0
169,1956,0
169,1957,0
169,1958,0
169,1959,0
169,1960,0
169,1961,0
169,1962,0
169,1963,0
169,1964,0
169,1965,0
169,1966,0
169,1967,0
169,1968,0
169,1969,0
169,1970,0
169,1971,0
169,1972,0
169,1973,0
169,1974,0
169,1975,0
169,1976,0
169,1977,0
169,1978,0
169,1979,0
169,1980,0
169,1981,0
169,1982,0
169,1983,0.5
169,1984,0.5
169,1985,0.75
169,1986,0.75
169,1987,0.75
169,1988,0.75
169,1989,0.75
169,1990,0.75
169,1991,0.75
169,1992,2
169,1993,208.25
169,1994,210.5
169,1995,224.5
169,1996,224.5
169,1997,224.5
169,1998,236.25
169,1999,236.25
171,2000,11669.5
171,2001,11802
171,2002,12245
171,2003,12361.5
171,2004,12398
171,2005,13262.25
171,2006,13402.25
171,2007,13519.25
171,2008,13702
171,2009,13773.25
171,2010,13857.5
171,2011,13885.5
171,2012,13926.75
171,2013,13997
171,2014,14210.75
171,2015,14225.25
171,2016,14254.5
171,2017,14269
171,2018,15751.5
171,2019,15775
171,2020,15776.25
171,2021,15804.25
171,2022,15818.25
171,2023,15820.25
171,2024,15862.75
171,2025,15862.75
171,0,0
171,1800,0
171,1838,0
171,1840,0
171,1849,0
171,1858,0
171,1864,0
171,1865,0
171,1867,0
171,1872,0
171,1875,0
171,1878,0
171,1881,0
171,1883,0
171,1884,0
171,1885,0
171,1886,0
171,1887,0
171,1888,0
171,1889,0
171,1890,0
171,1891,0
171,1892,0
171,1893,0
171,1894,0
171,1895,0
171,1896,0
171,1897,0
171,1898,0
171,1899,0
171,1900,0
171,1901,0
171,1902,0
171,1903,0
171,1904,0
171,1905,0
171,1906,0
171,1907,0
171,1908,0
171,1909,0
171,1910,0
171,1911,0
171,1912,0
171,1913,0
171,1914,0
171,1915,0
171,1916,0
171,1917,0
171,1918,0
171,1919,0
171,1920,0
171,1921,0
171,1922,0
171,1923,0
171,1924,0
171,1925,0
171,1926,0
171,1927,0
171,1928,0
171,1929,0
171,1930,0
171,1931,0
171,1932,0
171,1933,0
171,1934,0
171,1935,0
171,1936,0
171,1937,0
171,1938,0
171,1939,0
171,1940,0
171,1941,0
171,1942,0
171,1943,0
171,1944,0
171,1945,0
171,1946,0
171,1947,0
171,1948,0
171,1949,0
171,1950,0
171,1951,0
171,1952,0
171,1953,0
171,1954,0
171,1955,0
171,1956,0
171,1957,0
171,1958,0
171,1959,0
171,1960,0
171,1961,11.25
171,1962,65
171,1963,65
171,1964,65
171,1965,65
171,1966,65
171,1967,65
171,1968,65
171,1969,65
171,1970,65
171,1971,65
171,1972,76.25
171,1973,76.25
171,1974,76.25
171,1975,122.75
171,1976,140.5
171,1977,213.5
171,1978,213.5
171,1979,214
171,1980,571.5
171,1981,803.25
171,1982,854.5
171,1983,979.75
171,1984,1133.5
171,1985,1400.25
171,1986,1487.5
171,1987,1644.25
171,1988,1723.25
171,1989,5182.25
171,1990,5293.75
171,1991,8829
171,1992,10210.75
171,1993,10431.5
171,1994,10512.5
171,1995,10745
171,1996,10915.75
171,1997,11064.25
171,1998,11143.25
171,1999,11493.75
172,2000,1447
172,2001,1786
172,2002,1807.5
172,2003,1807.5
172,2004,1859.5
172,2005,1910.5
172,2006,1910.5
172,2007,1910.5
172,2008,1910.5
172,2009,2126.75
172,2010,2126.75
172,2011,2130
172,2012,2201.5
172,2013,2204.75
172,2014,2574
172,2015,2864.25
172,2016,3012.75
172,2017,3012.75
172,2018,3012.75
172,2019,3012.75
172,2020,3012.75
172,2021,3013.25
172,2022,3014.25
172,2023,3014.25
172,2024,3014.25
172,2025,3014.25
172,0,0
172,1800,0
172,1838,0
172,1840,0
172,1849,0
172,1858,0
172,1864,0
172,1865,0
172,1867,0
172,1872,0
172,1875,0
172,1878,0
172,1881,0
172,1883,0
172,1884,0
172,1885,0
172,1886,0
172,1887,0
172,1888,0
172,1889,0
172,1890,0
172,1891,0
172,1892,0
172,1893,0
172,1894,0
172,1895,0
172,1896,0
172,1897,0
172,1898,0
172,1899,0
172,1900,0
172,1901,0
172,1902,0
172,1903,0
172,1904,0
172,1905,0
172,1906,0
172,1907,0
172,1908,0
172,1909,0
172,1910,0
172,1911,0
172,1912,0
172,1913,0
172,1914,0
172,1915,0
172,1916,0
172,1917,0
172,1918,0
172,1919,0
172,1920,0
172,1921,0
172,1922,0
172,1923,0
172,1924,0
172,1925,0
172,1926,0
172,1927,0
172,1928,0
172,1929,0
172,1930,0
172,1931,0
172,1932,0
172,1933,0
172,1934,0
172,1935,0
172,1936,0
172,1937,0
172,1938,0
172,1939,0
172,1940,0
172,1941,0
172,1942,0
172,1943,0
172,1944,0
172,1945,0
172,1946,0
172,1947,0
172,1948,0
172,1949,0
172,1950,0
172,1951,0
172,1952,0
172,1953,0
172,1954,0
172,1955,0
172,1956,0
172,1957,0
172,1958,0
172,1959,0
172,1960,0
172,1961,0
172,1962,0
172,1963,0
172,1964,0
172,1965,0
172,1966,0
172,1967,7.75
172,1968,7.75
172,1969,7.75
172,1970,7.75
172,1971,14.75
172,1972,16.5
172,1973,18
172,1974,43.75
172,1975,43.75
172,1976,43.75
172,1977,114.75
172,1978,114.75
172,1979,114.75
172,1980,114.75
172,1981,114.75
172,1982,114.75
172,1983,412.75
172,1984,476.5
172,1985,478
172,1986,515.75
172,1987,515.75
172,1988,515.75
172,1989,533.5
172,1990,538
172,1991,538
172,1992,746.75
172,1993,840.25
172,1994,840.25
172,1995,850
172,1996,873.5
172,1997,1083.75
172,1998,1321.25
172,1999,1321.25
173,2000,196.5
173,2001,196.5
173,2002,196.5
173,2003,196.5
173,2004,196.5
173,2005,196.5
173,2006,196.5
173,2007,196.5
173,2008,196.5
173,2009,196.5
173,2010,196.5
173,2011,196.5
173,2012,196.5
173,2013,196.5
173,2014,196.5
173,2015,256
173,2016,256
173,2017,256.25
173,2018,256.25
173,2019,256.25
173,2020,256.25
173,2021,256.25
173,2022,256.25
173,2023,256.25
173,2024,256.25
173,2025,256.25
173,0,0
173,1800,0
173,1838,0
173,1840,0
173,1849,0
173,1858,0
173,1864,0
173,1865,0
173,1867,0
173,1872,0
173,1875,0
173,1878,0
173,1881,0
173,1883,0
173,1884,0
173,1885,0
173,1886,0
173,1887,0
173,1888,0
173,1889,0
173,1890,0
173,1891,0
173,1892,0
173,1893,0
173,1894,0
173,1895,0
173,1896,0
173,1897,0
173,1898,0
173,1899,0
173,1900,0
173,1901,0
173,1902,0
173,1903,0
173,1904,0
173,1905,0
173,1906,0
173,1907,0
173,1908,0
173,1909,0
173,1910,0
173,1911,0
173,1912,0
173,1913,0
173,1914,0
173,1915,0
173,1916,0
173,1917,0
173,1918,0
173,1919,0
173,1920,0
173,1921,0
173,1922,0
173,1923,0
173,1924,0
173,1925,0
173,1926,0
173,1927,0
173,1928,0
173,1929,0
173,1930,0
173,1931,0
173,1932,0
173,1933,0
173,1934,0
173,1935,0
173,1936,0
173,1937,0
173,1938,0
173,1939,0
173,1940,0
173,1941,0
173,1942,0
173,1943,0
173,1944,0
173,1945,0
173,1946,0
173,1947,0
173,1948,0
173,1949,0
173,1950,0
173,1951,0
173,1952,0
173,1953,0
173,1954,0
173,1955,0
173,1956,0
173,1957,0
173,1958,0
173,1959,0
173,1960,0
173,1961,0
173,1962,0
173,1963,0
173,1964,0
173,1965,0
173,1966,0
173,1967,0
173,1968,0
173,1969,1.5
173,1970,1.5
173,1971,1.5
173,1972,1.5
173,1973,1.5
173,1974,1.5
173,1975,1.5
173,1976,196.5
173,1977,196.5
173,1978,196.5
173,1979,196.5
173,1980,196.5
173,1981,196.5
173,1982,196.5
173,1983,196.5
173,1984,196.5
173,1985,196.5
173,1986,196.5
173,1987,196.5
173,1988,196.5
173,1989,196.5
173,1990,196.5
173,1991,196.5
173,1992,196.5
173,1993,196.5
173,1994,196.5
173,1995,196.5
173,1996,196.5
173,1997,196.5
173,1998,196.5
173,1999,196.5
174,2000,643.75
174,2001,645.5
174,2002,651.5
174,2003,655.25
174,2004,723.5
174,2005,744.25
174,2006,749
174,2007,752.25
174,2008,763.25
174,2009,770.75
174,2010,773.25
174,2011,779.75
174,2012,783
174,2013,784.75
174,2014,804
174,2015,862.5
174,2016,869
174,2017,870.5
174,2018,872.5
174,2019,873
174,2020,876.75
174,2021,890.25
174,2022,900.25
174,2023,900.75
174,2024,901
174,2025,901
174,0,0
174,1800,0
174,1838,0
174,1840,0
174,1849,0
174,1858,0
174,1864,0
174,1865,0
174,1867,0
174,1872,0
174,1875,0
174,1878,0
174,1881,0
174,1883,0
174,1884,0
174,1885,0
174,1886,0
174,1887,0
174,1888,0
174,1889,0
174,1890,0
174,1891,0
174,1892,0
174,1893,0
174,1894,0
174,1895,0
174,1896,0
174,1897,0
174,1898,0
174,1899,0
174,1900,0
174,1901,0
174,1902,0
174,1903,0
174,1904,0
174,1905,0
174,1906,0
174,1907,0
174,1908,0
174,1909,0
174,1910,0
174,1911,0
174,1912,0
174,1913,0
174,1914,0
174,1915,0
174,1916,0
174,1917,0
174,1918,0
174,1919,0
174,1920,0
174,1921,0
174,1922,0
174,1923,0
174,1924,0
174,1925,1.75
174,1926,3.75
174,1927,3.75
174,1928,3.75
174,1929,4.5
174,1930,6
174,1931,6.5
174,1932,6.5
174,1933,9.5
174,1934,9.5
174,1935,9.5
174,1936,9.5
174,1937,9.5
174,1938,9.5
174,1939,10
174,1940,10
174,1941,10
174,1942,10
174,1943,10
174,1944,10
174,1945,10
174,1946,11.5
174,1947,11.5
174,1948,12.25
174,1949,13
174,1950,13
174,1951,13.25
174,1952,13.25
174,1953,13.75
174,1954,13.75
174,1955,13.75
174,1956,19.25
174,1957,21.25
174,1958,21.25
174,1959,21.25
174,1960,21.25
174,1961,21.75
174,1962,23
174,1963,23
174,1964,25.5
174,1965,25.5
174,1966,28.75
174,1967,29
174,1968,29
174,1969,29
174,1970,29.75
174,1971,29.75
174,1972,30
174,1973,30
174,1974,112
174,1975,112.25
174,1976,112.25
174,1977,112.25
174,1978,113.75
174,1979,115
174,1980,115
174,1981,120.25
174,1982,163.25
174,1983,165
174,1984,165.25
174,1985,166
174,1986,167.25
174,1987,168.75
174,1988,174.5
174,1989,186
174,1990,186.75
174,1991,189.5
174,1992,189.75
174,1993,195
174,1994,197.5
174,1995,200.25
174,1996,263
174,1997,267.5
174,1998,641.5
174,1999,642.75
175,2000,1477.5
175,2001,1477.5
175,2002,1477.5
175,2003,1477.5
175,2004,1477.75
175,2005,1480
175,2006,1480.5
175,2007,1481.75
175,2008,1481.75
175,2009,1533.75
175,2010,1533.75
175,2011,1603
175,2012,1603.75
175,2013,1603.75
175,2014,1603.75
175,2015,1604
175,2016,1607
175,2017,1607
175,2018,1607
175,2019,1607.25
175,2020,1607.25
175,2021,1607.25
175,2022,1607.25
175,2023,1607.75
175,2024,1607.75
175,2025,1607.75
175,0,7
175,1800,7
175,1838,7
175,1840,7
175,1849,7
175,1858,7
175,1864,7
175,1865,7
175,1867,7
175,1872,7
175,1875,7
175,1878,7
175,1881,7
175,1883,7
175,1884,7
175,1885,7
175,1886,7
175,1887,7
175,1888,7
175,1889,7
175,1890,7
175,1891,7
175,1892,7
175,1893,7
175,1894,7
175,1895,7
175,1896,7
175,1897,7
175,1898,7
175,1899,7
175,1900,7
175,1901,7
175,1902,7
175,1903,7
175,1904,7
175,1905,7
175,1906,7
175,1907,7
175,1908,7
175,1909,7
175,1910,7
175,1911,7
175,1912,7
175,1913,7
175,1914,7
175,1915,7
175,1916,7
175,1917,7
175,1918,7
175,1919,7
175,1920,7
175,1921,7
175,1922,7
175,1923,7
175,1924,7
175,1925,7
175,1926,7
175,1927,7
175,1928,7
175,1929,11.75
175,1930,12.75
175,1931,12.75
175,1932,12.75
175,1933,12.75
175,1934,12.75
175,1935,12.75
175,1936,14
175,1937,14
175,1938,21.5
175,1939,34
175,1940,34.25
175,1941,35.25
175,1942,35.25
175,1943,35.25
175,1944,35.5
175,1945,36
175,1946,36
175,1947,43.75
175,1948,43.75
175,1949,43.75
175,1950,46.5
175,1951,46.5
175,1952,46.5
175,1953,47
175,1954,47.25
175,1955,53.75
175,1956,54
175,1957,54
175,1958,58.75
175,1959,58.75
175,1960,59.25
175,1961,59.5
175,1962,63.25
175,1963,64.75
175,1964,73
175,1965,73.5
175,1966,75.75
175,1967,80.5
175,1968,82.5
175,1969,84
175,1970,84.25
175,1971,84.25
175,1972,95
175,1973,95
175,1974,96.5
175,1975,98
175,1976,107.75
175,1977,701
175,1978,702
175,1979,708.25
175,1980,722.5
175,1981,731
175,1982,731.75
175,1983,1127.25
175,1984,1130
175,1985,1130.75
175,1986,1131.75
175,1987,1140
175,1988,1140
175,1989,1140
175,1990,1146
175,1991,1146
175,1992,1474.5
175,1993,1474.5
175,1994,1477
175,1995,1477
175,1996,1477
175,1997,1477
175,1998,1477.5
175,1999,1477.5
176,2000,1459.25
176,2001,1519.25
176,2002,1519.5
176,2003,1521.5
176,2004,1586.5
176,2005,1600.25
176,2006,1607.75
176,2007,1628.5
176,2008,1826.25
176,2009,1860
176,2010,1885.25
176,2011,1900
176,2012,1922.25
176,2013,1924.5
176,2014,1924.5
176,2015,1926.5
176,2016,1935.5
176,2017,1947.5
176,2018,1960.75
176,2019,1990.5
176,2020,1990.5
176,2021,2064.75
176,2022,2065
176,2023,2065
176,2024,2065
176,2025,2065
176,0,0
176,1800,0
176,1838,0
176,1840,0
176,1849,0
176,1858,0
176,1864,0
176,1865,0
176,1867,0
176,1872,0
176,1875,0
176,1878,0
176,1881,0
176,1883,0
176,1884,0
176,1885,0
176,1886,0
176,1887,0
176,1888,0
176,1889,0
176,1890,0
176,1891,0
176,1892,0
176,1893,0
176,1894,0
176,1895,0
176,1896,0
176,1897,0
176,1898,0
176,1899,0
176,1900,0
176,1901,0
176,1902,0
176,1903,0
176,1904,0
176,1905,0
176,1906,0
176,1907,0
176,1908,0
176,1909,0
176,1910,0
176,1911,0
176,1912,0
176,1913,0
176,1914,0
176,1915,0
176,1916,0
176,1917,0
176,1918,0
176,1919,0
176,1920,0
176,1921,0
176,1922,0
176,1923,0
176,1924,0
176,1925,0
176,1926,0
176,1927,0
176,1928,0
176,1929,0
176,1930,4.25
176,1931,4.25
176,1932,4.25
176,1933,4.25
176,1934,4.25
176,1935,4.25
176,1936,4.75
176,1937,6.75
176,1938,7.75
176,1939,12
176,1940,12.75
176,1941,12.75
176,1942,13.5
176,1943,13.5
176,1944,13.5
176,1945,13.5
176,1946,13.5
176,1947,13.5
176,1948,13.5
176,1949,13.5
176,1950,13.5
176,1951,13.5
176,1952,13.5
176,1953,13.5
176,1954,13.5
176,1955,13.5
176,1956,13.5
176,1957,13.75
176,1958,13.75
176,1959,13.75
176,1960,13.75
176,1961,21.5
176,1962,57
176,1963,57
176,1964,57
176,1965,57
176,1966,146.25
176,1967,152.25
176,1968,156.75
176,1969,163.25
176,1970,163.25
176,1971,166.25
176,1972,167
176,1973,170.5
176,1974,170.5
176,1975,170.5
176,1976,455
176,1977,457.5
176,1978,522.25
176,1979,527
176,1980,548.5
176,1981,555.25
176,1982,653
176,1983,658.5
176,1984,664
176,1985,715.75
176,1986,744
176,1987,747
176,1988,749.25
176,1989,757
176,1990,928.75
176,1991,1073.5
176,1992,1090.75
176,1993,1152.5
176,1994,1176
176,1995,1178.75
176,1996,1347.75
176,1997,1359.75
176,1998,1414.25
176,1999,1422.5
177,2000,648.5
177,2001,648.5
177,2002,657.75
177,2003,660
177,2004,660
177,2005,663.25
177,2006,663.25
177,2007,663.25
177,2008,667.75
177,2009,668.5
177,2010,690
177,2011,697.75
177,2012,697.75
177,2013,767.5
177,2014,799.5
177,2015,827
177,2016,828
177,2017,829
177,2018,852.25
177,2019,852.25
177,2020,852.25
177,2021,852.25
177,2022,852.25
177,2023,852.25
177,2024,852.25
177,2025,852.25
177,0,0
177,1800,0
177,1838,0
177,1840,0
177,1849,0
177,1858,0
177,1864,0
177,1865,0
177,1867,0
177,1872,0
177,1875,0
177,1878,0
177,1881,0
177,1883,0
177,1884,0
177,1885,0
177,1886,0
177,1887,0
177,1888,0
177,1889,0
177,1890,0
177,1891,0
177,1892,0
177,1893,0
177,1894,0
177,1895,0
177,1896,0
177,1897,0
177,1898,0
177,1899,0
177,1900,0
177,1901,0
177,1902,0
177,1903,0
177,1904,0
177,1905,0
177,1906,0
177,1907,0
177,1908,0
177,1909,0
177,1910,0
177,1911,0
177,1912,0
177,1913,0
177,1914,0
177,1915,0
177,1916,0
177,1917,0
177,1918,0
177,1919,0
177,1920,0
177,1921,0
177,1922,0
177,1923,0
177,1924,0
177,1925,0
177,1926,0
177,1927,0
177,1928,0
177,1929,0
177,1930,0
177,1931,0
177,1932,0
177,1933,0
177,1934,0
177,1935,0
177,1936,0
177,1937,0
177,1938,0
177,1939,0
177,1940,0
177,1941,0
177,1942,0
177,1943,0
177,1944,0
177,1945,0
177,1946,0
177,1947,0
177,1948,0
177,1949,0
177,1950,0
177,1951,0
177,1952,0
177,1953,0
177,1954,0
177,1955,0
177,1956,0
177,1957,0
177,1958,0
177,1959,0
177,1960,0
177,1961,0
177,1962,0
177,1963,0
177,1964,0
177,1965,0
177,1966,0
177,1967,0
177,1968,0
177,1969,0
177,1970,0
177,1971,0
177,1972,0
177,1973,0
177,1974,0
177,1975,0
177,1976,0
177,1977,0
177,1978,0
177,1979,0
177,1980,0
177,1981,0
177,1982,0
177,1983,0
177,1984,133
177,1985,133
177,1986,199
177,1987,236.75
177,1988,243.25
177,1989,261.5
177,1990,261.5
177,1991,261.5
177,1992,261.5
177,1993,261.5
177,1994,273.5
177,1995,326.75
177,1996,328
177,1997,328
177,1998,328
177,1999,328
178,2000,381.5
178,2001,384.25
178,2002,384.25
178,2003,384.25
178,2004,545.25
178,2005,576.25
178,2006,576.25
178,2007,647.25
178,2008,661.5
178,2009,664.25
178,2010,664.25
178,2011,664.25
178,2012,664.25
178,2013,665.25
178,2014,665.25
178,2015,665.25
178,2016,665.25
178,2017,665.25
178,2018,665.25
178,2019,665.25
178,2020,665.25
178,2021,669.25
178,2022,669.5
178,2023,670.5
178,2024,670.5
178,2025,670.5
178,0,0
178,1800,0
178,1838,0
178,1840,0
178,1849,0
178,1858,0
178,1864,0
178,1865,0
178,1867,0
178,1872,0
178,1875,0
178,1878,0
178,1881,0
178,1883,0
178,1884,0
178,1885,0
178,1886,0
178,1887,0
178,1888,0
178,1889,0
178,1890,0
178,1891,0
178,1892,0
178,1893,0
178,1894,0
178,1895,0
178,1896,0
178,1897,0
178,1898,0
178,1899,0
178,1900,0
178,1901,0
178,1902,0
178,1903,0
178,1904,0
178,1905,0
178,1906,0
178,1907,0
178,1908,0
178,1909,0
178,1910,0
178,1911,0
178,1912,0
178,1913,0
178,1914,0
178,1915,0
178,1916,0
178,1917,0
178,1918,0
178,1919,0
178,1920,0
178,1921,0
178,1922,0
178,1923,0
178,1924,0
178,1925,0
178,1926,0
178,1927,0
178,1928,0
178,1929,0
178,1930,0
178,1931,0
178,1932,0
178,1933,0
178,1934,0
178,1935,0
178,1936,0
178,1937,0
178,1938,1.25
178,1939,1.25
178,1940,1.25
178,1941,1.25
178,1942,1.25
178,1943,1.25
178,1944,1.25
178,1945,1.25
178,1946,1.25
178,1947,1.25
178,1948,1.25
178,1949,1.25
178,1950,1.25
178,1951,1.25
178,1952,1.25
178,1953,1.25
178,1954,1.25
178,1955,1.25
178,1956,1.25
178,1957,2.5
178,1958,2.5
178,1959,4
178,1960,37.75
178,1961,37.75
178,1962,38.25
178,1963,38.25
178,1964,38.25
178,1965,38.25
178,1966,38.25
178,1967,72.5
178,1968,72.5
178,1969,72.5
178,1970,72.5
178,1971,72.5
178,1972,72.5
178,1973,73.75
178,1974,74
178,1975,168
178,1976,172.75
178,1977,172.75
178,1978,234.5
178,1979,234.5
178,1980,234.5
178,1981,268
178,1982,268
178,1983,268
178,1984,268
178,1985,348
178,1986,348
178,1987,348
178,1988,348
178,1989,348
178,1990,348.5
178,1991,352.75
178,1992,352.75
178,1993,352.75
178,1994,379.75
178,1995,379.75
178,1996,379.75
178,1997,379.75
178,1998,381.5
178,1999,381.5
179,2000,1096.25
179,2001,1108.75
179,2002,1116
179,2003,1224.5
179,2004,1231.5
179,2005,1240
179,2006,1298.25
179,2007,1385.25
179,2008,1443
179,2009,1514.5
179,2010,1534
179,2011,1566
179,2012,1772
179,2013,1781
179,2014,2124.75
179,2015,2235.25
179,2016,2319.5
179,2017,2364.25
179,2018,2380.75
179,2019,2515
179,2020,2560.25
179,2021,2605.25
179,2022,2607.75
179,2023,2607.75
179,2024,2607.75
179,2025,2607.75
179,0,0.5
179,1800,0.5
179,1838,0.5
179,1840,0.5
179,1849,0.5
179,1858,0.5
179,1864,0.5
179,1865,0.5
179,1867,0.5
179,1872,0.5
179,1875,0.5
179,1878,0.5
179,1881,0.5
179,1883,0.5
179,1884,0.5
179,1885,0.5
179,1886,0.5
179,1887,0.5
179,1888,0.5
179,1889,0.5
179,1890,0.5
179,1891,0.5
179,1892,0.5
179,1893,0.5
179,1894,0.5
179,1895,0.5
179,1896,0.5
179,1897,0.5
179,1898,0.5
179,1899,0.5
179,1900,0.5
179,1901,0.5
179,1902,0.5
179,1903,0.5
179,1904,0.5
179,1905,0.5
179,1906,0.5
179,1907,0.5
179,1908,0.5
179,1909,0.5
179,1910,0.5
179,1911,0.5
179,1912,0.5
179,1913,0.5
179,1914,0.5
179,1915,0.5
179,1916,0.5
179,1917,0.5
179,1918,0.5
179,1919,0.5
179,1920,0.5
179,1921,0.5
179,1922,0.5
179,1923,0.5
179,1924,0.5
179,1925,0.5
179,1926,0.5
179,1927,0.5
179,1928,0.5
179,1929,0.5
179,1930,0.5
179,1931,0.5
179,1932,0.5
179,1933,0.5
179,1934,0.5
179,1935,0.5
179,1936,0.5
179,1937,0.5
179,1938,0.5
179,1939,0.5
179,1940,0.5
179,1941,0.5
179,1942,0.5
179,1943,0.5
179,1944,0.5
179,1945,0.5
179,1946,0.5
179,1947,0.5
179,1948,0.5
179,1949,0.5
179,1950,0.5
179,1951,0.5
179,1952,0.5
179,1953,0.5
179,1954,0.5
179,1955,0.5
179,1956,0.5
179,1957,0.5
179,1958,0.5
179,1959,0.5
179,1960,0.5
179,1961,0.5
179,1962,0.5
179,1963,76.25
179,1964,76.25
179,1965,76.25
179,1966,76.25
179,1967,76.25
179,1968,76.25
179,1969,222.75
179,1970,373.5
179,1971,373.5
179,1972,471.5
179,1973,471.5
179,1974,502
179,1975,504.5
179,1976,508.5
179,1977,524.25
179,1978,534.25
179,1979,552
179,1980,618.5
179,1981,632.75
179,1982,646.75
179,1983,662.25
179,1984,670.75
179,1985,683.5
179,1986,724.75
179,1987,735.75
179,1988,745.25
179,1989,754.75
179,1990,764.5
179,1991,904.75
179,1992,910.75
179,1993,915.75
179,1994,962.5
179,1995,981.75
179,1996,999.5
179,1997,1014.25
179,1998,1058.25
179,1999,1091
180,2000,6236
180,2001,6247
180,2002,6305.75
180,2003,6311.75
180,2004,6312.75
180,2005,6321
180,2006,6363.25
180,2007,6365.75
180,2008,6371.75
180,2009,6373.5
180,2010,6484.25
180,2011,6487.5
180,2012,6487.75
180,2013,6504
180,2014,6526
180,2015,6526
180,2016,6533.25
180,2017,6537
180,2018,6550.25
180,2019,6560.75
180,2020,6562.75
180,2021,6564.75
180,2022,6570
180,2023,6570.75
180,2024,6570.75
180,2025,6570.75
180,0,2677.75
180,1800,2677.75
180,1838,2677.75
180,1840,2677.75
180,1849,2677.75
180,1858,2677.75
180,1864,2677.75
180,1865,2677.75
180,1867,2677.75
180,1872,2677.75
180,1875,2677.75
180,1878,2677.75
180,1881,2677.75
180,1883,2677.75
180,1884,2677.75
180,1885,2677.75
180,1886,2677.75
180,1887,2677.75
180,1888,2677.75
180,1889,2677.75
180,1890,2677.75
180,1891,2677.75
180,1892,2677.75
180,1893,2677.75
180,1894,2677.75
180,1895,2677.75
180,1896,2677.75
180,1897,2677.75
180,1898,2677.75
180,1899,2677.75
180,1900,2677.75
180,1901,2677.75
180,1902,2677.75
180,1903,2677.75
180,1904,2677.75
180,1905,2677.75
180,1906,2677.75
180,1907,2677.75
180,1908,2677.75
180,1909,2679.25
180,1910,2679.25
180,1911,2679.25
180,1912,2679.25
180,1913,2679.25
180,1914,2679.25
180,1915,2679.25
180,1916,2679.25
180,1917,2679.25
180,1918,2679.25
180,1919,2679.75
180,1920,2679.75
180,1921,2679.75
180,1922,2680.25
180,1923,2680.5
180,1924,2680.5
180,1925,2680.5
180,1926,2681.5
180,1927,2682.25
180,1928,2686
180,1929,2686.5
180,1930,2687
180,1931,2688.75
180,1932,2689
180,1933,2692
180,1934,2692
180,1935,2694.75
180,1936,2699
180,1937,2699.75
180,1938,2701.5
180,1939,2704.5
180,1940,2705
180,1941,2705
180,1942,2705
180,1943,2705
180,1944,2707
180,1945,2707
180,1946,2710.75
180,1947,2710.75
180,1948,2710.75
180,1949,2711.75
180,1950,2712.25
180,1951,2940.5
180,1952,2979.25
180,1953,2984.25
180,1954,3017.25
180,1955,3024.25
180,1956,3064.25
180,1957,3133.25
180,1958,3186.25
180,1959,3506.5
180,1960,3676.25
180,1961,3679.75
180,1962,3688.25
180,1963,3771.75
180,1964,3876.5
180,1965,3884.5
180,1966,3884.5
180,1967,3995.5
180,1968,4046.75
180,1969,4050.5
180,1970,4119
180,1971,4141.75
180,1972,4164.75
180,1973,4214.75
180,1974,4283.25
180,1975,4288.25
180,1976,4291.25
180,1977,4291.25
180,1978,4316.25
180,1979,4318.5
180,1980,5846.5
180,1981,5872
180,1982,5873.25
180,1983,5880.75
180,1984,5888.75
180,1985,5896
180,1986,5969.25
180,1987,5991
180,1988,6077.25
180,1989,6125.25
180,1990,6139.5
180,1991,6156.5
180,1992,6174.75
180,1993,6185
180,1994,6190.25
180,1995,6196.75
180,1996,6205.75
180,1997,6213
180,1998,6216.5
180,1999,6226.25
181,2000,509.25
181,2001,509.25
181,2002,510.25
181,2003,510.25
181,2004,531
181,2005,544.25
181,2006,713
181,2007,724
181,2008,729.25
181,2009,820.5
181,2010,841
181,2011,850.5
181,2012,850.5
181,2013,850.5
181,2014,850.5
181,2015,850.5
181,2016,857.75
181,2017,884.5
181,2018,928
181,2019,1071.75
181,2020,1072.5
181,2021,1181.25
181,2022,1255
181,2023,1323
181,2024,1323
181,2025,1323
181,0,273
181,1800,273
181,1838,273
181,1840,273
181,1849,273
181,1858,273
181,1864,273
181,1865,273
181,1867,273
181,1872,273
181,1875,273
181,1878,273
181,1881,273
181,1883,273
181,1884,273
181,1885,273
181,1886,273
181,1887,273
181,1888,273
181,1889,273
181,1890,273
181,1891,273
181,1892,273
181,1893,273
181,1894,273
181,1895,273
181,1896,273
181,1897,273
181,1898,273
181,1899,273
181,1900,273
181,1901,273
181,1902,273
181,1903,273
181,1904,273
181,1905,273
181,1906,273
181,1907,273
181,1908,273
181,1909,273
181,1910,273
181,1911,273
181,1912,273
181,1913,273
181,1914,273
181,1915,273
181,1916,273
181,1917,273
181,1918,273
181,1919,273
181,1920,273
181,1921,273
181,1922,273
181,1923,273
181,1924,273
181,1925,273
181,1926,273
181,1927,273
181,1928,273
181,1929,273
181,1930,273
181,1931,273
181,1932,273
181,1933,273
181,1934,273
181,1935,273
181,1936,273
181,1937,273
181,1938,273
181,1939,273
181,1940,273
181,1941,273
181,1942,273
181,1943,273
181,1944,273
181,1945,273
181,1946,273
181,1947,273
181,1948,273
181,1949,273
181,1950,273
181,1951,273
181,1952,273
181,1953,273
181,1954,273
181,1955,273
181,1956,273
181,1957,273
181,1958,273
181,1959,273
181,1960,273
181,1961,273
181,1962,273
181,1963,273
181,1964,273
181,1965,273
181,1966,273
181,1967,273
181,1968,273
181,1969,273
181,1970,273
181,1971,273
181,1972,273
181,1973,273
181,1974,273
181,1975,273
181,1976,273
181,1977,273
181,1978,273
181,1979,273
181,1980,273.5
181,1981,283.25
181,1982,283.25
181,1983,283.25
181,1984,283.25
181,1985,301.5
181,1986,323
181,1987,323
181,1988,326.25
181,1989,327.75
181,1990,333.5
181,1991,333.5
181,1992,333.5
181,1993,333.5
181,1994,370.25
181,1995,401.25
181,1996,505.25
181,1997,505.25
181,1998,509.25
181,1999,509.25
182,2000,928.5
182,2001,997.25
182,2002,1001.25
182,2003,1103
182,2004,1242
182,2005,1243.75
182,2006,1511.75
182,2007,1553.5
182,2008,1555.5
182,2009,1573.5
182,2010,1573.5
182,2011,1581.5
182,2012,1583.75
182,2013,1597.5
182,2014,1676.75
182,2015,1723.5
182,2016,1726.75
182,2017,1726.75
182,2018,1726.75
182,2019,1731
182,2020,1735.25
182,2021,1737.75
182,2022,1748.25
182,2023,1792.25
182,2024,1792.25
182,2025,1792.25
182,0,124.5
182,1800,124.5
182,1838,124.5
182,1840,124.5
182,1849,124.5
182,1858,124.5
182,1864,124.5
182,1865,124.5
182,1867,124.5
182,1872,124.5
182,1875,124.5
182,1878,124.5
182,1881,124.5
182,1883,124.5
182,1884,124.5
182,1885,124.5
182,1886,124.5
182,1887,124.5
182,1888,124.5
182,1889,124.5
182,1890,124.5
182,1891,124.5
182,1892,124.5
182,1893,124.5
182,1894,124.5
182,1895,124.5
182,1896,124.5
182,1897,124.5
182,1898,124.5
182,1899,124.5
182,1900,124.5
182,1901,124.5
182,1902,124.5
182,1903,124.5
182,1904,124.5
182,1905,124.5
182,1906,124.5
182,1907,124.5
182,1908,124.5
182,1909,124.5
182,1910,124.5
182,1911,124.5
182,1912,124.5
182,1913,124.5
182,1914,124.5
182,1915,124.5
182,1916,124.5
182,1917,124.5
182,1918,124.5
182,1919,124.5
182,1920,124.5
182,1921,124.5
182,1922,124.5
182,1923,124.5
182,1924,124.5
182,1925,124.5
182,1926,124.5
182,1927,124.5
182,1928,124.5
182,1929,124.5
182,1930,124.5
182,1931,124.5
182,1932,124.5
182,1933,126
182,1934,126
182,1935,126
182,1936,126
182,1937,126
182,1938,126
182,1939,126
182,1940,126
182,1941,126
182,1942,126
182,1943,126
182,1944,126
182,1945,126
182,1946,126
182,1947,126
182,1948,126
182,1949,126
182,1950,126
182,1951,126
182,1952,126
182,1953,126
182,1954,126
182,1955,126
182,1956,126
182,1957,126
182,1958,126
182,1959,126
182,1960,126
182,1961,126
182,1962,126
182,1963,126
182,1964,126
182,1965,126
182,1966,126
182,1967,126
182,1968,126
182,1969,162.25
182,1970,162.25
182,1971,162.25
182,1972,162.25
182,1973,162.25
182,1974,162.25
182,1975,163.25
182,1976,163.25
182,1977,163.25
182,1978,163.25
182,1979,163.25
182,1980,163.25
182,1981,163.25
182,1982,188.75
182,1983,219.25
182,1984,232.75
182,1985,232.75
182,1986,292.25
182,1987,364.25
182,1988,420.25
182,1989,585.5
182,1990,596.25
182,1991,613.5
182,1992,782.25
182,1993,803.25
182,1994,861.5
182,1995,910.75
182,1996,911.75
182,1997,912.75
182,1998,914
182,1999,915.5
183,2000,594.5
183,2001,594.5
183,2002,594.5
183,2003,594.5
183,2004,606.25
183,2005,616.5
183,2006,616.5
183,2007,617
183,2008,755
183,2009,758
183,2010,758
183,2011,758
183,2012,758
183,2013,758
183,2014,758
183,2015,761.75
183,2016,761.75
183,2017,761.75
183,2018,761.75
183,2019,764.75
183,2020,764.75
183,2021,764.75
183,2022,764.75
183,2023,764.75
183,2024,764.75
183,2025,764.75
183,0,53.5
183,1800,53.5
183,1838,53.5
183,1840,53.5
183,1849,53.5
183,1858,53.5
183,1864,53.5
183,1865,53.5
183,1867,53.5
183,1872,53.5
183,1875,53.5
183,1878,53.5
183,1881,53.5
183,1883,53.5
183,1884,53.5
183,1885,53.5
183,1886,53.5
183,1887,53.5
183,1888,53.5
183,1889,53.5
183,1890,53.5
183,1891,53.5
183,1892,53.5
183,1893,53.5
183,1894,53.5
183,1895,53.5
183,1896,53.5
183,1897,53.5
183,1898,53.5
183,1899,53.5
183,1900,53.5
183,1901,53.5
183,1902,53.5
183,1903,53.5
183,1904,53.5
183,1905,53.5
183,1906,53.5
183,1907,53.5
183,1908,53.5
183,1909,53.5
183,1910,53.5
183,1911,53.5
183,1912,53.5
183,1913,53.5
183,1914,53.5
183,1915,53.5
183,1916,53.5
183,1917,53.5
183,1918,53.5
183,1919,53.5
183,1920,53.5
183,1921,53.5
183,1922,53.5
183,1923,53.5
183,1924,53.5
183,1925,53.5
183,1926,53.5
183,1927,53.5
183,1928,53.5
183,1929,53.5
183,1930,53.5
183,1931,53.5
183,1932,53.5
183,1933,53.5
183,1934,53.5
183,1935,53.5
183,1936,53.5
183,1937,53.5
183,1938,53.5
183,1939,53.5
183,1940,53.5
183,1941,53.5
183,1942,53.5
183,1943,53.5
183,1944,53.5
183,1945,53.5
183,1946,53.5
183,1947,53.5
183,1948,53.5
183,1949,53.5
183,1950,53.5
183,1951,53.5
183,1952,53.5
183,1953,53.5
183,1954,53.5
183,1955,53.5
183,1956,53.5
183,1957,53.5
183,1958,53.5
183,1959,53.5
183,1960,53.5
183,1961,53.5
183,1962,53.5
183,1963,53.5
183,1964,53.5
183,1965,53.5
183,1966,53.5
183,1967,53.5
183,1968,53.5
183,1969,53.5
183,1970,53.5
183,1971,55
183,1972,55
183,1973,55
183,1974,55
183,1975,60.25
183,1976,133.5
183,1977,133.5
183,1978,244.25
183,1979,244.25
183,1980,341.25
183,1981,367.25
183,1982,367.25
183,1983,367.25
183,1984,372.75
183,1985,372.75
183,1986,372.75
183,1987,385.75
183,1988,575.75
183,1989,575.75
183,1990,575.75
183,1991,575.75
183,1992,575.75
183,1993,575.75
183,1994,575.75
183,1995,575.75
183,1996,592.25
183,1997,592.25
183,1998,592.25
183,1999,592.25
184,2000,1168.5
184,2001,1175
184,2002,1200.75
184,2003,1258.5
184,2004,1316.75
184,2005,1567.25
184,2006,1690.5
184,2007,1865
184,2008,1866.75
184,2009,1998.5
184,2010,1998.5
184,2011,1998.5
184,2012,1999
184,2013,2001.25
184,2014,2001.25
184,2015,2017
184,2016,2034.5
184,2017,2369.25
184,2018,2450.75
184,2019,2501.25
184,2020,2510
184,2021,2515.5
184,2022,2570.5
184,2023,2573
184,2024,2573
184,2025,2573
184,0,31
184,1800,31
184,1838,31
184,1840,31
184,1849,31
184,1858,31
184,1864,31
184,1865,31
184,1867,31
184,1872,31
184,1875,31
184,1878,31
184,1881,31
184,1883,31
184,1884,31
184,1885,31
184,1886,31
184,1887,31
184,1888,31
184,1889,31
184,1890,31
184,1891,31
184,1892,31
184,1893,31
184,1894,31
184,1895,31
184,1896,31
184,1897,31
184,1898,31
184,1899,31
184,1900,31
184,1901,31
184,1902,31
184,1903,31
184,1904,31
184,1905,31
184,1906,31
184,1907,31
184,1908,31
184,1909,31
184,1910,31
184,1911,31
184,1912,31
184,1913,31
184,1914,31
184,1915,31
184,1916,31
184,1917,31
184,1918,31
184,1919,31
184,1920,31
184,1921,31
184,1922,31
184,1923,31
184,1924,31
184,1925,31
184,1926,31
184,1927,31
184,1928,31
184,1929,31
184,1930,31
184,1931,31
184,1932,31
184,1933,31
184,1934,55.75
184,1935,55.75
184,1936,55.75
184,1937,55.75
184,1938,55.75
184,1939,55.75
184,1940,55.75
184,1941,55.75
184,1942,55.75
184,1943,55.75
184,1944,55.75
184,1945,55.75
184,1946,55.75
184,1947,55.75
184,1948,55.75
184,1949,55.75
184,1950,55.75
184,1951,55.75
184,1952,55.75
184,1953,55.75
184,1954,55.75
184,1955,55.75
184,1956,55.75
184,1957,55.75
184,1958,55.75
184,1959,55.75
184,1960,55.75
184,1961,55.75
184,1962,55.75
184,1963,55.75
184,1964,55.75
184,1965,55.75
184,1966,55.75
184,1967,55.75
184,1968,55.75
184,1969,55.75
184,1970,55.75
184,1971,68.5
184,1972,72.5
184,1973,72.5
184,1974,72.5
184,1975,92.75
184,1976,114.75
184,1977,158.25
184,1978,160.25
184,1979,203
184,1980,208.5
184,1981,236.75
184,1982,250
184,1983,251.5
184,1984,290.25
184,1985,291.5
184,1986,295
184,1987,327.25
184,1988,353.75
184,1989,451.5
184,1990,452.75
184,1991,646
184,1992,646
184,1993,669.75
184,1994,735.75
184,1995,749.25
184,1996,774.75
184,1997,899.25
184,1998,967.25
184,1999,1123
185,2000,0
185,2001,0
185,2002,0
185,2003,0
185,2004,0
185,2005,0
185,2006,0
185,2007,0
185,2008,0
185,2009,0
185,2010,0.5
185,2011,0.5
185,2012,1.25
185,2013,1.25
185,2014,1.25
185,2015,1.25
185,2016,1.25
185,2017,1.25
185,2018,1.25
185,2019,1.25
185,2020,1.25
185,2021,1.25
185,2022,1.25
185,2023,1.25
185,2024,1.25
185,2025,1.25
185,0,0
185,1800,0
185,1838,0
185,1840,0
185,1849,0
185,1858,0
185,1864,0
185,1865,0
185,1867,0
185,1872,0
185,1875,0
185,1878,0
185,1881,0
185,1883,0
185,1884,0
185,1885,0
185,1886,0
185,1887,0
185,1888,0
185,1889,0
185,1890,0
185,1891,0
185,1892,0
185,1893,0
185,1894,0
185,1895,0
185,1896,0
185,1897,0
185,1898,0
185,1899,0
185,1900,0
185,1901,0
185,1902,0
185,1903,0
185,1904,0
185,1905,0
185,1906,0
185,1907,0
185,1908,0
185,1909,0
185,1910,0
185,1911,0
185,1912,0
185,1913,0
185,1914,0
185,1915,0
185,1916,0
185,1917,0
185,1918,0
185,1919,0
185,1920,0
185,1921,0
185,1922,0
185,1923,0
185,1924,0
185,1925,0
185,1926,0
185,1927,0
185,1928,0
185,1929,0
185,1930,0
185,1931,0
185,1932,0
185,1933,0
185,1934,0
185,1935,0
185,1936,0
185,1937,0
185,1938,0
185,1939,0
185,1940,0
185,1941,0
185,1942,0
185,1943,0
185,1944,0
185,1945,0
185,1946,0
185,1947,0
185,1948,0
185,1949,0
185,1950,0
185,1951,0
185,1952,0
185,1953,0
185,1954,0
185,1955,0
185,1956,0
185,1957,0
185,1958,0
185,1959,0
185,1960,0
185,1961,0
185,1962,0
185,1963,0
185,1964,0
185,1965,0
185,1966,0
185,1967,0
185,1968,0
185,1969,0
185,1970,0
185,1971,0
185,1972,0
185,1973,0
185,1974,0
185,1975,0
185,1976,0
185,1977,0
185,1978,0
185,1979,0
185,1980,0
185,1981,0
185,1982,0
185,1983,0
185,1984,0
185,1985,0
185,1986,0
185,1987,0
185,1988,0
185,1989,0
185,1990,0
185,1991,0
185,1992,0
185,1993,0
185,1994,0
185,1995,0
185,1996,0
185,1997,0
185,1998,0
185,1999,0
186,2000,39
186,2001,39
186,2002,39
186,2003,39
186,2004,39
186,2005,39
186,2006,39
186,2007,39
186,2008,39
186,2009,39
186,2010,39
186,2011,39
186,2012,39
186,2013,39
186,2014,39
186,2015,39
186,2016,39
186,2017,39
186,2018,39
186,2019,39
186,2020,39
186,2021,39
186,2022,39
186,2023,39
186,2024,39
186,2025,39
186,0,39
186,1800,39
186,1838,39
186,1840,39
186,1849,39
186,1858,39
186,1864,39
186,1865,39
186,1867,39
186,1872,39
186,1875,39
186,1878,39
186,1881,39
186,1883,39
186,1884,39
186,1885,39
186,1886,39
186,1887,39
186,1888,39
186,1889,39
186,1890,39
186,1891,39
186,1892,39
186,1893,39
186,1894,39
186,1895,39
186,1896,39
186,1897,39
186,1898,39
186,1899,39
186,1900,39
186,1901,39
186,1902,39
186,1903,39
186,1904,39
186,1905,39
186,1906,39
186,1907,39
186,1908,39
186,1909,39
186,1910,39
186,1911,39
186,1912,39
186,1913,39
186,1914,39
186,1915,39
186,1916,39
186,1917,39
186,1918,39
186,1919,39
186,1920,39
186,1921,39
186,1922,39
186,1923,39
186,1924,39
186,1925,39
186,1926,39
186,1927,39
186,1928,39
186,1929,39
186,1930,39
186,1931,39
186,1932,39
186,1933,39
186,1934,39
186,1935,39
186,1936,39
186,1937,39
186,1938,39
186,1939,39
186,1940,39
186,1941,39
186,1942,39
186,1943,39
186,1944,39
186,1945,39
186,1946,39
186,1947,39
186,1948,39
186,1949,39
186,1950,39
186,1951,39
186,1952,39
186,1953,39
186,1954,39
186,1955,39
186,1956,39
186,1957,39
186,1958,39
186,1959,39
186,1960,39
186,1961,39
186,1962,39
186,1963,39
186,1964,39
186,1965,39
186,1966,39
186,1967,39
186,1968,39
186,1969,39
186,1970,39
186,1971,39
186,1972,39
186,1973,39
186,1974,39
186,1975,39
186,1976,39
186,1977,39
186,1978,39
186,1979,39
186,1980,39
186,1981,39
186,1982,39
186,1983,39
186,1984,39
186,1985,39
186,1986,39
186,1987,39
186,1988,39
186,1989,39
186,1990,39
186,1991,39
186,1992,39
186,1993,39
186,1994,39
186,1995,39
186,1996,39
186,1997,39
186,1998,39
186,1999,39
187,2000,460.25
187,2001,460.5
187,2002,460.5
187,2003,460.5
187,2004,460.75
187,2005,460.75
187,2006,503.75
187,2007,503.75
187,2008,503.75
187,2009,503.75
187,2010,503.75
187,2011,503.75
187,2012,503.75
187,2013,1758
187,2014,1935
187,2015,1935
187,2016,1935
187,2017,1935
187,2018,1935
187,2019,1935
187,2020,1935
187,2021,1935
187,2022,1935
187,2023,1987.75
187,2024,1987.75
187,2025,1987.75
187,0,0
187,1800,0
187,1838,0
187,1840,0
187,1849,0
187,1858,0
187,1864,0
187,1865,0
187,1867,0
187,1872,0
187,1875,0
187,1878,0
187,1881,0
187,1883,0
187,1884,0
187,1885,0
187,1886,0
187,1887,0
187,1888,0
187,1889,0
187,1890,0
187,1891,0
187,1892,0
187,1893,0
187,1894,0
187,1895,0
187,1896,0
187,1897,0
187,1898,0
187,1899,0
187,1900,0
187,1901,0
187,1902,0
187,1903,0
187,1904,0
187,1905,0
187,1906,0
187,1907,0
187,1908,0
187,1909,0
187,1910,0
187,1911,0
187,1912,0
187,1913,0
187,1914,0
187,1915,0
187,1916,0
187,1917,0
187,1918,0
187,1919,0
187,1920,0
187,1921,0
187,1922,0
187,1923,0
187,1924,0
187,1925,0
187,1926,0
187,1927,0
187,1928,0
187,1929,0
187,1930,0
187,1931,0
187,1932,0
187,1933,0
187,1934,0
187,1935,0
187,1936,0
187,1937,0
187,1938,0
187,1939,0
187,1940,0
187,1941,0
187,1942,0
187,1943,0
187,1944,0
187,1945,0
187,1946,0
187,1947,0
187,1948,1.75
187,1949,2.5
187,1950,2.5
187,1951,2.75
187,1952,2.75
187,1953,2.75
187,1954,2.75
187,1955,2.75
187,1956,2.75
187,1957,2.75
187,1958,2.75
187,1959,2.75
187,1960,29.25
187,1961,29.25
187,1962,29.5
187,1963,32.75
187,1964,44
187,1965,44.75
187,1966,44.75
187,1967,75.75
187,1968,103.5
187,1969,118
187,1970,118
187,1971,118
187,1972,136.75
187,1973,141.25
187,1974,148.75
187,1975,151.5
187,1976,151.5
187,1977,256.5
187,1978,256.5
187,1979,256.5
187,1980,313.25
187,1981,315.5
187,1982,315.5
187,1983,383
187,1984,383
187,1985,383.25
187,1986,396.5
187,1987,397
187,1988,432
187,1989,432
187,1990,432.5
187,1991,432.5
187,1992,434.5
187,1993,450.75
187,1994,452.25
187,1995,452.25
187,1996,456.25
187,1997,456.25
187,1998,457.25
187,1999,460
188,2000,3.75
188,2001,3.75
188,2002,3.75
188,2003,3.75
188,2004,7.75
188,2005,7.75
188,2006,7.75
188,2007,7.75
188,2008,7.75
188,2009,7.75
188,2010,7.75
188,2011,7.75
188,2012,7.75
188,2013,8.25
188,2014,8.25
188,2015,8.25
188,2016,8.25
188,2017,8.25
188,2018,9.5
188,2019,9.5
188,2020,9.5
188,2021,9.5
188,2022,9.5
188,2023,9.5
188,2024,9.5
188,2025,9.5
188,0,0
188,1800,0
188,1838,0
188,1840,0
188,1849,0
188,1858,0
188,1864,0
188,1865,0
188,1867,0
188,1872,0
188,1875,0
188,1878,0
188,1881,0
188,1883,0
188,1884,0
188,1885,0
188,1886,0
188,1887,0
188,1888,0
188,1889,0
188,1890,0
188,1891,0
188,1892,0
188,1893,0
188,1894,0
188,1895,0
188,1896,0
188,1897,0
188,1898,0
188,1899,0
188,1900,0
188,1901,0
188,1902,0
188,1903,0
188,1904,0
188,1905,0
188,1906,0
188,1907,0
188,1908,0
188,1909,0
188,1910,0
188,1911,0
188,1912,0
188,1913,0
188,1914,0
188,1915,0
188,1916,0
188,1917,0
188,1918,0
188,1919,0
188,1920,0
188,1921,0
188,1922,0
188,1923,0
188,1924,0
188,1925,0
188,1926,0
188,1927,0
188,1928,0
188,1929,0
188,1930,0
188,1931,0
188,1932,0
188,1933,0
188,1934,0
188,1935,0
188,1936,0
188,1937,0
188,1938,0
188,1939,0
188,1940,0
188,1941,0
188,1942,0
188,1943,0
188,1944,0
188,1945,0
188,1946,0
188,1947,0
188,1948,0
188,1949,0
188,1950,0
188,1951,0
188,1952,0
188,1953,0
188,1954,0
188,1955,0
188,1956,0
188,1957,0
188,1958,0
188,1959,0
188,1960,0
188,1961,0
188,1962,0
188,1963,0
188,1964,0
188,1965,0
188,1966,0
188,1967,0
188,1968,0
188,1969,0
188,1970,0
188,1971,0
188,1972,0
188,1973,0
188,1974,0
188,1975,0
188,1976,0
188,1977,0
188,1978,0
188,1979,0
188,1980,0
188,1981,0
188,1982,0
188,1983,0
188,1984,0
188,1985,0
188,1986,0
188,1987,0
188,1988,0
188,1989,0
188,1990,2.25
188,1991,2.5
188,1992,2.5
188,1993,3
188,1994,3
188,1995,3
188,1996,3
188,1997,3
188,1998,3.75
188,1999,3.75
189,2000,158.75
189,2001,158.75
189,2002,159
189,2003,159
189,2004,159
189,2005,159.5
189,2006,159.5
189,2007,159.5
189,2008,159.5
189,2009,159.75
189,2010,159.75
189,2011,159.75
189,2012,159.75
189,2013,159.75
189,2014,159.75
189,2015,159.75
189,2016,159.75
189,2017,159.75
189,2018,159.75
189,2019,159.75
189,2020,159.75
189,2021,159.75
189,2022,159.75
189,2023,159.75
189,2024,159.75
189,2025,159.75
189,0,121.5
189,1800,121.5
189,1838,121.5
189,1840,121.5
189,1849,121.5
189,1858,121.5
189,1864,121.5
189,1865,121.5
189,1867,121.5
189,1872,121.5
189,1875,121.5
189,1878,121.5
189,1881,121.5
189,1883,121.5
189,1884,121.5
189,1885,121.5
189,1886,121.5
189,1887,121.5
189,1888,121.5
189,1889,121.5
189,1890,121.5
189,1891,121.5
189,1892,121.5
189,1893,121.5
189,1894,121.5
189,1895,121.5
189,1896,121.5
189,1897,121.5
189,1898,121.5
189,1899,121.5
189,1900,121.5
189,1901,121.5
189,1902,121.5
189,1903,121.5
189,1904,121.5
189,1905,121.5
189,1906,121.5
189,1907,121.5
189,1908,121.5
189,1909,121.5
189,1910,121.5
189,1911,121.5
189,1912,121.5
189,1913,121.5
189,1914,121.5
189,1915,121.5
189,1916,121.5
189,1917,121.5
189,1918,121.5
189,1919,121.5
189,1920,121.5
189,1921,121.5
189,1922,121.5
189,1923,121.5
189,1924,121.5
189,1925,121.5
189,1926,121.5
189,1927,121.5
189,1928,121.5
189,1929,121.5
189,1930,121.5
189,1931,121.5
189,1932,121.5
189,1933,121.5
189,1934,121.5
189,1935,121.5
189,1936,121.5
189,1937,121.5
189,1938,121.5
189,1939,121.5
189,1940,121.5
189,1941,121.5
189,1942,121.5
189,1943,121.5
189,1944,121.5
189,1945,121.5
189,1946,121.5
189,1947,121.5
189,1948,121.5
189,1949,121.5
189,1950,121.5
189,1951,121.5
189,1952,121.5
189,1953,121.5
189,1954,121.5
189,1955,121.5
189,1956,121.5
189,1957,121.5
189,1958,121.5
189,1959,121.5
189,1960,121.5
189,1961,121.5
189,1962,121.5
189,1963,121.5
189,1964,121.5
189,1965,121.5
189,1966,121.5
189,1967,121.5
189,1968,121.5
189,1969,121.5
189,1970,121.5
189,1971,121.5
189,1972,121.5
189,1973,121.5
189,1974,121.5
189,1975,121.5
189,1976,121.5
189,1977,121.75
189,1978,121.75
189,1979,121.75
189,1980,121.75
189,1981,121.75
189,1982,121.75
189,1983,121.75
189,1984,121.75
189,1985,121.75
189,1986,121.75
189,1987,121.75
189,1988,121.75
189,1989,121.75
189,1990,121.75
189,1991,143.5
189,1992,158.75
189,1993,158.75
189,1994,158.75
189,1995,158.75
189,1996,158.75
189,1997,158.75
189,1998,158.75
189,1999,158.75
190,2000,0
190,2001,0
190,2002,0
190,2003,0
190,2004,0
190,2005,175
190,2006,224.5
190,2007,311.75
190,2008,311.75
190,2009,311.75
190,2010,311.75
190,2011,311.75
190,2012,311.75
190,2013,311.75
190,2014,311.75
190,2015,311.75
190,2016,311.75
190,2017,311.75
190,2018,311.75
190,2019,311.75
190,2020,311.75
190,2021,311.75
190,2022,311.75
190,2023,311.75
190,2024,311.75
190,2025,311.75
190,0,0
190,1800,0
190,1838,0
190,1840,0
190,1849,0
190,1858,0
190,1864,0
190,1865,0
190,1867,0
190,1872,0
190,1875,0
190,1878,0
190,1881,0
190,1883,0
190,1884,0
190,1885,0
190,1886,0
190,1887,0
190,1888,0
190,1889,0
190,1890,0
190,1891,0
190,1892,0
190,1893,0
190,1894,0
190,1895,0
190,1896,0
190,1897,0
190,1898,0
190,1899,0
190,1900,0
190,1901,0
190,1902,0
190,1903,0
190,1904,0
190,1905,0
190,1906,0
190,1907,0
190,1908,0
190,1909,0
190,1910,0
190,1911,0
190,1912,0
190,1913,0
190,1914,0
190,1915,0
190,1916,0
190,1917,0
190,1918,0
190,1919,0
190,1920,0
190,1921,0
190,1922,0
190,1923,0
190,1924,0
190,1925,0
190,1926,0
190,1927,0
190,1928,0
190,1929,0
190,1930,0
190,1931,0
190,1932,0
190,1933,0
190,1934,0
190,1935,0
190,1936,0
190,1937,0
190,1938,0
190,1939,0
190,1940,0
190,1941,0
190,1942,0
190,1943,0
190,1944,0
190,1945,0
190,1946,0
190,1947,0
190,1948,0
190,1949,0
190,1950,0
190,1951,0
190,1952,0
190,1953,0
190,1954,0
190,1955,0
190,1956,0
190,1957,0
190,1958,0
190,1959,0
190,1960,0
190,1961,0
190,1962,0
190,1963,0
190,1964,0
190,1965,0
190,1966,0
190,1967,0
190,1968,0
190,1969,0
190,1970,0
190,1971,0
190,1972,0
190,1973,0
190,1974,0
190,1975,0
190,1976,0
190,1977,0
190,1978,0
190,1979,0
190,1980,0
190,1981,0
190,1982,0
190,1983,0
190,1984,0
190,1985,0
190,1986,0
190,1987,0
190,1988,0
190,1989,0
190,1990,0
190,1991,0
190,1992,0
190,1993,0
190,1994,0
190,1995,0
190,1996,0
190,1997,0
190,1998,0
190,1999,0
191,2000,871.5
191,2001,1091
191,2002,1091
191,2003,1123.25
191,2004,1123.25
191,2005,1123.25
191,2006,1123.25
191,2007,1123.25
191,2008,1123.25
191,2009,1123.25
191,2010,1123.25
191,2011,1123.25
191,2012,1123.25
191,2013,1123.25
191,2014,1123.25
191,2015,1123.25
191,2016,1123.25
191,2017,1123.25
191,2018,1123.25
191,2019,1123.25
191,2020,1123.25
191,2021,1123.25
191,2022,1123.25
191,2023,1123.25
191,2024,1123.25
191,2025,1123.25
191,0,62.25
191,1800,62.25
191,1838,62.25
191,1840,62.25
191,1849,62.25
191,1858,62.25
191,1864,62.25
191,1865,62.25
191,1867,62.25
191,1872,62.25
191,1875,62.25
191,1878,62.25
191,1881,62.25
191,1883,62.25
191,1884,62.25
191,1885,62.25
191,1886,62.25
191,1887,62.25
191,1888,62.25
191,1889,62.25
191,1890,62.25
191,1891,62.25
191,1892,62.25
191,1893,62.25
191,1894,62.25
191,1895,62.25
191,1896,62.25
191,1897,62.25
191,1898,62.25
191,1899,62.25
191,1900,62.25
191,1901,62.25
191,1902,62.25
191,1903,62.25
191,1904,62.25
191,1905,62.25
191,1906,62.25
191,1907,62.25
191,1908,62.25
191,1909,62.25
191,1910,62.25
191,1911,62.25
191,1912,62.25
191,1913,62.25
191,1914,62.25
191,1915,62.25
191,1916,62.25
191,1917,62.25
191,1918,62.25
191,1919,62.25
191,1920,62.25
191,1921,62.25
191,1922,62.25
191,1923,62.25
191,1924,62.25
191,1925,62.25
191,1926,62.25
191,1927,62.25
191,1928,62.25
191,1929,62.25
191,1930,62.25
191,1931,62.25
191,1932,62.25
191,1933,62.25
191,1934,62.25
191,1935,62.25
191,1936,62.25
191,1937,62.25
191,1938,62.25
191,1939,62.25
191,1940,62.25
191,1941,62.25
191,1942,62.25
191,1943,62.25
191,1944,62.25
191,1945,62.25
191,1946,62.25
191,1947,62.25
191,1948,62.25
191,1949,62.25
191,1950,62.25
191,1951,62.25
191,1952,62.25
191,1953,62.25
191,1954,62.25
191,1955,62.25
191,1956,62.25
191,1957,62.25
191,1958,62.25
191,1959,62.25
191,1960,62.25
191,1961,62.25
191,1962,62.25
191,1963,62.25
191,1964,62.25
191,1965,62.25
191,1966,62.25
191,1967,62.25
191,1968,62.25
191,1969,62.25
191,1970,62.25
191,1971,62.25
191,1972,62.25
191,1973,62.25
191,1974,62.25
191,1975,777.25
191,1976,819.25
191,1977,819.25
191,1978,819.25
191,1979,819.25
191,1980,819.25
191,1981,819.25
191,1982,859.5
191,1983,859.5
191,1984,859.5
191,1985,859.5
191,1986,871.5
191,1987,871.5
191,1988,871.5
191,1989,871.5
191,1990,871.5
191,1991,871.5
191,1992,871.5
191,1993,871.5
191,1994,871.5
191,1995,871.5
191,1996,871.5
191,1997,871.5
191,1998,871.5
191,1999,871.5
192,2000,0
192,2001,0
192,2002,0
192,2003,0
192,2004,0
192,2005,0
192,2006,0
192,2007,0
192,2008,0
192,2009,0
192,2010,0
192,2011,0
192,2012,0
192,2013,0
192,2014,0
192,2015,0
192,2016,0
192,2017,0
192,2018,0
192,2019,0
192,2020,0
192,2021,0
192,2022,0
192,2023,0
192,2024,0
192,2025,0
192,0,0
192,1800,0
192,1838,0
192,1840,0
192,1849,0
192,1858,0
192,1864,0
192,1865,0
192,1867,0
192,1872,0
192,1875,0
192,1878,0
192,1881,0
192,1883,0
192,1884,0
192,1885,0
192,1886,0
192,1887,0
192,1888,0
192,1889,0
192,1890,0
192,1891,0
192,1892,0
192,1893,0
192,1894,0
192,1895,0
192,1896,0
192,1897,0
192,1898,0
192,1899,0
192,1900,0
192,1901,0
192,1902,0
192,1903,0
192,1904,0
192,1905,0
192,1906,0
192,1907,0
192,1908,0
192,1909,0
192,1910,0
192,1911,0
192,1912,0
192,1913,0
192,1914,0
192,1915,0
192,1916,0
192,1917,0
192,1918,0
192,1919,0
192,1920,0
192,1921,0
192,1922,0
192,1923,0
192,1924,0
192,1925,0
192,1926,0
192,1927,0
192,1928,0
192,1929,0
192,1930,0
192,1931,0
192,1932,0
192,1933,0
192,1934,0
192,1935,0
192,1936,0
192,1937,0
192,1938,0
192,1939,0
192,1940,0
192,1941,0
192,1942,0
192,1943,0
192,1944,0
192,1945,0
192,1946,0
192,1947,0
192,1948,0
192,1949,0
192,1950,0
192,1951,0
192,1952,0
192,1953,0
192,1954,0
192,1955,0
192,1956,0
192,1957,0
192,1958,0
192,1959,0
192,1960,0
192,1961,0
192,1962,0
192,1963,0
192,1964,0
192,1965,0
192,1966,0
192,1967,0
192,1968,0
192,1969,0
192,1970,0
192,1971,0
192,1972,0
192,1973,0
192,1974,0
192,1975,0
192,1976,0
192,1977,0
192,1978,0
192,1979,0
192,1980,0
192,1981,0
192,1982,0
192,1983,0
192,1984,0
192,1985,0
192,1986,0
192,1987,0
192,1988,0
192,1989,0
192,1990,0
192,1991,0
192,1992,0
192,1993,0
192,1994,0
192,1995,0
192,1996,0
192,1997,0
192,1998,0
192,1999,0
193,2000,1234.25
193,2001,1234.25
193,2002,1234.25
193,2003,1234.25
193,2004,1234.25
193,2005,1234.25
193,2006,1234.25
193,2007,1317.75
193,2008,1317.75
193,2009,1317.75
193,2010,1317.75
193,2011,1317.75
193,2012,1317.75
193,2013,1317.75
193,2014,1317.75
193,2015,1654.5
193,2016,1654.5
193,2017,1654.5
193,2018,1654.5
193,2019,1654.5
193,2020,1654.5
193,2021,1654.5
193,2022,1654.5
193,2023,1654.5
193,2024,1654.5
193,2025,1654.5
193,0,122
193,1800,122
193,1838,122
193,1840,122
193,1849,122
193,1858,122
193,1864,122
193,1865,122
193,1867,122
193,1872,122
193,1875,122
193,1878,122
193,1881,122
193,1883,122
193,1884,122
193,1885,122
193,1886,122
193,1887,122
193,1888,122
193,1889,122
193,1890,122
193,1891,122
193,1892,122
193,1893,122
193,1894,122
193,1895,122
193,1896,122
193,1897,122
193,1898,122
193,1899,122
193,1900,122
193,1901,122
193,1902,122
193,1903,122
193,1904,122
193,1905,122
193,1906,122
193,1907,122
193,1908,122
193,1909,122
193,1910,122
193,1911,122
193,1912,122
193,1913,122
193,1914,122
193,1915,122
193,1916,122
193,1917,122
193,1918,122
193,1919,122
193,1920,122
193,1921,122
193,1922,122
193,1923,122
193,1924,122
193,1925,122
193,1926,122
193,1927,122
193,1928,122
193,1929,122
193,1930,122
193,1931,122
193,1932,122
193,1933,122
193,1934,122
193,1935,122
193,1936,122
193,1937,122
193,1938,122
193,1939,122
193,1940,122
193,1941,122
193,1942,122
193,1943,122
193,1944,122
193,1945,122
193,1946,122
193,1947,122
193,1948,122
193,1949,122
193,1950,122
193,1951,122
193,1952,122
193,1953,122
193,1954,122
193,1955,122
193,1956,122
193,1957,122
193,1958,122
193,1959,122
193,1960,122
193,1961,122
193,1962,122
193,1963,122
193,1964,122
193,1965,122
193,1966,122
193,1967,122
193,1968,122
193,1969,122
193,1970,122
193,1971,122
193,1972,122
193,1973,122
193,1974,122
193,1975,122
193,1976,122
193,1977,122
193,1978,122
193,1979,122
193,1980,122
193,1981,122
193,1982,122
193,1983,122
193,1984,122
193,1985,122
193,1986,122
193,1987,122
193,1988,122
193,1989,122
193,1990,122
193,1991,122
193,1992,122
193,1993,122
193,1994,122
193,1995,122
193,1996,1120.25
193,1997,1120.25
193,1998,1120.25
193,1999,1120.25
194,2000,445.25
194,2001,445.25
194,2002,445.25
194,2003,445.25
194,2004,445.25
194,2005,445.25
194,2006,445.25
194,2007,445.25
194,2008,445.25
194,2009,445.25
194,2010,445.25
194,2011,445.25
194,2012,445.25
194,2013,445.25
194,2014,445.25
194,2015,445.25
194,2016,445.25
194,2017,445.25
194,2018,445.25
194,2019,445.25
194,2020,445.25
194,2021,445.25
194,2022,445.25
194,2023,445.25
194,2024,445.25
194,2025,445.25
194,0,0
194,1800,0
194,1838,0
194,1840,0
194,1849,0
194,1858,0
194,1864,0
194,1865,0
194,1867,0
194,1872,0
194,1875,0
194,1878,0
194,1881,0
194,1883,0
194,1884,0
194,1885,0
194,1886,0
194,1887,0
194,1888,0
194,1889,0
194,1890,0
194,1891,0
194,1892,0
194,1893,0
194,1894,0
194,1895,0
194,1896,0
194,1897,0
194,1898,0
194,1899,0
194,1900,0
194,1901,0
194,1902,0
194,1903,0
194,1904,0
194,1905,0
194,1906,0
194,1907,0
194,1908,0
194,1909,0
194,1910,0
194,1911,0
194,1912,0
194,1913,0
194,1914,0
194,1915,0
194,1916,0
194,1917,0
194,1918,0
194,1919,0
194,1920,0
194,1921,0
194,1922,0
194,1923,0
194,1924,0
194,1925,0
194,1926,0
194,1927,0
194,1928,0
194,1929,0
194,1930,0
194,1931,0
194,1932,0
194,1933,0
194,1934,0
194,1935,0
194,1936,0
194,1937,0
194,1938,0
194,1939,0
194,1940,0
194,1941,0
194,1942,0
194,1943,0
194,1944,0
194,1945,0
194,1946,0
194,1947,0
194,1948,0
194,1949,0
194,1950,0
194,1951,0
194,1952,0
194,1953,0
194,1954,0
194,1955,0
194,1956,0
194,1957,0
194,1958,0
194,1959,0
194,1960,0
194,1961,0
194,1962,0
194,1963,0
194,1964,0
194,1965,0
194,1966,0
194,1967,0
194,1968,0
194,1969,0
194,1970,0
194,1971,0
194,1972,0
194,1973,0
194,1974,0
194,1975,0
194,1976,0
194,1977,0
194,1978,0
194,1979,0
194,1980,0
194,1981,0
194,1982,0
194,1983,0
194,1984,0
194,1985,0
194,1986,0
194,1987,0
194,1988,0
194,1989,0
194,1990,0
194,1991,0
194,1992,444.75
194,1993,445.25
194,1994,445.25
194,1995,445.25
194,1996,445.25
194,1997,445.25
194,1998,445.25
194,1999,445.25
195,2000,68.25
195,2001,68.25
195,2002,68.25
195,2003,68.25
195,2004,68.25
195,2005,68.25
195,2006,68.25
195,2007,68.25
195,2008,68.25
195,2009,68.25
195,2010,68.25
195,2011,68.25
195,2012,68.25
195,2013,68.25
195,2014,68.25
195,2015,68.25
195,2016,68.25
195,2017,68.25
195,2018,68.25
195,2019,68.25
195,2020,68.25
195,2021,68.25
195,2022,68.25
195,2023,68.25
195,2024,68.25
195,2025,68.25
195,0,53.75
195,1800,53.75
195,1838,53.75
195,1840,53.75
195,1849,53.75
195,1858,53.75
195,1864,53.75
195,1865,53.75
195,1867,53.75
195,1872,53.75
195,1875,53.75
195,1878,53.75
195,1881,53.75
195,1883,53.75
195,1884,53.75
195,1885,53.75
195,1886,53.75
195,1887,53.75
195,1888,53.75
195,1889,53.75
195,1890,53.75
195,1891,53.75
195,1892,53.75
195,1893,53.75
195,1894,53.75
195,1895,53.75
195,1896,53.75
195,1897,53.75
195,1898,53.75
195,1899,53.75
195,1900,53.75
195,1901,53.75
195,1902,53.75
195,1903,53.75
195,1904,53.75
195,1905,53.75
195,1906,53.75
195,1907,53.75
195,1908,53.75
195,1909,53.75
195,1910,53.75
195,1911,53.75
195,1912,53.75
195,1913,53.75
195,1914,53.75
195,1915,53.75
195,1916,53.75
195,1917,53.75
195,1918,53.75
195,1919,53.75
195,1920,53.75
195,1921,53.75
195,1922,53.75
195,1923,53.75
195,1924,53.75
195,1925,53.75
195,1926,53.75
195,1927,53.75
195,1928,53.75
195,1929,53.75
195,1930,53.75
195,1931,53.75
195,1932,53.75
195,1933,53.75
195,1934,53.75
195,1935,53.75
195,1936,53.75
195,1937,53.75
195,1938,53.75
195,1939,53.75
195,1940,53.75
195,1941,53.75
195,1942,53.75
195,1943,53.75
195,1944,53.75
195,1945,53.75
195,1946,53.75
195,1947,53.75
195,1948,53.75
195,1949,53.75
195,1950,53.75
195,1951,53.75
195,1952,53.75
195,1953,53.75
195,1954,53.75
195,1955,53.75
195,1956,53.75
195,1957,53.75
195,1958,53.75
195,1959,53.75
195,1960,53.75
195,1961,53.75
195,1962,53.75
195,1963,53.75
195,1964,53.75
195,1965,53.75
195,1966,53.75
195,1967,53.75
195,1968,53.75
195,1969,53.75
195,1970,53.75
195,1971,53.75
195,1972,53.75
195,1973,53.75
195,1974,53.75
195,1975,53.75
195,1976,53.75
195,1977,53.75
195,1978,53.75
195,1979,53.75
195,1980,53.75
195,1981,53.75
195,1982,53.75
195,1983,53.75
195,1984,53.75
195,1985,53.75
195,1986,53.75
195,1987,53.75
195,1988,53.75
195,1989,53.75
195,1990,53.75
195,1991,53.75
195,1992,53.75
195,1993,53.75
195,1994,53.75
195,1995,53.75
195,1996,68.25
195,1997,68.25
195,1998,68.25
195,1999,68.25
196,2000,120
196,2001,120
196,2002,120
196,2003,120
196,2004,120
196,2005,120
196,2006,120
196,2007,120
196,2008,120
196,2009,120
196,2010,130.5
196,2011,130.5
196,2012,130.5
196,2013,130.5
196,2014,130.5
196,2015,130.5
196,2016,130.5
196,2017,130.5
196,2018,130.5
196,2019,130.5
196,2020,130.5
196,2021,130.5
196,2022,130.5
196,2023,130.5
196,2024,130.5
196,2025,130.5
196,0,120
196,1800,120
196,1838,120
196,1840,120
196,1849,120
196,1858,120
196,1864,120
196,1865,120
196,1867,120
196,1872,120
196,1875,120
196,1878,120
196,1881,120
196,1883,120
196,1884,120
196,1885,120
196,1886,120
196,1887,120
196,1888,120
196,1889,120
196,1890,120
196,1891,120
196,1892,120
196,1893,120
196,1894,120
196,1895,120
196,1896,120
196,1897,120
196,1898,120
196,1899,120
196,1900,120
196,1901,120
196,1902,120
196,1903,120
196,1904,120
196,1905,120
196,1906,120
196,1907,120
196,1908,120
196,1909,120
196,1910,120
196,1911,120
196,1912,120
196,1913,120
196,1914,120
196,1915,120
196,1916,120
196,1917,120
196,1918,120
196,1919,120
196,1920,120
196,1921,120
196,1922,120
196,1923,120
196,1924,120
196,1925,120
196,1926,120
196,1927,120
196,1928,120
196,1929,120
196,1930,120
196,1931,120
196,1932,120
196,1933,120
196,1934,120
196,1935,120
196,1936,120
196,1937,120
196,1938,120
196,1939,120
196,1940,120
196,1941,120
196,1942,120
196,1943,120
196,1944,120
196,1945,120
196,1946,120
196,1947,120
196,1948,120
196,1949,120
196,1950,120
196,1951,120
196,1952,120
196,1953,120
196,1954,120
196,1955,120
196,1956,120
196,1957,120
196,1958,120
196,1959,120
196,1960,120
196,1961,120
196,1962,120
196,1963,120
196,1964,120
196,1965,120
196,1966,120
196,1967,120
196,1968,120
196,1969,120
196,1970,120
196,1971,120
196,1972,120
196,1973,120
196,1974,120
196,1975,120
196,1976,120
196,1977,120
196,1978,120
196,1979,120
196,1980,120
196,1981,120
196,1982,120
196,1983,120
196,1984,120
196,1985,120
196,1986,120
196,1987,120
196,1988,120
196,1989,120
196,1990,120
196,1991,120
196,1992,120
196,1993,120
196,1994,120
196,1995,120
196,1996,120
196,1997,120
196,1998,120
196,1999,120
197,2000,5.5
197,2001,5.5
197,2002,5.5
197,2003,5.5
197,2004,5.5
197,2005,5.5
197,2006,5.5
197,2007,5.5
197,2008,5.5
197,2009,5.5
197,2010,506.75
197,2011,506.75
197,2012,506.75
197,2013,506.75
197,2014,506.75
197,2015,506.75
197,2016,506.75
197,2017,506.75
197,2018,845
197,2019,845
197,2020,845
197,2021,845
197,2022,845
197,2023,845
197,2024,845
197,2025,845
197,0,0
197,1800,0
197,1838,0
197,1840,0
197,1849,0
197,1858,0
197,1864,0
197,1865,0
197,1867,0
197,1872,0
197,1875,0
197,1878,0
197,1881,0
197,1883,0
197,1884,0
197,1885,0
197,1886,0
197,1887,0
197,1888,0
197,1889,0
197,1890,0
197,1891,0
197,1892,0
197,1893,0
197,1894,0
197,1895,0
197,1896,0
197,1897,0
197,1898,0
197,1899,0
197,1900,0
197,1901,0
197,1902,0
197,1903,0
197,1904,0
197,1905,0
197,1906,0
197,1907,0
197,1908,0
197,1909,0
197,1910,0
197,1911,0
197,1912,0
197,1913,0
197,1914,0
197,1915,0
197,1916,0
197,1917,0
197,1918,0
197,1919,0
197,1920,0
197,1921,0
197,1922,0
197,1923,0
197,1924,0
197,1925,0
197,1926,0
197,1927,0
197,1928,0
197,1929,0
197,1930,0
197,1931,0
197,1932,0
197,1933,0
197,1934,0
197,1935,0
197,1936,0
197,1937,0
197,1938,0
197,1939,0
197,1940,0
197,1941,0
197,1942,0
197,1943,0
197,1944,0
197,1945,0
197,1946,0
197,1947,0
197,1948,0
197,1949,0
197,1950,0
197,1951,0
197,1952,0
197,1953,0
197,1954,0
197,1955,0
197,1956,0
197,1957,0
197,1958,0
197,1959,0
197,1960,0
197,1961,0
197,1962,0
197,1963,0
197,1964,0
197,1965,0
197,1966,0
197,1967,0
197,1968,0
197,1969,0
197,1970,0
197,1971,0
197,1972,0
197,1973,0
197,1974,0
197,1975,0
197,1976,0
197,1977,0
197,1978,0
197,1979,0
197,1980,0
197,1981,0
197,1982,0
197,1983,0
197,1984,0
197,1985,0
197,1986,0
197,1987,0
197,1988,0
197,1989,0
197,1990,0
197,1991,0
197,1992,0
197,1993,0
197,1994,0
197,1995,0
197,1996,0
197,1997,0
197,1998,0
197,1999,0
198,2000,281
198,2001,281
198,2002,697.75
198,2003,704
198,2004,704
198,2005,704
198,2006,704
198,2007,705.75
198,2008,705.75
198,2009,705.75
198,2010,705.75
198,2011,705.75
198,2012,715.5
198,2013,715.5
198,2014,715.5
198,2015,715.5
198,2016,715.5
198,2017,933
198,2018,933
198,2019,933
198,2020,933
198,2021,933
198,2022,933
198,2023,933
198,2024,933
198,2025,933
198,0,0
198,1800,0
198,1838,0
198,1840,0
198,1849,0
198,1858,0
198,1864,0
198,1865,0
198,1867,0
198,1872,0
198,1875,0
198,1878,0
198,1881,0
198,1883,0
198,1884,0
198,1885,0
198,1886,0
198,1887,0
198,1888,0
198,1889,0
198,1890,0
198,1891,0
198,1892,0
198,1893,0
198,1894,0
198,1895,0
198,1896,0
198,1897,0
198,1898,0
198,1899,0
198,1900,0
198,1901,0
198,1902,0
198,1903,0
198,1904,0
198,1905,0
198,1906,0
198,1907,0
198,1908,0
198,1909,0
198,1910,0
198,1911,0
198,1912,0
198,1913,0
198,1914,0
198,1915,0
198,1916,0
198,1917,0
198,1918,0
198,1919,0
198,1920,0
198,1921,0
198,1922,0
198,1923,0
198,1924,0
198,1925,0
198,1926,0
198,1927,0
198,1928,0
198,1929,0
198,1930,0
198,1931,0
198,1932,0
198,1933,0
198,1934,0
198,1935,0
198,1936,0
198,1937,0
198,1938,0
198,1939,0
198,1940,0
198,1941,0
198,1942,0
198,1943,0
198,1944,0
198,1945,0
198,1946,0
198,1947,0
198,1948,0
198,1949,0
198,1950,0
198,1951,0
198,1952,0
198,1953,0
198,1954,0
198,1955,0
198,1956,0
198,1957,0
198,1958,0
198,1959,0
198,1960,0
198,1961,0
198,1962,0
198,1963,0
198,1964,0
198,1965,0
198,1966,122
198,1967,122
198,1968,122
198,1969,122
198,1970,122
198,1971,122
198,1972,196.75
198,1973,196.75
198,1974,196.75
198,1975,196.75
198,1976,196.75
198,1977,196.75
198,1978,196.75
198,1979,196.75
198,1980,196.75
198,1981,196.75
198,1982,196.75
198,1983,196.75
198,1984,196.75
198,1985,196.75
198,1986,279.5
198,1987,279.5
198,1988,279.5
198,1989,279.5
198,1990,279.5
198,1991,279.5
198,1992,279.5
198,1993,279.5
198,1994,279.5
198,1995,279.5
198,1996,279.5
198,1997,279.5
198,1998,279.5
198,1999,279.5
199,2000,105.75
199,2001,105.75
199,2002,105.75
199,2003,105.75
199,2004,105.75
199,2005,105.75
199,2006,105.75
199,2007,105.75
199,2008,105.75
199,2009,105.75
199,2010,105.75
199,2011,105.75
199,2012,105.75
199,2013,105.75
199,2014,105.75
199,2015,105.75
199,2016,105.75
199,2017,105.75
199,2018,105.75
199,2019,105.75
199,2020,105.75
199,2021,105.75
199,2022,105.75
199,2023,105.75
199,2024,105.75
199,2025,105.75
199,0,0
199,1800,0
199,1838,0
199,1840,0
199,1849,0
199,1858,0
199,1864,0
199,1865,0
199,1867,0
199,1872,0
199,1875,0
199,1878,0
199,1881,0
199,1883,0
199,1884,0
199,1885,0
199,1886,0
199,1887,0
199,1888,0
199,1889,0
199,1890,0
199,1891,0
199,1892,0
199,1893,0
199,1894,0
199,1895,0
199,1896,0
199,1897,0
199,1898,0
199,1899,0
199,1900,0
199,1901,0
199,1902,0
199,1903,0
199,1904,0
199,1905,0
199,1906,0
199,1907,0
199,1908,0
199,1909,0
199,1910,0
199,1911,0
199,1912,0
199,1913,0
199,1914,0
199,1915,0
199,1916,0
199,1917,0
199,1918,0
199,1919,0
199,1920,0
199,1921,0
199,1922,0
199,1923,0
199,1924,0
199,1925,0
199,1926,0
199,1927,0
199,1928,0
199,1929,0
199,1930,0
199,1931,0
199,1932,0
199,1933,0
199,1934,0
199,1935,0
199,1936,0
199,1937,0
199,1938,0
199,1939,0
199,1940,0
199,1941,0
199,1942,0
199,1943,0
199,1944,0
199,1945,0
199,1946,0
199,1947,0
199,1948,0
199,1949,0
199,1950,0
199,1951,0
199,1952,0
199,1953,0
199,1954,0
199,1955,0
199,1956,0
199,1957,0
199,1958,0
199,1959,0
199,1960,0
199,1961,0
199,1962,0
199,1963,0
199,1964,0
199,1965,0
199,1966,0
199,1967,0
199,1968,0
199,1969,0
199,1970,0
199,1971,0
199,1972,0
199,1973,0
199,1974,0
199,1975,0
199,1976,0
199,1977,0
199,1978,0
199,1979,0
199,1980,0
199,1981,0
199,1982,0
199,1983,0
199,1984,0
199,1985,0
199,1986,0
199,1987,0
199,1988,0
199,1989,0
199,1990,0
199,1991,0
199,1992,105.75
199,1993,105.75
199,1994,105.75
199,1995,105.75
199,1996,105.75
199,1997,105.75
199,1998,105.75
199,1999,105.75
200,2000,354.25
200,2001,354.25
200,2002,354.25
200,2003,354.25
200,2004,354.25
200,2005,354.25
200,2006,354.25
200,2007,354.25
200,2008,354.25
200,2009,354.25
200,2010,354.25
200,2011,354.25
200,2012,354.25
200,2013,354.25
200,2014,354.25
200,2015,354.25
200,2016,354.25
200,2017,354.25
200,2018,354.25
200,2019,354.25
200,2020,354.25
200,2021,354.25
200,2022,354.25
200,2023,354.25
200,2024,354.25
200,2025,354.25
200,0,0
200,1800,0
200,1838,0
200,1840,0
200,1849,0
200,1858,0
200,1864,0
200,1865,0
200,1867,0
200,1872,0
200,1875,0
200,1878,0
200,1881,0
200,1883,0
200,1884,0
200,1885,0
200,1886,0
200,1887,0
200,1888,0
200,1889,0
200,1890,0
200,1891,0
200,1892,0
200,1893,0
200,1894,0
200,1895,0
200,1896,0
200,1897,0
200,1898,0
200,1899,0
200,1900,0
200,1901,0
200,1902,0
200,1903,0
200,1904,0
200,1905,0
200,1906,0
200,1907,0
200,1908,0
200,1909,0
200,1910,0
200,1911,0
200,1912,0
200,1913,0
200,1914,0
200,1915,0
200,1916,0
200,1917,0
200,1918,0
200,1919,0
200,1920,0
200,1921,0
200,1922,0
200,1923,0
200,1924,0
200,1925,0
200,1926,0
200,1927,0
200,1928,0
200,1929,0
200,1930,0
200,1931,0
200,1932,0
200,1933,0
200,1934,0
200,1935,0
200,1936,0
200,1937,0
200,1938,0
200,1939,0
200,1940,0
200,1941,0
200,1942,0
200,1943,0
200,1944,0
200,1945,0
200,1946,0
200,1947,0
200,1948,0
200,1949,0
200,1950,0
200,1951,0
200,1952,0
200,1953,0
200,1954,0
200,1955,0
200,1956,0
200,1957,122.5
200,1958,122.5
200,1959,122.5
200,1960,151.75
200,1961,151.75
200,1962,151.75
200,1963,151.75
200,1964,354.25
200,1965,354.25
200,1966,354.25
200,1967,354.25
200,1968,354.25
200,1969,354.25
200,1970,354.25
200,1971,354.25
200,1972,354.25
200,1973,354.25
200,1974,354.25
200,1975,354.25
200,1976,354.25
200,1977,354.25
200,1978,354.25
200,1979,354.25
200,1980,354.25
200,1981,354.25
200,1982,354.25
200,1983,354.25
200,1984,354.25
200,1985,354.25
200,1986,354.25
200,1987,354.25
200,1988,354.25
200,1989,354.25
200,1990,354.25
200,1991,354.25
200,1992,354.25
200,1993,354.25
200,1994,354.25
200,1995,354.25
200,1996,354.25
200,1997,354.25
200,1998,354.25
200,1999,354.25
202,2000,1040.5
202,2001,1040.5
202,2002,1040.5
202,2003,1040.5
202,2004,1215
202,2005,1215
202,2006,1215
202,2007,1215
202,2008,1215
202,2009,1215
202,2010,1215
202,2011,1215
202,2012,1215
202,2013,1215
202,2014,1215
202,2015,1215
202,2016,1215
202,2017,1215
202,2018,1215
202,2019,1215
202,2020,1215
202,2021,1215
202,2022,1215
202,2023,1215
202,2024,1215
202,2025,1215
202,0,740.25
202,1800,740.25
202,1838,740.25
202,1840,740.25
202,1849,740.25
202,1858,740.25
202,1864,740.25
202,1865,740.25
202,1867,740.25
202,1872,740.25
202,1875,740.25
202,1878,740.25
202,1881,740.25
202,1883,740.25
202,1884,740.25
202,1885,740.25
202,1886,740.25
202,1887,740.25
202,1888,740.25
202,1889,740.25
202,1890,740.25
202,1891,740.25
202,1892,740.25
202,1893,740.25
202,1894,740.25
202,1895,740.25
202,1896,740.25
202,1897,740.25
202,1898,740.25
202,1899,740.25
202,1900,740.25
202,1901,740.25
202,1902,740.25
202,1903,740.25
202,1904,740.25
202,1905,740.25
202,1906,740.25
202,1907,740.25
202,1908,740.25
202,1909,740.25
202,1910,740.25
202,1911,740.25
202,1912,740.75
202,1913,740.75
202,1914,740.75
202,1915,740.75
202,1916,740.75
202,1917,740.75
202,1918,740.75
202,1919,740.75
202,1920,740.75
202,1921,740.75
202,1922,740.75
202,1923,740.75
202,1924,740.75
202,1925,740.75
202,1926,740.75
202,1927,740.75
202,1928,740.75
202,1929,740.75
202,1930,744
202,1931,744
202,1932,744
202,1933,744
202,1934,744
202,1935,744
202,1936,744
202,1937,744
202,1938,744
202,1939,744
202,1940,744
202,1941,744
202,1942,823
202,1943,823
202,1944,823
202,1945,823
202,1946,823
202,1947,834.25
202,1948,834.25
202,1949,834.25
202,1950,834.25
202,1951,834.25
202,1952,834.25
202,1953,834.25
202,1954,834.25
202,1955,835.75
202,1956,835.75
202,1957,835.75
202,1958,835.75
202,1959,835.75
202,1960,835.75
202,1961,835.75
202,1962,835.75
202,1963,835.75
202,1964,835.75
202,1965,835.75
202,1966,835.75
202,1967,835.75
202,1968,835.75
202,1969,862.5
202,1970,862.5
202,1971,862.5
202,1972,862.5
202,1973,862.5
202,1974,862.5
202,1975,864
202,1976,864
202,1977,864
202,1978,864
202,1979,864
202,1980,864
202,1981,864
202,1982,864
202,1983,864
202,1984,864
202,1985,864
202,1986,864
202,1987,864
202,1988,864
202,1989,864
202,1990,864
202,1991,864
202,1992,864
202,1993,864
202,1994,864.25
202,1995,950.75
202,1996,950.75
202,1997,977
202,1998,977
202,1999,977
203,2000,70.5
203,2001,70.5
203,2002,70.5
203,2003,70.5
203,2004,70.5
203,2005,70.5
203,2006,70.5
203,2007,70.5
203,2008,70.5
203,2009,70.5
203,2010,70.5
203,2011,70.5
203,2012,70.5
203,2013,70.5
203,2014,70.5
203,2015,70.5
203,2016,70.5
203,2017,86.5
203,2018,86.5
203,2019,86.5
203,2020,86.5
203,2021,86.5
203,2022,86.5
203,2023,86.5
203,2024,86.5
203,2025,86.5
203,0,0
203,1800,0
203,1838,0
203,1840,0
203,1849,0
203,1858,0
203,1864,0
203,1865,0
203,1867,0
203,1872,0
203,1875,0
203,1878,0
203,1881,0
203,1883,0
203,1884,0
203,1885,0
203,1886,0
203,1887,0
203,1888,0
203,1889,0
203,1890,0
203,1891,0
203,1892,0
203,1893,0
203,1894,0
203,1895,0
203,1896,0
203,1897,0
203,1898,0
203,1899,0
203,1900,0
203,1901,0
203,1902,0
203,1903,0
203,1904,0
203,1905,0
203,1906,0
203,1907,0
203,1908,0
203,1909,0
203,1910,0
203,1911,0
203,1912,0
203,1913,0
203,1914,0
203,1915,0
203,1916,0
203,1917,0
203,1918,0
203,1919,0
203,1920,0
203,1921,0
203,1922,0
203,1923,0
203,1924,0
203,1925,0
203,1926,0
203,1927,0
203,1928,0
203,1929,0
203,1930,0
203,1931,0
203,1932,0
203,1933,0
203,1934,0
203,1935,0
203,1936,0
203,1937,0
203,1938,0
203,1939,0
203,1940,0
203,1941,0
203,1942,0
203,1943,0
203,1944,0
203,1945,0
203,1946,0
203,1947,0
203,1948,0
203,1949,0
203,1950,0
203,1951,0
203,1952,0
203,1953,0
203,1954,0
203,1955,0
203,1956,0
203,1957,0
203,1958,0
203,1959,0
203,1960,0
203,1961,0
203,1962,0
203,1963,0
203,1964,0
203,1965,0
203,1966,0
203,1967,0
203,1968,0
203,1969,0
203,1970,0
203,1971,0
203,1972,0
203,1973,0
203,1974,0
203,1975,0
203,1976,0
203,1977,0
203,1978,0
203,1979,0
203,1980,0
203,1981,60.25
203,1982,60.25
203,1983,60.25
203,1984,60.25
203,1985,60.25
203,1986,60.25
203,1987,60.25
203,1988,60.25
203,1989,60.25
203,1990,60.25
203,1991,60.25
203,1992,70.5
203,1993,70.5
203,1994,70.5
203,1995,70.5
203,1996,70.5
203,1997,70.5
203,1998,70.5
203,1999,70.5
204,2000,518.5
204,2001,539.5
204,2002,539.5
204,2003,539.5
204,2004,539.5
204,2005,539.5
204,2006,539.5
204,2007,539.5
204,2008,539.5
204,2009,556.75
204,2010,575.25
204,2011,579.75
204,2012,579.75
204,2013,579.75
204,2014,579.75
204,2015,579.75
204,2016,579.75
204,2017,707.75
204,2018,707.75
204,2019,731.25
204,2020,731.25
204,2021,735
204,2022,735
204,2023,735
204,2024,735
204,2025,735
204,0,0
204,1800,0
204,1838,0
204,1840,0
204,1849,0
204,1858,0
204,1864,0
204,1865,0
204,1867,0
204,1872,0
204,1875,0
204,1878,0
204,1881,0
204,1883,0
204,1884,0
204,1885,0
204,1886,0
204,1887,0
204,1888,0
204,1889,0
204,1890,0
204,1891,0
204,1892,0
204,1893,0
204,1894,0
204,1895,0
204,1896,0
204,1897,0
204,1898,0
204,1899,0
204,1900,0
204,1901,0
204,1902,0
204,1903,0
204,1904,0
204,1905,0
204,1906,0
204,1907,0
204,1908,0
204,1909,0
204,1910,0
204,1911,0
204,1912,0
204,1913,0
204,1914,0
204,1915,0
204,1916,0
204,1917,0
204,1918,0
204,1919,0
204,1920,0
204,1921,0
204,1922,0
204,1923,0
204,1924,0
204,1925,0
204,1926,0
204,1927,0
204,1928,0
204,1929,0
204,1930,0
204,1931,0
204,1932,0
204,1933,0
204,1934,0
204,1935,0
204,1936,0
204,1937,0
204,1938,0
204,1939,0
204,1940,0
204,1941,0
204,1942,0
204,1943,0
204,1944,0
204,1945,0
204,1946,0
204,1947,0
204,1948,0
204,1949,0
204,1950,0
204,1951,0
204,1952,0
204,1953,0
204,1954,0
204,1955,0
204,1956,0
204,1957,0
204,1958,0
204,1959,0
204,1960,0
204,1961,0
204,1962,0
204,1963,0
204,1964,0
204,1965,0
204,1966,0
204,1967,0
204,1968,0
204,1969,0
204,1970,0
204,1971,0
204,1972,0
204,1973,0
204,1974,0
204,1975,0
204,1976,0
204,1977,0
204,1978,0
204,1979,0
204,1980,3.75
204,1981,21
204,1982,21
204,1983,21
204,1984,21
204,1985,21
204,1986,21
204,1987,21
204,1988,21
204,1989,21
204,1990,21
204,1991,21
204,1992,518.5
204,1993,518.5
204,1994,518.5
204,1995,518.5
204,1996,518.5
204,1997,518.5
204,1998,518.5
204,1999,518.5
205,2000,227.25
205,2001,227.25
205,2002,227.25
205,2003,227.25
205,2004,227.25
205,2005,227.25
205,2006,227.25
205,2007,227.25
205,2008,227.25
205,2009,227.25
205,2010,227.25
205,2011,227.25
205,2012,227.25
205,2013,227.25
205,2014,227.25
205,2015,227.25
205,2016,227.25
205,2017,269.5
205,2018,269.5
205,2019,269.5
205,2020,269.5
205,2021,269.5
205,2022,269.5
205,2023,269.5
205,2024,269.5
205,2025,269.5
205,0,0
205,1800,0
205,1838,0
205,1840,0
205,1849,0
205,1858,0
205,1864,0
205,1865,0
205,1867,0
205,1872,0
205,1875,0
205,1878,0
205,1881,0
205,1883,0
205,1884,0
205,1885,0
205,1886,0
205,1887,0
205,1888,0
205,1889,0
205,1890,0
205,1891,0
205,1892,0
205,1893,0
205,1894,0
205,1895,0
205,1896,0
205,1897,0
205,1898,0
205,1899,0
205,1900,0
205,1901,0
205,1902,0
205,1903,0
205,1904,0
205,1905,0
205,1906,0
205,1907,0
205,1908,0
205,1909,0
205,1910,0
205,1911,0
205,1912,0
205,1913,0
205,1914,0
205,1915,0
205,1916,0
205,1917,0
205,1918,0
205,1919,0
205,1920,0
205,1921,0
205,1922,0
205,1923,0
205,1924,0
205,1925,0
205,1926,0
205,1927,11.5
205,1928,11.5
205,1929,11.5
205,1930,11.5
205,1931,11.5
205,1932,11.5
205,1933,11.5
205,1934,11.5
205,1935,11.5
205,1936,11.5
205,1937,11.5
205,1938,11.5
205,1939,11.5
205,1940,11.5
205,1941,11.5
205,1942,11.5
205,1943,11.5
205,1944,11.5
205,1945,11.5
205,1946,11.5
205,1947,11.5
205,1948,11.5
205,1949,11.5
205,1950,11.5
205,1951,11.5
205,1952,11.5
205,1953,11.5
205,1954,11.5
205,1955,11.5
205,1956,11.5
205,1957,11.5
205,1958,11.5
205,1959,11.5
205,1960,11.5
205,1961,11.5
205,1962,11.5
205,1963,11.5
205,1964,11.5
205,1965,11.5
205,1966,11.5
205,1967,11.5
205,1968,11.5
205,1969,11.5
205,1970,12.25
205,1971,12.25
205,1972,12.25
205,1973,12.25
205,1974,12.25
205,1975,12.25
205,1976,12.25
205,1977,12.25
205,1978,12.25
205,1979,12.25
205,1980,12.25
205,1981,12.25
205,1982,12.25
205,1983,12.25
205,1984,12.25
205,1985,12.25
205,1986,12.25
205,1987,12.25
205,1988,12.25
205,1989,12.25
205,1990,12.25
205,1991,12.25
205,1992,12.25
205,1993,26
205,1994,26
205,1995,26
205,1996,220
205,1997,220
205,1998,220
205,1999,227.25
206,2000,325
206,2001,325.25
206,2002,340.5
206,2003,350.25
206,2004,367.75
206,2005,367.75
206,2006,368
206,2007,380.25
206,2008,383
206,2009,383.5
206,2010,422.25
206,2011,422.25
206,2012,430.25
206,2013,462.25
206,2014,634
206,2015,637.5
206,2016,888.5
206,2017,888.5
206,2018,888.5
206,2019,888.5
206,2020,888.5
206,2021,888.5
206,2022,888.5
206,2023,888.5
206,2024,888.5
206,2025,888.5
206,0,0
206,1800,0
206,1838,0
206,1840,0
206,1849,0
206,1858,0
206,1864,0
206,1865,0
206,1867,0
206,1872,0
206,1875,0
206,1878,0
206,1881,0
206,1883,0
206,1884,0
206,1885,0
206,1886,0
206,1887,0
206,1888,0
206,1889,0
206,1890,0
206,1891,0
206,1892,0
206,1893,0
206,1894,0
206,1895,0
206,1896,0
206,1897,0
206,1898,0
206,1899,0
206,1900,0
206,1901,0
206,1902,0
206,1903,0
206,1904,0
206,1905,0
206,1906,0
206,1907,0
206,1908,0
206,1909,0
206,1910,0
206,1911,0
206,1912,0
206,1913,0
206,1914,0
206,1915,0
206,1916,0
206,1917,0
206,1918,0
206,1919,0
206,1920,0
206,1921,0
206,1922,0.5
206,1923,0.5
206,1924,0.5
206,1925,0.5
206,1926,0.5
206,1927,0.5
206,1928,0.5
206,1929,0.5
206,1930,0.5
206,1931,0.5
206,1932,0.5
206,1933,13.5
206,1934,13.5
206,1935,13.5
206,1936,13.5
206,1937,13.5
206,1938,13.5
206,1939,13.5
206,1940,13.5
206,1941,13.5
206,1942,13.5
206,1943,13.5
206,1944,13.5
206,1945,13.5
206,1946,13.5
206,1947,13.5
206,1948,18
206,1949,18
206,1950,18
206,1951,18
206,1952,18
206,1953,18.5
206,1954,20.75
206,1955,20.75
206,1956,20.75
206,1957,34
206,1958,34
206,1959,34
206,1960,34
206,1961,34
206,1962,34
206,1963,34
206,1964,44
206,1965,44
206,1966,44
206,1967,44
206,1968,44
206,1969,44
206,1970,44
206,1971,44
206,1972,58.5
206,1973,58.5
206,1974,73.75
206,1975,73.75
206,1976,73.75
206,1977,74
206,1978,82.75
206,1979,82.75
206,1980,82.75
206,1981,82.75
206,1982,82.75
206,1983,82.75
206,1984,199.5
206,1985,199.5
206,1986,199.5
206,1987,199.5
206,1988,199.5
206,1989,208.5
206,1990,208.5
206,1991,218.5
206,1992,220.5
206,1993,220.5
206,1994,285.75
206,1995,285.75
206,1996,285.75
206,1997,290.75
206,1998,297
206,1999,303.25
207,2000,556
207,2001,642
207,2002,988
207,2003,1031.5
207,2004,1278.75
207,2005,1278.75
207,2006,1537.25
207,2007,1537.25
207,2008,1537.25
207,2009,1557
207,2010,1557
207,2011,1557
207,2012,1557
207,2013,1580.5
207,2014,1584
207,2015,1584
207,2016,1584
207,2017,1584
207,2018,1584
207,2019,1584
207,2020,1584
207,2021,1584
207,2022,1584
207,2023,1584
207,2024,1584
207,2025,1584
207,0,0
207,1800,0
207,1838,0
207,1840,0
207,1849,0
207,1858,0
207,1864,0
207,1865,0
207,1867,0
207,1872,0
207,1875,0
207,1878,0
207,1881,0
207,1883,0
207,1884,0
207,1885,0
207,1886,0
207,1887,0
207,1888,0
207,1889,0
207,1890,0
207,1891,0
207,1892,0
207,1893,0
207,1894,0
207,1895,0
207,1896,0
207,1897,0
207,1898,0
207,1899,0
207,1900,0
207,1901,0
207,1902,0
207,1903,0
207,1904,0
207,1905,0
207,1906,0
207,1907,0
207,1908,0
207,1909,0
207,1910,0
207,1911,0
207,1912,0
207,1913,0
207,1914,0
207,1915,0
207,1916,0
207,1917,0
207,1918,0
207,1919,0
207,1920,0
207,1921,0
207,1922,0
207,1923,0
207,1924,0
207,1925,0
207,1926,0
207,1927,0
207,1928,0
207,1929,0
207,1930,0
207,1931,0
207,1932,0
207,1933,0
207,1934,0
207,1935,0
207,1936,0
207,1937,0
207,1938,0
207,1939,0
207,1940,0
207,1941,0
207,1942,0
207,1943,0
207,1944,0
207,1945,0
207,1946,0
207,1947,0
207,1948,0
207,1949,0
207,1950,0
207,1951,0
207,1952,0
207,1953,0
207,1954,0
207,1955,0
207,1956,0
207,1957,0
207,1958,0
207,1959,0
207,1960,0
207,1961,0
207,1962,71.5
207,1963,71.5
207,1964,71.5
207,1965,71.5
207,1966,71.5
207,1967,71.5
207,1968,71.5
207,1969,71.5
207,1970,71.5
207,1971,71.5
207,1972,71.5
207,1973,71.5
207,1974,71.5
207,1975,71.5
207,1976,71.5
207,1977,71.5
207,1978,71.5
207,1979,71.5
207,1980,71.5
207,1981,71.5
207,1982,71.5
207,1983,71.5
207,1984,71.5
207,1985,71.5
207,1986,159.25
207,1987,159.25
207,1988,159.25
207,1989,159.25
207,1990,159.25
207,1991,159.25
207,1992,180
207,1993,216
207,1994,216
207,1995,216
207,1996,230.25
207,1997,230.25
207,1998,248.5
207,1999,268.25
208,2000,0
208,2001,0
208,2002,0.75
208,2003,0.75
208,2004,0.75
208,2005,0.75
208,2006,0.75
208,2007,0.75
208,2008,0.75
208,2009,0.75
208,2010,0.75
208,2011,0.75
208,2012,0.75
208,2013,0.75
208,2014,0.75
208,2015,0.75
208,2016,0.75
208,2017,0.75
208,2018,0.75
208,2019,0.75
208,2020,0.75
208,2021,0.75
208,2022,0.75
208,2023,0.75
208,2024,0.75
208,2025,0.75
208,0,0
208,1800,0
208,1838,0
208,1840,0
208,1849,0
208,1858,0
208,1864,0
208,1865,0
208,1867,0
208,1872,0
208,1875,0
208,1878,0
208,1881,0
208,1883,0
208,1884,0
208,1885,0
208,1886,0
208,1887,0
208,1888,0
208,1889,0
208,1890,0
208,1891,0
208,1892,0
208,1893,0
208,1894,0
208,1895,0
208,1896,0
208,1897,0
208,1898,0
208,1899,0
208,1900,0
208,1901,0
208,1902,0
208,1903,0
208,1904,0
208,1905,0
208,1906,0
208,1907,0
208,1908,0
208,1909,0
208,1910,0
208,1911,0
208,1912,0
208,1913,0
208,1914,0
208,1915,0
208,1916,0
208,1917,0
208,1918,0
208,1919,0
208,1920,0
208,1921,0
208,1922,0
208,1923,0
208,1924,0
208,1925,0
208,1926,0
208,1927,0
208,1928,0
208,1929,0
208,1930,0
208,1931,0
208,1932,0
208,1933,0
208,1934,0
208,1935,0
208,1936,0
208,1937,0
208,1938,0
208,1939,0
208,1940,0
208,1941,0
208,1942,0
208,1943,0
208,1944,0
208,1945,0
208,1946,0
208,1947,0
208,1948,0
208,1949,0
208,1950,0
208,1951,0
208,1952,0
208,1953,0
208,1954,0
208,1955,0
208,1956,0
208,1957,0
208,1958,0
208,1959,0
208,1960,0
208,1961,0
208,1962,0
208,1963,0
208,1964,0
208,1965,0
208,1966,0
208,1967,0
208,1968,0
208,1969,0
208,1970,0
208,1971,0
208,1972,0
208,1973,0
208,1974,0
208,1975,0
208,1976,0
208,1977,0
208,1978,0
208,1979,0
208,1980,0
208,1981,0
208,1982,0
208,1983,0
208,1984,0
208,1985,0
208,1986,0
208,1987,0
208,1988,0
208,1989,0
208,1990,0
208,1991,0
208,1992,0
208,1993,0
208,1994,0
208,1995,0
208,1996,0
208,1997,0
208,1998,0
208,1999,0
209,2000,530
209,2001,530
209,2002,561.75
209,2003,561.75
209,2004,696.75
209,2005,696.75
209,2006,696.75
209,2007,696.75
209,2008,696.75
209,2009,696.75
209,2010,696.75
209,2011,696.75
209,2012,696.75
209,2013,754
209,2014,754
209,2015,755
209,2016,755
209,2017,755
209,2018,755
209,2019,755
209,2020,755
209,2021,755
209,2022,755
209,2023,755
209,2024,755
209,2025,755
209,0,0
209,1800,0
209,1838,0
209,1840,0
209,1849,0
209,1858,0
209,1864,0
209,1865,0
209,1867,0
209,1872,0
209,1875,0
209,1878,0
209,1881,0
209,1883,0
209,1884,0
209,1885,0
209,1886,0
209,1887,0
209,1888,0
209,1889,0
209,1890,0
209,1891,0
209,1892,0
209,1893,0
209,1894,0
209,1895,0
209,1896,0
209,1897,0
209,1898,0
209,1899,0
209,1900,0
209,1901,0
209,1902,0
209,1903,0
209,1904,0
209,1905,0
209,1906,0
209,1907,0
209,1908,0
209,1909,0
209,1910,0
209,1911,0
209,1912,0
209,1913,0
209,1914,0
209,1915,0
209,1916,0
209,1917,0
209,1918,0
209,1919,0
209,1920,0
209,1921,0
209,1922,0
209,1923,0
209,1924,0
209,1925,0
209,1926,0
209,1927,0
209,1928,0
209,1929,0
209,1930,0
209,1931,0
209,1932,0
209,1933,0
209,1934,0
209,1935,0
209,1936,0
209,1937,0
209,1938,0
209,1939,0
209,1940,0
209,1941,0
209,1942,0
209,1943,0
209,1944,0
209,1945,0
209,1946,0
209,1947,0
209,1948,0
209,1949,0
209,1950,0
209,1951,0
209,1952,0
209,1953,0
209,1954,0
209,1955,0
209,1956,0
209,1957,0
209,1958,0
209,1959,0
209,1960,0
209,1961,0
209,1962,0
209,1963,0
209,1964,0
209,1965,0
209,1966,0
209,1967,0
209,1968,0
209,1969,0
209,1970,0
209,1971,0
209,1972,0
209,1973,0
209,1974,0
209,1975,0
209,1976,0
209,1977,4.25
209,1978,129.75
209,1979,147.75
209,1980,147.75
209,1981,147.75
209,1982,147.75
209,1983,147.75
209,1984,147.75
209,1985,147.75
209,1986,147.75
209,1987,147.75
209,1988,147.75
209,1989,147.75
209,1990,147.75
209,1991,147.75
209,1992,478
209,1993,478
209,1994,478
209,1995,497
209,1996,497
209,1997,497
209,1998,497
209,1999,497
210,2000,3858.75
210,2001,3946.75
210,2002,3970.25
210,2003,4169.5
210,2004,4237.25
210,2005,4336
210,2006,4421.75
210,2007,4539.25
210,2008,4586
210,2009,4653.25
210,2010,4744.5
210,2011,4864.5
210,2012,5144
210,2013,6218.25
210,2014,6679.75
210,2015,6850.25
210,2016,6969.75
210,2017,7028.5
210,2018,7493.75
210,2019,7556.5
210,2020,7764.5
210,2021,7866.75
210,2022,8047.25
210,2023,8047.25
210,2024,8047.25
210,2025,8047.25
210,0,0.25
210,1800,0.25
210,1838,0.25
210,1840,0.25
210,1849,0.25
210,1858,0.25
210,1864,0.25
210,1865,0.25
210,1867,0.25
210,1872,0.25
210,1875,0.25
210,1878,0.25
210,1881,0.25
210,1883,0.25
210,1884,0.25
210,1885,0.25
210,1886,0.25
210,1887,0.25
210,1888,0.25
210,1889,0.25
210,1890,0.25
210,1891,0.25
210,1892,0.25
210,1893,0.25
210,1894,0.25
210,1895,0.25
210,1896,0.25
210,1897,0.25
210,1898,0.25
210,1899,0.25
210,1900,0.25
210,1901,0.25
210,1902,35
210,1903,35
210,1904,35
210,1905,35
210,1906,35
210,1907,35
210,1908,35
210,1909,35
210,1910,35
210,1911,35
210,1912,35
210,1913,35
210,1914,35
210,1915,35
210,1916,35
210,1917,35
210,1918,35
210,1919,35
210,1920,35
210,1921,35
210,1922,35
210,1923,35
210,1924,35
210,1925,35
210,1926,35
210,1927,35
210,1928,35
210,1929,35
210,1930,35
210,1931,35
210,1932,35
210,1933,35
210,1934,201
210,1935,201
210,1936,395.5
210,1937,398
210,1938,398
210,1939,398
210,1940,398
210,1941,398
210,1942,398.75
210,1943,398.75
210,1944,398.75
210,1945,398.75
210,1946,635
210,1947,635
210,1948,681.75
210,1949,681.75
210,1950,767
210,1951,780.5
210,1952,780.5
210,1953,818.5
210,1954,818.5
210,1955,1425.25
210,1956,1542.25
210,1957,1542.25
210,1958,1742.5
210,1959,1861.25
210,1960,1865.25
210,1961,1881.25
210,1962,1881.25
210,1963,2020.25
210,1964,2034.75
210,1965,2054.5
210,1966,2073
210,1967,2091.75
210,1968,2417.5
210,1969,2421
210,1970,2433.5
210,1971,2467.25
210,1972,2711.25
210,1973,2803.75
210,1974,3058
210,1975,3164
210,1976,3316.25
210,1977,3321.75
210,1978,3327
210,1979,3408
210,1980,3423.5
210,1981,3456.75
210,1982,3462
210,1983,3474.75
210,1984,3479.25
210,1985,3505.25
210,1986,3516.25
210,1987,3521.5
210,1988,3526.5
210,1989,3526.5
210,1990,3586.75
210,1991,3648.75
210,1992,3721
210,1993,3761
210,1994,3788.5
210,1995,3805.5
210,1996,3808.75
210,1997,3813
210,1998,3857.25
210,1999,3857.25
212,2000,0
212,2001,0
212,2002,0
212,2003,0
212,2004,0
212,2005,0
212,2006,0
212,2007,0
212,2008,0
212,2009,0
212,2010,0
212,2011,0
212,2012,0
212,2013,0
212,2014,0
212,2015,0
212,2016,0
212,2017,0
212,2018,0
212,2019,0
212,2020,0
212,2021,0
212,2022,0
212,2023,0
212,2024,0
212,2025,0
212,0,0
212,1800,0
212,1838,0
212,1840,0
212,1849,0
212,1858,0
212,1864,0
212,1865,0
212,1867,0
212,1872,0
212,1875,0
212,1878,0
212,1881,0
212,1883,0
212,1884,0
212,1885,0
212,1886,0
212,1887,0
212,1888,0
212,1889,0
212,1890,0
212,1891,0
212,1892,0
212,1893,0
212,1894,0
212,1895,0
212,1896,0
212,1897,0
212,1898,0
212,1899,0
212,1900,0
212,1901,0
212,1902,0
212,1903,0
212,1904,0
212,1905,0
212,1906,0
212,1907,0
212,1908,0
212,1909,0
212,1910,0
212,1911,0
212,1912,0
212,1913,0
212,1914,0
212,1915,0
212,1916,0
212,1917,0
212,1918,0
212,1919,0
212,1920,0
212,1921,0
212,1922,0
212,1923,0
212,1924,0
212,1925,0
212,1926,0
212,1927,0
212,1928,0
212,1929,0
212,1930,0
212,1931,0
212,1932,0
212,1933,0
212,1934,0
212,1935,0
212,1936,0
212,1937,0
212,1938,0
212,1939,0
212,1940,0
212,1941,0
212,1942,0
212,1943,0
212,1944,0
212,1945,0
212,1946,0
212,1947,0
212,1948,0
212,1949,0
212,1950,0
212,1951,0
212,1952,0
212,1953,0
212,1954,0
212,1955,0
212,1956,0
212,1957,0
212,1958,0
212,1959,0
212,1960,0
212,1961,0
212,1962,0
212,1963,0
212,1964,0
212,1965,0
212,1966,0
212,1967,0
212,1968,0
212,1969,0
212,1970,0
212,1971,0
212,1972,0
212,1973,0
212,1974,0
212,1975,0
212,1976,0
212,1977,0
212,1978,0
212,1979,0
212,1980,0
212,1981,0
212,1982,0
212,1983,0
212,1984,0
212,1985,0
212,1986,0
212,1987,0
212,1988,0
212,1989,0
212,1990,0
212,1991,0
212,1992,0
212,1993,0
212,1994,0
212,1995,0
212,1996,0
212,1997,0
212,1998,0
212,1999,0
213,2000,0
213,2001,0
213,2002,0
213,2003,0
213,2004,0
213,2005,0
213,2006,0
213,2007,0
213,2008,0
213,2009,0
213,2010,0
213,2011,0.5
213,2012,0.5
213,2013,0.5
213,2014,33.5
213,2015,35.5
213,2016,35.5
213,2017,4208.25
213,2018,4208.25
213,2019,4208.25
213,2020,4208.25
213,2021,4208.25
213,2022,4208.25
213,2023,4208.25
213,2024,4208.25
213,2025,4208.25
213,0,0
213,1800,0
213,1838,0
213,1840,0
213,1849,0
213,1858,0
213,1864,0
213,1865,0
213,1867,0
213,1872,0
213,1875,0
213,1878,0
213,1881,0
213,1883,0
213,1884,0
213,1885,0
213,1886,0
213,1887,0
213,1888,0
213,1889,0
213,1890,0
213,1891,0
213,1892,0
213,1893,0
213,1894,0
213,1895,0
213,1896,0
213,1897,0
213,1898,0
213,1899,0
213,1900,0
213,1901,0
213,1902,0
213,1903,0
213,1904,0
213,1905,0
213,1906,0
213,1907,0
213,1908,0
213,1909,0
213,1910,0
213,1911,0
213,1912,0
213,1913,0
213,1914,0
213,1915,0
213,1916,0
213,1917,0
213,1918,0
213,1919,0
213,1920,0
213,1921,0
213,1922,0
213,1923,0
213,1924,0
213,1925,0
213,1926,0
213,1927,0
213,1928,0
213,1929,0
213,1930,0
213,1931,0
213,1932,0
213,1933,0
213,1934,0
213,1935,0
213,1936,0
213,1937,0
213,1938,0
213,1939,0
213,1940,0
213,1941,0
213,1942,0
213,1943,0
213,1944,0
213,1945,0
213,1946,0
213,1947,0
213,1948,0
213,1949,0
213,1950,0
213,1951,0
213,1952,0
213,1953,0
213,1954,0
213,1955,0
213,1956,0
213,1957,0
213,1958,0
213,1959,0
213,1960,0
213,1961,0
213,1962,0
213,1963,0
213,1964,0
213,1965,0
213,1966,0
213,1967,0
213,1968,0
213,1969,0
213,1970,0
213,1971,0
213,1972,0
213,1973,0
213,1974,0
213,1975,0
213,1976,0
213,1977,0
213,1978,0
213,1979,0
213,1980,0
213,1981,0
213,1982,0
213,1983,0
213,1984,0
213,1985,0
213,1986,0
213,1987,0
213,1988,0
213,1989,0
213,1990,0
213,1991,0
213,1992,0
213,1993,0
213,1994,0
213,1995,0
213,1996,0
213,1997,0
213,1998,0
213,1999,0
214,2000,568
214,2001,568
214,2002,568
214,2003,658
214,2004,658
214,2005,658
214,2006,732
214,2007,732
214,2008,732
214,2009,732
214,2010,771.5
214,2011,771.5
214,2012,771.5
214,2013,771.5
214,2014,771.5
214,2015,771.5
214,2016,771.5
214,2017,771.5
214,2018,771.5
214,2019,771.5
214,2020,771.5
214,2021,771.5
214,2022,771.5
214,2023,771.5
214,2024,771.5
214,2025,771.5
214,0,0
214,1800,0
214,1838,0
214,1840,0
214,1849,0
214,1858,0
214,1864,0
214,1865,0
214,1867,0
214,1872,0
214,1875,0
214,1878,0
214,1881,0
214,1883,0
214,1884,0
214,1885,0
214,1886,0
214,1887,0
214,1888,0
214,1889,0
214,1890,0
214,1891,0
214,1892,0
214,1893,0
214,1894,0
214,1895,0
214,1896,0
214,1897,0
214,1898,0
214,1899,0
214,1900,0
214,1901,0
214,1902,0
214,1903,0
214,1904,0
214,1905,0
214,1906,0
214,1907,0
214,1908,0
214,1909,0
214,1910,0
214,1911,0
214,1912,0
214,1913,0
214,1914,0
214,1915,0
214,1916,0
214,1917,0
214,1918,0
214,1919,0
214,1920,0
214,1921,0
214,1922,0
214,1923,0
214,1924,0
214,1925,0
214,1926,0
214,1927,0
214,1928,0
214,1929,0
214,1930,0
214,1931,0
214,1932,0
214,1933,0
214,1934,0
214,1935,0
214,1936,0
214,1937,0
214,1938,0
214,1939,0
214,1940,0
214,1941,0
214,1942,0
214,1943,0
214,1944,0
214,1945,0
214,1946,0
214,1947,0
214,1948,0
214,1949,0
214,1950,0
214,1951,0
214,1952,0
214,1953,0
214,1954,0
214,1955,0
214,1956,0
214,1957,0
214,1958,0
214,1959,0
214,1960,0
214,1961,0
214,1962,0
214,1963,0
214,1964,0
214,1965,0
214,1966,0
214,1967,0
214,1968,0
214,1969,0
214,1970,0
214,1971,0
214,1972,0
214,1973,0
214,1974,0
214,1975,0
214,1976,0
214,1977,0
214,1978,0
214,1979,0
214,1980,0
214,1981,30
214,1982,30
214,1983,81
214,1984,81
214,1985,81
214,1986,81
214,1987,81
214,1988,81
214,1989,81
214,1990,81
214,1991,81
214,1992,81
214,1993,81
214,1994,81
214,1995,204.5
214,1996,354.75
214,1997,354.75
214,1998,568
214,1999,568
215,2000,0
215,2001,0
215,2002,0
215,2003,0
215,2004,0
215,2005,0
215,2006,0
215,2007,0
215,2008,0
215,2009,0
215,2010,0
215,2011,0
215,2012,0
215,2013,0
215,2014,0
215,2015,0
215,2016,0
215,2017,0
215,2018,0
215,2019,0
215,2020,2.5
215,2021,2.5
215,2022,2.5
215,2023,2.5
215,2024,2.5
215,2025,2.5
215,0,0
215,1800,0
215,1838,0
215,1840,0
215,1849,0
215,1858,0
215,1864,0
215,1865,0
215,1867,0
215,1872,0
215,1875,0
215,1878,0
215,1881,0
215,1883,0
215,1884,0
215,1885,0
215,1886,0
215,1887,0
215,1888,0
215,1889,0
215,1890,0
215,1891,0
215,1892,0
215,1893,0
215,1894,0
215,1895,0
215,1896,0
215,1897,0
215,1898,0
215,1899,0
215,1900,0
215,1901,0
215,1902,0
215,1903,0
215,1904,0
215,1905,0
215,1906,0
215,1907,0
215,1908,0
215,1909,0
215,1910,0
215,1911,0
215,1912,0
215,1913,0
215,1914,0
215,1915,0
215,1916,0
215,1917,0
215,1918,0
215,1919,0
215,1920,0
215,1921,0
215,1922,0
215,1923,0
215,1924,0
215,1925,0
215,1926,0
215,1927,0
215,1928,0
215,1929,0
215,1930,0
215,1931,0
215,1932,0
215,1933,0
215,1934,0
215,1935,0
215,1936,0
215,1937,0
215,1938,0
215,1939,0
215,1940,0
215,1941,0
215,1942,0
215,1943,0
215,1944,0
215,1945,0
215,1946,0
215,1947,0
215,1948,0
215,1949,0
215,1950,0
215,1951,0
215,1952,0
215,1953,0
215,1954,0
215,1955,0
215,1956,0
215,1957,0
215,1958,0
215,1959,0
215,1960,0
215,1961,0
215,1962,0
215,1963,0
215,1964,0
215,1965,0
215,1966,0
215,1967,0
215,1968,0
215,1969,0
215,1970,0
215,1971,0
215,1972,0
215,1973,0
215,1974,0
215,1975,0
215,1976,0
215,1977,0
215,1978,0
215,1979,0
215,1980,0
215,1981,0
215,1982,0
215,1983,0
215,1984,0
215,1985,0
215,1986,0
215,1987,0
215,1988,0
215,1989,0
215,1990,0
215,1991,0
215,1992,0
215,1993,0
215,1994,0
215,1995,0
215,1996,0
215,1997,0
215,1998,0
215,1999,0
216,2000,6336.25
216,2001,6337.25
216,2002,6337.25
216,2003,6356.5
216,2004,6356.75
216,2005,6384.75
216,2006,6513.5
216,2007,6805.75
216,2008,7335.25
216,2009,8296
216,2010,8314
216,2011,8338.25
216,2012,8464.25
216,2013,8673.75
216,2014,8968.5
216,2015,9121.75
216,2016,9362.75
216,2017,9554.5
216,2018,9729.5
216,2019,9729.5
216,2020,9729.5
216,2021,9729.5
216,2022,9729.5
216,2023,9729.5
216,2024,9729.5
216,2025,9729.5
216,0,5841.25
216,1800,5841.25
216,1838,5841.25
216,1840,5841.25
216,1849,5841.25
216,1858,5841.25
216,1864,5841.25
216,1865,5841.25
216,1867,5841.25
216,1872,5841.25
216,1875,5841.25
216,1878,5841.25
216,1881,5841.25
216,1883,5841.25
216,1884,5841.25
216,1885,5841.25
216,1886,5841.25
216,1887,5841.25
216,1888,5841.25
216,1889,5841.25
216,1890,5841.25
216,1891,5841.25
216,1892,5841.25
216,1893,5841.25
216,1894,5841.25
216,1895,5841.25
216,1896,5841.25
216,1897,5841.25
216,1898,5841.25
216,1899,5841.25
216,1900,5841.25
216,1901,5841.25
216,1902,5841.25
216,1903,5841.25
216,1904,5841.25
216,1905,5841.25
216,1906,5841.25
216,1907,5841.25
216,1908,5841.25
216,1909,5841.25
216,1910,5841.25
216,1911,5841.25
216,1912,5841.25
216,1913,5841.25
216,1914,5841.25
216,1915,5841.25
216,1916,5841.25
216,1917,5841.25
216,1918,5841.25
216,1919,5841.25
216,1920,5841.25
216,1921,5841.25
216,1922,5841.25
216,1923,5841.25
216,1924,5841.25
216,1925,5841.25
216,1926,5841.25
216,1927,5841.25
216,1928,5841.25
216,1929,5841.25
216,1930,5841.25
216,1931,5841.25
216,1932,5841.25
216,1933,5841.25
216,1934,5841.25
216,1935,5841.25
216,1936,5841.25
216,1937,5841.25
216,1938,5841.25
216,1939,5921
216,1940,5921
216,1941,5921
216,1942,5921
216,1943,5921
216,1944,5921
216,1945,5921
216,1946,5921
216,1947,5921
216,1948,5921
216,1949,5921
216,1950,5921
216,1951,5921
216,1952,5921
216,1953,5921
216,1954,5921
216,1955,5921
216,1956,5921
216,1957,5921
216,1958,5921
216,1959,5921
216,1960,5921
216,1961,5921
216,1962,5921
216,1963,5921
216,1964,5921
216,1965,5921
216,1966,5921
216,1967,5921
216,1968,5921
216,1969,5921
216,1970,5921
216,1971,5921
216,1972,5921
216,1973,5921
216,1974,5921
216,1975,5921
216,1976,5921
216,1977,5921
216,1978,5921
216,1979,5921
216,1980,5921
216,1981,5921
216,1982,6005
216,1983,6005
216,1984,6005
216,1985,6061.25
216,1986,6061.25
216,1987,6061.25
216,1988,6061.25
216,1989,6061.25
216,1990,6061.25
216,1991,6227.75
216,1992,6278.25
216,1993,6278.25
216,1994,6278.75
216,1995,6278.75
216,1996,6278.75
216,1997,6278.75
216,1998,6279.5
216,1999,6336.25
218,2000,10412.75
218,2001,10457
218,2002,10458.25
218,2003,11334.5
218,2004,11429.5
218,2005,12679
218,2006,13524.25
218,2007,13877.25
218,2008,15628.5
218,2009,16364.5
218,2010,16905.75
218,2011,16908
218,2012,16935
218,2013,17048.25
218,2014,17071.25
218,2015,17721.25
218,2016,17822.25
218,2017,17827.75
218,2018,17966
218,2019,19026.5
218,2020,19479.25
218,2021,19480.25
218,2022,19555
218,2023,19569.75
218,2024,19569.75
218,2025,19569.75
218,0,0.75
218,1800,0.75
218,1838,0.75
218,1840,0.75
218,1849,0.75
218,1858,0.75
218,1864,0.75
218,1865,0.75
218,1867,0.75
218,1872,0.75
218,1875,0.75
218,1878,0.75
218,1881,0.75
218,1883,0.75
218,1884,0.75
218,1885,0.75
218,1886,0.75
218,1887,0.75
218,1888,0.75
218,1889,0.75
218,1890,0.75
218,1891,0.75
218,1892,0.75
218,1893,0.75
218,1894,0.75
218,1895,0.75
218,1896,0.75
218,1897,0.75
218,1898,0.75
218,1899,0.75
218,1900,0.75
218,1901,0.75
218,1902,0.75
218,1903,0.75
218,1904,0.75
218,1905,0.75
218,1906,0.75
218,1907,0.75
218,1908,0.75
218,1909,0.75
218,1910,0.75
218,1911,18.25
218,1912,18.25
218,1913,18.25
218,1914,18.25
218,1915,18.25
218,1916,18.25
218,1917,18.25
218,1918,18.25
218,1919,23.75
218,1920,23.75
218,1921,24
218,1922,24
218,1923,24
218,1924,24
218,1925,63
218,1926,63
218,1927,63.75
218,1928,63.75
218,1929,63.75
218,1930,63.75
218,1931,63.75
218,1932,63.75
218,1933,63.75
218,1934,63.75
218,1935,63.75
218,1936,99
218,1937,122.25
218,1938,122.5
218,1939,152
218,1940,152.5
218,1941,344.75
218,1942,344.75
218,1943,344.75
218,1944,345
218,1945,345
218,1946,345
218,1947,345
218,1948,360
218,1949,360
218,1950,361
218,1951,361
218,1952,361
218,1953,361
218,1954,361.25
218,1955,375.5
218,1956,375.75
218,1957,720.25
218,1958,738.5
218,1959,884.25
218,1960,934.75
218,1961,2896.75
218,1962,2897.5
218,1963,2897.5
218,1964,2917.25
218,1965,3449.75
218,1966,3451
218,1967,3459
218,1968,3469.5
218,1969,3540.25
218,1970,4234
218,1971,4316
218,1972,5133.75
218,1973,5505.25
218,1974,5521.25
218,1975,5529.5
218,1976,5537.5
218,1977,5569.5
218,1978,5603.75
218,1979,5604.25
218,1980,5630
218,1981,5648.75
218,1982,5733.5
218,1983,5774
218,1984,6071.75
218,1985,6268.25
218,1986,7793.5
218,1987,7969
218,1988,8759.25
218,1989,8768.75
218,1990,8778
218,1991,8787.75
218,1992,9051.5
218,1993,9101
218,1994,9116.5
218,1995,9434.75
218,1996,9726.5
218,1997,9754.25
218,1998,9925.75
218,1999,10399.5
219,2000,0
219,2001,0
219,2002,0
219,2003,0
219,2004,0
219,2005,7
219,2006,7
219,2007,7
219,2008,7
219,2009,7
219,2010,7
219,2011,7
219,2012,7
219,2013,7
219,2014,7
219,2015,7
219,2016,7
219,2017,7
219,2018,7
219,2019,7
219,2020,7
219,2021,7
219,2022,7
219,2023,7
219,2024,7
219,2025,7
219,0,0
219,1800,0
219,1838,0
219,1840,0
219,1849,0
219,1858,0
219,1864,0
219,1865,0
219,1867,0
219,1872,0
219,1875,0
219,1878,0
219,1881,0
219,1883,0
219,1884,0
219,1885,0
219,1886,0
219,1887,0
219,1888,0
219,1889,0
219,1890,0
219,1891,0
219,1892,0
219,1893,0
219,1894,0
219,1895,0
219,1896,0
219,1897,0
219,1898,0
219,1899,0
219,1900,0
219,1901,0
219,1902,0
219,1903,0
219,1904,0
219,1905,0
219,1906,0
219,1907,0
219,1908,0
219,1909,0
219,1910,0
219,1911,0
219,1912,0
219,1913,0
219,1914,0
219,1915,0
219,1916,0
219,1917,0
219,1918,0
219,1919,0
219,1920,0
219,1921,0
219,1922,0
219,1923,0
219,1924,0
219,1925,0
219,1926,0
219,1927,0
219,1928,0
219,1929,0
219,1930,0
219,1931,0
219,1932,0
219,1933,0
219,1934,0
219,1935,0
219,1936,0
219,1937,0
219,1938,0
219,1939,0
219,1940,0
219,1941,0
219,1942,0
219,1943,0
219,1944,0
219,1945,0
219,1946,0
219,1947,0
219,1948,0
219,1949,0
219,1950,0
219,1951,0
219,1952,0
219,1953,0
219,1954,0
219,1955,0
219,1956,0
219,1957,0
219,1958,0
219,1959,0
219,1960,0
219,1961,0
219,1962,0
219,1963,0
219,1964,0
219,1965,0
219,1966,0
219,1967,0
219,1968,0
219,1969,0
219,1970,0
219,1971,0
219,1972,0
219,1973,0
219,1974,0
219,1975,0
219,1976,0
219,1977,0
219,1978,0
219,1979,0
219,1980,0
219,1981,0
219,1982,0
219,1983,0
219,1984,0
219,1985,0
219,1986,0
219,1987,0
219,1988,0
219,1989,0
219,1990,0
219,1991,0
219,1992,0
219,1993,0
219,1994,0
219,1995,0
219,1996,0
219,1997,0
219,1998,0
219,1999,0
220,2000,0.25
220,2001,0.25
220,2002,0.25
220,2003,0.25
220,2004,0.25
220,2005,0.25
220,2006,0.5
220,2007,0.5
220,2008,0.5
220,2009,0.5
220,2010,0.5
220,2011,0.5
220,2012,0.5
220,2013,0.5
220,2014,0.75
220,2015,0.75
220,2016,0.75
220,2017,0.75
220,2018,0.75
220,2019,0.75
220,2020,0.75
220,2021,0.75
220,2022,0.75
220,2023,0.75
220,2024,0.75
220,2025,0.75
220,0,0
220,1800,0
220,1838,0
220,1840,0
220,1849,0
220,1858,0
220,1864,0
220,1865,0
220,1867,0
220,1872,0
220,1875,0
220,1878,0
220,1881,0
220,1883,0
220,1884,0
220,1885,0
220,1886,0
220,1887,0
220,1888,0
220,1889,0
220,1890,0
220,1891,0
220,1892,0
220,1893,0
220,1894,0
220,1895,0
220,1896,0
220,1897,0
220,1898,0
220,1899,0
220,1900,0
220,1901,0
220,1902,0
220,1903,0
220,1904,0
220,1905,0
220,1906,0
220,1907,0
220,1908,0
220,1909,0
220,1910,0
220,1911,0
220,1912,0
220,1913,0
220,1914,0
220,1915,0
220,1916,0
220,1917,0
220,1918,0
220,1919,0
220,1920,0
220,1921,0
220,1922,0
220,1923,0
220,1924,0
220,1925,0
220,1926,0
220,1927,0
220,1928,0
220,1929,0
220,1930,0
220,1931,0
220,1932,0
220,1933,0
220,1934,0
220,1935,0
220,1936,0
220,1937,0
220,1938,0
220,1939,0
220,1940,0
220,1941,0
220,1942,0
220,1943,0
220,1944,0
220,1945,0
220,1946,0
220,1947,0
220,1948,0
220,1949,0
220,1950,0
220,1951,0
220,1952,0
220,1953,0
220,1954,0
220,1955,0
220,1956,0
220,1957,0
220,1958,0
220,1959,0
220,1960,0
220,1961,0
220,1962,0
220,1963,0
220,1964,0
220,1965,0
220,1966,0
220,1967,0
220,1968,0
220,1969,0
220,1970,0
220,1971,0
220,1972,0
220,1973,0
220,1974,0
220,1975,0
220,1976,0
220,1977,0
220,1978,0
220,1979,0
220,1980,0
220,1981,0
220,1982,0
220,1983,0
220,1984,0
220,1985,0
220,1986,0
220,1987,0
220,1988,0
220,1989,0
220,1990,0
220,1991,0
220,1992,0
220,1993,0
220,1994,0
220,1995,0
220,1996,0
220,1997,0
220,1998,0.25
220,1999,0.25
221,2000,12
221,2001,12
221,2002,12
221,2003,12
221,2004,12.25
221,2005,12.25
221,2006,13.25
221,2007,13.5
221,2008,13.5
221,2009,13.5
221,2010,18
221,2011,18
221,2012,18.25
221,2013,18.25
221,2014,18.25
221,2015,18.25
221,2016,18.25
221,2017,18.25
221,2018,18.25
221,2019,18.25
221,2020,18.25
221,2021,18.25
221,2022,18.25
221,2023,18.25
221,2024,18.25
221,2025,18.25
221,0,0
221,1800,0
221,1838,0
221,1840,0
221,1849,0
221,1858,0
221,1864,0
221,1865,0
221,1867,0
221,1872,0
221,1875,0
221,1878,0
221,1881,0
221,1883,0
221,1884,0
221,1885,0
221,1886,0
221,1887,0
221,1888,0
221,1889,0
221,1890,0
221,1891,0
221,1892,0
221,1893,0
221,1894,0
221,1895,0
221,1896,0
221,1897,0
221,1898,0
221,1899,0
221,1900,0
221,1901,0
221,1902,0
221,1903,0
221,1904,0
221,1905,0
221,1906,0
221,1907,0
221,1908,0
221,1909,0
221,1910,0
221,1911,0
221,1912,0
221,1913,0
221,1914,0
221,1915,0
221,1916,0
221,1917,0
221,1918,0
221,1919,0
221,1920,0
221,1921,0
221,1922,0
221,1923,0
221,1924,0
221,1925,0
221,1926,0
221,1927,0
221,1928,0
221,1929,0
221,1930,0
221,1931,0
221,1932,0
221,1933,0
221,1934,0
221,1935,0
221,1936,0
221,1937,0
221,1938,0
221,1939,0
221,1940,0
221,1941,0
221,1942,0
221,1943,0
221,1944,0
221,1945,0
221,1946,0
221,1947,0
221,1948,0
221,1949,0
221,1950,0
221,1951,0
221,1952,0
221,1953,0
221,1954,0
221,1955,0
221,1956,0
221,1957,0
221,1958,0
221,1959,0
221,1960,0
221,1961,0
221,1962,0
221,1963,0
221,1964,0
221,1965,0
221,1966,0
221,1967,0
221,1968,0
221,1969,0
221,1970,0
221,1971,0
221,1972,0
221,1973,0
221,1974,0
221,1975,0
221,1976,0
221,1977,0
221,1978,0
221,1979,0
221,1980,0
221,1981,0
221,1982,0
221,1983,0
221,1984,0
221,1985,0
221,1986,0
221,1987,0
221,1988,0
221,1989,0
221,1990,0
221,1991,0
221,1992,0
221,1993,0
221,1994,0
221,1995,0
221,1996,3.25
221,1997,3.25
221,1998,12
221,1999,12
222,2000,1573
222,2001,1633.75
222,2002,1683.75
222,2003,1699.25
222,2004,1719
222,2005,1726.75
222,2006,1734
222,2007,1743
222,2008,2113.75
222,2009,2118.5
222,2010,2145.25
222,2011,2148.25
222,2012,2167.25
222,2013,2170.75
222,2014,2176.5
222,2015,2209
222,2016,2221.75
222,2017,2235.75
222,2018,2246
222,2019,2252.5
222,2020,2260
222,2021,2273
222,2022,2288
222,2023,2299
222,2024,2299
222,2025,2299
222,0,0
222,1800,0
222,1838,0
222,1840,0
222,1849,0
222,1858,0
222,1864,0
222,1865,0
222,1867,0
222,1872,0
222,1875,0
222,1878,0
222,1881,0
222,1883,0
222,1884,0
222,1885,0
222,1886,0
222,1887,0
222,1888,0
222,1889,0
222,1890,0
222,1891,0
222,1892,0
222,1893,0
222,1894,0
222,1895,0
222,1896,0
222,1897,0
222,1898,0
222,1899,0
222,1900,0
222,1901,0
222,1902,0
222,1903,0
222,1904,0
222,1905,0
222,1906,0
222,1907,0
222,1908,0
222,1909,22.75
222,1910,22.75
222,1911,22.75
222,1912,22.75
222,1913,22.75
222,1914,22.75
222,1915,22.75
222,1916,22.75
222,1917,22.75
222,1918,22.75
222,1919,22.75
222,1920,22.75
222,1921,22.75
222,1922,22.75
222,1923,22.75
222,1924,22.75
222,1925,22.75
222,1926,23.5
222,1927,23.75
222,1928,23.75
222,1929,23.75
222,1930,24
222,1931,27.5
222,1932,28.75
222,1933,28.75
222,1934,28.75
222,1935,28.75
222,1936,29
222,1937,29
222,1938,29.25
222,1939,30
222,1940,30
222,1941,30
222,1942,33
222,1943,34.5
222,1944,34.5
222,1945,34.5
222,1946,35
222,1947,38.25
222,1948,38.25
222,1949,38.75
222,1950,38.75
222,1951,38.75
222,1952,40
222,1953,40
222,1954,40
222,1955,41.75
222,1956,42
222,1957,43.25
222,1958,43.5
222,1959,43.5
222,1960,45.75
222,1961,46
222,1962,46.25
222,1963,47.5
222,1964,49.25
222,1965,80
222,1966,92.25
222,1967,146
222,1968,175.25
222,1969,209.75
222,1970,256
222,1971,292.5
222,1972,335.25
222,1973,379.25
222,1974,480
222,1975,528
222,1976,556.75
222,1977,576.25
222,1978,620
222,1979,701
222,1980,716.5
222,1981,737
222,1982,783.5
222,1983,887
222,1984,958.75
222,1985,996.5
222,1986,1012
222,1987,1040
222,1988,1081.5
222,1989,1113.25
222,1990,1135
222,1991,1157.5
222,1992,1170.25
222,1993,1254.5
222,1994,1270.75
222,1995,1323.5
222,1996,1346
222,1997,1399
222,1998,1497
222,1999,1499.5
223,2000,1522.5
223,2001,1524.25
223,2002,1617
223,2003,2088.75
223,2004,2127.5
223,2005,2282.75
223,2006,2287.25
223,2007,2289.25
223,2008,2292
223,2009,3782
223,2010,3799.25
223,2011,3801.75
223,2012,3802
223,2013,3809
223,2014,6692
223,2015,6698.5
223,2016,6734.5
223,2017,6746.25
223,2018,6807.5
223,2019,6823.25
223,2020,6896.5
223,2021,7191.5
223,2022,7210.75
223,2023,7219.75
223,2024,7219.75
223,2025,7219.75
223,0,1267.25
223,1800,1267.25
223,1838,1267.25
223,1840,1267.25
223,1849,1267.25
223,1858,1267.25
223,1864,1267.25
223,1865,1267.25
223,1867,1267.25
223,1872,1267.25
223,1875,1267.25
223,1878,1267.25
223,1881,1267.25
223,1883,1267.25
223,1884,1267.25
223,1885,1267.25
223,1886,1267.25
223,1887,1267.25
223,1888,1267.25
223,1889,1267.25
223,1890,1267.25
223,1891,1267.25
223,1892,1267.25
223,1893,1267.25
223,1894,1267.25
223,1895,1267.25
223,1896,1267.25
223,1897,1267.25
223,1898,1267.25
223,1899,1267.25
223,1900,1267.25
223,1901,1267.25
223,1902,1267.25
223,1903,1267.25
223,1904,1267.25
223,1905,1267.25
223,1906,1267.25
223,1907,1267.25
223,1908,1267.25
223,1909,1267.25
223,1910,1267.25
223,1911,1267.25
223,1912,1267.25
223,1913,1267.25
223,1914,1267.25
223,1915,1267.25
223,1916,1267.25
223,1917,1267.25
223,1918,1267.25
223,1919,1267.25
223,1920,1267.25
223,1921,1267.25
223,1922,1267.25
223,1923,1267.25
223,1924,1267.25
223,1925,1267.25
223,1926,1267.25
223,1927,1267.25
223,1928,1267.25
223,1929,1269.5
223,1930,1269.5
223,1931,1269.5
223,1932,1269.5
223,1933,1269.5
223,1934,1269.5
223,1935,1269.5
223,1936,1269.5
223,1937,1270.5
223,1938,1270.5
223,1939,1270.5
223,1940,1270.5
223,1941,1270.5
223,1942,1270.5
223,1943,1270.5
223,1944,1270.5
223,1945,1270.5
223,1946,1271.5
223,1947,1271.5
223,1948,1271.5
223,1949,1271.5
223,1950,1271.5
223,1951,1271.5
223,1952,1271.5
223,1953,1271.5
223,1954,1271.5
223,1955,1271.5
223,1956,1271.5
223,1957,1271.5
223,1958,1271.5
223,1959,1271.5
223,1960,1271.5
223,1961,1284.75
223,1962,1284.75
223,1963,1284.75
223,1964,1284.75
223,1965,1284.75
223,1966,1284.75
223,1967,1285.75
223,1968,1285.75
223,1969,1285.75
223,1970,1293.25
223,1971,1293.25
223,1972,1293.25
223,1973,1311.75
223,1974,1311.75
223,1975,1312.5
223,1976,1312.5
223,1977,1313
223,1978,1324.5
223,1979,1333.75
223,1980,1338.5
223,1981,1345.25
223,1982,1350.25
223,1983,1386.5
223,1984,1392.25
223,1985,1397.75
223,1986,1397.75
223,1987,1400
223,1988,1424.75
223,1989,1424.75
223,1990,1448.25
223,1991,1452
223,1992,1455.25
223,1993,1470.75
223,1994,1470.75
223,1995,1474
223,1996,1474.75
223,1997,1475.75
223,1998,1476
223,1999,1485.75
224,2000,19877.5
224,2001,19877.5
224,2002,19877.5
224,2003,19880.5
224,2004,19999
224,2005,24185
224,2006,24207
224,2007,24541.5
224,2008,24541.5
224,2009,24542
224,2010,24559.75
224,2011,24559.75
224,2012,24559.75
224,2013,24560.25
224,2014,24601.75
224,2015,24666.5
224,2016,24667.25
224,2017,24667.25
224,2018,24809.5
224,2019,38130.75
224,2020,38137
224,2021,38146.5
224,2022,38180.5
224,2023,38195.25
224,2024,38207.25
224,2025,38207.25
224,0,0
224,1800,0
224,1838,0
224,1840,0
224,1849,0
224,1858,0
224,1864,0
224,1865,0
224,1867,0
224,1872,0
224,1875,0
224,1878,0
224,1881,0
224,1883,0
224,1884,0
224,1885,0
224,1886,0
224,1887,0
224,1888,0
224,1889,0
224,1890,0
224,1891,0
224,1892,0
224,1893,0
224,1894,0
224,1895,0
224,1896,0
224,1897,0
224,1898,0
224,1899,0
224,1900,0
224,1901,0
224,1902,0
224,1903,0
224,1904,0
224,1905,0
224,1906,0
224,1907,0
224,1908,0
224,1909,0
224,1910,0
224,1911,0
224,1912,1
224,1913,1
224,1914,1
224,1915,1
224,1916,1
224,1917,1
224,1918,1
224,1919,1
224,1920,1
224,1921,1
224,1922,1
224,1923,1
224,1924,1
224,1925,1
224,1926,1
224,1927,1
224,1928,1
224,1929,1
224,1930,1
224,1931,1
224,1932,1
224,1933,1
224,1934,1
224,1935,31
224,1936,31
224,1937,31
224,1938,2828.75
224,1939,2828.75
224,1940,2828.75
224,1941,2841.25
224,1942,2841.25
224,1943,2841.25
224,1944,2841.25
224,1945,3094
224,1946,3094
224,1947,3094
224,1948,3094
224,1949,3094
224,1950,3094
224,1951,3094
224,1952,3094
224,1953,3094
224,1954,3094
224,1955,3094
224,1956,3094
224,1957,3094
224,1958,3094
224,1959,4260
224,1960,4260
224,1961,4260
224,1962,4260
224,1963,4260
224,1964,4260
224,1965,7360
224,1966,7370.5
224,1967,7370.5
224,1968,7370.5
224,1969,14858.75
224,1970,14896.5
224,1971,14896.5
224,1972,14896.5
224,1973,14896.5
224,1974,14896.5
224,1975,14896.5
224,1976,14912.25
224,1977,15018.75
224,1978,15131
224,1979,17928
224,1980,17928
224,1981,17928.25
224,1982,17929.75
224,1983,18429.75
224,1984,19796.75
224,1985,19796.75
224,1986,19828.5
224,1987,19828.5
224,1988,19836
224,1989,19836
224,1990,19843
224,1991,19843
224,1992,19843.5
224,1993,19843.75
224,1994,19849
224,1995,19849
224,1996,19875.75
224,1997,19875.75
224,1998,19875.75
224,1999,19875.75
227,2000,19.5
227,2001,19.5
227,2002,19.5
227,2003,19.5
227,2004,19.5
227,2005,21.75
227,2006,21.75
227,2007,21.75
227,2008,21.75
227,2009,21.75
227,2010,21.75
227,2011,21.75
227,2012,21.75
227,2013,21.75
227,2014,21.75
227,2015,21.75
227,2016,21.75
227,2017,21.75
227,2018,24
227,2019,24
227,2020,24
227,2021,24
227,2022,24
227,2023,24
227,2024,24
227,2025,24
227,0,19
227,1800,19
227,1838,19
227,1840,19
227,1849,19
227,1858,19
227,1864,19
227,1865,19
227,1867,19
227,1872,19
227,1875,19
227,1878,19
227,1881,19
227,1883,19
227,1884,19
227,1885,19
227,1886,19
227,1887,19
227,1888,19
227,1889,19
227,1890,19
227,1891,19
227,1892,19
227,1893,19
227,1894,19
227,1895,19
227,1896,19
227,1897,19
227,1898,19
227,1899,19
227,1900,19
227,1901,19
227,1902,19
227,1903,19
227,1904,19
227,1905,19
227,1906,19
227,1907,19
227,1908,19
227,1909,19
227,1910,19
227,1911,19
227,1912,19
227,1913,19
227,1914,19
227,1915,19
227,1916,19
227,1917,19
227,1918,19
227,1919,19
227,1920,19
227,1921,19
227,1922,19
227,1923,19
227,1924,19
227,1925,19
227,1926,19
227,1927,19
227,1928,19
227,1929,19
227,1930,19
227,1931,19
227,1932,19
227,1933,19
227,1934,19
227,1935,19
227,1936,19
227,1937,19
227,1938,19
227,1939,19
227,1940,19
227,1941,19
227,1942,19
227,1943,19
227,1944,19
227,1945,19
227,1946,19
227,1947,19
227,1948,19
227,1949,19
227,1950,19
227,1951,19
227,1952,19
227,1953,19
227,1954,19
227,1955,19
227,1956,19
227,1957,19
227,1958,19
227,1959,19
227,1960,19
227,1961,19
227,1962,19
227,1963,19
227,1964,19
227,1965,19
227,1966,19
227,1967,19
227,1968,19
227,1969,19
227,1970,19
227,1971,19
227,1972,19
227,1973,19
227,1974,19
227,1975,19
227,1976,19
227,1977,19
227,1978,19
227,1979,19
227,1980,19
227,1981,19
227,1982,19
227,1983,19
227,1984,19
227,1985,19
227,1986,19
227,1987,19
227,1988,19
227,1989,19
227,1990,19
227,1991,19
227,1992,19
227,1993,19
227,1994,19
227,1995,19
227,1996,19
227,1997,19
227,1998,19
227,1999,19
228,2000,0
228,2001,0
228,2002,0
228,2003,0
228,2004,0
228,2005,0.5
228,2006,0.75
228,2007,0.75
228,2008,0.75
228,2009,0.75
228,2010,0.75
228,2011,0.75
228,2012,0.75
228,2013,0.75
228,2014,0.75
228,2015,3.5
228,2016,3.5
228,2017,3.5
228,2018,3.5
228,2019,3.5
228,2020,3.5
228,2021,3.5
228,2022,3.5
228,2023,3.5
228,2024,3.5
228,2025,3.5
228,0,0
228,1800,0
228,1838,0
228,1840,0
228,1849,0
228,1858,0
228,1864,0
228,1865,0
228,1867,0
228,1872,0
228,1875,0
228,1878,0
228,1881,0
228,1883,0
228,1884,0
228,1885,0
228,1886,0
228,1887,0
228,1888,0
228,1889,0
228,1890,0
228,1891,0
228,1892,0
228,1893,0
228,1894,0
228,1895,0
228,1896,0
228,1897,0
228,1898,0
228,1899,0
228,1900,0
228,1901,0
228,1902,0
228,1903,0
228,1904,0
228,1905,0
228,1906,0
228,1907,0
228,1908,0
228,1909,0
228,1910,0
228,1911,0
228,1912,0
228,1913,0
228,1914,0
228,1915,0
228,1916,0
228,1917,0
228,1918,0
228,1919,0
228,1920,0
228,1921,0
228,1922,0
228,1923,0
228,1924,0
228,1925,0
228,1926,0
228,1927,0
228,1928,0
228,1929,0
228,1930,0
228,1931,0
228,1932,0
228,1933,0
228,1934,0
228,1935,0
228,1936,0
228,1937,0
228,1938,0
228,1939,0
228,1940,0
228,1941,0
228,1942,0
228,1943,0
228,1944,0
228,1945,0
228,1946,0
228,1947,0
228,1948,0
228,1949,0
228,1950,0
228,1951,0
228,1952,0
228,1953,0
228,1954,0
228,1955,0
228,1956,0
228,1957,0
228,1958,0
228,1959,0
228,1960,0
228,1961,0
228,1962,0
228,1963,0
228,1964,0
228,1965,0
228,1966,0
228,1967,0
228,1968,0
228,1969,0
228,1970,0
228,1971,0
228,1972,0
228,1973,0
228,1974,0
228,1975,0
228,1976,0
228,1977,0
228,1978,0
228,1979,0
228,1980,0
228,1981,0
228,1982,0
228,1983,0
228,1984,0
228,1985,0
228,1986,0
228,1987,0
228,1988,0
228,1989,0
228,1990,0
228,1991,0
228,1992,0
228,1993,0
228,1994,0
228,1995,0
228,1996,0
228,1997,0
228,1998,0
228,1999,0
231,2000,11
231,2001,11
231,2002,11
231,2003,11
231,2004,11
231,2005,11
231,2006,11
231,2007,22.75
231,2008,119.5
231,2009,119.5
231,2010,119.5
231,2011,119.5
231,2012,119.5
231,2013,119.5
231,2014,119.5
231,2015,119.5
231,2016,126.75
231,2017,126.75
231,2018,126.75
231,2019,126.75
231,2020,126.75
231,2021,126.75
231,2022,126.75
231,2023,126.75
231,2024,126.75
231,2025,126.75
231,0,0
231,1800,0
231,1838,0
231,1840,0
231,1849,0
231,1858,0
231,1864,0
231,1865,0
231,1867,0
231,1872,0
231,1875,0
231,1878,0
231,1881,0
231,1883,0
231,1884,0
231,1885,0
231,1886,0
231,1887,0
231,1888,0
231,1889,0
231,1890,0
231,1891,0
231,1892,0
231,1893,0
231,1894,0
231,1895,0
231,1896,0
231,1897,0
231,1898,0
231,1899,0
231,1900,0
231,1901,0
231,1902,0
231,1903,0
231,1904,0
231,1905,0
231,1906,0
231,1907,0
231,1908,0
231,1909,0
231,1910,0
231,1911,0
231,1912,0
231,1913,0
231,1914,0
231,1915,0
231,1916,0
231,1917,0
231,1918,0
231,1919,0
231,1920,0
231,1921,0
231,1922,0
231,1923,0
231,1924,0
231,1925,0
231,1926,0
231,1927,0
231,1928,0
231,1929,0
231,1930,0
231,1931,0
231,1932,0
231,1933,0
231,1934,0
231,1935,0
231,1936,0
231,1937,0
231,1938,0
231,1939,0
231,1940,0
231,1941,0
231,1942,0
231,1943,0
231,1944,0
231,1945,0
231,1946,0
231,1947,0
231,1948,0
231,1949,0
231,1950,0
231,1951,0
231,1952,0
231,1953,0
231,1954,0
231,1955,0
231,1956,0
231,1957,0
231,1958,0
231,1959,0
231,1960,0
231,1961,0
231,1962,0
231,1963,0
231,1964,0
231,1965,0
231,1966,0
231,1967,0
231,1968,0
231,1969,0
231,1970,0
231,1971,0
231,1972,0
231,1973,0
231,1974,0
231,1975,0
231,1976,0
231,1977,0
231,1978,0
231,1979,0
231,1980,0
231,1981,0
231,1982,0
231,1983,0
231,1984,0
231,1985,0
231,1986,0
231,1987,0
231,1988,0
231,1989,0
231,1990,0
231,1991,0
231,1992,0
231,1993,0
231,1994,0
231,1995,0
231,1996,0
231,1997,0
231,1998,0
231,1999,0
232,2000,0.75
232,2001,0.75
232,2002,0.75
232,2003,0.75
232,2004,0.75
232,2005,0.75
232,2006,0.75
232,2007,0.75
232,2008,0.75
232,2009,0.75
232,2010,0.75
232,2011,0.75
232,2012,0.75
232,2013,0.75
232,2014,0.75
232,2015,0.75
232,2016,0.75
232,2017,0.75
232,2018,0.75
232,2019,0.75
232,2020,0.75
232,2021,0.75
232,2022,0.75
232,2023,0.75
232,2024,0.75
232,2025,0.75
232,0,0
232,1800,0
232,1838,0
232,1840,0
232,1849,0
232,1858,0
232,1864,0
232,1865,0
232,1867,0
232,1872,0
232,1875,0
232,1878,0
232,1881,0
232,1883,0
232,1884,0
232,1885,0
232,1886,0
232,1887,0
232,1888,0
232,1889,0
232,1890,0
232,1891,0
232,1892,0
232,1893,0
232,1894,0
232,1895,0
232,1896,0
232,1897,0
232,1898,0
232,1899,0
232,1900,0
232,1901,0
232,1902,0
232,1903,0
232,1904,0
232,1905,0
232,1906,0
232,1907,0
232,1908,0
232,1909,0
232,1910,0
232,1911,0
232,1912,0
232,1913,0
232,1914,0
232,1915,0
232,1916,0
232,1917,0
232,1918,0
232,1919,0
232,1920,0
232,1921,0
232,1922,0
232,1923,0
232,1924,0
232,1925,0
232,1926,0
232,1927,0
232,1928,0
232,1929,0
232,1930,0
232,1931,0
232,1932,0
232,1933,0
232,1934,0
232,1935,0
232,1936,0
232,1937,0
232,1938,0
232,1939,0
232,1940,0
232,1941,0
232,1942,0
232,1943,0
232,1944,0
232,1945,0
232,1946,0
232,1947,0
232,1948,0
232,1949,0
232,1950,0
232,1951,0
232,1952,0
232,1953,0
232,1954,0
232,1955,0
232,1956,0
232,1957,0
232,1958,0
232,1959,0
232,1960,0
232,1961,0
232,1962,0
232,1963,0
232,1964,0
232,1965,0
232,1966,0
232,1967,0
232,1968,0
232,1969,0
232,1970,0
232,1971,0
232,1972,0
232,1973,0
232,1974,0
232,1975,0
232,1976,0
232,1977,0
232,1978,0
232,1979,0
232,1980,0
232,1981,0
232,1982,0
232,1983,0.75
232,1984,0.75
232,1985,0.75
232,1986,0.75
232,1987,0.75
232,1988,0.75
232,1989,0.75
232,1990,0.75
232,1991,0.75
232,1992,0.75
232,1993,0.75
232,1994,0.75
232,1995,0.75
232,1996,0.75
232,1997,0.75
232,1998,0.75
232,1999,0.75
237,2000,0
237,2001,0
237,2002,0
237,2003,0
237,2004,0
237,2005,0
237,2006,0
237,2007,10.5
237,2008,10.5
237,2009,10.5
237,2010,10.5
237,2011,10.5
237,2012,10.5
237,2013,10.5
237,2014,10.5
237,2015,10.5
237,2016,23.5
237,2017,23.5
237,2018,23.5
237,2019,23.5
237,2020,23.5
237,2021,23.5
237,2022,23.5
237,2023,23.5
237,2024,23.5
237,2025,23.5
237,0,0
237,1800,0
237,1838,0
237,1840,0
237,1849,0
237,1858,0
237,1864,0
237,1865,0
237,1867,0
237,1872,0
237,1875,0
237,1878,0
237,1881,0
237,1883,0
237,1884,0
237,1885,0
237,1886,0
237,1887,0
237,1888,0
237,1889,0
237,1890,0
237,1891,0
237,1892,0
237,1893,0
237,1894,0
237,1895,0
237,1896,0
237,1897,0
237,1898,0
237,1899,0
237,1900,0
237,1901,0
237,1902,0
237,1903,0
237,1904,0
237,1905,0
237,1906,0
237,1907,0
237,1908,0
237,1909,0
237,1910,0
237,1911,0
237,1912,0
237,1913,0
237,1914,0
237,1915,0
237,1916,0
237,1917,0
237,1918,0
237,1919,0
237,1920,0
237,1921,0
237,1922,0
237,1923,0
237,1924,0
237,1925,0
237,1926,0
237,1927,0
237,1928,0
237,1929,0
237,1930,0
237,1931,0
237,1932,0
237,1933,0
237,1934,0
237,1935,0
237,1936,0
237,1937,0
237,1938,0
237,1939,0
237,1940,0
237,1941,0
237,1942,0
237,1943,0
237,1944,0
237,1945,0
237,1946,0
237,1947,0
237,1948,0
237,1949,0
237,1950,0
237,1951,0
237,1952,0
237,1953,0
237,1954,0
237,1955,0
237,1956,0
237,1957,0
237,1958,0
237,1959,0
237,1960,0
237,1961,0
237,1962,0
237,1963,0
237,1964,0
237,1965,0
237,1966,0
237,1967,0
237,1968,0
237,1969,0
237,1970,0
237,1971,0
237,1972,0
237,1973,0
237,1974,0
237,1975,0
237,1976,0
237,1977,0
237,1978,0
237,1979,0
237,1980,0
237,1981,0
237,1982,0
237,1983,0
237,1984,0
237,1985,0
237,1986,0
237,1987,0
237,1988,0
237,1989,0
237,1990,0
237,1991,0
237,1992,0
237,1993,0
237,1994,0
237,1995,0
237,1996,0
237,1997,0
237,1998,0
237,1999,0
244,2000,11.75
244,2001,11.75
244,2002,11.75
244,2003,11.75
244,2004,11.75
244,2005,11.75
244,2006,11.75
244,2007,11.75
244,2008,11.75
244,2009,11.75
244,2010,11.75
244,2011,11.75
244,2012,11.75
244,2013,31.25
244,2014,31.25
244,2015,31.25
244,2016,31.25
244,2017,31.25
244,2018,32.5
244,2019,32.5
244,2020,32.5
244,2021,32.5
244,2022,32.5
244,2023,32.5
244,2024,32.5
244,2025,32.5
244,0,8
244,1800,8
244,1838,8
244,1840,8
244,1849,8
244,1858,8
244,1864,8
244,1865,8
244,1867,8
244,1872,8
244,1875,8
244,1878,8
244,1881,8
244,1883,8
244,1884,8
244,1885,8
244,1886,8
244,1887,8
244,1888,8
244,1889,8
244,1890,8
244,1891,8
244,1892,8
244,1893,8
244,1894,8
244,1895,8
244,1896,8
244,1897,8
244,1898,8
244,1899,8
244,1900,8
244,1901,8
244,1902,8
244,1903,8
244,1904,8
244,1905,8
244,1906,8
244,1907,8
244,1908,8
244,1909,8
244,1910,8
244,1911,8
244,1912,8
244,1913,8
244,1914,8
244,1915,8
244,1916,8
244,1917,8
244,1918,8
244,1919,8
244,1920,8
244,1921,8
244,1922,8
244,1923,8
244,1924,8
244,1925,8
244,1926,8
244,1927,8
244,1928,8
244,1929,8
244,1930,8
244,1931,8
244,1932,8
244,1933,8
244,1934,8
244,1935,8
244,1936,8
244,1937,8
244,1938,8
244,1939,8
244,1940,8
244,1941,8
244,1942,8
244,1943,8
244,1944,8
244,1945,8
244,1946,8
244,1947,8
244,1948,8
244,1949,8
244,1950,8
244,1951,8
244,1952,8
244,1953,8
244,1954,8
244,1955,8
244,1956,8
244,1957,8
244,1958,8
244,1959,8
244,1960,8
244,1961,8
244,1962,8
244,1963,8
244,1964,8
244,1965,8
244,1966,8
244,1967,8
244,1968,8
244,1969,8
244,1970,8
244,1971,8
244,1972,8
244,1973,8
244,1974,8
244,1975,8
244,1976,8
244,1977,8
244,1978,10.75
244,1979,10.75
244,1980,10.75
244,1981,10.75
244,1982,10.75
244,1983,11.75
244,1984,11.75
244,1985,11.75
244,1986,11.75
244,1987,11.75
244,1988,11.75
244,1989,11.75
244,1990,11.75
244,1991,11.75
244,1992,11.75
244,1993,11.75
244,1994,11.75
244,1995,11.75
244,1996,11.75
244,1997,11.75
244,1998,11.75
244,1999,11.75
245,2000,39
245,2001,39
245,2002,39
245,2003,39
245,2004,39
245,2005,39
245,2006,39
245,2007,39
245,2008,39
245,2009,39
245,2010,39
245,2011,39
245,2012,39
245,2013,39
245,2014,39
245,2015,39
245,2016,39
245,2017,39
245,2018,39
245,2019,39
245,2020,39
245,2021,39
245,2022,39
245,2023,39
245,2024,39
245,2025,39
245,0,0
245,1800,0
245,1838,0
245,1840,0
245,1849,0
245,1858,0
245,1864,0
245,1865,0
245,1867,0
245,1872,0
245,1875,0
245,1878,0
245,1881,0
245,1883,0
245,1884,0
245,1885,0
245,1886,0
245,1887,0
245,1888,0
245,1889,0
245,1890,0
245,1891,0
245,1892,0
245,1893,0
245,1894,0
245,1895,0
245,1896,0
245,1897,0
245,1898,0
245,1899,0.5
245,1900,0.5
245,1901,0.5
245,1902,0.5
245,1903,0.5
245,1904,0.5
245,1905,0.5
245,1906,0.5
245,1907,0.5
245,1908,0.5
245,1909,0.5
245,1910,0.5
245,1911,0.5
245,1912,0.5
245,1913,0.5
245,1914,0.5
245,1915,0.5
245,1916,0.5
245,1917,0.5
245,1918,0.5
245,1919,0.5
245,1920,0.5
245,1921,0.5
245,1922,0.5
245,1923,0.5
245,1924,0.5
245,1925,0.5
245,1926,0.5
245,1927,0.5
245,1928,0.5
245,1929,0.5
245,1930,0.5
245,1931,0.5
245,1932,0.5
245,1933,0.5
245,1934,0.5
245,1935,0.5
245,1936,0.5
245,1937,0.5
245,1938,0.5
245,1939,0.5
245,1940,0.5
245,1941,0.5
245,1942,0.5
245,1943,0.5
245,1944,0.5
245,1945,0.5
245,1946,0.5
245,1947,0.5
245,1948,0.5
245,1949,0.5
245,1950,0.5
245,1951,0.5
245,1952,0.5
245,1953,0.5
245,1954,0.5
245,1955,0.5
245,1956,0.5
245,1957,0.5
245,1958,0.5
245,1959,0.5
245,1960,0.5
245,1961,0.5
245,1962,0.5
245,1963,0.5
245,1964,0.5
245,1965,0.5
245,1966,0.5
245,1967,0.5
245,1968,0.5
245,1969,10.75
245,1970,10.75
245,1971,10.75
245,1972,10.75
245,1973,10.75
245,1974,10.75
245,1975,10.75
245,1976,10.75
245,1977,10.75
245,1978,10.75
245,1979,27.5
245,1980,39
245,1981,39
245,1982,39
245,1983,39
245,1984,39
245,1985,39
245,1986,39
245,1987,39
245,1988,39
245,1989,39
245,1990,39
245,1991,39
245,1992,39
245,1993,39
245,1994,39
245,1995,39
245,1996,39
245,1997,39
245,1998,39
245,1999,39
247,2000,30
247,2001,30
247,2002,30
247,2003,30
247,2004,30
247,2005,30
247,2006,30
247,2007,30
247,2008,30
247,2009,30
247,2010,30
247,2011,30
247,2012,30.25
247,2013,30.25
247,2014,30.25
247,2015,30.25
247,2016,30.25
247,2017,30.25
247,2018,30.25
247,2019,30.25
247,2020,30.25
247,2021,30.25
247,2022,30.25
247,2023,30.25
247,2024,30.25
247,2025,30.25
247,0,3.5
247,1800,3.5
247,1838,3.5
247,1840,3.5
247,1849,3.5
247,1858,3.5
247,1864,3.5
247,1865,3.5
247,1867,3.5
247,1872,3.5
247,1875,3.5
247,1878,3.5
247,1881,3.5
247,1883,3.5
247,1884,3.5
247,1885,3.5
247,1886,3.5
247,1887,3.5
247,1888,3.5
247,1889,3.5
247,1890,3.5
247,1891,3.5
247,1892,3.5
247,1893,3.5
247,1894,3.5
247,1895,3.5
247,1896,3.5
247,1897,3.5
247,1898,3.5
247,1899,3.5
247,1900,3.5
247,1901,3.5
247,1902,3.5
247,1903,3.5
247,1904,3.5
247,1905,3.5
247,1906,3.5
247,1907,3.5
247,1908,3.5
247,1909,3.5
247,1910,3.5
247,1911,3.5
247,1912,3.5
247,1913,3.5
247,1914,3.5
247,1915,3.5
247,1916,3.5
247,1917,3.5
247,1918,3.5
247,1919,3.5
247,1920,3.5
247,1921,3.5
247,1922,3.5
247,1923,3.5
247,1924,3.5
247,1925,3.5
247,1926,3.5
247,1927,3.5
247,1928,3.5
247,1929,3.5
247,1930,3.5
247,1931,3.5
247,1932,3.5
247,1933,3.5
247,1934,3.5
247,1935,3.5
247,1936,3.5
247,1937,3.5
247,1938,3.5
247,1939,3.5
247,1940,3.5
247,1941,3.5
247,1942,3.5
247,1943,3.5
247,1944,3.5
247,1945,3.5
247,1946,3.5
247,1947,3.5
247,1948,11.5
247,1949,11.5
247,1950,14.5
247,1951,14.5
247,1952,14.5
247,1953,30
247,1954,30
247,1955,30
247,1956,30
247,1957,30
247,1958,30
247,1959,30
247,1960,30
247,1961,30
247,1962,30
247,1963,30
247,1964,30
247,1965,30
247,1966,30
247,1967,30
247,1968,30
247,1969,30
247,1970,30
247,1971,30
247,1972,30
247,1973,30
247,1974,30
247,1975,30
247,1976,30
247,1977,30
247,1978,30
247,1979,30
247,1980,30
247,1981,30
247,1982,30
247,1983,30
247,1984,30
247,1985,30
247,1986,30
247,1987,30
247,1988,30
247,1989,30
247,1990,30
247,1991,30
247,1992,30
247,1993,30
247,1994,30
247,1995,30
247,1996,30
247,1997,30
247,1998,30
247,1999,30
248,2000,10.75
248,2001,10.75
248,2002,10.75
248,2003,10.75
248,2004,10.75
248,2005,10.75
248,2006,10.75
248,2007,10.75
248,2008,10.75
248,2009,10.75
248,2010,10.75
248,2011,10.75
248,2012,10.75
248,2013,10.75
248,2014,10.75
248,2015,10.75
248,2016,10.75
248,2017,10.75
248,2018,10.75
248,2019,10.75
248,2020,10.75
248,2021,10.75
248,2022,10.75
248,2023,10.75
248,2024,10.75
248,2025,10.75
248,0,0
248,1800,0
248,1838,0
248,1840,0
248,1849,0
248,1858,0
248,1864,0
248,1865,0
248,1867,0
248,1872,0
248,1875,0
248,1878,0
248,1881,0
248,1883,0
248,1884,0
248,1885,0
248,1886,0
248,1887,0
248,1888,0
248,1889,0
248,1890,0
248,1891,0
248,1892,0
248,1893,0
248,1894,0
248,1895,0
248,1896,0
248,1897,0
248,1898,0
248,1899,0
248,1900,0
248,1901,0
248,1902,0
248,1903,0
248,1904,0
248,1905,0
248,1906,0
248,1907,0
248,1908,0
248,1909,0
248,1910,0
248,1911,0
248,1912,0
248,1913,0
248,1914,0
248,1915,0
248,1916,0
248,1917,0
248,1918,0
248,1919,0
248,1920,0
248,1921,0
248,1922,0
248,1923,0
248,1924,0
248,1925,0
248,1926,0
248,1927,0
248,1928,0
248,1929,0
248,1930,0
248,1931,0
248,1932,0
248,1933,0
248,1934,0
248,1935,0
248,1936,0
248,1937,0
248,1938,0
248,1939,0
248,1940,0
248,1941,0
248,1942,0
248,1943,0
248,1944,0
248,1945,0
248,1946,0
248,1947,0
248,1948,0
248,1949,0
248,1950,0
248,1951,0
248,1952,0
248,1953,0
248,1954,0
248,1955,0
248,1956,0
248,1957,0
248,1958,0
248,1959,0
248,1960,0
248,1961,0
248,1962,0
248,1963,0
248,1964,0
248,1965,0
248,1966,0
248,1967,0
248,1968,0
248,1969,0
248,1970,0
248,1971,0
248,1972,0
248,1973,0
248,1974,0
248,1975,0
248,1976,0
248,1977,0
248,1978,0
248,1979,0
248,1980,0
248,1981,0
248,1982,0
248,1983,0
248,1984,0
248,1985,0
248,1986,0
248,1987,10.75
248,1988,10.75
248,1989,10.75
248,1990,10.75
248,1991,10.75
248,1992,10.75
248,1993,10.75
248,1994,10.75
248,1995,10.75
248,1996,10.75
248,1997,10.75
248,1998,10.75
248,1999,10.75
249,2000,3.75
249,2001,3.75
249,2002,3.75
249,2003,3.75
249,2004,3.75
249,2005,3.75
249,2006,3.75
249,2007,3.75
249,2008,3.75
249,2009,3.75
249,2010,3.75
249,2011,3.75
249,2012,3.75
249,2013,3.75
249,2014,3.75
249,2015,3.75
249,2016,3.75
249,2017,3.75
249,2018,3.75
249,2019,3.75
249,2020,3.75
249,2021,3.75
249,2022,3.75
249,2023,3.75
249,2024,3.75
249,2025,3.75
249,0,0
249,1800,0
249,1838,0
249,1840,0
249,1849,0
249,1858,0
249,1864,0
249,1865,0
249,1867,0
249,1872,0
249,1875,0
249,1878,0
249,1881,0
249,1883,0
249,1884,0
249,1885,0
249,1886,0
249,1887,0
249,1888,0
249,1889,0
249,1890,0
249,1891,0
249,1892,0
249,1893,0
249,1894,0
249,1895,0
249,1896,0
249,1897,0
249,1898,0
249,1899,0
249,1900,0
249,1901,0
249,1902,0
249,1903,0
249,1904,0
249,1905,0
249,1906,0
249,1907,0
249,1908,0
249,1909,0
249,1910,0
249,1911,0
249,1912,0
249,1913,0
249,1914,0
249,1915,0
249,1916,0
249,1917,0
249,1918,0
249,1919,0
249,1920,0
249,1921,0
249,1922,0
249,1923,0
249,1924,0
249,1925,0
249,1926,0
249,1927,0
249,1928,0
249,1929,0
249,1930,0
249,1931,0
249,1932,0
249,1933,0
249,1934,0
249,1935,0
249,1936,0
249,1937,0
249,1938,0
249,1939,0
249,1940,0
249,1941,0
249,1942,0
249,1943,0
249,1944,0
249,1945,0
249,1946,0
249,1947,0
249,1948,0
249,1949,0
249,1950,0
249,1951,0
249,1952,0
249,1953,0
249,1954,0
249,1955,0
249,1956,0
249,1957,0
249,1958,0
249,1959,0
249,1960,0
249,1961,0
249,1962,0
249,1963,0
249,1964,0
249,1965,0
249,1966,0
249,1967,0
249,1968,0
249,1969,0
249,1970,0
249,1971,0
249,1972,0
249,1973,0
249,1974,0
249,1975,0
249,1976,0
249,1977,0
249,1978,0
249,1979,0
249,1980,0
249,1981,0
249,1982,0
249,1983,0
249,1984,0
249,1985,0
249,1986,0
249,1987,0
249,1988,0
249,1989,0
249,1990,0
249,1991,0
249,1992,0
249,1993,0
249,1994,0
249,1995,0
249,1996,3.25
249,1997,3.75
249,1998,3.75
249,1999,3.75
250,2000,5
250,2001,5
250,2002,5
250,2003,5
250,2004,5
250,2005,5
250,2006,5
250,2007,5
250,2008,5
250,2009,5
250,2010,5
250,2011,5
250,2012,5
250,2013,5
250,2014,5
250,2015,5
250,2016,5
250,2017,5
250,2018,5
250,2019,5
250,2020,5
250,2021,5
250,2022,5
250,2023,5
250,2024,5
250,2025,5
250,0,0.5
250,1800,0.5
250,1838,0.5
250,1840,0.5
250,1849,0.5
250,1858,0.5
250,1864,0.5
250,1865,0.5
250,1867,0.5
250,1872,0.5
250,1875,0.5
250,1878,0.5
250,1881,0.5
250,1883,0.5
250,1884,0.5
250,1885,0.5
250,1886,0.5
250,1887,0.5
250,1888,0.5
250,1889,0.5
250,1890,0.5
250,1891,0.5
250,1892,0.5
250,1893,0.5
250,1894,0.5
250,1895,0.5
250,1896,0.5
250,1897,0.5
250,1898,0.5
250,1899,0.5
250,1900,0.5
250,1901,0.5
250,1902,0.5
250,1903,0.5
250,1904,0.5
250,1905,0.5
250,1906,0.5
250,1907,0.5
250,1908,0.5
250,1909,0.5
250,1910,0.5
250,1911,0.5
250,1912,0.5
250,1913,0.5
250,1914,0.5
250,1915,0.5
250,1916,0.5
250,1917,0.5
250,1918,0.5
250,1919,0.5
250,1920,0.5
250,1921,0.5
250,1922,0.5
250,1923,0.5
250,1924,0.5
250,1925,0.5
250,1926,0.5
250,1927,0.5
250,1928,0.5
250,1929,0.5
250,1930,0.5
250,1931,0.5
250,1932,0.5
250,1933,0.5
250,1934,0.5
250,1935,0.5
250,1936,0.5
250,1937,0.5
250,1938,0.5
250,1939,0.5
250,1940,0.5
250,1941,0.5
250,1942,0.5
250,1943,0.5
250,1944,0.5
250,1945,0.5
250,1946,0.5
250,1947,0.5
250,1948,0.5
250,1949,0.5
250,1950,0.5
250,1951,0.5
250,1952,0.5
250,1953,0.5
250,1954,0.5
250,1955,0.5
250,1956,0.5
250,1957,0.5
250,1958,0.5
250,1959,0.5
250,1960,0.5
250,1961,0.5
250,1962,0.5
250,1963,0.5
250,1964,0.5
250,1965,0.5
250,1966,0.5
250,1967,0.5
250,1968,0.5
250,1969,0.5
250,1970,0.5
250,1971,0.5
250,1972,0.5
250,1973,0.5
250,1974,0.5
250,1975,0.5
250,1976,0.5
250,1977,0.5
250,1978,0.5
250,1979,0.5
250,1980,0.75
250,1981,0.75
250,1982,0.75
250,1983,0.75
250,1984,0.75
250,1985,0.75
250,1986,0.75
250,1987,0.75
250,1988,0.75
250,1989,0.75
250,1990,0.75
250,1991,0.75
250,1992,0.75
250,1993,0.75
250,1994,0.75
250,1995,0.75
250,1996,0.75
250,1997,0.75
250,1998,0.75
250,1999,0.75
