"rgn_id","year","taxa_code","sust_coeff"
14,2024,"Abalones_1",0.909090909090909
14,2025,"Abalones_1",0.909090909090909
163,2024,"Abalones_2",0.909090909090909
163,2025,"Abalones_2",0.909090909090909
25,2024,"Abalones_3",0.909090909090909
25,2025,"Abalones_3",0.909090909090909
102,2024,"Abalones_4",0.909090909090909
102,2025,"Abalones_4",0.909090909090909
224,2024,"Abalones_5",0.909090909090909
224,2025,"Abalones_5",0.909090909090909
216,2024,"Akiami paste shrimp_6",0.766233766233766
216,2025,"Akiami paste shrimp_6",0.766233766233766
14,2024,"Amberjacks nei_7",0.883116883116883
14,2025,"Amberjacks nei_7",0.883116883116883
207,2024,"Aquatic invertebrates nei_8",0.818181818181818
207,2025,"Aquatic invertebrates nei_8",0.818181818181818
143,2024,"Arctic char_9",0.896103896103896
143,2025,"Arctic char_9",0.896103896103896
183,2024,"Atlantic ditch shrimp_10",0.766233766233766
183,2025,"Atlantic ditch shrimp_10",0.766233766233766
182,2024,"Atlantic ditch shrimp_11",0.766233766233766
182,2025,"Atlantic ditch shrimp_11",0.766233766233766
183,2024,"Atlantic salmon_12",0.883116883116883
183,2025,"Atlantic salmon_12",0.883116883116883
143,2024,"Atlantic salmon_13",0.883116883116883
143,2025,"Atlantic salmon_13",0.883116883116883
175,2024,"Atlantic salmon_14",0.883116883116883
175,2025,"Atlantic salmon_14",0.883116883116883
75,2024,"Baltic prawn_15",0.766233766233766
75,2025,"Baltic prawn_15",0.766233766233766
216,2024,"Banana prawn_16",0.428571428571429
216,2025,"Banana prawn_16",0.428571428571429
207,2024,"Banana prawn_17",0.493506493506494
207,2025,"Banana prawn_17",0.493506493506494
13,2024,"Banana prawn_18",0.883116883116883
13,2025,"Banana prawn_18",0.883116883116883
208,2024,"Banana prawn_19",0.883116883116883
208,2025,"Banana prawn_19",0.883116883116883
15,2024,"Banana prawn_20",0.883116883116883
15,2025,"Banana prawn_20",0.883116883116883
25,2024,"Banana prawn_21",0.74025974025974
25,2025,"Banana prawn_21",0.74025974025974
206,2024,"Banana prawn_22",0.493506493506494
206,2025,"Banana prawn_22",0.493506493506494
216,2024,"Banded grouper_23",0.766233766233766
216,2025,"Banded grouper_23",0.766233766233766
216,2024,"Barramundi(=Giant seaperch)_24",0.883116883116883
216,2025,"Barramundi(=Giant seaperch)_24",0.883116883116883
25,2024,"Barramundi(=Giant seaperch)_25",0.883116883116883
25,2025,"Barramundi(=Giant seaperch)_25",0.883116883116883
206,2024,"Barramundi(=Giant seaperch)_26",0.883116883116883
206,2025,"Barramundi(=Giant seaperch)_26",0.883116883116883
16,2024,"Barramundi(=Giant seaperch)_27",0.883116883116883
16,2025,"Barramundi(=Giant seaperch)_27",0.883116883116883
14,2024,"Barramundi(=Giant seaperch)_28",0.883116883116883
14,2025,"Barramundi(=Giant seaperch)_28",0.883116883116883
15,2024,"Barramundi(=Giant seaperch)_29",0.883116883116883
15,2025,"Barramundi(=Giant seaperch)_29",0.883116883116883
208,2024,"Barramundi(=Giant seaperch)_30",0.883116883116883
208,2025,"Barramundi(=Giant seaperch)_30",0.883116883116883
79,2024,"Barramundi(=Giant seaperch)_31",0.883116883116883
79,2025,"Barramundi(=Giant seaperch)_31",0.883116883116883
147,2024,"Barramundi(=Giant seaperch)_32",0.883116883116883
147,2025,"Barramundi(=Giant seaperch)_32",0.883116883116883
40,2024,"Barramundi(=Giant seaperch)_33",0.883116883116883
40,2025,"Barramundi(=Giant seaperch)_33",0.883116883116883
203,2024,"Barramundi(=Giant seaperch)_34",0.883116883116883
203,2025,"Barramundi(=Giant seaperch)_34",0.883116883116883
53,2024,"Barramundi(=Giant seaperch)_35",0.883116883116883
53,2025,"Barramundi(=Giant seaperch)_35",0.883116883116883
54,2024,"Barramundi(=Giant seaperch)_36",0.883116883116883
54,2025,"Barramundi(=Giant seaperch)_36",0.883116883116883
216,2024,"Barred-chest grouper_37",0.766233766233766
216,2025,"Barred-chest grouper_37",0.766233766233766
20,2024,"Bastard halibut_38",0.766233766233766
20,2025,"Bastard halibut_38",0.766233766233766
216,2024,"Bigeye trevally_39",0.883116883116883
216,2025,"Bigeye trevally_39",0.883116883116883
216,2024,"Black pomfret_40",0.883116883116883
216,2025,"Black pomfret_40",0.883116883116883
14,2024,"Blackhead seabream_41",0.701298701298701
14,2025,"Blackhead seabream_41",0.701298701298701
216,2024,"Blacktail snapper_42",0.766233766233766
216,2025,"Blacktail snapper_42",0.766233766233766
163,2024,"Blue crab_43",0.818181818181818
163,2025,"Blue crab_43",0.818181818181818
137,2024,"Blue shrimp_44",0.51948051948052
137,2025,"Blue shrimp_44",0.51948051948052
129,2024,"Blue shrimp_45",0.883116883116883
129,2025,"Blue shrimp_45",0.883116883116883
147,2024,"Blue shrimp_46",0.883116883116883
147,2025,"Blue shrimp_46",0.883116883116883
5,2024,"Blue shrimp_47",0.883116883116883
5,2025,"Blue shrimp_47",0.883116883116883
134,2024,"Blue shrimp_48",0.883116883116883
134,2025,"Blue shrimp_48",0.883116883116883
131,2024,"Blue shrimp_49",0.285714285714286
131,2025,"Blue shrimp_49",0.285714285714286
139,2024,"Blue shrimp_50",0.883116883116883
139,2025,"Blue shrimp_50",0.883116883116883
247,2024,"Blue shrimp_51",0.883116883116883
247,2025,"Blue shrimp_51",0.883116883116883
6,2024,"Blue shrimp_52",0.883116883116883
6,2025,"Blue shrimp_52",0.883116883116883
216,2024,"Blue shrimp_53",0.428571428571429
216,2025,"Blue shrimp_53",0.428571428571429
18,2024,"Blue shrimp_54",0.883116883116883
18,2025,"Blue shrimp_54",0.883116883116883
135,2024,"Blue shrimp_55",0.337662337662338
135,2025,"Blue shrimp_55",0.337662337662338
14,2024,"Blue swimming crab_56",0.818181818181818
14,2025,"Blue swimming crab_56",0.818181818181818
208,2024,"Blue swimming crab_57",0.818181818181818
208,2025,"Blue swimming crab_57",0.818181818181818
16,2024,"Brine shrimp_58",0.766233766233766
16,2025,"Brine shrimp_58",0.766233766233766
191,2024,"Brine shrimps nei_59",0.766233766233766
191,2025,"Brine shrimps nei_59",0.766233766233766
16,2024,"Brown tiger prawn_60",0.883116883116883
16,2025,"Brown tiger prawn_60",0.883116883116883
208,2024,"Brown-marbled grouper_61",0.766233766233766
208,2025,"Brown-marbled grouper_61",0.766233766233766
216,2024,"Brown-marbled grouper_62",0.766233766233766
216,2025,"Brown-marbled grouper_62",0.766233766233766
84,2024,"Caramote prawn_63",0.883116883116883
84,2025,"Caramote prawn_63",0.883116883116883
182,2024,"Caramote prawn_64",0.883116883116883
182,2025,"Caramote prawn_64",0.883116883116883
14,2024,"Clams_65",0.883116883116883
14,2025,"Clams_65",0.883116883116883
62,2024,"Clams_66",0.883116883116883
62,2025,"Clams_66",0.883116883116883
216,2024,"Coarse shrimp_67",0.428571428571429
216,2025,"Coarse shrimp_67",0.428571428571429
14,2024,"Cobia_68",0.883116883116883
14,2025,"Cobia_68",0.883116883116883
182,2024,"Cockles_69",0.883116883116883
182,2025,"Cockles_69",0.883116883116883
182,2024,"Common prawn_70",0.766233766233766
182,2025,"Common prawn_70",0.766233766233766
184,2024,"Common prawn_71",0.766233766233766
184,2025,"Common prawn_71",0.766233766233766
115,2024,"Common snook_72",0.766233766233766
115,2025,"Common snook_72",0.766233766233766
84,2024,"Common sole_73",0.883116883116883
84,2025,"Common sole_73",0.883116883116883
183,2024,"Common sole_74",0.883116883116883
183,2025,"Common sole_74",0.883116883116883
80,2024,"Common sole_75",0.883116883116883
80,2025,"Common sole_75",0.883116883116883
184,2024,"Common two-banded seabream_76",0.571428571428571
184,2025,"Common two-banded seabream_76",0.571428571428571
182,2024,"Corrugated venus_77",0.87012987012987
182,2025,"Corrugated venus_77",0.87012987012987
224,2024,"Corvina drum_78",0.597402597402597
224,2025,"Corvina drum_78",0.597402597402597
208,2024,"Crimson snapper_79",0.766233766233766
208,2025,"Crimson snapper_79",0.766233766233766
216,2024,"Deepwater longtail red snapper_80",0.766233766233766
216,2025,"Deepwater longtail red snapper_80",0.766233766233766
14,2024,"Diphos sanguin_81",0.87012987012987
14,2025,"Diphos sanguin_81",0.87012987012987
16,2024,"Eastern king prawn_82",0.883116883116883
16,2025,"Eastern king prawn_82",0.883116883116883
16,2024,"Eastern school shrimp_83",0.883116883116883
16,2025,"Eastern school shrimp_83",0.883116883116883
184,2024,"European eel_84",0.688311688311688
184,2025,"European eel_84",0.688311688311688
84,2024,"European eel_85",0.688311688311688
84,2025,"European eel_85",0.688311688311688
179,2024,"European eel_86",0.688311688311688
179,2025,"European eel_86",0.688311688311688
62,2024,"European eel_87",0.688311688311688
62,2025,"European eel_87",0.688311688311688
183,2024,"European eel_88",0.688311688311688
183,2025,"European eel_88",0.688311688311688
186,2024,"European eel_89",0.688311688311688
186,2025,"European eel_89",0.688311688311688
80,2024,"European eel_90",0.688311688311688
80,2025,"European eel_90",0.688311688311688
175,2024,"European eel_91",0.688311688311688
175,2025,"European eel_91",0.688311688311688
182,2024,"European eel_92",0.688311688311688
182,2025,"European eel_92",0.688311688311688
75,2024,"European flounder_93",0.883116883116883
75,2025,"European flounder_93",0.883116883116883
184,2024,"European seabass_94",0.571428571428571
184,2025,"European seabass_94",0.571428571428571
61,2024,"European seabass_95",0.883116883116883
61,2025,"European seabass_95",0.883116883116883
179,2024,"European seabass_96",0.571428571428571
179,2025,"European seabass_96",0.571428571428571
80,2024,"European seabass_97",0.571428571428571
80,2025,"European seabass_97",0.571428571428571
214,2024,"European seabass_98",0.0909090909090909
214,2025,"European seabass_98",0.0909090909090909
183,2024,"European seabass_99",0.571428571428571
183,2025,"European seabass_99",0.571428571428571
176,2024,"European seabass_100",0.883116883116883
176,2025,"European seabass_100",0.883116883116883
79,2024,"European seabass_101",0.883116883116883
79,2025,"European seabass_101",0.883116883116883
182,2024,"European seabass_102",0.571428571428571
182,2025,"European seabass_102",0.571428571428571
78,2024,"European seabass_103",0.883116883116883
78,2025,"European seabass_103",0.883116883116883
175,2024,"European whitefish_104",0.883116883116883
175,2025,"European whitefish_104",0.883116883116883
138,2024,"Fine flounder_105",0.766233766233766
138,2025,"Fine flounder_105",0.766233766233766
14,2024,"Flathead grey mullet_106",0.766233766233766
14,2025,"Flathead grey mullet_106",0.766233766233766
184,2024,"Flathead grey mullet_107",0.766233766233766
184,2025,"Flathead grey mullet_107",0.766233766233766
18,2024,"Flathead grey mullet_108",0.766233766233766
18,2025,"Flathead grey mullet_108",0.766233766233766
61,2024,"Flathead grey mullet_109",0.766233766233766
61,2025,"Flathead grey mullet_109",0.766233766233766
80,2024,"Flathead grey mullet_110",0.766233766233766
80,2025,"Flathead grey mullet_110",0.766233766233766
167,2024,"Flathead grey mullet_111",0.766233766233766
167,2025,"Flathead grey mullet_111",0.766233766233766
20,2024,"Fleshy prawn_112",0.883116883116883
20,2025,"Fleshy prawn_112",0.883116883116883
209,2024,"Fleshy prawn_113",0.597402597402597
209,2025,"Fleshy prawn_113",0.597402597402597
25,2024,"Fourfinger threadfin_114",0.766233766233766
25,2025,"Fourfinger threadfin_114",0.766233766233766
14,2024,"Fourfinger threadfin_115",0.766233766233766
14,2025,"Fourfinger threadfin_115",0.766233766233766
216,2024,"Foursaddle grouper_116",0.766233766233766
216,2025,"Foursaddle grouper_116",0.766233766233766
208,2024,"Giant grouper_117",0.766233766233766
208,2025,"Giant grouper_117",0.766233766233766
14,2024,"Giant tiger prawn_118",0.883116883116883
14,2025,"Giant tiger prawn_118",0.883116883116883
207,2024,"Giant tiger prawn_119",0.480519480519481
207,2025,"Giant tiger prawn_119",0.480519480519481
216,2024,"Giant tiger prawn_120",0.402597402597403
216,2025,"Giant tiger prawn_120",0.402597402597403
15,2024,"Giant tiger prawn_121",0.883116883116883
15,2025,"Giant tiger prawn_121",0.883116883116883
203,2024,"Giant tiger prawn_122",0
203,2025,"Giant tiger prawn_122",0
206,2024,"Giant tiger prawn_123",0.493506493506494
206,2025,"Giant tiger prawn_123",0.493506493506494
25,2024,"Giant tiger prawn_124",0.883116883116883
25,2025,"Giant tiger prawn_124",0.883116883116883
40,2024,"Giant tiger prawn_125",0.883116883116883
40,2025,"Giant tiger prawn_125",0.883116883116883
18,2024,"Giant tiger prawn_126",0.883116883116883
18,2025,"Giant tiger prawn_126",0.883116883116883
16,2024,"Giant tiger prawn_127",0.883116883116883
16,2025,"Giant tiger prawn_127",0.883116883116883
50,2024,"Giant tiger prawn_128",0.883116883116883
50,2025,"Giant tiger prawn_128",0.883116883116883
7,2024,"Giant tiger prawn_129",0.883116883116883
7,2025,"Giant tiger prawn_129",0.883116883116883
31,2024,"Giant tiger prawn_130",0.883116883116883
31,2025,"Giant tiger prawn_130",0.883116883116883
37,2024,"Giant tiger prawn_131",0.883116883116883
37,2025,"Giant tiger prawn_131",0.883116883116883
42,2024,"Giant tiger prawn_132",0.883116883116883
42,2025,"Giant tiger prawn_132",0.883116883116883
153,2024,"Giant tiger prawn_133",0.883116883116883
153,2025,"Giant tiger prawn_133",0.883116883116883
184,2024,"Giant tiger prawn_134",0.883116883116883
184,2025,"Giant tiger prawn_134",0.883116883116883
205,2024,"Giant tiger prawn_135",1
205,2025,"Giant tiger prawn_135",1
102,2024,"Giant tiger prawn_136",0.883116883116883
102,2025,"Giant tiger prawn_136",0.883116883116883
247,2024,"Giant tiger prawn_137",0.883116883116883
247,2025,"Giant tiger prawn_137",0.883116883116883
208,2024,"Giant tiger prawn_138",0.883116883116883
208,2025,"Giant tiger prawn_138",0.883116883116883
194,2024,"Giant tiger prawn_139",0.883116883116883
194,2025,"Giant tiger prawn_139",0.883116883116883
41,2024,"Giant tiger prawn_140",0.883116883116883
41,2025,"Giant tiger prawn_140",0.883116883116883
209,2024,"Giant tiger prawn_141",0.883116883116883
209,2025,"Giant tiger prawn_141",0.883116883116883
54,2024,"Giant tiger prawn_142",0.883116883116883
54,2025,"Giant tiger prawn_142",0.883116883116883
202,2024,"Giant tiger prawn_143",0.883116883116883
202,2025,"Giant tiger prawn_143",0.883116883116883
17,2024,"Giant tiger prawn_144",0.883116883116883
17,2025,"Giant tiger prawn_144",0.883116883116883
204,2024,"Giant tiger prawn_145",0.649350649350649
204,2025,"Giant tiger prawn_145",0.649350649350649
106,2024,"Giant tiger prawn_146",0.883116883116883
106,2025,"Giant tiger prawn_146",0.883116883116883
182,2024,"Giant tiger prawn_147",0.883116883116883
182,2025,"Giant tiger prawn_147",0.883116883116883
80,2024,"Giant tiger prawn_148",0.883116883116883
80,2025,"Giant tiger prawn_148",0.883116883116883
184,2024,"Gilthead seabream_149",0.571428571428571
184,2025,"Gilthead seabream_149",0.571428571428571
61,2024,"Gilthead seabream_150",0.883116883116883
61,2025,"Gilthead seabream_150",0.883116883116883
80,2024,"Gilthead seabream_151",0.571428571428571
80,2025,"Gilthead seabream_151",0.571428571428571
214,2024,"Gilthead seabream_152",0.0779220779220779
214,2025,"Gilthead seabream_152",0.0779220779220779
183,2024,"Gilthead seabream_153",0.571428571428571
183,2025,"Gilthead seabream_153",0.571428571428571
79,2024,"Gilthead seabream_154",0.883116883116883
79,2025,"Gilthead seabream_154",0.883116883116883
182,2024,"Gilthead seabream_155",0.571428571428571
182,2025,"Gilthead seabream_155",0.571428571428571
78,2024,"Gilthead seabream_156",0.883116883116883
78,2025,"Gilthead seabream_156",0.883116883116883
75,2024,"Gobies nei_157",0.766233766233766
75,2025,"Gobies nei_157",0.766233766233766
8,2024,"Golden-lined spinefoot_158",0.766233766233766
8,2025,"Golden-lined spinefoot_158",0.766233766233766
206,2024,"Greasy grouper_159",0.766233766233766
206,2025,"Greasy grouper_159",0.766233766233766
14,2024,"Greasyback shrimp_160",0.883116883116883
14,2025,"Greasyback shrimp_160",0.883116883116883
209,2024,"Green mud crab_161",0.818181818181818
209,2025,"Green mud crab_161",0.818181818181818
54,2024,"Green tiger prawn_162",0.883116883116883
54,2025,"Green tiger prawn_162",0.883116883116883
184,2024,"Green tiger prawn_163",0.883116883116883
184,2025,"Green tiger prawn_163",0.883116883116883
48,2024,"Green tiger prawn_164",0.883116883116883
48,2025,"Green tiger prawn_164",0.883116883116883
182,2024,"Grooved carpet shell_165",0.87012987012987
182,2025,"Grooved carpet shell_165",0.87012987012987
184,2024,"Grooved carpet shell_166",0.87012987012987
184,2025,"Grooved carpet shell_166",0.87012987012987
25,2024,"Groupers nei_167",0.766233766233766
25,2025,"Groupers nei_167",0.766233766233766
14,2024,"Groupers nei_168",0.766233766233766
14,2025,"Groupers nei_168",0.766233766233766
216,2024,"Groupers nei_169",0.766233766233766
216,2025,"Groupers nei_169",0.766233766233766
208,2024,"Groupers nei_170",0.766233766233766
208,2025,"Groupers nei_170",0.766233766233766
15,2024,"Groupers, seabasses nei_171",0.766233766233766
15,2025,"Groupers, seabasses nei_171",0.766233766233766
216,2024,"Groupers, seabasses nei_172",0.766233766233766
216,2025,"Groupers, seabasses nei_172",0.766233766233766
115,2024,"Gudgeons, sleepers nei_173",0.766233766233766
115,2025,"Gudgeons, sleepers nei_173",0.766233766233766
208,2024,"Humpback grouper_174",0.766233766233766
208,2025,"Humpback grouper_174",0.766233766233766
216,2024,"Humpback grouper_175",0.766233766233766
216,2025,"Humpback grouper_175",0.766233766233766
207,2024,"Indian white prawn_176",0.493506493506494
207,2025,"Indian white prawn_176",0.493506493506494
203,2024,"Indian white prawn_177",0.0649350649350649
203,2025,"Indian white prawn_177",0.0649350649350649
191,2024,"Indian white prawn_178",0.883116883116883
191,2025,"Indian white prawn_178",0.883116883116883
81,2024,"Indian white prawn_179",0.883116883116883
81,2025,"Indian white prawn_179",0.883116883116883
102,2024,"Indian white prawn_180",0.883116883116883
102,2025,"Indian white prawn_180",0.883116883116883
50,2024,"Indian white prawn_181",0.883116883116883
50,2025,"Indian white prawn_181",0.883116883116883
54,2024,"Indian white prawn_182",0.883116883116883
54,2025,"Indian white prawn_182",0.883116883116883
48,2024,"Indian white prawn_183",0.883116883116883
48,2025,"Indian white prawn_183",0.883116883116883
41,2024,"Indian white prawn_184",0.883116883116883
41,2025,"Indian white prawn_184",0.883116883116883
47,2024,"Indian white prawn_185",0.883116883116883
47,2025,"Indian white prawn_185",0.883116883116883
204,2024,"Indian white prawn_186",0.649350649350649
204,2025,"Indian white prawn_186",0.649350649350649
14,2024,"Indo-Pacific swamp crab_187",0.818181818181818
14,2025,"Indo-Pacific swamp crab_187",0.818181818181818
216,2024,"Indo-Pacific swamp crab_188",0.818181818181818
216,2025,"Indo-Pacific swamp crab_188",0.818181818181818
15,2024,"Indo-Pacific swamp crab_189",0.818181818181818
15,2025,"Indo-Pacific swamp crab_189",0.818181818181818
25,2024,"Indo-Pacific swamp crab_190",0.818181818181818
25,2025,"Indo-Pacific swamp crab_190",0.818181818181818
206,2024,"Indo-Pacific swamp crab_191",0.818181818181818
206,2025,"Indo-Pacific swamp crab_191",0.818181818181818
37,2024,"Indo-Pacific swamp crab_192",0.818181818181818
37,2025,"Indo-Pacific swamp crab_192",0.818181818181818
16,2024,"Indo-Pacific swamp crab_193",0.818181818181818
16,2025,"Indo-Pacific swamp crab_193",0.818181818181818
40,2024,"Indo-Pacific swamp crab_194",0.818181818181818
40,2025,"Indo-Pacific swamp crab_194",0.818181818181818
247,2024,"Indo-Pacific swamp crab_195",0.818181818181818
247,2025,"Indo-Pacific swamp crab_195",0.818181818181818
202,2024,"Indo-Pacific swamp crab_196",0.818181818181818
202,2025,"Indo-Pacific swamp crab_196",0.818181818181818
42,2024,"Indo-Pacific swamp crab_197",0.818181818181818
42,2025,"Indo-Pacific swamp crab_197",0.818181818181818
24,2024,"Indo-Pacific swamp crab_198",0.818181818181818
24,2025,"Indo-Pacific swamp crab_198",0.818181818181818
17,2024,"Indo-Pacific swamp crab_199",0.818181818181818
17,2025,"Indo-Pacific swamp crab_199",0.818181818181818
207,2024,"Indo-Pacific swamp crab_200",0.818181818181818
207,2025,"Indo-Pacific swamp crab_200",0.818181818181818
18,2024,"Indo-Pacific swamp crab_201",0.818181818181818
18,2025,"Indo-Pacific swamp crab_201",0.818181818181818
43,2024,"Indo-Pacific swamp crab_202",0.818181818181818
43,2025,"Indo-Pacific swamp crab_202",0.818181818181818
208,2024,"Indo-Pacific swamp crab_203",0.818181818181818
208,2025,"Indo-Pacific swamp crab_203",0.818181818181818
231,2024,"Indo-Pacific swamp crab_204",0.818181818181818
231,2025,"Indo-Pacific swamp crab_204",0.818181818181818
184,2024,"Japanese carpet shell_205",0.87012987012987
184,2025,"Japanese carpet shell_205",0.87012987012987
14,2024,"Japanese carpet shell_206",0.87012987012987
14,2025,"Japanese carpet shell_206",0.87012987012987
182,2024,"Japanese carpet shell_207",0.87012987012987
182,2025,"Japanese carpet shell_207",0.87012987012987
14,2024,"Japanese eel_208",0.0909090909090909
14,2025,"Japanese eel_208",0.0909090909090909
102,2024,"Japanese meagre_209",0.597402597402597
102,2025,"Japanese meagre_209",0.597402597402597
209,2024,"Japanese seabass_210",0.766233766233766
209,2025,"Japanese seabass_210",0.766233766233766
14,2024,"Japanese seabass_211",0.766233766233766
14,2025,"Japanese seabass_211",0.766233766233766
14,2024,"Japanese spiny lobster_212",0.818181818181818
14,2025,"Japanese spiny lobster_212",0.818181818181818
208,2024,"John's snapper_213",0.766233766233766
208,2025,"John's snapper_213",0.766233766233766
210,2024,"Kuruma prawn_214",0.805194805194805
210,2025,"Kuruma prawn_214",0.805194805194805
14,2024,"Kuruma prawn_215",0.883116883116883
14,2025,"Kuruma prawn_215",0.883116883116883
20,2024,"Kuruma prawn_216",0.883116883116883
20,2025,"Kuruma prawn_216",0.883116883116883
179,2024,"Kuruma prawn_217",0.883116883116883
179,2025,"Kuruma prawn_217",0.883116883116883
182,2024,"Kuruma prawn_218",0.883116883116883
182,2025,"Kuruma prawn_218",0.883116883116883
16,2024,"Kuruma prawn_219",0.883116883116883
16,2025,"Kuruma prawn_219",0.883116883116883
183,2024,"Kuruma prawn_220",0.883116883116883
183,2025,"Kuruma prawn_220",0.883116883116883
184,2024,"Kuruma prawn_221",0.883116883116883
184,2025,"Kuruma prawn_221",0.883116883116883
80,2024,"Kuruma prawn_222",0.883116883116883
80,2025,"Kuruma prawn_222",0.883116883116883
102,2024,"Kuruma prawn_223",0.883116883116883
102,2025,"Kuruma prawn_223",0.883116883116883
82,2024,"Kuruma prawn_224",0.883116883116883
82,2025,"Kuruma prawn_224",0.883116883116883
209,2024,"Kuruma prawn_225",0.597402597402597
209,2025,"Kuruma prawn_225",0.597402597402597
167,2024,"Lebranche mullet_226",0.766233766233766
167,2025,"Lebranche mullet_226",0.766233766233766
209,2024,"Lefteye flounders nei_227",0.766233766233766
209,2025,"Lefteye flounders nei_227",0.766233766233766
216,2024,"Longfin trevally_228",0.883116883116883
216,2025,"Longfin trevally_228",0.883116883116883
216,2024,"Longspine grouper_229",0.766233766233766
216,2025,"Longspine grouper_229",0.766233766233766
208,2024,"Malabar grouper_230",0.766233766233766
208,2025,"Malabar grouper_230",0.766233766233766
208,2024,"Mangrove red snapper_231",0.766233766233766
208,2025,"Mangrove red snapper_231",0.766233766233766
216,2024,"Mangrove red snapper_232",0.766233766233766
216,2025,"Mangrove red snapper_232",0.766233766233766
14,2024,"Marine crabs nei_233",0.818181818181818
14,2025,"Marine crabs nei_233",0.818181818181818
209,2024,"Marine crabs nei_234",0.818181818181818
209,2025,"Marine crabs nei_234",0.818181818181818
20,2024,"Marine crustaceans nei_235",0.818181818181818
20,2025,"Marine crustaceans nei_235",0.818181818181818
14,2024,"Marine fishes nei_236",0.766233766233766
14,2025,"Marine fishes nei_236",0.766233766233766
204,2024,"Marine fishes nei_237",0.766233766233766
204,2025,"Marine fishes nei_237",0.766233766233766
32,2024,"Marine fishes nei_238",0.766233766233766
32,2025,"Marine fishes nei_238",0.766233766233766
134,2024,"Marine fishes nei_239",0.766233766233766
134,2025,"Marine fishes nei_239",0.766233766233766
214,2024,"Marine fishes nei_240",0.766233766233766
214,2025,"Marine fishes nei_240",0.766233766233766
203,2024,"Marine fishes nei_241",0.766233766233766
203,2025,"Marine fishes nei_241",0.766233766233766
25,2024,"Marine fishes nei_242",0.766233766233766
25,2025,"Marine fishes nei_242",0.766233766233766
15,2024,"Marine fishes nei_243",0.766233766233766
15,2025,"Marine fishes nei_243",0.766233766233766
79,2024,"Marine fishes nei_244",0.766233766233766
79,2025,"Marine fishes nei_244",0.766233766233766
80,2024,"Marine fishes nei_245",0.766233766233766
80,2025,"Marine fishes nei_245",0.766233766233766
207,2024,"Marine fishes nei_246",0.766233766233766
207,2025,"Marine fishes nei_246",0.766233766233766
180,2024,"Marine fishes nei_247",0.766233766233766
180,2025,"Marine fishes nei_247",0.766233766233766
45,2024,"Marine fishes nei_248",0.766233766233766
45,2025,"Marine fishes nei_248",0.766233766233766
14,2024,"Marine molluscs nei_249",0.909090909090909
14,2025,"Marine molluscs nei_249",0.909090909090909
24,2024,"Marine molluscs nei_250",0.909090909090909
24,2025,"Marine molluscs nei_250",0.909090909090909
216,2024,"Masked grouper_251",0.766233766233766
216,2025,"Masked grouper_251",0.766233766233766
184,2024,"Meagre_252",0.558441558441558
184,2025,"Meagre_252",0.558441558441558
182,2024,"Meagre_253",0.558441558441558
182,2025,"Meagre_253",0.558441558441558
214,2024,"Meagre_254",0.038961038961039
214,2025,"Meagre_254",0.038961038961039
80,2024,"Mediterranean shore crab_255",0.818181818181818
80,2025,"Mediterranean shore crab_255",0.818181818181818
216,2024,"Metapenaeus shrimps nei_256",0.428571428571429
216,2025,"Metapenaeus shrimps nei_256",0.428571428571429
15,2024,"Metapenaeus shrimps nei_257",0.883116883116883
15,2025,"Metapenaeus shrimps nei_257",0.883116883116883
25,2024,"Metapenaeus shrimps nei_258",0.74025974025974
25,2025,"Metapenaeus shrimps nei_258",0.74025974025974
207,2024,"Metapenaeus shrimps nei_259",0.493506493506494
207,2025,"Metapenaeus shrimps nei_259",0.493506493506494
14,2024,"Milkfish_260",0.766233766233766
14,2025,"Milkfish_260",0.766233766233766
15,2024,"Milkfish_261",0.766233766233766
15,2025,"Milkfish_261",0.766233766233766
216,2024,"Milkfish_262",0.766233766233766
216,2025,"Milkfish_262",0.766233766233766
9,2024,"Milkfish_263",0.766233766233766
9,2025,"Milkfish_263",0.766233766233766
212,2024,"Milkfish_264",0.766233766233766
212,2025,"Milkfish_264",0.766233766233766
153,2024,"Milkfish_265",0.766233766233766
153,2025,"Milkfish_265",0.766233766233766
155,2024,"Milkfish_266",0.766233766233766
155,2025,"Milkfish_266",0.766233766233766
10,2024,"Milkfish_267",0.766233766233766
10,2025,"Milkfish_267",0.766233766233766
13,2024,"Milkfish_268",0.766233766233766
13,2025,"Milkfish_268",0.766233766233766
202,2024,"Milkfish_269",0.766233766233766
202,2025,"Milkfish_269",0.766233766233766
231,2024,"Milkfish_270",0.766233766233766
231,2025,"Milkfish_270",0.766233766233766
8,2024,"Milkfish_271",0.766233766233766
8,2025,"Milkfish_271",0.766233766233766
40,2024,"Milkfish_272",0.766233766233766
40,2025,"Milkfish_272",0.766233766233766
17,2024,"Milkfish_273",0.766233766233766
17,2025,"Milkfish_273",0.766233766233766
43,2024,"Milkfish_274",0.766233766233766
43,2025,"Milkfish_274",0.766233766233766
206,2024,"Milkfish_275",0.766233766233766
206,2025,"Milkfish_275",0.766233766233766
7,2024,"Milkfish_276",0.766233766233766
7,2025,"Milkfish_276",0.766233766233766
8,2024,"Mottled spinefoot_277",0.766233766233766
8,2025,"Mottled spinefoot_277",0.766233766233766
208,2024,"Mud spiny lobster_278",0.818181818181818
208,2025,"Mud spiny lobster_278",0.818181818181818
216,2024,"Mullets nei_279",0.766233766233766
216,2025,"Mullets nei_279",0.766233766233766
196,2024,"Mullets nei_280",0.766233766233766
196,2025,"Mullets nei_280",0.766233766233766
183,2024,"Mullets nei_281",0.766233766233766
183,2025,"Mullets nei_281",0.766233766233766
84,2024,"Mullets nei_282",0.766233766233766
84,2025,"Mullets nei_282",0.766233766233766
214,2024,"Mullets nei_283",0.766233766233766
214,2025,"Mullets nei_283",0.766233766233766
13,2024,"Mullets nei_284",0.766233766233766
13,2025,"Mullets nei_284",0.766233766233766
75,2024,"Mullets nei_285",0.766233766233766
75,2025,"Mullets nei_285",0.766233766233766
115,2024,"Mullets nei_286",0.766233766233766
115,2025,"Mullets nei_286",0.766233766233766
182,2024,"Mullets nei_287",0.766233766233766
182,2025,"Mullets nei_287",0.766233766233766
65,2024,"Mullets nei_288",0.766233766233766
65,2025,"Mullets nei_288",0.766233766233766
184,2024,"Mullets nei_289",0.766233766233766
184,2025,"Mullets nei_289",0.766233766233766
184,2024,"Mussels_290",0.87012987012987
184,2025,"Mussels_290",0.87012987012987
61,2024,"Mussels_291",0.87012987012987
61,2025,"Mussels_291",0.87012987012987
136,2024,"Mussels_292",0.87012987012987
136,2025,"Mussels_292",0.87012987012987
14,2024,"Natantian decapods nei_293",0.818181818181818
14,2025,"Natantian decapods nei_293",0.818181818181818
130,2024,"Natantian decapods nei_294",0.818181818181818
130,2025,"Natantian decapods nei_294",0.818181818181818
76,2024,"Natantian decapods nei_295",0.818181818181818
76,2025,"Natantian decapods nei_295",0.818181818181818
135,2024,"Northern brown shrimp_296",0.337662337662338
135,2025,"Northern brown shrimp_296",0.337662337662338
216,2024,"Northern velvet shrimp_297",0.428571428571429
216,2025,"Northern velvet shrimp_297",0.428571428571429
163,2024,"Northern white shrimp_298",0.909090909090909
163,2025,"Northern white shrimp_298",0.909090909090909
135,2024,"Northern white shrimp_299",0.337662337662338
135,2025,"Northern white shrimp_299",0.337662337662338
205,2024,"Orange mud crab_300",0.818181818181818
205,2025,"Orange mud crab_300",0.818181818181818
203,2024,"Orange mud crab_301",0.818181818181818
203,2025,"Orange mud crab_301",0.818181818181818
204,2024,"Orange mud crab_302",0.818181818181818
204,2025,"Orange mud crab_302",0.818181818181818
216,2024,"Orange mud crab_303",0.818181818181818
216,2025,"Orange mud crab_303",0.818181818181818
54,2024,"Orange-spotted grouper_304",0.766233766233766
54,2025,"Orange-spotted grouper_304",0.766233766233766
208,2024,"Orange-spotted grouper_305",0.766233766233766
208,2025,"Orange-spotted grouper_305",0.766233766233766
66,2024,"Oysters_306",0.87012987012987
66,2025,"Oysters_306",0.87012987012987
184,2024,"Oysters_307",0.87012987012987
184,2025,"Oysters_307",0.87012987012987
61,2024,"Oysters_308",0.87012987012987
61,2025,"Oysters_308",0.87012987012987
16,2024,"Oysters_309",0.87012987012987
16,2025,"Oysters_309",0.87012987012987
183,2024,"Oysters_310",0.87012987012987
183,2025,"Oysters_310",0.87012987012987
17,2024,"Oysters_311",0.87012987012987
17,2025,"Oysters_311",0.87012987012987
135,2024,"Oysters_312",0.87012987012987
135,2025,"Oysters_312",0.87012987012987
182,2024,"Oysters_313",0.87012987012987
182,2025,"Oysters_313",0.87012987012987
40,2024,"Oysters_314",0.87012987012987
40,2025,"Oysters_314",0.87012987012987
182,2024,"Palaemonid shrimps nei_315",0.766233766233766
182,2025,"Palaemonid shrimps nei_315",0.766233766233766
25,2024,"Penaeus shrimps nei_316",0.74025974025974
25,2025,"Penaeus shrimps nei_316",0.74025974025974
204,2024,"Penaeus shrimps nei_317",0.649350649350649
204,2025,"Penaeus shrimps nei_317",0.649350649350649
209,2024,"Penaeus shrimps nei_318",0.597402597402597
209,2025,"Penaeus shrimps nei_318",0.597402597402597
43,2024,"Penaeus shrimps nei_319",0.883116883116883
43,2025,"Penaeus shrimps nei_319",0.883116883116883
115,2024,"Penaeus shrimps nei_320",0.883116883116883
115,2025,"Penaeus shrimps nei_320",0.883116883116883
136,2024,"Penaeus shrimps nei_321",0.883116883116883
136,2025,"Penaeus shrimps nei_321",0.883116883116883
167,2024,"Penaeus shrimps nei_322",0.883116883116883
167,2025,"Penaeus shrimps nei_322",0.883116883116883
53,2024,"Penaeus shrimps nei_323",0.480519480519481
53,2025,"Penaeus shrimps nei_323",0.480519480519481
62,2024,"Penaeus shrimps nei_324",0.883116883116883
62,2025,"Penaeus shrimps nei_324",0.883116883116883
173,2024,"Penaeus shrimps nei_325",0.805194805194805
173,2025,"Penaeus shrimps nei_325",0.805194805194805
24,2024,"Penaeus shrimps nei_326",0.714285714285714
24,2025,"Penaeus shrimps nei_326",0.714285714285714
116,2024,"Penaeus shrimps nei_327",0.675324675324675
116,2025,"Penaeus shrimps nei_327",0.675324675324675
15,2024,"Penaeus shrimps nei_328",0.883116883116883
15,2025,"Penaeus shrimps nei_328",0.883116883116883
45,2024,"Penaeus shrimps nei_329",0.883116883116883
45,2025,"Penaeus shrimps nei_329",0.883116883116883
214,2024,"Penaeus shrimps nei_330",0.883116883116883
214,2025,"Penaeus shrimps nei_330",0.883116883116883
16,2024,"Penaeus shrimps nei_331",0.883116883116883
16,2025,"Penaeus shrimps nei_331",0.883116883116883
231,2024,"Penaeus shrimps nei_332",0.883116883116883
231,2025,"Penaeus shrimps nei_332",0.883116883116883
208,2024,"Penaeus shrimps nei_333",0.883116883116883
208,2025,"Penaeus shrimps nei_333",0.883116883116883
8,2024,"Penaeus shrimps nei_334",0.766233766233766
8,2025,"Penaeus shrimps nei_334",0.766233766233766
84,2024,"Penaeus shrimps nei_335",0.883116883116883
84,2025,"Penaeus shrimps nei_335",0.883116883116883
196,2024,"Penaeus shrimps nei_336",0.883116883116883
196,2025,"Penaeus shrimps nei_336",0.883116883116883
205,2024,"Penaeus shrimps nei_337",1
205,2025,"Penaeus shrimps nei_337",1
182,2024,"Pod razor shell_338",0.87012987012987
182,2025,"Pod razor shell_338",0.87012987012987
14,2024,"Porgies, seabreams nei_339",0.701298701298701
14,2025,"Porgies, seabreams nei_339",0.701298701298701
184,2024,"Porgies, seabreams nei_340",0.571428571428571
184,2025,"Porgies, seabreams nei_340",0.571428571428571
216,2024,"Portunus swimcrabs nei_341",0.818181818181818
216,2025,"Portunus swimcrabs nei_341",0.818181818181818
209,2024,"Portunus swimcrabs nei_342",0.818181818181818
209,2025,"Portunus swimcrabs nei_342",0.818181818181818
25,2024,"Portunus swimcrabs nei_343",0.818181818181818
25,2025,"Portunus swimcrabs nei_343",0.818181818181818
176,2024,"Rainbow trout_344",0.883116883116883
176,2025,"Rainbow trout_344",0.883116883116883
143,2024,"Rainbow trout_345",0.883116883116883
143,2025,"Rainbow trout_345",0.883116883116883
180,2024,"Rainbow trout_346",0.883116883116883
180,2025,"Rainbow trout_346",0.883116883116883
175,2024,"Rainbow trout_347",0.883116883116883
175,2025,"Rainbow trout_347",0.883116883116883
191,2024,"Rainbow trout_348",0.883116883116883
191,2025,"Rainbow trout_348",0.883116883116883
79,2024,"Red drum_349",0.61038961038961
79,2025,"Red drum_349",0.61038961038961
163,2024,"Red drum_350",0.87012987012987
163,2025,"Red drum_350",0.87012987012987
184,2024,"Red drum_351",0.558441558441558
184,2025,"Red drum_351",0.558441558441558
14,2024,"Red seabream_352",0.701298701298701
14,2025,"Red seabream_352",0.701298701298701
14,2024,"Redtail prawn_353",0.883116883116883
14,2025,"Redtail prawn_353",0.883116883116883
209,2024,"Righteye flounders nei_354",0.883116883116883
209,2025,"Righteye flounders nei_354",0.883116883116883
20,2024,"Righteye flounders nei_355",0.883116883116883
20,2025,"Righteye flounders nei_355",0.883116883116883
15,2024,"Scats_356",0.766233766233766
15,2025,"Scats_356",0.766233766233766
175,2024,"Sea trout_357",0.597402597402597
175,2025,"Sea trout_357",0.597402597402597
183,2024,"Seabasses nei_358",0.766233766233766
183,2025,"Seabasses nei_358",0.766233766233766
14,2024,"Seaweed_359",0.87012987012987
14,2025,"Seaweed_359",0.87012987012987
184,2024,"Seaweed_360",0.87012987012987
184,2025,"Seaweed_360",0.87012987012987
155,2024,"Seaweed_361",0.87012987012987
155,2025,"Seaweed_361",0.87012987012987
216,2024,"Seaweed_362",0.87012987012987
216,2025,"Seaweed_362",0.87012987012987
102,2024,"Seaweed_363",0.87012987012987
102,2025,"Seaweed_363",0.87012987012987
163,2024,"Seaweed_364",0.87012987012987
163,2025,"Seaweed_364",0.87012987012987
40,2024,"Seaweed_365",0.87012987012987
40,2025,"Seaweed_365",0.87012987012987
183,2024,"Seaweed_366",0.87012987012987
183,2025,"Seaweed_366",0.87012987012987
182,2024,"Seaweed_367",0.87012987012987
182,2025,"Seaweed_367",0.87012987012987
207,2024,"Seaweed_368",0.87012987012987
207,2025,"Seaweed_368",0.87012987012987
182,2024,"Senegalese sole_369",0.883116883116883
182,2025,"Senegalese sole_369",0.883116883116883
143,2024,"Senegalese sole_370",0.883116883116883
143,2025,"Senegalese sole_370",0.883116883116883
183,2024,"Senegalese sole_371",0.883116883116883
183,2025,"Senegalese sole_371",0.883116883116883
80,2024,"Sharpsnout seabream_372",0.571428571428571
80,2025,"Sharpsnout seabream_372",0.571428571428571
206,2024,"Snappers nei_373",0.766233766233766
206,2025,"Snappers nei_373",0.766233766233766
208,2024,"Snappers nei_374",0.766233766233766
208,2025,"Snappers nei_374",0.766233766233766
216,2024,"Snappers nei_375",0.766233766233766
216,2025,"Snappers nei_375",0.766233766233766
14,2024,"Snappers, jobfishes nei_376",0.766233766233766
14,2025,"Snappers, jobfishes nei_376",0.766233766233766
208,2024,"Snubnose pompano_377",0.883116883116883
208,2025,"Snubnose pompano_377",0.883116883116883
75,2024,"So-iny (redlip) mullet_378",0.766233766233766
75,2025,"So-iny (redlip) mullet_378",0.766233766233766
182,2024,"Soles nei_379",0.766233766233766
182,2025,"Soles nei_379",0.766233766233766
167,2024,"Southern brown shrimp_380",0.883116883116883
167,2025,"Southern brown shrimp_380",0.883116883116883
194,2024,"Southern pink shrimp_381",0.883116883116883
194,2025,"Southern pink shrimp_381",0.883116883116883
112,2024,"Southern white shrimp_382",0.883116883116883
112,2025,"Southern white shrimp_382",0.883116883116883
167,2024,"Southern white shrimp_383",0.883116883116883
167,2025,"Southern white shrimp_383",0.883116883116883
204,2024,"Speckled shrimp_384",0.649350649350649
204,2025,"Speckled shrimp_384",0.649350649350649
18,2024,"Spinefeet(=Rabbitfishes) nei_385",0.766233766233766
18,2025,"Spinefeet(=Rabbitfishes) nei_385",0.766233766233766
15,2024,"Spinefeet(=Rabbitfishes) nei_386",0.766233766233766
15,2025,"Spinefeet(=Rabbitfishes) nei_386",0.766233766233766
8,2024,"Spinefeet(=Rabbitfishes) nei_387",0.766233766233766
8,2025,"Spinefeet(=Rabbitfishes) nei_387",0.766233766233766
208,2024,"Spotted coralgrouper_388",0.766233766233766
208,2025,"Spotted coralgrouper_388",0.766233766233766
182,2024,"Spotted seabass_389",0.766233766233766
182,2025,"Spotted seabass_389",0.766233766233766
25,2024,"Squaretail mullet_390",0.766233766233766
25,2025,"Squaretail mullet_390",0.766233766233766
132,2024,"Tarpon_391",0.766233766233766
132,2025,"Tarpon_391",0.766233766233766
61,2024,"Thinlip grey mullet_392",0.766233766233766
61,2025,"Thinlip grey mullet_392",0.766233766233766
21,2024,"Tiger pufferfish_393",0.766233766233766
21,2025,"Tiger pufferfish_393",0.766233766233766
206,2024,"Tropical spiny lobsters nei_394",0.818181818181818
206,2025,"Tropical spiny lobsters nei_394",0.818181818181818
40,2024,"Tropical spiny lobsters nei_395",0.818181818181818
40,2025,"Tropical spiny lobsters nei_395",0.818181818181818
182,2024,"Turbot_396",0.883116883116883
182,2025,"Turbot_396",0.883116883116883
224,2024,"Turbot_397",0.883116883116883
224,2025,"Turbot_397",0.883116883116883
177,2024,"Turbot_398",0.883116883116883
177,2025,"Turbot_398",0.883116883116883
183,2024,"Turbot_399",0.883116883116883
183,2025,"Turbot_399",0.883116883116883
209,2024,"Turbot_400",0.883116883116883
209,2025,"Turbot_400",0.883116883116883
227,2024,"Turbot_401",0.883116883116883
227,2025,"Turbot_401",0.883116883116883
14,2024,"Two-spot red snapper_402",0.766233766233766
14,2025,"Two-spot red snapper_402",0.766233766233766
14,2024,"Waigieu seaperch_403",0.883116883116883
14,2025,"Waigieu seaperch_403",0.883116883116883
216,2024,"Whiskered velvet shrimp_404",0.428571428571429
216,2025,"Whiskered velvet shrimp_404",0.428571428571429
80,2024,"White seabream_405",0.571428571428571
80,2025,"White seabream_405",0.571428571428571
182,2024,"White seabream_406",0.571428571428571
182,2025,"White seabream_406",0.571428571428571
184,2024,"White seabream_407",0.571428571428571
184,2025,"White seabream_407",0.571428571428571
183,2024,"White seabream_408",0.571428571428571
183,2025,"White seabream_408",0.571428571428571
190,2024,"White-spotted spinefoot_409",0.766233766233766
190,2025,"White-spotted spinefoot_409",0.766233766233766
137,2024,"Whiteleg shrimp_410",0.51948051948052
137,2025,"Whiteleg shrimp_410",0.51948051948052
129,2024,"Whiteleg shrimp_411",0.883116883116883
129,2025,"Whiteleg shrimp_411",0.883116883116883
133,2024,"Whiteleg shrimp_412",0.649350649350649
133,2025,"Whiteleg shrimp_412",0.649350649350649
138,2024,"Whiteleg shrimp_413",0.883116883116883
138,2025,"Whiteleg shrimp_413",0.883116883116883
171,2024,"Whiteleg shrimp_414",0.883116883116883
171,2025,"Whiteleg shrimp_414",0.883116883116883
132,2024,"Whiteleg shrimp_415",0.883116883116883
132,2025,"Whiteleg shrimp_415",0.883116883116883
131,2024,"Whiteleg shrimp_416",0.285714285714286
131,2025,"Whiteleg shrimp_416",0.285714285714286
110,2024,"Whiteleg shrimp_417",0.883116883116883
110,2025,"Whiteleg shrimp_417",0.883116883116883
163,2024,"Whiteleg shrimp_418",0.909090909090909
163,2025,"Whiteleg shrimp_418",0.909090909090909
164,2024,"Whiteleg shrimp_419",0.883116883116883
164,2025,"Whiteleg shrimp_419",0.883116883116883
135,2024,"Whiteleg shrimp_420",0.337662337662338
135,2025,"Whiteleg shrimp_420",0.337662337662338
130,2024,"Whiteleg shrimp_421",0.883116883116883
130,2025,"Whiteleg shrimp_421",0.883116883116883
139,2024,"Whiteleg shrimp_422",0.883116883116883
139,2025,"Whiteleg shrimp_422",0.883116883116883
134,2024,"Whiteleg shrimp_423",0.883116883116883
134,2025,"Whiteleg shrimp_423",0.883116883116883
168,2024,"Whiteleg shrimp_424",0.883116883116883
168,2025,"Whiteleg shrimp_424",0.883116883116883
194,2024,"Whiteleg shrimp_425",0.883116883116883
194,2025,"Whiteleg shrimp_425",0.883116883116883
14,2024,"Whiteleg shrimp_426",0.883116883116883
14,2025,"Whiteleg shrimp_426",0.883116883116883
209,2024,"Whiteleg shrimp_427",0.337662337662338
209,2025,"Whiteleg shrimp_427",0.337662337662338
25,2024,"Whiteleg shrimp_428",0.454545454545455
25,2025,"Whiteleg shrimp_428",0.454545454545455
166,2024,"Whiteleg shrimp_429",0.883116883116883
166,2025,"Whiteleg shrimp_429",0.883116883116883
207,2024,"Whiteleg shrimp_430",0.506493506493507
207,2025,"Whiteleg shrimp_430",0.506493506493507
13,2024,"Whiteleg shrimp_431",0.883116883116883
13,2025,"Whiteleg shrimp_431",0.883116883116883
78,2024,"Whiteleg shrimp_432",0.883116883116883
78,2025,"Whiteleg shrimp_432",0.883116883116883
136,2024,"Whiteleg shrimp_433",0.883116883116883
136,2025,"Whiteleg shrimp_433",0.883116883116883
112,2024,"Whiteleg shrimp_434",0.883116883116883
112,2025,"Whiteleg shrimp_434",0.883116883116883
216,2024,"Whiteleg shrimp_435",0.493506493506494
216,2025,"Whiteleg shrimp_435",0.493506493506494
208,2024,"Whiteleg shrimp_436",0.883116883116883
208,2025,"Whiteleg shrimp_436",0.883116883116883
20,2024,"Whiteleg shrimp_437",0.883116883116883
20,2025,"Whiteleg shrimp_437",0.883116883116883
15,2024,"Whiteleg shrimp_438",0.883116883116883
15,2025,"Whiteleg shrimp_438",0.883116883116883
102,2024,"Whiteleg shrimp_439",0.883116883116883
102,2025,"Whiteleg shrimp_439",0.883116883116883
191,2024,"Whiteleg shrimp_440",0.883116883116883
191,2025,"Whiteleg shrimp_440",0.883116883116883
203,2024,"Whiteleg shrimp_441",0.311688311688312
203,2025,"Whiteleg shrimp_441",0.311688311688312
206,2024,"Whiteleg shrimp_442",0.506493506493507
206,2025,"Whiteleg shrimp_442",0.506493506493507
6,2024,"Whiteleg shrimp_443",0.883116883116883
6,2025,"Whiteleg shrimp_443",0.883116883116883
115,2024,"Whiteleg shrimp_444",0.883116883116883
115,2025,"Whiteleg shrimp_444",0.883116883116883
50,2024,"Whiteleg shrimp_445",0.883116883116883
50,2025,"Whiteleg shrimp_445",0.883116883116883
182,2024,"Whiteleg shrimp_446",0.883116883116883
182,2025,"Whiteleg shrimp_446",0.883116883116883
61,2024,"Whiteleg shrimp_447",0.883116883116883
61,2025,"Whiteleg shrimp_447",0.883116883116883
214,2024,"Whiteleg shrimp_448",0.883116883116883
214,2025,"Whiteleg shrimp_448",0.883116883116883
231,2024,"Whiteleg shrimp_449",0.883116883116883
231,2025,"Whiteleg shrimp_449",0.883116883116883
56,2024,"Whiteleg shrimp_450",0.883116883116883
56,2025,"Whiteleg shrimp_450",0.883116883116883
40,2024,"Whiteleg shrimp_451",0.883116883116883
40,2025,"Whiteleg shrimp_451",0.883116883116883
190,2024,"Whiteleg shrimp_452",0.883116883116883
190,2025,"Whiteleg shrimp_452",0.883116883116883
247,2024,"Whiteleg shrimp_453",0.883116883116883
247,2025,"Whiteleg shrimp_453",0.883116883116883
205,2024,"Whiteleg shrimp_454",0.883116883116883
205,2025,"Whiteleg shrimp_454",0.883116883116883
48,2024,"Whiteleg shrimp_455",0.883116883116883
48,2025,"Whiteleg shrimp_455",0.883116883116883
54,2024,"Whiteleg shrimp_456",0.883116883116883
54,2025,"Whiteleg shrimp_456",0.883116883116883
80,2024,"Whiteleg shrimp_457",0.883116883116883
80,2025,"Whiteleg shrimp_457",0.883116883116883
31,2024,"Whiteleg shrimp_458",0.883116883116883
31,2025,"Whiteleg shrimp_458",0.883116883116883
167,2024,"Whiteleg shrimp_459",0.883116883116883
167,2025,"Whiteleg shrimp_459",0.883116883116883
167,2024,"Whitemouth croaker_460",0.597402597402597
167,2025,"Whitemouth croaker_460",0.597402597402597
224,2024,"Yellowtail amberjack_461",0.883116883116883
224,2025,"Yellowtail amberjack_461",0.883116883116883
177,2024,"Yellowtail amberjack_462",0.883116883116883
177,2025,"Yellowtail amberjack_462",0.883116883116883
54,2024,"Yellowtail amberjack_463",0.883116883116883
54,2025,"Yellowtail amberjack_463",0.883116883116883
175,2024,"Yellowtail amberjack_464",0.883116883116883
175,2025,"Yellowtail amberjack_464",0.883116883116883
184,2024,"[Mugil spp]_465",0.766233766233766
184,2025,"[Mugil spp]_465",0.766233766233766
209,2024,"[Rhopilema esculentum]_466",0.818181818181818
209,2025,"[Rhopilema esculentum]_466",0.818181818181818
25,2024,"[Scylla spp]_467",0.909090909090909
25,2025,"[Scylla spp]_467",0.909090909090909
20,2024,"Abalones_468",0.909090909090909
20,2025,"Abalones_468",0.909090909090909
14,2024,"Abalones_469",0.909090909090909
14,2025,"Abalones_469",0.909090909090909
228,2024,"Abalones_470",0.909090909090909
228,2025,"Abalones_470",0.909090909090909
16,2024,"Abalones_471",0.909090909090909
16,2025,"Abalones_471",0.909090909090909
102,2024,"Abalones_472",0.909090909090909
102,2025,"Abalones_472",0.909090909090909
135,2024,"Abalones_473",0.909090909090909
135,2025,"Abalones_473",0.909090909090909
224,2024,"Abalones_474",0.909090909090909
224,2025,"Abalones_474",0.909090909090909
143,2024,"Abalones_475",0.909090909090909
143,2025,"Abalones_475",0.909090909090909
138,2024,"Abalones_476",0.909090909090909
138,2025,"Abalones_476",0.909090909090909
162,2024,"Abalones_477",0.909090909090909
162,2025,"Abalones_477",0.909090909090909
209,2024,"Abalones_478",0.909090909090909
209,2025,"Abalones_478",0.909090909090909
101,2024,"Abalones_479",0.909090909090909
101,2025,"Abalones_479",0.909090909090909
181,2024,"Abalones_480",0.909090909090909
181,2025,"Abalones_480",0.909090909090909
179,2024,"Abalones_481",0.909090909090909
179,2025,"Abalones_481",0.909090909090909
182,2024,"Abalones_482",0.909090909090909
182,2025,"Abalones_482",0.909090909090909
206,2024,"Abalones_483",0.909090909090909
206,2025,"Abalones_483",0.909090909090909
14,2024,"Amberjacks nei_484",0.883116883116883
14,2025,"Amberjacks nei_484",0.883116883116883
209,2024,"Amberjacks nei_485",0.883116883116883
209,2025,"Amberjacks nei_485",0.883116883116883
20,2024,"Amberjacks nei_486",0.441558441558442
20,2025,"Amberjacks nei_486",0.441558441558442
209,2024,"Aquatic invertebrates nei_487",0.818181818181818
209,2025,"Aquatic invertebrates nei_487",0.818181818181818
20,2024,"Aquatic invertebrates nei_488",0.818181818181818
20,2025,"Aquatic invertebrates nei_488",0.818181818181818
210,2024,"Aquatic invertebrates nei_489",0.818181818181818
210,2025,"Aquatic invertebrates nei_489",0.818181818181818
16,2024,"Aquatic invertebrates nei_490",0.818181818181818
16,2025,"Aquatic invertebrates nei_490",0.818181818181818
205,2024,"Aquatic invertebrates nei_491",0.818181818181818
205,2025,"Aquatic invertebrates nei_491",0.818181818181818
73,2024,"Aquatic invertebrates nei_492",0.818181818181818
73,2025,"Aquatic invertebrates nei_492",0.818181818181818
181,2024,"Aquatic invertebrates nei_493",0.818181818181818
181,2025,"Aquatic invertebrates nei_493",0.818181818181818
182,2024,"Aquatic invertebrates nei_494",0.818181818181818
182,2025,"Aquatic invertebrates nei_494",0.818181818181818
209,2024,"Areolate grouper_495",0.766233766233766
209,2025,"Areolate grouper_495",0.766233766233766
20,2024,"Ascidiaceans nei_496",0.818181818181818
20,2025,"Ascidiaceans nei_496",0.818181818181818
218,2024,"Atlantic bluefin tuna_497",0.558441558441558
218,2025,"Atlantic bluefin tuna_497",0.558441558441558
182,2024,"Atlantic bluefin tuna_498",0.571428571428571
182,2025,"Atlantic bluefin tuna_498",0.571428571428571
187,2024,"Atlantic bluefin tuna_499",0.571428571428571
187,2025,"Atlantic bluefin tuna_499",0.571428571428571
184,2024,"Atlantic bluefin tuna_500",0.571428571428571
184,2025,"Atlantic bluefin tuna_500",0.571428571428571
61,2024,"Atlantic bluefin tuna_501",0.571428571428571
61,2025,"Atlantic bluefin tuna_501",0.571428571428571
76,2024,"Atlantic bluefin tuna_502",0.571428571428571
76,2025,"Atlantic bluefin tuna_502",0.571428571428571
81,2024,"Atlantic bluefin tuna_503",0.571428571428571
81,2025,"Atlantic bluefin tuna_503",0.571428571428571
183,2024,"Atlantic bluefin tuna_504",0.571428571428571
183,2025,"Atlantic bluefin tuna_504",0.571428571428571
68,2024,"Atlantic bluefin tuna_505",0.571428571428571
68,2025,"Atlantic bluefin tuna_505",0.571428571428571
80,2024,"Atlantic bluefin tuna_506",0.571428571428571
80,2025,"Atlantic bluefin tuna_506",0.571428571428571
218,2024,"Atlantic cod_507",0.883116883116883
218,2025,"Atlantic cod_507",0.883116883116883
223,2024,"Atlantic cod_508",0.883116883116883
223,2025,"Atlantic cod_508",0.883116883116883
143,2024,"Atlantic cod_509",0.883116883116883
143,2025,"Atlantic cod_509",0.883116883116883
180,2024,"Atlantic cod_510",0.883116883116883
180,2025,"Atlantic cod_510",0.883116883116883
143,2024,"Atlantic halibut_511",0.883116883116883
143,2025,"Atlantic halibut_511",0.883116883116883
180,2024,"Atlantic halibut_512",0.883116883116883
180,2025,"Atlantic halibut_512",0.883116883116883
223,2024,"Atlantic halibut_513",0.883116883116883
223,2025,"Atlantic halibut_513",0.883116883116883
223,2024,"Atlantic salmon_514",0.467532467532468
223,2025,"Atlantic salmon_514",0.467532467532468
180,2024,"Atlantic salmon_515",0.324675324675325
180,2025,"Atlantic salmon_515",0.324675324675325
181,2024,"Atlantic salmon_516",0.883116883116883
181,2025,"Atlantic salmon_516",0.883116883116883
143,2024,"Atlantic salmon_517",0.883116883116883
143,2025,"Atlantic salmon_517",0.883116883116883
141,2024,"Atlantic salmon_518",0.545454545454545
141,2025,"Atlantic salmon_518",0.545454545454545
222,2024,"Atlantic salmon_519",0.883116883116883
222,2025,"Atlantic salmon_519",0.883116883116883
218,2024,"Atlantic salmon_520",0.506493506493507
218,2025,"Atlantic salmon_520",0.506493506493507
174,2024,"Atlantic salmon_521",0.883116883116883
174,2025,"Atlantic salmon_521",0.883116883116883
182,2024,"Atlantic salmon_522",0.883116883116883
182,2025,"Atlantic salmon_522",0.883116883116883
16,2024,"Atlantic salmon_523",0.883116883116883
16,2025,"Atlantic salmon_523",0.883116883116883
163,2024,"Atlantic salmon_524",0.649350649350649
163,2025,"Atlantic salmon_524",0.649350649350649
224,2024,"Atlantic salmon_525",0.493506493506494
224,2025,"Atlantic salmon_525",0.493506493506494
76,2024,"Atlantic salmon_526",0.883116883116883
76,2025,"Atlantic salmon_526",0.883116883116883
179,2024,"Atlantic salmon_527",0.883116883116883
179,2025,"Atlantic salmon_527",0.883116883116883
73,2024,"Atlantic salmon_528",0.883116883116883
73,2025,"Atlantic salmon_528",0.883116883116883
175,2024,"Atlantic salmon_529",0.883116883116883
175,2025,"Atlantic salmon_529",0.883116883116883
21,2024,"Atlantic salmon_530",0.883116883116883
21,2025,"Atlantic salmon_530",0.883116883116883
208,2024,"Banana prawn_531",0.883116883116883
208,2025,"Banana prawn_531",0.883116883116883
15,2024,"Banana prawn_532",0.883116883116883
15,2025,"Banana prawn_532",0.883116883116883
182,2024,"Banded carpet shell_533",0.87012987012987
182,2025,"Banded carpet shell_533",0.87012987012987
216,2024,"Banded grouper_534",0.766233766233766
216,2025,"Banded grouper_534",0.766233766233766
209,2024,"Barramundi(=Giant seaperch)_535",0.883116883116883
209,2025,"Barramundi(=Giant seaperch)_535",0.883116883116883
208,2024,"Barramundi(=Giant seaperch)_536",0.883116883116883
208,2025,"Barramundi(=Giant seaperch)_536",0.883116883116883
206,2024,"Barramundi(=Giant seaperch)_537",0.883116883116883
206,2025,"Barramundi(=Giant seaperch)_537",0.883116883116883
247,2024,"Barramundi(=Giant seaperch)_538",0.883116883116883
247,2025,"Barramundi(=Giant seaperch)_538",0.883116883116883
147,2024,"Barramundi(=Giant seaperch)_539",0.883116883116883
147,2025,"Barramundi(=Giant seaperch)_539",0.883116883116883
14,2024,"Barramundi(=Giant seaperch)_540",0.883116883116883
14,2025,"Barramundi(=Giant seaperch)_540",0.883116883116883
50,2024,"Barramundi(=Giant seaperch)_541",0.883116883116883
50,2025,"Barramundi(=Giant seaperch)_541",0.883116883116883
216,2024,"Barramundi(=Giant seaperch)_542",0.883116883116883
216,2025,"Barramundi(=Giant seaperch)_542",0.883116883116883
24,2024,"Barramundi(=Giant seaperch)_543",0.883116883116883
24,2025,"Barramundi(=Giant seaperch)_543",0.883116883116883
205,2024,"Barramundi(=Giant seaperch)_544",0.883116883116883
205,2025,"Barramundi(=Giant seaperch)_544",0.883116883116883
40,2024,"Barramundi(=Giant seaperch)_545",0.883116883116883
40,2025,"Barramundi(=Giant seaperch)_545",0.883116883116883
191,2024,"Barramundi(=Giant seaperch)_546",0.883116883116883
191,2025,"Barramundi(=Giant seaperch)_546",0.883116883116883
216,2024,"Barred-chest grouper_547",0.766233766233766
216,2025,"Barred-chest grouper_547",0.766233766233766
210,2024,"Bastard halibut_548",0.766233766233766
210,2025,"Bastard halibut_548",0.766233766233766
135,2024,"Bastard halibuts nei_549",0.766233766233766
135,2025,"Bastard halibuts nei_549",0.766233766233766
182,2024,"Big-scale sand smelt_550",0.766233766233766
182,2025,"Big-scale sand smelt_550",0.766233766233766
208,2024,"Bigeye trevally_551",0.883116883116883
208,2025,"Bigeye trevally_551",0.883116883116883
216,2024,"Bigeye trevally_552",0.883116883116883
216,2025,"Bigeye trevally_552",0.883116883116883
134,2024,"Black ark_553",0.87012987012987
134,2025,"Black ark_553",0.87012987012987
208,2024,"Black grouper_554",0.766233766233766
208,2025,"Black grouper_554",0.766233766233766
216,2024,"Black jack_555",0.883116883116883
216,2025,"Black jack_555",0.883116883116883
216,2024,"Blackbanded trevally_556",0.883116883116883
216,2025,"Blackbanded trevally_556",0.883116883116883
210,2024,"Blackhead seabream_557",0.701298701298701
210,2025,"Blackhead seabream_557",0.701298701298701
14,2024,"Blackhead seabream_558",0.701298701298701
14,2025,"Blackhead seabream_558",0.701298701298701
20,2024,"Blackhead seabream_559",0.701298701298701
20,2025,"Blackhead seabream_559",0.701298701298701
216,2024,"Blacksaddled coralgrouper_560",0.766233766233766
216,2025,"Blacksaddled coralgrouper_560",0.766233766233766
182,2024,"Blackspot seabream_561",0.571428571428571
182,2025,"Blackspot seabream_561",0.571428571428571
183,2024,"Blackspot seabream_562",0.571428571428571
183,2025,"Blackspot seabream_562",0.571428571428571
216,2024,"Blacktail snapper_563",0.766233766233766
216,2025,"Blacktail snapper_563",0.766233766233766
206,2024,"Blacktip grouper_564",0.766233766233766
206,2025,"Blacktip grouper_564",0.766233766233766
20,2024,"Blood cockle_565",0.87012987012987
20,2025,"Blood cockle_565",0.87012987012987
25,2024,"Blood cockle_566",0.87012987012987
25,2025,"Blood cockle_566",0.87012987012987
206,2024,"Blood cockle_567",0.87012987012987
206,2025,"Blood cockle_567",0.87012987012987
14,2024,"Blood cockle_568",0.87012987012987
14,2025,"Blood cockle_568",0.87012987012987
209,2024,"Blood cockle_569",0.87012987012987
209,2025,"Blood cockle_569",0.87012987012987
24,2024,"Blood cockle_570",0.87012987012987
24,2025,"Blood cockle_570",0.87012987012987
216,2024,"Blood cockle_571",0.87012987012987
216,2025,"Blood cockle_571",0.87012987012987
216,2024,"Bludger_572",0.883116883116883
216,2025,"Bludger_572",0.883116883116883
147,2024,"Blue shrimp_573",0.883116883116883
147,2025,"Blue shrimp_573",0.883116883116883
208,2024,"Blue swimming crab_574",0.818181818181818
208,2025,"Blue swimming crab_574",0.818181818181818
216,2024,"Bluefin trevally_575",0.883116883116883
216,2025,"Bluefin trevally_575",0.883116883116883
76,2024,"Bluespotted seabream_576",0.532467532467532
76,2025,"Bluespotted seabream_576",0.532467532467532
216,2024,"Brassy trevally_577",0.883116883116883
216,2025,"Brassy trevally_577",0.883116883116883
110,2024,"Brine shrimp_578",0.766233766233766
110,2025,"Brine shrimp_578",0.766233766233766
206,2024,"Broad geloina_579",0.87012987012987
206,2025,"Broad geloina_579",0.87012987012987
208,2024,"Brown-marbled grouper_580",0.766233766233766
208,2025,"Brown-marbled grouper_580",0.766233766233766
39,2024,"Brown-marbled grouper_581",0.766233766233766
39,2025,"Brown-marbled grouper_581",0.766233766233766
206,2024,"Brown-marbled grouper_582",0.766233766233766
206,2025,"Brown-marbled grouper_582",0.766233766233766
216,2024,"Brown-marbled grouper_583",0.766233766233766
216,2025,"Brown-marbled grouper_583",0.766233766233766
110,2024,"Caribbean spiny lobster_584",0.818181818181818
110,2025,"Caribbean spiny lobster_584",0.818181818181818
117,2024,"Caribbean spiny lobster_585",0.818181818181818
117,2025,"Caribbean spiny lobster_585",0.818181818181818
102,2024,"Carpet shells nei_586",0.87012987012987
102,2025,"Carpet shells nei_586",0.87012987012987
61,2024,"Carpet shells nei_587",0.87012987012987
61,2025,"Carpet shells nei_587",0.87012987012987
223,2024,"Chars nei_588",0.766233766233766
223,2025,"Chars nei_588",0.766233766233766
162,2024,"Chinook(=Spring=King) salmon_589",0.883116883116883
162,2025,"Chinook(=Spring=King) salmon_589",0.883116883116883
163,2024,"Chinook(=Spring=King) salmon_590",0.883116883116883
163,2025,"Chinook(=Spring=King) salmon_590",0.883116883116883
218,2024,"Chinook(=Spring=King) salmon_591",0.844155844155844
218,2025,"Chinook(=Spring=King) salmon_591",0.844155844155844
224,2024,"Chinook(=Spring=King) salmon_592",0.883116883116883
224,2025,"Chinook(=Spring=King) salmon_592",0.883116883116883
16,2024,"Chinook(=Spring=King) salmon_593",0.883116883116883
16,2025,"Chinook(=Spring=King) salmon_593",0.883116883116883
69,2024,"Chum(=Keta=Dog) salmon_594",0.883116883116883
69,2025,"Chum(=Keta=Dog) salmon_594",0.883116883116883
70,2024,"Chum(=Keta=Dog) salmon_595",0.883116883116883
70,2025,"Chum(=Keta=Dog) salmon_595",0.883116883116883
73,2024,"Chum(=Keta=Dog) salmon_596",0.883116883116883
73,2025,"Chum(=Keta=Dog) salmon_596",0.883116883116883
74,2024,"Chum(=Keta=Dog) salmon_597",0.883116883116883
74,2025,"Chum(=Keta=Dog) salmon_597",0.883116883116883
75,2024,"Chum(=Keta=Dog) salmon_598",0.883116883116883
75,2025,"Chum(=Keta=Dog) salmon_598",0.883116883116883
189,2024,"Chum(=Keta=Dog) salmon_599",0.883116883116883
189,2025,"Chum(=Keta=Dog) salmon_599",0.883116883116883
14,2024,"Clams_600",0.883116883116883
14,2025,"Clams_600",0.883116883116883
20,2024,"Clams_601",0.883116883116883
20,2025,"Clams_601",0.883116883116883
210,2024,"Clams_602",0.883116883116883
210,2025,"Clams_602",0.883116883116883
21,2024,"Clams_603",0.883116883116883
21,2025,"Clams_603",0.883116883116883
9,2024,"Clams_604",0.883116883116883
9,2025,"Clams_604",0.883116883116883
163,2024,"Clams_605",0.883116883116883
163,2025,"Clams_605",0.883116883116883
218,2024,"Clams_606",0.883116883116883
218,2025,"Clams_606",0.883116883116883
80,2024,"Clams_607",0.883116883116883
80,2025,"Clams_607",0.883116883116883
175,2024,"Clams_608",0.883116883116883
175,2025,"Clams_608",0.883116883116883
182,2024,"Clams_609",0.883116883116883
182,2025,"Clams_609",0.883116883116883
18,2024,"Clams_610",0.883116883116883
18,2025,"Clams_610",0.883116883116883
183,2024,"Clams_611",0.883116883116883
183,2025,"Clams_611",0.883116883116883
135,2024,"Clams_612",0.883116883116883
135,2025,"Clams_612",0.883116883116883
8,2024,"Clams_613",0.883116883116883
8,2025,"Clams_613",0.883116883116883
179,2024,"Clams_614",0.883116883116883
179,2025,"Clams_614",0.883116883116883
180,2024,"Clams_615",0.883116883116883
180,2025,"Clams_615",0.883116883116883
184,2024,"Clams_616",0.883116883116883
184,2025,"Clams_616",0.883116883116883
188,2024,"Clams_617",0.883116883116883
188,2025,"Clams_617",0.883116883116883
14,2024,"Cobia_618",0.883116883116883
14,2025,"Cobia_618",0.883116883116883
32,2024,"Cobia_619",0.883116883116883
32,2025,"Cobia_619",0.883116883116883
116,2024,"Cobia_620",0.883116883116883
116,2025,"Cobia_620",0.883116883116883
110,2024,"Cobia_621",0.883116883116883
110,2025,"Cobia_621",0.883116883116883
209,2024,"Cobia_622",0.883116883116883
209,2025,"Cobia_622",0.883116883116883
140,2024,"Cobia_623",0.883116883116883
140,2025,"Cobia_623",0.883116883116883
29,2024,"Cobia_624",0.883116883116883
29,2025,"Cobia_624",0.883116883116883
115,2024,"Cobia_625",0.883116883116883
115,2025,"Cobia_625",0.883116883116883
129,2024,"Cobia_626",0.688311688311688
129,2025,"Cobia_626",0.688311688311688
164,2024,"Cobia_627",0.883116883116883
164,2025,"Cobia_627",0.883116883116883
207,2024,"Cobia_628",0.883116883116883
207,2025,"Cobia_628",0.883116883116883
208,2024,"Cobia_629",0.883116883116883
208,2025,"Cobia_629",0.883116883116883
132,2024,"Cobia_630",0.883116883116883
132,2025,"Cobia_630",0.883116883116883
171,2024,"Cobia_631",0.883116883116883
171,2025,"Cobia_631",0.883116883116883
20,2024,"Cockles_632",0.883116883116883
20,2025,"Cockles_632",0.883116883116883
183,2024,"Cockles_633",0.883116883116883
183,2025,"Cockles_633",0.883116883116883
163,2024,"Cockles_634",0.883116883116883
163,2025,"Cockles_634",0.883116883116883
8,2024,"Cockles_635",0.883116883116883
8,2025,"Cockles_635",0.883116883116883
179,2024,"Cockles_636",0.883116883116883
179,2025,"Cockles_636",0.883116883116883
180,2024,"Cockles_637",0.883116883116883
180,2025,"Cockles_637",0.883116883116883
152,2024,"Cockles_638",0.883116883116883
152,2025,"Cockles_638",0.883116883116883
182,2024,"Cockles_639",0.883116883116883
182,2025,"Cockles_639",0.883116883116883
155,2024,"Cockles_640",0.883116883116883
155,2025,"Cockles_640",0.883116883116883
153,2024,"Cockles_641",0.883116883116883
153,2025,"Cockles_641",0.883116883116883
147,2024,"Cockles_642",0.883116883116883
147,2025,"Cockles_642",0.883116883116883
17,2024,"Cockles_643",0.883116883116883
17,2025,"Cockles_643",0.883116883116883
11,2024,"Cockles_644",0.883116883116883
11,2025,"Cockles_644",0.883116883116883
163,2024,"Coho(=Silver) salmon_645",0.883116883116883
163,2025,"Coho(=Silver) salmon_645",0.883116883116883
224,2024,"Coho(=Silver) salmon_646",0.51948051948052
224,2025,"Coho(=Silver) salmon_646",0.51948051948052
210,2024,"Coho(=Silver) salmon_647",0.883116883116883
210,2025,"Coho(=Silver) salmon_647",0.883116883116883
218,2024,"Coho(=Silver) salmon_648",0.883116883116883
218,2025,"Coho(=Silver) salmon_648",0.883116883116883
179,2024,"Coho(=Silver) salmon_649",0.883116883116883
179,2025,"Coho(=Silver) salmon_649",0.883116883116883
175,2024,"Coho(=Silver) salmon_650",0.883116883116883
175,2025,"Coho(=Silver) salmon_650",0.883116883116883
61,2024,"Common cuttlefish_651",0.818181818181818
61,2025,"Common cuttlefish_651",0.818181818181818
183,2024,"Common cuttlefish_652",0.818181818181818
183,2025,"Common cuttlefish_652",0.818181818181818
182,2024,"Common dentex_653",0.571428571428571
182,2025,"Common dentex_653",0.571428571428571
232,2024,"Common dentex_654",0.883116883116883
232,2025,"Common dentex_654",0.883116883116883
187,2024,"Common dentex_655",0.571428571428571
187,2025,"Common dentex_655",0.571428571428571
80,2024,"Common dentex_656",0.571428571428571
80,2025,"Common dentex_656",0.571428571428571
76,2024,"Common dentex_657",0.532467532467532
76,2025,"Common dentex_657",0.532467532467532
80,2024,"Common pandora_658",0.571428571428571
80,2025,"Common pandora_658",0.571428571428571
81,2024,"Common pandora_659",0.571428571428571
81,2025,"Common pandora_659",0.571428571428571
183,2024,"Common sole_660",0.883116883116883
183,2025,"Common sole_660",0.883116883116883
182,2024,"Common sole_661",0.883116883116883
182,2025,"Common sole_661",0.883116883116883
61,2024,"Common sole_662",0.883116883116883
61,2025,"Common sole_662",0.883116883116883
184,2024,"Common sole_663",0.883116883116883
184,2025,"Common sole_663",0.883116883116883
76,2024,"Common two-banded seabream_664",0.532467532467532
76,2025,"Common two-banded seabream_664",0.532467532467532
20,2024,"Convict grouper_665",0.766233766233766
20,2025,"Convict grouper_665",0.766233766233766
183,2024,"Corrugated venus_666",0.87012987012987
183,2025,"Corrugated venus_666",0.87012987012987
182,2024,"Corrugated venus_667",0.87012987012987
182,2025,"Corrugated venus_667",0.87012987012987
135,2024,"Crevalle jack_668",0.883116883116883
135,2025,"Crevalle jack_668",0.883116883116883
210,2024,"Crimson seabream_669",0.701298701298701
210,2025,"Crimson seabream_669",0.701298701298701
14,2024,"Crimson seabream_670",0.701298701298701
14,2025,"Crimson seabream_670",0.701298701298701
208,2024,"Crimson snapper_671",0.766233766233766
208,2025,"Crimson snapper_671",0.766233766233766
14,2024,"Croakers, drums nei_672",0.597402597402597
14,2025,"Croakers, drums nei_672",0.597402597402597
50,2024,"Croakers, drums nei_673",0.883116883116883
50,2025,"Croakers, drums nei_673",0.883116883116883
183,2024,"Croakers, drums nei_674",0.883116883116883
183,2025,"Croakers, drums nei_674",0.883116883116883
14,2024,"Diphos sanguin_675",0.87012987012987
14,2025,"Diphos sanguin_675",0.87012987012987
20,2024,"Dotted gizzard shad_676",0.766233766233766
20,2025,"Dotted gizzard shad_676",0.766233766233766
32,2024,"Drums nei_677",0.597402597402597
32,2025,"Drums nei_677",0.597402597402597
216,2024,"Duskytail grouper_678",0.766233766233766
216,2025,"Duskytail grouper_678",0.766233766233766
16,2024,"Eastern king prawn_679",0.883116883116883
16,2025,"Eastern king prawn_679",0.883116883116883
5,2024,"Emperor red snapper_680",0.766233766233766
5,2025,"Emperor red snapper_680",0.766233766233766
61,2024,"European eel_681",0.688311688311688
61,2025,"European eel_681",0.688311688311688
182,2024,"European eel_682",0.688311688311688
182,2025,"European eel_682",0.688311688311688
184,2024,"European eel_683",0.688311688311688
184,2025,"European eel_683",0.688311688311688
80,2024,"European eel_684",0.688311688311688
80,2025,"European eel_684",0.688311688311688
175,2024,"European flounder_685",0.883116883116883
175,2025,"European flounder_685",0.883116883116883
80,2024,"European seabass_686",0.571428571428571
80,2025,"European seabass_686",0.571428571428571
183,2024,"European seabass_687",0.571428571428571
183,2025,"European seabass_687",0.571428571428571
81,2024,"European seabass_688",0.571428571428571
81,2025,"European seabass_688",0.571428571428571
84,2024,"European seabass_689",0.883116883116883
84,2025,"European seabass_689",0.883116883116883
179,2024,"European seabass_690",0.571428571428571
179,2025,"European seabass_690",0.571428571428571
182,2024,"European seabass_691",0.571428571428571
182,2025,"European seabass_691",0.571428571428571
184,2024,"European seabass_692",0.571428571428571
184,2025,"European seabass_692",0.571428571428571
76,2024,"European seabass_693",0.532467532467532
76,2025,"European seabass_693",0.532467532467532
62,2024,"European seabass_694",0.883116883116883
62,2025,"European seabass_694",0.883116883116883
68,2024,"European seabass_695",0.571428571428571
68,2025,"European seabass_695",0.571428571428571
187,2024,"European seabass_696",0.571428571428571
187,2025,"European seabass_696",0.571428571428571
188,2024,"European seabass_697",0.571428571428571
188,2025,"European seabass_697",0.571428571428571
79,2024,"European seabass_698",0.883116883116883
79,2025,"European seabass_698",0.883116883116883
143,2024,"European seabass_699",0.883116883116883
143,2025,"European seabass_699",0.883116883116883
67,2024,"European seabass_700",0.883116883116883
67,2025,"European seabass_700",0.883116883116883
232,2024,"European seabass_701",0.883116883116883
232,2025,"European seabass_701",0.883116883116883
54,2024,"European seabass_702",0.883116883116883
54,2025,"European seabass_702",0.883116883116883
115,2024,"European seabass_703",0.883116883116883
115,2025,"European seabass_703",0.883116883116883
180,2024,"European seabass_704",0.883116883116883
180,2025,"European seabass_704",0.883116883116883
82,2024,"European seabass_705",0.883116883116883
82,2025,"European seabass_705",0.883116883116883
186,2024,"European seabass_706",0.883116883116883
186,2025,"European seabass_706",0.883116883116883
61,2024,"European seabass_707",0.883116883116883
61,2025,"European seabass_707",0.883116883116883
37,2024,"European seabass_708",0.883116883116883
37,2025,"European seabass_708",0.883116883116883
174,2024,"European whitefish_709",0.883116883116883
174,2025,"European whitefish_709",0.883116883116883
210,2024,"Filefishes nei_710",0.766233766233766
210,2025,"Filefishes nei_710",0.766233766233766
20,2024,"Filefishes, leatherjackets nei_711",0.766233766233766
20,2025,"Filefishes, leatherjackets nei_711",0.766233766233766
223,2024,"Finfishes nei_712",0.766233766233766
223,2025,"Finfishes nei_712",0.766233766233766
16,2024,"Finfishes nei_713",0.766233766233766
16,2025,"Finfishes nei_713",0.766233766233766
179,2024,"Finfishes nei_714",0.766233766233766
179,2025,"Finfishes nei_714",0.766233766233766
69,2024,"Flatfishes nei_715",0.766233766233766
69,2025,"Flatfishes nei_715",0.766233766233766
70,2024,"Flatfishes nei_716",0.766233766233766
70,2025,"Flatfishes nei_716",0.766233766233766
73,2024,"Flatfishes nei_717",0.766233766233766
73,2025,"Flatfishes nei_717",0.766233766233766
74,2024,"Flatfishes nei_718",0.766233766233766
74,2025,"Flatfishes nei_718",0.766233766233766
75,2024,"Flatfishes nei_719",0.766233766233766
75,2025,"Flatfishes nei_719",0.766233766233766
189,2024,"Flatfishes nei_720",0.766233766233766
189,2025,"Flatfishes nei_720",0.766233766233766
210,2024,"Flathead grey mullet_721",0.766233766233766
210,2025,"Flathead grey mullet_721",0.766233766233766
14,2024,"Flathead grey mullet_722",0.766233766233766
14,2025,"Flathead grey mullet_722",0.766233766233766
135,2024,"Flathead grey mullet_723",0.766233766233766
135,2025,"Flathead grey mullet_723",0.766233766233766
80,2024,"Flathead grey mullet_724",0.766233766233766
80,2025,"Flathead grey mullet_724",0.766233766233766
50,2024,"Flathead grey mullet_725",0.766233766233766
50,2025,"Flathead grey mullet_725",0.766233766233766
184,2024,"Flathead grey mullet_726",0.766233766233766
184,2025,"Flathead grey mullet_726",0.766233766233766
208,2024,"Flathead grey mullet_727",0.766233766233766
208,2025,"Flathead grey mullet_727",0.766233766233766
15,2024,"Flathead lobster_728",0.818181818181818
15,2025,"Flathead lobster_728",0.818181818181818
129,2024,"Florida pompano_729",0.883116883116883
129,2025,"Florida pompano_729",0.883116883116883
115,2024,"Florida pompano_730",0.883116883116883
115,2025,"Florida pompano_730",0.883116883116883
208,2024,"Fourfinger threadfin_731",0.766233766233766
208,2025,"Fourfinger threadfin_731",0.766233766233766
206,2024,"Fourfinger threadfin_732",0.766233766233766
206,2025,"Fourfinger threadfin_732",0.766233766233766
216,2024,"Foursaddle grouper_733",0.766233766233766
216,2025,"Foursaddle grouper_733",0.766233766233766
182,2024,"Gastropods nei_734",0.909090909090909
182,2025,"Gastropods nei_734",0.909090909090909
135,2024,"Gastropods nei_735",0.909090909090909
135,2025,"Gastropods nei_735",0.909090909090909
210,2024,"Gazami crab_736",0.818181818181818
210,2025,"Gazami crab_736",0.818181818181818
208,2024,"Giant grouper_737",0.766233766233766
208,2025,"Giant grouper_737",0.766233766233766
206,2024,"Giant grouper_738",0.766233766233766
206,2025,"Giant grouper_738",0.766233766233766
15,2024,"Giant tiger prawn_739",0.883116883116883
15,2025,"Giant tiger prawn_739",0.883116883116883
208,2024,"Giant tiger prawn_740",0.883116883116883
208,2025,"Giant tiger prawn_740",0.883116883116883
208,2024,"Giant trevally_741",0.883116883116883
208,2025,"Giant trevally_741",0.883116883116883
183,2024,"Gilthead seabream_742",0.571428571428571
183,2025,"Gilthead seabream_742",0.571428571428571
79,2024,"Gilthead seabream_743",0.883116883116883
79,2025,"Gilthead seabream_743",0.883116883116883
80,2024,"Gilthead seabream_744",0.571428571428571
80,2025,"Gilthead seabream_744",0.571428571428571
84,2024,"Gilthead seabream_745",0.883116883116883
84,2025,"Gilthead seabream_745",0.883116883116883
179,2024,"Gilthead seabream_746",0.571428571428571
179,2025,"Gilthead seabream_746",0.571428571428571
182,2024,"Gilthead seabream_747",0.571428571428571
182,2025,"Gilthead seabream_747",0.571428571428571
76,2024,"Gilthead seabream_748",0.532467532467532
76,2025,"Gilthead seabream_748",0.532467532467532
81,2024,"Gilthead seabream_749",0.571428571428571
81,2025,"Gilthead seabream_749",0.571428571428571
62,2024,"Gilthead seabream_750",0.883116883116883
62,2025,"Gilthead seabream_750",0.883116883116883
184,2024,"Gilthead seabream_751",0.571428571428571
184,2025,"Gilthead seabream_751",0.571428571428571
68,2024,"Gilthead seabream_752",0.571428571428571
68,2025,"Gilthead seabream_752",0.571428571428571
187,2024,"Gilthead seabream_753",0.571428571428571
187,2025,"Gilthead seabream_753",0.571428571428571
188,2024,"Gilthead seabream_754",0.883116883116883
188,2025,"Gilthead seabream_754",0.883116883116883
67,2024,"Gilthead seabream_755",0.883116883116883
67,2025,"Gilthead seabream_755",0.883116883116883
48,2024,"Gilthead seabream_756",0.883116883116883
48,2025,"Gilthead seabream_756",0.883116883116883
51,2024,"Gilthead seabream_757",0.883116883116883
51,2025,"Gilthead seabream_757",0.883116883116883
82,2024,"Gilthead seabream_758",0.883116883116883
82,2025,"Gilthead seabream_758",0.883116883116883
232,2024,"Gilthead seabream_759",0.883116883116883
232,2025,"Gilthead seabream_759",0.883116883116883
54,2024,"Gilthead seabream_760",0.883116883116883
54,2025,"Gilthead seabream_760",0.883116883116883
115,2024,"Gilthead seabream_761",0.883116883116883
115,2025,"Gilthead seabream_761",0.883116883116883
52,2024,"Gilthead seabream_762",0.883116883116883
52,2025,"Gilthead seabream_762",0.883116883116883
186,2024,"Gilthead seabream_763",0.883116883116883
186,2025,"Gilthead seabream_763",0.883116883116883
50,2024,"Gilthead seabream_764",0.883116883116883
50,2025,"Gilthead seabream_764",0.883116883116883
61,2024,"Gilthead seabream_765",0.883116883116883
61,2025,"Gilthead seabream_765",0.883116883116883
183,2024,"Golden carpet shell_766",0.87012987012987
183,2025,"Golden carpet shell_766",0.87012987012987
208,2024,"Golden trevally_767",0.883116883116883
208,2025,"Golden trevally_767",0.883116883116883
206,2024,"Golden trevally_768",0.883116883116883
206,2025,"Golden trevally_768",0.883116883116883
5,2024,"Golden-lined spinefoot_769",0.766233766233766
5,2025,"Golden-lined spinefoot_769",0.766233766233766
209,2024,"Goldlined seabream_770",0.701298701298701
209,2025,"Goldlined seabream_770",0.701298701298701
50,2024,"Goldlined seabream_771",0.883116883116883
50,2025,"Goldlined seabream_771",0.883116883116883
54,2024,"Goldlined seabream_772",0.883116883116883
54,2025,"Goldlined seabream_772",0.883116883116883
37,2024,"Goldlined seabream_773",0.701298701298701
37,2025,"Goldlined seabream_773",0.701298701298701
51,2024,"Goldsilk seabream_774",0.883116883116883
51,2025,"Goldsilk seabream_774",0.883116883116883
134,2024,"Grand ark_775",0.87012987012987
134,2025,"Grand ark_775",0.87012987012987
209,2024,"Greasy grouper_776",0.766233766233766
209,2025,"Greasy grouper_776",0.766233766233766
54,2024,"Greasy grouper_777",0.766233766233766
54,2025,"Greasy grouper_777",0.766233766233766
182,2024,"Greater amberjack_778",0.883116883116883
182,2025,"Greater amberjack_778",0.883116883116883
14,2024,"Greater amberjack_779",0.883116883116883
14,2025,"Greater amberjack_779",0.883116883116883
80,2024,"Greater amberjack_780",0.883116883116883
80,2025,"Greater amberjack_780",0.883116883116883
182,2024,"Green crab_781",0.818181818181818
182,2025,"Green crab_781",0.818181818181818
208,2024,"Green humphead parrotfish_782",0.766233766233766
208,2025,"Green humphead parrotfish_782",0.766233766233766
179,2024,"Grooved carpet shell_783",0.87012987012987
179,2025,"Grooved carpet shell_783",0.87012987012987
183,2024,"Grooved carpet shell_784",0.87012987012987
183,2025,"Grooved carpet shell_784",0.87012987012987
182,2024,"Grooved carpet shell_785",0.87012987012987
182,2025,"Grooved carpet shell_785",0.87012987012987
180,2024,"Grooved carpet shell_786",0.87012987012987
180,2025,"Grooved carpet shell_786",0.87012987012987
84,2024,"Grooved carpet shell_787",0.87012987012987
84,2025,"Grooved carpet shell_787",0.87012987012987
227,2024,"Grooved carpet shell_788",0.87012987012987
227,2025,"Grooved carpet shell_788",0.87012987012987
184,2024,"Grooved carpet shell_789",0.87012987012987
184,2025,"Grooved carpet shell_789",0.87012987012987
62,2024,"Grooved carpet shell_790",0.87012987012987
62,2025,"Grooved carpet shell_790",0.87012987012987
182,2024,"Groundfishes nei_791",0.766233766233766
182,2025,"Groundfishes nei_791",0.766233766233766
208,2024,"Groupers nei_792",0.766233766233766
208,2025,"Groupers nei_792",0.766233766233766
14,2024,"Groupers nei_793",0.766233766233766
14,2025,"Groupers nei_793",0.766233766233766
61,2024,"Groupers nei_794",0.766233766233766
61,2025,"Groupers nei_794",0.766233766233766
50,2024,"Groupers nei_795",0.766233766233766
50,2025,"Groupers nei_795",0.766233766233766
171,2024,"Groupers nei_796",0.766233766233766
171,2025,"Groupers nei_796",0.766233766233766
216,2024,"Groupers nei_797",0.766233766233766
216,2025,"Groupers nei_797",0.766233766233766
209,2024,"Groupers nei_798",0.766233766233766
209,2025,"Groupers nei_798",0.766233766233766
205,2024,"Groupers nei_799",0.766233766233766
205,2025,"Groupers nei_799",0.766233766233766
206,2024,"Groupers nei_800",0.766233766233766
206,2025,"Groupers nei_800",0.766233766233766
247,2024,"Groupers nei_801",0.766233766233766
247,2025,"Groupers nei_801",0.766233766233766
15,2024,"Groupers, seabasses nei_802",0.766233766233766
15,2025,"Groupers, seabasses nei_802",0.766233766233766
216,2024,"Groupers, seabasses nei_803",0.766233766233766
216,2025,"Groupers, seabasses nei_803",0.766233766233766
143,2024,"Haddock_804",0.766233766233766
143,2025,"Haddock_804",0.766233766233766
20,2024,"Half-crenated ark_805",0.87012987012987
20,2025,"Half-crenated ark_805",0.87012987012987
216,2024,"Highfin coralgrouper_806",0.766233766233766
216,2025,"Highfin coralgrouper_806",0.766233766233766
216,2024,"Highfin grouper_807",0.766233766233766
216,2025,"Highfin grouper_807",0.766233766233766
209,2024,"Hong Kong grouper_808",0.766233766233766
209,2025,"Hong Kong grouper_808",0.766233766233766
20,2024,"Horned turban_809",0.909090909090909
20,2025,"Horned turban_809",0.909090909090909
208,2024,"Humpback grouper_810",0.766233766233766
208,2025,"Humpback grouper_810",0.766233766233766
206,2024,"Humpback grouper_811",0.766233766233766
206,2025,"Humpback grouper_811",0.766233766233766
216,2024,"Humpback grouper_812",0.766233766233766
216,2025,"Humpback grouper_812",0.766233766233766
216,2024,"Humphead snapper_813",0.766233766233766
216,2025,"Humphead snapper_813",0.766233766233766
208,2024,"Indo-Pacific swamp crab_814",0.818181818181818
208,2025,"Indo-Pacific swamp crab_814",0.818181818181818
15,2024,"Indo-Pacific swamp crab_815",0.818181818181818
15,2025,"Indo-Pacific swamp crab_815",0.818181818181818
205,2024,"Indo-Pacific swamp crab_816",0.818181818181818
205,2025,"Indo-Pacific swamp crab_816",0.818181818181818
41,2024,"Indo-Pacific swamp crab_817",0.818181818181818
41,2025,"Indo-Pacific swamp crab_817",0.818181818181818
247,2024,"Indo-Pacific swamp crab_818",0.818181818181818
247,2025,"Indo-Pacific swamp crab_818",0.818181818181818
20,2024,"Inflated ark_819",0.87012987012987
20,2025,"Inflated ark_819",0.87012987012987
20,2024,"Jack and horse mackerels nei_820",0.441558441558442
20,2025,"Jack and horse mackerels nei_820",0.441558441558442
247,2024,"Jacks, crevalles nei_821",0.883116883116883
247,2025,"Jacks, crevalles nei_821",0.883116883116883
15,2024,"Jacks, crevalles nei_822",0.883116883116883
15,2025,"Jacks, crevalles nei_822",0.883116883116883
135,2024,"Jacks, crevalles nei_823",0.883116883116883
135,2025,"Jacks, crevalles nei_823",0.883116883116883
206,2024,"Jacks, crevalles nei_824",0.883116883116883
206,2025,"Jacks, crevalles nei_824",0.883116883116883
210,2024,"Japanese amberjack_825",0.142857142857143
210,2025,"Japanese amberjack_825",0.142857142857143
20,2024,"Japanese carpet shell_826",0.87012987012987
20,2025,"Japanese carpet shell_826",0.87012987012987
209,2024,"Japanese carpet shell_827",0.87012987012987
209,2025,"Japanese carpet shell_827",0.87012987012987
14,2024,"Japanese carpet shell_828",0.87012987012987
14,2025,"Japanese carpet shell_828",0.87012987012987
163,2024,"Japanese carpet shell_829",0.87012987012987
163,2025,"Japanese carpet shell_829",0.87012987012987
218,2024,"Japanese carpet shell_830",0.87012987012987
218,2025,"Japanese carpet shell_830",0.87012987012987
180,2024,"Japanese carpet shell_831",0.87012987012987
180,2025,"Japanese carpet shell_831",0.87012987012987
181,2024,"Japanese carpet shell_832",0.87012987012987
181,2025,"Japanese carpet shell_832",0.87012987012987
182,2024,"Japanese carpet shell_833",0.87012987012987
182,2025,"Japanese carpet shell_833",0.87012987012987
179,2024,"Japanese carpet shell_834",0.87012987012987
179,2025,"Japanese carpet shell_834",0.87012987012987
184,2024,"Japanese carpet shell_835",0.87012987012987
184,2025,"Japanese carpet shell_835",0.87012987012987
183,2024,"Japanese carpet shell_836",0.87012987012987
183,2025,"Japanese carpet shell_836",0.87012987012987
210,2024,"Japanese jack mackerel_837",0.142857142857143
210,2025,"Japanese jack mackerel_837",0.142857142857143
41,2024,"Japanese meagre_838",0.597402597402597
41,2025,"Japanese meagre_838",0.597402597402597
37,2024,"Japanese meagre_839",0.597402597402597
37,2025,"Japanese meagre_839",0.597402597402597
209,2024,"Japanese sea cucumber_840",0.818181818181818
209,2025,"Japanese sea cucumber_840",0.818181818181818
21,2024,"Japanese sea cucumber_841",0.818181818181818
21,2025,"Japanese sea cucumber_841",0.818181818181818
73,2024,"Japanese sea cucumber_842",0.818181818181818
73,2025,"Japanese sea cucumber_842",0.818181818181818
20,2024,"Japanese sea cucumber_843",0.818181818181818
20,2025,"Japanese sea cucumber_843",0.818181818181818
20,2024,"Japanese seabass_844",0.766233766233766
20,2025,"Japanese seabass_844",0.766233766233766
208,2024,"Japanese seabass_845",0.766233766233766
208,2025,"Japanese seabass_845",0.766233766233766
14,2024,"Japanese spiny lobster_846",0.818181818181818
14,2025,"Japanese spiny lobster_846",0.818181818181818
208,2024,"John's snapper_847",0.766233766233766
208,2025,"John's snapper_847",0.766233766233766
206,2024,"John's snapper_848",0.766233766233766
206,2025,"John's snapper_848",0.766233766233766
20,2024,"Korean rockfish_849",0.766233766233766
20,2025,"Korean rockfish_849",0.766233766233766
14,2024,"Kuruma prawn_850",0.883116883116883
14,2025,"Kuruma prawn_850",0.883116883116883
184,2024,"Kuruma prawn_851",0.883116883116883
184,2025,"Kuruma prawn_851",0.883116883116883
208,2024,"Kuruma prawn_852",0.883116883116883
208,2025,"Kuruma prawn_852",0.883116883116883
209,2024,"Large yellow croaker_853",0.597402597402597
209,2025,"Large yellow croaker_853",0.597402597402597
206,2024,"Leopard coralgrouper_854",0.766233766233766
206,2025,"Leopard coralgrouper_854",0.766233766233766
216,2024,"Leopard coralgrouper_855",0.766233766233766
216,2025,"Leopard coralgrouper_855",0.766233766233766
216,2024,"Longfin trevally_856",0.883116883116883
216,2025,"Longfin trevally_856",0.883116883116883
163,2024,"Longfin yellowtail_857",0.883116883116883
163,2025,"Longfin yellowtail_857",0.883116883116883
129,2024,"Longfin yellowtail_858",0.883116883116883
129,2025,"Longfin yellowtail_858",0.883116883116883
216,2024,"Longlegged spiny lobster_859",0.818181818181818
216,2025,"Longlegged spiny lobster_859",0.818181818181818
216,2024,"Longnose trevally_860",0.883116883116883
216,2025,"Longnose trevally_860",0.883116883116883
216,2024,"Longspine grouper_861",0.766233766233766
216,2025,"Longspine grouper_861",0.766233766233766
182,2024,"Mackerels nei_862",0.571428571428571
182,2025,"Mackerels nei_862",0.571428571428571
208,2024,"Malabar grouper_863",0.766233766233766
208,2025,"Malabar grouper_863",0.766233766233766
14,2024,"Malabar trevally_864",0.883116883116883
14,2025,"Malabar trevally_864",0.883116883116883
216,2024,"Malabar trevally_865",0.883116883116883
216,2025,"Malabar trevally_865",0.883116883116883
206,2024,"Mangrove red snapper_866",0.766233766233766
206,2025,"Mangrove red snapper_866",0.766233766233766
209,2024,"Mangrove red snapper_867",0.766233766233766
209,2025,"Mangrove red snapper_867",0.766233766233766
208,2024,"Mangrove red snapper_868",0.766233766233766
208,2025,"Mangrove red snapper_868",0.766233766233766
216,2024,"Mangrove red snapper_869",0.766233766233766
216,2025,"Mangrove red snapper_869",0.766233766233766
81,2024,"Marbled spinefoot_870",0.766233766233766
81,2025,"Marbled spinefoot_870",0.766233766233766
14,2024,"Marine crabs nei_871",0.818181818181818
14,2025,"Marine crabs nei_871",0.818181818181818
111,2024,"Marine crabs nei_872",0.818181818181818
111,2025,"Marine crabs nei_872",0.818181818181818
210,2024,"Marine crustaceans nei_873",0.818181818181818
210,2025,"Marine crustaceans nei_873",0.818181818181818
61,2024,"Marine crustaceans nei_874",0.818181818181818
61,2025,"Marine crustaceans nei_874",0.818181818181818
223,2024,"Marine crustaceans nei_875",0.818181818181818
223,2025,"Marine crustaceans nei_875",0.818181818181818
210,2024,"Marine fishes nei_876",0.766233766233766
210,2025,"Marine fishes nei_876",0.766233766233766
209,2024,"Marine fishes nei_877",0.766233766233766
209,2025,"Marine fishes nei_877",0.766233766233766
37,2024,"Marine fishes nei_878",0.766233766233766
37,2025,"Marine fishes nei_878",0.766233766233766
206,2024,"Marine fishes nei_879",0.766233766233766
206,2025,"Marine fishes nei_879",0.766233766233766
20,2024,"Marine fishes nei_880",0.766233766233766
20,2025,"Marine fishes nei_880",0.766233766233766
51,2024,"Marine fishes nei_881",0.766233766233766
51,2025,"Marine fishes nei_881",0.766233766233766
140,2024,"Marine fishes nei_882",0.766233766233766
140,2025,"Marine fishes nei_882",0.766233766233766
208,2024,"Marine fishes nei_883",0.766233766233766
208,2025,"Marine fishes nei_883",0.766233766233766
61,2024,"Marine fishes nei_884",0.766233766233766
61,2025,"Marine fishes nei_884",0.766233766233766
15,2024,"Marine fishes nei_885",0.766233766233766
15,2025,"Marine fishes nei_885",0.766233766233766
62,2024,"Marine fishes nei_886",0.766233766233766
62,2025,"Marine fishes nei_886",0.766233766233766
247,2024,"Marine fishes nei_887",0.766233766233766
247,2025,"Marine fishes nei_887",0.766233766233766
14,2024,"Marine fishes nei_888",0.766233766233766
14,2025,"Marine fishes nei_888",0.766233766233766
80,2024,"Marine fishes nei_889",0.766233766233766
80,2025,"Marine fishes nei_889",0.766233766233766
179,2024,"Marine fishes nei_890",0.766233766233766
179,2025,"Marine fishes nei_890",0.766233766233766
16,2024,"Marine fishes nei_891",0.766233766233766
16,2025,"Marine fishes nei_891",0.766233766233766
171,2024,"Marine fishes nei_892",0.766233766233766
171,2025,"Marine fishes nei_892",0.766233766233766
79,2024,"Marine fishes nei_893",0.766233766233766
79,2025,"Marine fishes nei_893",0.766233766233766
147,2024,"Marine fishes nei_894",0.766233766233766
147,2025,"Marine fishes nei_894",0.766233766233766
187,2024,"Marine fishes nei_895",0.766233766233766
187,2025,"Marine fishes nei_895",0.766233766233766
135,2024,"Marine fishes nei_896",0.766233766233766
135,2025,"Marine fishes nei_896",0.766233766233766
183,2024,"Marine fishes nei_897",0.766233766233766
183,2025,"Marine fishes nei_897",0.766233766233766
216,2024,"Marine fishes nei_898",0.766233766233766
216,2025,"Marine fishes nei_898",0.766233766233766
182,2024,"Marine fishes nei_899",0.766233766233766
182,2025,"Marine fishes nei_899",0.766233766233766
184,2024,"Marine fishes nei_900",0.766233766233766
184,2025,"Marine fishes nei_900",0.766233766233766
76,2024,"Marine fishes nei_901",0.766233766233766
76,2025,"Marine fishes nei_901",0.766233766233766
68,2024,"Marine fishes nei_902",0.766233766233766
68,2025,"Marine fishes nei_902",0.766233766233766
24,2024,"Marine fishes nei_903",0.766233766233766
24,2025,"Marine fishes nei_903",0.766233766233766
207,2024,"Marine fishes nei_904",0.766233766233766
207,2025,"Marine fishes nei_904",0.766233766233766
163,2024,"Marine fishes nei_905",0.766233766233766
163,2025,"Marine fishes nei_905",0.766233766233766
21,2024,"Marine fishes nei_906",0.766233766233766
21,2025,"Marine fishes nei_906",0.766233766233766
191,2024,"Marine fishes nei_907",0.766233766233766
191,2025,"Marine fishes nei_907",0.766233766233766
218,2024,"Marine fishes nei_908",0.766233766233766
218,2025,"Marine fishes nei_908",0.766233766233766
207,2024,"Marine molluscs nei_909",0.909090909090909
207,2025,"Marine molluscs nei_909",0.909090909090909
209,2024,"Marine molluscs nei_910",0.909090909090909
209,2025,"Marine molluscs nei_910",0.909090909090909
171,2024,"Marine molluscs nei_911",0.909090909090909
171,2025,"Marine molluscs nei_911",0.909090909090909
20,2024,"Marine molluscs nei_912",0.909090909090909
20,2025,"Marine molluscs nei_912",0.909090909090909
218,2024,"Marine molluscs nei_913",0.909090909090909
218,2025,"Marine molluscs nei_913",0.909090909090909
179,2024,"Marine molluscs nei_914",0.909090909090909
179,2025,"Marine molluscs nei_914",0.909090909090909
182,2024,"Marine molluscs nei_915",0.909090909090909
182,2025,"Marine molluscs nei_915",0.909090909090909
183,2024,"Marine molluscs nei_916",0.909090909090909
183,2025,"Marine molluscs nei_916",0.909090909090909
14,2024,"Marine molluscs nei_917",0.909090909090909
14,2025,"Marine molluscs nei_917",0.909090909090909
80,2024,"Marine molluscs nei_918",0.909090909090909
80,2025,"Marine molluscs nei_918",0.909090909090909
224,2024,"Masu(=Cherry) salmon_919",0.61038961038961
224,2025,"Masu(=Cherry) salmon_919",0.61038961038961
179,2024,"Meagre_920",0.558441558441558
179,2025,"Meagre_920",0.558441558441558
184,2024,"Meagre_921",0.558441558441558
184,2025,"Meagre_921",0.558441558441558
182,2024,"Meagre_922",0.558441558441558
182,2025,"Meagre_922",0.558441558441558
183,2024,"Meagre_923",0.883116883116883
183,2025,"Meagre_923",0.883116883116883
81,2024,"Meagre_924",0.558441558441558
81,2025,"Meagre_924",0.558441558441558
187,2024,"Meagre_925",0.558441558441558
187,2025,"Meagre_925",0.558441558441558
80,2024,"Meagre_926",0.558441558441558
80,2025,"Meagre_926",0.558441558441558
76,2024,"Meagre_927",0.51948051948052
76,2025,"Meagre_927",0.51948051948052
61,2024,"Meagre_928",0.883116883116883
61,2025,"Meagre_928",0.883116883116883
50,2024,"Meagre_929",0.883116883116883
50,2025,"Meagre_929",0.883116883116883
115,2024,"Meagre_930",0.883116883116883
115,2025,"Meagre_930",0.883116883116883
216,2024,"Metapenaeus shrimps nei_931",0.428571428571429
216,2025,"Metapenaeus shrimps nei_931",0.428571428571429
20,2024,"Mi-iuy (brown) croaker_932",0.597402597402597
20,2025,"Mi-iuy (brown) croaker_932",0.597402597402597
14,2024,"Mi-iuy (brown) croaker_933",0.597402597402597
14,2025,"Mi-iuy (brown) croaker_933",0.597402597402597
15,2024,"Milkfish_934",0.766233766233766
15,2025,"Milkfish_934",0.766233766233766
208,2024,"Milkfish_935",0.766233766233766
208,2025,"Milkfish_935",0.766233766233766
19,2024,"Milkfish_936",0.766233766233766
19,2025,"Milkfish_936",0.766233766233766
216,2024,"Milkfish_937",0.766233766233766
216,2025,"Milkfish_937",0.766233766233766
247,2024,"Milkfish_938",0.766233766233766
247,2025,"Milkfish_938",0.766233766233766
208,2024,"Mud spiny lobster_939",0.818181818181818
208,2025,"Mud spiny lobster_939",0.818181818181818
69,2024,"Mullets nei_940",0.766233766233766
69,2025,"Mullets nei_940",0.766233766233766
70,2024,"Mullets nei_941",0.766233766233766
70,2025,"Mullets nei_941",0.766233766233766
73,2024,"Mullets nei_942",0.766233766233766
73,2025,"Mullets nei_942",0.766233766233766
74,2024,"Mullets nei_943",0.766233766233766
74,2025,"Mullets nei_943",0.766233766233766
75,2024,"Mullets nei_944",0.766233766233766
75,2025,"Mullets nei_944",0.766233766233766
189,2024,"Mullets nei_945",0.766233766233766
189,2025,"Mullets nei_945",0.766233766233766
20,2024,"Mullets nei_946",0.766233766233766
20,2025,"Mullets nei_946",0.766233766233766
102,2024,"Mullets nei_947",0.766233766233766
102,2025,"Mullets nei_947",0.766233766233766
182,2024,"Mullets nei_948",0.766233766233766
182,2025,"Mullets nei_948",0.766233766233766
54,2024,"Mullets nei_949",0.766233766233766
54,2025,"Mullets nei_949",0.766233766233766
171,2024,"Mullets nei_950",0.766233766233766
171,2025,"Mullets nei_950",0.766233766233766
20,2024,"Mussels_951",0.87012987012987
20,2025,"Mussels_951",0.87012987012987
25,2024,"Mussels_952",0.87012987012987
25,2025,"Mussels_952",0.87012987012987
162,2024,"Mussels_953",0.87012987012987
162,2025,"Mussels_953",0.87012987012987
163,2024,"Mussels_954",0.87012987012987
163,2025,"Mussels_954",0.87012987012987
176,2024,"Mussels_955",0.87012987012987
176,2025,"Mussels_955",0.87012987012987
177,2024,"Mussels_956",0.87012987012987
177,2025,"Mussels_956",0.87012987012987
179,2024,"Mussels_957",0.87012987012987
179,2025,"Mussels_957",0.87012987012987
181,2024,"Mussels_958",0.87012987012987
181,2025,"Mussels_958",0.87012987012987
182,2024,"Mussels_959",0.87012987012987
182,2025,"Mussels_959",0.87012987012987
209,2024,"Mussels_960",0.87012987012987
209,2025,"Mussels_960",0.87012987012987
222,2024,"Mussels_961",0.87012987012987
222,2025,"Mussels_961",0.87012987012987
224,2024,"Mussels_962",0.87012987012987
224,2025,"Mussels_962",0.87012987012987
184,2024,"Mussels_963",0.87012987012987
184,2025,"Mussels_963",0.87012987012987
102,2024,"Mussels_964",0.87012987012987
102,2025,"Mussels_964",0.87012987012987
218,2024,"Mussels_965",0.87012987012987
218,2025,"Mussels_965",0.87012987012987
15,2024,"Mussels_966",0.87012987012987
15,2025,"Mussels_966",0.87012987012987
80,2024,"Mussels_967",0.87012987012987
80,2025,"Mussels_967",0.87012987012987
82,2024,"Mussels_968",0.87012987012987
82,2025,"Mussels_968",0.87012987012987
147,2024,"Mussels_969",0.87012987012987
147,2025,"Mussels_969",0.87012987012987
208,2024,"Mussels_970",0.87012987012987
208,2025,"Mussels_970",0.87012987012987
71,2024,"Mussels_971",0.87012987012987
71,2025,"Mussels_971",0.87012987012987
84,2024,"Mussels_972",0.87012987012987
84,2025,"Mussels_972",0.87012987012987
16,2024,"Mussels_973",0.87012987012987
16,2025,"Mussels_973",0.87012987012987
18,2024,"Mussels_974",0.87012987012987
18,2025,"Mussels_974",0.87012987012987
69,2024,"Mussels_975",0.87012987012987
69,2025,"Mussels_975",0.87012987012987
70,2024,"Mussels_976",0.87012987012987
70,2025,"Mussels_976",0.87012987012987
73,2024,"Mussels_977",0.87012987012987
73,2025,"Mussels_977",0.87012987012987
74,2024,"Mussels_978",0.87012987012987
74,2025,"Mussels_978",0.87012987012987
75,2024,"Mussels_979",0.87012987012987
75,2025,"Mussels_979",0.87012987012987
139,2024,"Mussels_980",0.87012987012987
139,2025,"Mussels_980",0.87012987012987
180,2024,"Mussels_981",0.87012987012987
180,2025,"Mussels_981",0.87012987012987
189,2024,"Mussels_982",0.87012987012987
189,2025,"Mussels_982",0.87012987012987
206,2024,"Mussels_983",0.87012987012987
206,2025,"Mussels_983",0.87012987012987
223,2024,"Mussels_984",0.87012987012987
223,2025,"Mussels_984",0.87012987012987
183,2024,"Mussels_985",0.87012987012987
183,2025,"Mussels_985",0.87012987012987
101,2024,"Mussels_986",0.87012987012987
101,2025,"Mussels_986",0.87012987012987
186,2024,"Mussels_987",0.87012987012987
186,2025,"Mussels_987",0.87012987012987
187,2024,"Mussels_988",0.87012987012987
187,2025,"Mussels_988",0.87012987012987
188,2024,"Mussels_989",0.87012987012987
188,2025,"Mussels_989",0.87012987012987
76,2024,"Mussels_990",0.87012987012987
76,2025,"Mussels_990",0.87012987012987
135,2024,"Mussels_991",0.87012987012987
135,2025,"Mussels_991",0.87012987012987
171,2024,"Mussels_992",0.87012987012987
171,2025,"Mussels_992",0.87012987012987
203,2024,"Mussels_993",0.87012987012987
203,2025,"Mussels_993",0.87012987012987
62,2024,"Mussels_994",0.87012987012987
62,2025,"Mussels_994",0.87012987012987
227,2024,"Mussels_995",0.87012987012987
227,2025,"Mussels_995",0.87012987012987
172,2024,"Mussels_996",0.87012987012987
172,2025,"Mussels_996",0.87012987012987
232,2024,"Mussels_997",0.87012987012987
232,2025,"Mussels_997",0.87012987012987
143,2024,"Mussels_998",0.87012987012987
143,2025,"Mussels_998",0.87012987012987
175,2024,"Mussels_999",0.87012987012987
175,2025,"Mussels_999",0.87012987012987
95,2024,"Mussels_1000",0.87012987012987
95,2025,"Mussels_1000",0.87012987012987
24,2024,"Mussels_1001",0.87012987012987
24,2025,"Mussels_1001",0.87012987012987
72,2024,"Mussels_1002",0.87012987012987
72,2025,"Mussels_1002",0.87012987012987
219,2024,"Mussels_1003",0.87012987012987
219,2025,"Mussels_1003",0.87012987012987
66,2024,"Mussels_1004",0.87012987012987
66,2025,"Mussels_1004",0.87012987012987
216,2024,"Mussels_1005",0.87012987012987
216,2025,"Mussels_1005",0.87012987012987
247,2024,"Mussels_1006",0.87012987012987
247,2025,"Mussels_1006",0.87012987012987
61,2024,"Octopuses nei_1007",0.818181818181818
61,2025,"Octopuses nei_1007",0.818181818181818
182,2024,"Octopuses nei_1008",0.818181818181818
182,2025,"Octopuses nei_1008",0.818181818181818
210,2024,"Octopuses, etc. nei_1009",0.818181818181818
210,2025,"Octopuses, etc. nei_1009",0.818181818181818
20,2024,"Okhotsk atka mackerel_1010",0.766233766233766
20,2025,"Okhotsk atka mackerel_1010",0.766233766233766
51,2024,"Orange-spotted grouper_1011",0.766233766233766
51,2025,"Orange-spotted grouper_1011",0.766233766233766
208,2024,"Orange-spotted grouper_1012",0.766233766233766
208,2025,"Orange-spotted grouper_1012",0.766233766233766
247,2024,"Orange-spotted grouper_1013",0.766233766233766
247,2025,"Orange-spotted grouper_1013",0.766233766233766
24,2024,"Orange-spotted grouper_1014",0.766233766233766
24,2025,"Orange-spotted grouper_1014",0.766233766233766
52,2024,"Orange-spotted grouper_1015",0.766233766233766
52,2025,"Orange-spotted grouper_1015",0.766233766233766
209,2024,"Orange-spotted grouper_1016",0.766233766233766
209,2025,"Orange-spotted grouper_1016",0.766233766233766
14,2024,"Oysters_1017",0.87012987012987
14,2025,"Oysters_1017",0.87012987012987
16,2024,"Oysters_1018",0.87012987012987
16,2025,"Oysters_1018",0.87012987012987
20,2024,"Oysters_1019",0.87012987012987
20,2025,"Oysters_1019",0.87012987012987
25,2024,"Oysters_1020",0.87012987012987
25,2025,"Oysters_1020",0.87012987012987
162,2024,"Oysters_1021",0.87012987012987
162,2025,"Oysters_1021",0.87012987012987
163,2024,"Oysters_1022",0.87012987012987
163,2025,"Oysters_1022",0.87012987012987
179,2024,"Oysters_1023",0.87012987012987
179,2025,"Oysters_1023",0.87012987012987
181,2024,"Oysters_1024",0.87012987012987
181,2025,"Oysters_1024",0.87012987012987
209,2024,"Oysters_1025",0.87012987012987
209,2025,"Oysters_1025",0.87012987012987
210,2024,"Oysters_1026",0.87012987012987
210,2025,"Oysters_1026",0.87012987012987
218,2024,"Oysters_1027",0.87012987012987
218,2025,"Oysters_1027",0.87012987012987
224,2024,"Oysters_1028",0.87012987012987
224,2025,"Oysters_1028",0.87012987012987
180,2024,"Oysters_1029",0.87012987012987
180,2025,"Oysters_1029",0.87012987012987
182,2024,"Oysters_1030",0.87012987012987
182,2025,"Oysters_1030",0.87012987012987
62,2024,"Oysters_1031",0.87012987012987
62,2025,"Oysters_1031",0.87012987012987
112,2024,"Oysters_1032",0.87012987012987
112,2025,"Oysters_1032",0.87012987012987
15,2024,"Oysters_1033",0.87012987012987
15,2025,"Oysters_1033",0.87012987012987
166,2024,"Oysters_1034",0.87012987012987
166,2025,"Oysters_1034",0.87012987012987
37,2024,"Oysters_1035",0.87012987012987
37,2025,"Oysters_1035",0.87012987012987
84,2024,"Oysters_1036",0.87012987012987
84,2025,"Oysters_1036",0.87012987012987
222,2024,"Oysters_1037",0.87012987012987
222,2025,"Oysters_1037",0.87012987012987
102,2024,"Oysters_1038",0.87012987012987
102,2025,"Oysters_1038",0.87012987012987
147,2024,"Oysters_1039",0.87012987012987
147,2025,"Oysters_1039",0.87012987012987
176,2024,"Oysters_1040",0.87012987012987
176,2025,"Oysters_1040",0.87012987012987
223,2024,"Oysters_1041",0.87012987012987
223,2025,"Oysters_1041",0.87012987012987
227,2024,"Oysters_1042",0.87012987012987
227,2025,"Oysters_1042",0.87012987012987
18,2024,"Oysters_1043",0.87012987012987
18,2025,"Oysters_1043",0.87012987012987
177,2024,"Oysters_1044",0.87012987012987
177,2025,"Oysters_1044",0.87012987012987
5,2024,"Oysters_1045",0.87012987012987
5,2025,"Oysters_1045",0.87012987012987
101,2024,"Oysters_1046",0.87012987012987
101,2025,"Oysters_1046",0.87012987012987
135,2024,"Oysters_1047",0.87012987012987
135,2025,"Oysters_1047",0.87012987012987
228,2024,"Oysters_1048",0.87012987012987
228,2025,"Oysters_1048",0.87012987012987
115,2024,"Oysters_1049",0.87012987012987
115,2025,"Oysters_1049",0.87012987012987
206,2024,"Oysters_1050",0.87012987012987
206,2025,"Oysters_1050",0.87012987012987
187,2024,"Oysters_1051",0.87012987012987
187,2025,"Oysters_1051",0.87012987012987
80,2024,"Oysters_1052",0.87012987012987
80,2025,"Oysters_1052",0.87012987012987
171,2024,"Oysters_1053",0.87012987012987
171,2025,"Oysters_1053",0.87012987012987
203,2024,"Oysters_1054",0.87012987012987
203,2025,"Oysters_1054",0.87012987012987
138,2024,"Oysters_1055",0.87012987012987
138,2025,"Oysters_1055",0.87012987012987
172,2024,"Oysters_1056",0.87012987012987
172,2025,"Oysters_1056",0.87012987012987
66,2024,"Oysters_1057",0.87012987012987
66,2025,"Oysters_1057",0.87012987012987
183,2024,"Oysters_1058",0.87012987012987
183,2025,"Oysters_1058",0.87012987012987
17,2024,"Oysters_1059",0.87012987012987
17,2025,"Oysters_1059",0.87012987012987
184,2024,"Oysters_1060",0.87012987012987
184,2025,"Oysters_1060",0.87012987012987
232,2024,"Oysters_1061",0.87012987012987
232,2025,"Oysters_1061",0.87012987012987
216,2024,"Oysters_1062",0.87012987012987
216,2025,"Oysters_1062",0.87012987012987
95,2024,"Oysters_1063",0.87012987012987
95,2025,"Oysters_1063",0.87012987012987
208,2024,"Oysters_1064",0.87012987012987
208,2025,"Oysters_1064",0.87012987012987
130,2024,"Oysters_1065",0.87012987012987
130,2025,"Oysters_1065",0.87012987012987
65,2024,"Oysters_1066",0.87012987012987
65,2025,"Oysters_1066",0.87012987012987
134,2024,"Oysters_1067",0.87012987012987
134,2025,"Oysters_1067",0.87012987012987
73,2024,"Oysters_1068",0.87012987012987
73,2025,"Oysters_1068",0.87012987012987
137,2024,"Oysters_1069",0.87012987012987
137,2025,"Oysters_1069",0.87012987012987
186,2024,"Oysters_1070",0.87012987012987
186,2025,"Oysters_1070",0.87012987012987
54,2024,"Oysters_1071",0.87012987012987
54,2025,"Oysters_1071",0.87012987012987
153,2024,"Pacific asaphis_1072",0.87012987012987
153,2025,"Pacific asaphis_1072",0.87012987012987
135,2024,"Pacific bluefin tuna_1073",0.376623376623377
135,2025,"Pacific bluefin tuna_1073",0.376623376623377
210,2024,"Pacific bluefin tuna_1074",0.298701298701299
210,2025,"Pacific bluefin tuna_1074",0.298701298701299
20,2024,"Pacific chub mackerel_1075",0.298701298701299
20,2025,"Pacific chub mackerel_1075",0.298701298701299
163,2024,"Pacific geoduck_1076",0.909090909090909
163,2025,"Pacific geoduck_1076",0.909090909090909
208,2024,"Papuan black snapper_1077",0.766233766233766
208,2025,"Papuan black snapper_1077",0.766233766233766
32,2024,"Pargo breams nei_1078",0.701298701298701
32,2025,"Pargo breams nei_1078",0.701298701298701
187,2024,"Pargo breams nei_1079",0.571428571428571
187,2025,"Pargo breams nei_1079",0.571428571428571
209,2024,"Pen shells nei_1080",0.87012987012987
209,2025,"Pen shells nei_1080",0.87012987012987
208,2024,"Penaeus shrimps nei_1081",0.883116883116883
208,2025,"Penaeus shrimps nei_1081",0.883116883116883
183,2024,"Peppery furrow_1082",0.87012987012987
183,2025,"Peppery furrow_1082",0.87012987012987
179,2024,"Periwinkles nei_1083",0.909090909090909
179,2025,"Periwinkles nei_1083",0.909090909090909
76,2024,"Pink dentex_1084",0.532467532467532
76,2025,"Pink dentex_1084",0.532467532467532
73,2024,"Pink(=Humpback) salmon_1085",0.883116883116883
73,2025,"Pink(=Humpback) salmon_1085",0.883116883116883
182,2024,"Pollack_1086",0.883116883116883
182,2025,"Pollack_1086",0.883116883116883
209,2024,"Pompano_1087",0.883116883116883
209,2025,"Pompano_1087",0.883116883116883
14,2024,"Porgies, seabreams nei_1088",0.701298701298701
14,2025,"Porgies, seabreams nei_1088",0.701298701298701
20,2024,"Porgies, seabreams nei_1089",0.701298701298701
20,2025,"Porgies, seabreams nei_1089",0.701298701298701
48,2024,"Porgies, seabreams nei_1090",0.883116883116883
48,2025,"Porgies, seabreams nei_1090",0.883116883116883
184,2024,"Porgies, seabreams nei_1091",0.571428571428571
184,2025,"Porgies, seabreams nei_1091",0.571428571428571
209,2024,"Porgies, seabreams nei_1092",0.701298701298701
209,2025,"Porgies, seabreams nei_1092",0.701298701298701
76,2024,"Porgies, seabreams nei_1093",0.532467532467532
76,2025,"Porgies, seabreams nei_1093",0.532467532467532
208,2024,"Potato grouper_1094",0.766233766233766
208,2025,"Potato grouper_1094",0.766233766233766
20,2024,"Pufferfishes nei_1095",0.766233766233766
20,2025,"Pufferfishes nei_1095",0.766233766233766
183,2024,"Purple dye murex_1096",0.909090909090909
183,2025,"Purple dye murex_1096",0.909090909090909
111,2024,"Queen conch_1097",0.909090909090909
111,2025,"Queen conch_1097",0.909090909090909
218,2024,"Rainbow trout_1098",0.87012987012987
218,2025,"Rainbow trout_1098",0.87012987012987
223,2024,"Rainbow trout_1099",0.883116883116883
223,2025,"Rainbow trout_1099",0.883116883116883
141,2024,"Rainbow trout_1100",0.883116883116883
141,2025,"Rainbow trout_1100",0.883116883116883
179,2024,"Rainbow trout_1101",0.883116883116883
179,2025,"Rainbow trout_1101",0.883116883116883
181,2024,"Rainbow trout_1102",0.883116883116883
181,2025,"Rainbow trout_1102",0.883116883116883
174,2024,"Rainbow trout_1103",0.883116883116883
174,2025,"Rainbow trout_1103",0.883116883116883
175,2024,"Rainbow trout_1104",0.883116883116883
175,2025,"Rainbow trout_1104",0.883116883116883
180,2024,"Rainbow trout_1105",0.883116883116883
180,2025,"Rainbow trout_1105",0.883116883116883
163,2024,"Rainbow trout_1106",0.87012987012987
163,2025,"Rainbow trout_1106",0.87012987012987
222,2024,"Rainbow trout_1107",0.883116883116883
222,2025,"Rainbow trout_1107",0.883116883116883
16,2024,"Rainbow trout_1108",0.883116883116883
16,2025,"Rainbow trout_1108",0.883116883116883
224,2024,"Rainbow trout_1109",0.584415584415584
224,2025,"Rainbow trout_1109",0.584415584415584
70,2024,"Rainbow trout_1110",0.883116883116883
70,2025,"Rainbow trout_1110",0.883116883116883
73,2024,"Rainbow trout_1111",0.883116883116883
73,2025,"Rainbow trout_1111",0.883116883116883
76,2024,"Rainbow trout_1112",0.883116883116883
76,2025,"Rainbow trout_1112",0.883116883116883
143,2024,"Rainbow trout_1113",0.883116883116883
143,2025,"Rainbow trout_1113",0.883116883116883
182,2024,"Rainbow trout_1114",0.883116883116883
182,2025,"Rainbow trout_1114",0.883116883116883
172,2024,"Rainbow trout_1115",0.883116883116883
172,2025,"Rainbow trout_1115",0.883116883116883
20,2024,"Rainbow trout_1116",0.883116883116883
20,2025,"Rainbow trout_1116",0.883116883116883
102,2024,"Red bait_1117",0.818181818181818
102,2025,"Red bait_1117",0.818181818181818
140,2024,"Red drum_1118",0.597402597402597
140,2025,"Red drum_1118",0.597402597402597
110,2024,"Red drum_1119",0.883116883116883
110,2025,"Red drum_1119",0.883116883116883
79,2024,"Red drum_1120",0.61038961038961
79,2025,"Red drum_1120",0.61038961038961
137,2024,"Red drum_1121",0.597402597402597
137,2025,"Red drum_1121",0.597402597402597
32,2024,"Red drum_1122",0.597402597402597
32,2025,"Red drum_1122",0.597402597402597
29,2024,"Red drum_1123",0.597402597402597
29,2025,"Red drum_1123",0.597402597402597
209,2024,"Red drum_1124",0.597402597402597
209,2025,"Red drum_1124",0.597402597402597
37,2024,"Red drum_1125",0.597402597402597
37,2025,"Red drum_1125",0.597402597402597
135,2024,"Red drum_1126",0.597402597402597
135,2025,"Red drum_1126",0.597402597402597
210,2024,"Red oyas_1127",0.818181818181818
210,2025,"Red oyas_1127",0.818181818181818
20,2024,"Red oyas_1128",0.818181818181818
20,2025,"Red oyas_1128",0.818181818181818
80,2024,"Red porgy_1129",0.571428571428571
80,2025,"Red porgy_1129",0.571428571428571
81,2024,"Red porgy_1130",0.571428571428571
81,2025,"Red porgy_1130",0.571428571428571
76,2024,"Red porgy_1131",0.532467532467532
76,2025,"Red porgy_1131",0.532467532467532
210,2024,"Red seabream_1132",0.701298701298701
210,2025,"Red seabream_1132",0.701298701298701
20,2024,"Red seabream_1133",0.701298701298701
20,2025,"Red seabream_1133",0.701298701298701
81,2024,"Red seabream_1134",0.571428571428571
81,2025,"Red seabream_1134",0.571428571428571
14,2024,"Red seabream_1135",0.701298701298701
14,2025,"Red seabream_1135",0.701298701298701
76,2024,"Redbanded seabream_1136",0.532467532467532
76,2025,"Redbanded seabream_1136",0.532467532467532
153,2024,"Rough turban_1137",0.909090909090909
153,2025,"Rough turban_1137",0.909090909090909
209,2024,"Russell's snapper_1138",0.766233766233766
209,2025,"Russell's snapper_1138",0.766233766233766
218,2024,"Salmonids nei_1139",0.779220779220779
218,2025,"Salmonids nei_1139",0.779220779220779
69,2024,"Salmonoids nei_1140",0.883116883116883
69,2025,"Salmonoids nei_1140",0.883116883116883
70,2024,"Salmonoids nei_1141",0.883116883116883
70,2025,"Salmonoids nei_1141",0.883116883116883
73,2024,"Salmonoids nei_1142",0.883116883116883
73,2025,"Salmonoids nei_1142",0.883116883116883
74,2024,"Salmonoids nei_1143",0.883116883116883
74,2025,"Salmonoids nei_1143",0.883116883116883
75,2024,"Salmonoids nei_1144",0.883116883116883
75,2025,"Salmonoids nei_1144",0.883116883116883
189,2024,"Salmonoids nei_1145",0.883116883116883
189,2025,"Salmonoids nei_1145",0.883116883116883
174,2024,"Salmonoids nei_1146",0.883116883116883
174,2025,"Salmonoids nei_1146",0.883116883116883
163,2024,"Sand gaper_1147",0.87012987012987
163,2025,"Sand gaper_1147",0.87012987012987
183,2024,"Sargo breams nei_1148",0.571428571428571
183,2025,"Sargo breams nei_1148",0.571428571428571
61,2024,"Sargo breams nei_1149",0.883116883116883
61,2025,"Sargo breams nei_1149",0.883116883116883
216,2024,"Scalloped spiny lobster_1150",0.818181818181818
216,2025,"Scalloped spiny lobster_1150",0.818181818181818
210,2024,"Scallops_1151",0.87012987012987
210,2025,"Scallops_1151",0.87012987012987
138,2024,"Scallops_1152",0.87012987012987
138,2025,"Scallops_1152",0.87012987012987
209,2024,"Scallops_1153",0.87012987012987
209,2025,"Scallops_1153",0.87012987012987
224,2024,"Scallops_1154",0.87012987012987
224,2025,"Scallops_1154",0.87012987012987
69,2024,"Scallops_1155",0.87012987012987
69,2025,"Scallops_1155",0.87012987012987
70,2024,"Scallops_1156",0.87012987012987
70,2025,"Scallops_1156",0.87012987012987
73,2024,"Scallops_1157",0.87012987012987
73,2025,"Scallops_1157",0.87012987012987
74,2024,"Scallops_1158",0.87012987012987
74,2025,"Scallops_1158",0.87012987012987
75,2024,"Scallops_1159",0.87012987012987
75,2025,"Scallops_1159",0.87012987012987
189,2024,"Scallops_1160",0.87012987012987
189,2025,"Scallops_1160",0.87012987012987
182,2024,"Scallops_1161",0.87012987012987
182,2025,"Scallops_1161",0.87012987012987
180,2024,"Scallops_1162",0.87012987012987
180,2025,"Scallops_1162",0.87012987012987
135,2024,"Scallops_1163",0.87012987012987
135,2025,"Scallops_1163",0.87012987012987
137,2024,"Scallops_1164",0.87012987012987
137,2025,"Scallops_1164",0.87012987012987
218,2024,"Scallops_1165",0.87012987012987
218,2025,"Scallops_1165",0.87012987012987
16,2024,"Scallops_1166",0.87012987012987
16,2025,"Scallops_1166",0.87012987012987
20,2024,"Scallops_1167",0.87012987012987
20,2025,"Scallops_1167",0.87012987012987
179,2024,"Scallops_1168",0.87012987012987
179,2025,"Scallops_1168",0.87012987012987
227,2024,"Scallops_1169",0.87012987012987
227,2025,"Scallops_1169",0.87012987012987
181,2024,"Scallops_1170",0.87012987012987
181,2025,"Scallops_1170",0.87012987012987
62,2024,"Scallops_1171",0.87012987012987
62,2025,"Scallops_1171",0.87012987012987
171,2024,"Scallops_1172",0.87012987012987
171,2025,"Scallops_1172",0.87012987012987
223,2024,"Scallops_1173",0.87012987012987
223,2025,"Scallops_1173",0.87012987012987
21,2024,"Scallops_1174",0.87012987012987
21,2025,"Scallops_1174",0.87012987012987
187,2024,"Scallops_1175",0.87012987012987
187,2025,"Scallops_1175",0.87012987012987
80,2024,"Sciaenas nei_1176",0.558441558441558
80,2025,"Sciaenas nei_1176",0.558441558441558
76,2024,"Sciaenas nei_1177",0.51948051948052
76,2025,"Sciaenas nei_1177",0.51948051948052
20,2024,"Scorpionfishes, redfishes nei_1178",0.766233766233766
20,2025,"Scorpionfishes, redfishes nei_1178",0.766233766233766
216,2024,"Sea cucumbers nei_1179",0.818181818181818
216,2025,"Sea cucumbers nei_1179",0.818181818181818
42,2024,"Sea cucumbers nei_1180",0.818181818181818
42,2025,"Sea cucumbers nei_1180",0.818181818181818
209,2024,"Sea snails_1181",0.909090909090909
209,2025,"Sea snails_1181",0.909090909090909
179,2024,"Sea trout_1182",0.558441558441558
179,2025,"Sea trout_1182",0.558441558441558
180,2024,"Sea trout_1183",0.597402597402597
180,2025,"Sea trout_1183",0.597402597402597
174,2024,"Sea trout_1184",0.597402597402597
174,2025,"Sea trout_1184",0.597402597402597
73,2024,"Sea urchins nei_1185",0.818181818181818
73,2025,"Sea urchins nei_1185",0.818181818181818
209,2024,"Sea urchins nei_1186",0.818181818181818
209,2025,"Sea urchins nei_1186",0.818181818181818
15,2024,"Seaweed_1187",0.87012987012987
15,2025,"Seaweed_1187",0.87012987012987
20,2024,"Seaweed_1188",0.87012987012987
20,2025,"Seaweed_1188",0.87012987012987
21,2024,"Seaweed_1189",0.87012987012987
21,2025,"Seaweed_1189",0.87012987012987
207,2024,"Seaweed_1190",0.87012987012987
207,2025,"Seaweed_1190",0.87012987012987
209,2024,"Seaweed_1191",0.87012987012987
209,2025,"Seaweed_1191",0.87012987012987
210,2024,"Seaweed_1192",0.87012987012987
210,2025,"Seaweed_1192",0.87012987012987
216,2024,"Seaweed_1193",0.87012987012987
216,2025,"Seaweed_1193",0.87012987012987
69,2024,"Seaweed_1194",0.87012987012987
69,2025,"Seaweed_1194",0.87012987012987
70,2024,"Seaweed_1195",0.87012987012987
70,2025,"Seaweed_1195",0.87012987012987
73,2024,"Seaweed_1196",0.87012987012987
73,2025,"Seaweed_1196",0.87012987012987
74,2024,"Seaweed_1197",0.87012987012987
74,2025,"Seaweed_1197",0.87012987012987
75,2024,"Seaweed_1198",0.87012987012987
75,2025,"Seaweed_1198",0.87012987012987
189,2024,"Seaweed_1199",0.87012987012987
189,2025,"Seaweed_1199",0.87012987012987
224,2024,"Seaweed_1200",0.87012987012987
224,2025,"Seaweed_1200",0.87012987012987
14,2024,"Seaweed_1201",0.87012987012987
14,2025,"Seaweed_1201",0.87012987012987
9,2024,"Seaweed_1202",0.87012987012987
9,2025,"Seaweed_1202",0.87012987012987
18,2024,"Seaweed_1203",0.87012987012987
18,2025,"Seaweed_1203",0.87012987012987
122,2024,"Seaweed_1204",0.87012987012987
122,2025,"Seaweed_1204",0.87012987012987
179,2024,"Seaweed_1205",0.87012987012987
179,2025,"Seaweed_1205",0.87012987012987
212,2024,"Seaweed_1206",0.87012987012987
212,2025,"Seaweed_1206",0.87012987012987
202,2024,"Seaweed_1207",0.87012987012987
202,2025,"Seaweed_1207",0.87012987012987
139,2024,"Seaweed_1208",0.87012987012987
139,2025,"Seaweed_1208",0.87012987012987
42,2024,"Seaweed_1209",0.87012987012987
42,2025,"Seaweed_1209",0.87012987012987
101,2024,"Seaweed_1210",0.87012987012987
101,2025,"Seaweed_1210",0.87012987012987
102,2024,"Seaweed_1211",0.87012987012987
102,2025,"Seaweed_1211",0.87012987012987
138,2024,"Seaweed_1212",0.87012987012987
138,2025,"Seaweed_1212",0.87012987012987
206,2024,"Seaweed_1213",0.87012987012987
206,2025,"Seaweed_1213",0.87012987012987
24,2024,"Seaweed_1214",0.87012987012987
24,2025,"Seaweed_1214",0.87012987012987
203,2024,"Seaweed_1215",0.87012987012987
203,2025,"Seaweed_1215",0.87012987012987
7,2024,"Seaweed_1216",0.87012987012987
7,2025,"Seaweed_1216",0.87012987012987
41,2024,"Seaweed_1217",0.87012987012987
41,2025,"Seaweed_1217",0.87012987012987
182,2024,"Seaweed_1218",0.87012987012987
182,2025,"Seaweed_1218",0.87012987012987
181,2024,"Seaweed_1219",0.87012987012987
181,2025,"Seaweed_1219",0.87012987012987
231,2024,"Seaweed_1220",0.87012987012987
231,2025,"Seaweed_1220",0.87012987012987
155,2024,"Seaweed_1221",0.87012987012987
155,2025,"Seaweed_1221",0.87012987012987
171,2024,"Seaweed_1222",0.87012987012987
171,2025,"Seaweed_1222",0.87012987012987
175,2024,"Seaweed_1223",0.87012987012987
175,2025,"Seaweed_1223",0.87012987012987
205,2024,"Seaweed_1224",0.87012987012987
205,2025,"Seaweed_1224",0.87012987012987
17,2024,"Seaweed_1225",0.87012987012987
17,2025,"Seaweed_1225",0.87012987012987
43,2024,"Seaweed_1226",0.87012987012987
43,2025,"Seaweed_1226",0.87012987012987
164,2024,"Seaweed_1227",0.87012987012987
164,2025,"Seaweed_1227",0.87012987012987
127,2024,"Seaweed_1228",0.87012987012987
127,2025,"Seaweed_1228",0.87012987012987
177,2024,"Seaweed_1229",0.87012987012987
177,2025,"Seaweed_1229",0.87012987012987
119,2024,"Seaweed_1230",0.87012987012987
119,2025,"Seaweed_1230",0.87012987012987
137,2024,"Seaweed_1231",0.87012987012987
137,2025,"Seaweed_1231",0.87012987012987
125,2024,"Seaweed_1232",0.87012987012987
125,2025,"Seaweed_1232",0.87012987012987
135,2024,"Seaweed_1233",0.87012987012987
135,2025,"Seaweed_1233",0.87012987012987
141,2024,"Seaweed_1234",0.87012987012987
141,2025,"Seaweed_1234",0.87012987012987
163,2024,"Seaweed_1235",0.87012987012987
163,2025,"Seaweed_1235",0.87012987012987
223,2024,"Seaweed_1236",0.87012987012987
223,2025,"Seaweed_1236",0.87012987012987
62,2024,"Seaweed_1237",0.87012987012987
62,2025,"Seaweed_1237",0.87012987012987
152,2024,"Seaweed_1238",0.87012987012987
152,2025,"Seaweed_1238",0.87012987012987
204,2024,"Seaweed_1239",0.87012987012987
204,2025,"Seaweed_1239",0.87012987012987
66,2024,"Seaweed_1240",0.87012987012987
66,2025,"Seaweed_1240",0.87012987012987
61,2024,"Seaweed_1241",0.87012987012987
61,2025,"Seaweed_1241",0.87012987012987
145,2024,"Seaweed_1242",0.87012987012987
145,2025,"Seaweed_1242",0.87012987012987
182,2024,"Senegalese sole_1243",0.883116883116883
182,2025,"Senegalese sole_1243",0.883116883116883
81,2024,"Sharpsnout seabream_1244",0.571428571428571
81,2025,"Sharpsnout seabream_1244",0.571428571428571
184,2024,"Sharpsnout seabream_1245",0.571428571428571
184,2025,"Sharpsnout seabream_1245",0.571428571428571
187,2024,"Sharpsnout seabream_1246",0.571428571428571
187,2025,"Sharpsnout seabream_1246",0.571428571428571
188,2024,"Sharpsnout seabream_1247",0.883116883116883
188,2025,"Sharpsnout seabream_1247",0.883116883116883
80,2024,"Sharpsnout seabream_1248",0.571428571428571
80,2025,"Sharpsnout seabream_1248",0.571428571428571
76,2024,"Sharpsnout seabream_1249",0.532467532467532
76,2025,"Sharpsnout seabream_1249",0.532467532467532
81,2024,"Shi drum_1250",0.558441558441558
81,2025,"Shi drum_1250",0.558441558441558
184,2024,"Shi drum_1251",0.558441558441558
184,2025,"Shi drum_1251",0.558441558441558
80,2024,"Shi drum_1252",0.558441558441558
80,2025,"Shi drum_1252",0.558441558441558
76,2024,"Shi drum_1253",0.51948051948052
76,2025,"Shi drum_1253",0.51948051948052
37,2024,"Shoemaker spinefoot_1254",0.766233766233766
37,2025,"Shoemaker spinefoot_1254",0.766233766233766
147,2024,"Sixfinger threadfin_1255",0.766233766233766
147,2025,"Sixfinger threadfin_1255",0.766233766233766
11,2024,"Sixfinger threadfin_1256",0.766233766233766
11,2025,"Sixfinger threadfin_1256",0.766233766233766
102,2024,"Smooth mactra_1257",0.87012987012987
102,2025,"Smooth mactra_1257",0.87012987012987
208,2024,"Snappers nei_1258",0.766233766233766
208,2025,"Snappers nei_1258",0.766233766233766
196,2024,"Snappers nei_1259",0.766233766233766
196,2025,"Snappers nei_1259",0.766233766233766
247,2024,"Snappers nei_1260",0.766233766233766
247,2025,"Snappers nei_1260",0.766233766233766
15,2024,"Snappers nei_1261",0.766233766233766
15,2025,"Snappers nei_1261",0.766233766233766
135,2024,"Snappers nei_1262",0.766233766233766
135,2025,"Snappers nei_1262",0.766233766233766
24,2024,"Snappers nei_1263",0.766233766233766
24,2025,"Snappers nei_1263",0.766233766233766
209,2024,"Snappers nei_1264",0.766233766233766
209,2025,"Snappers nei_1264",0.766233766233766
216,2024,"Snappers nei_1265",0.766233766233766
216,2025,"Snappers nei_1265",0.766233766233766
14,2024,"Snappers, jobfishes nei_1266",0.766233766233766
14,2025,"Snappers, jobfishes nei_1266",0.766233766233766
171,2024,"Snooks(=Robalos) nei_1267",0.766233766233766
171,2025,"Snooks(=Robalos) nei_1267",0.766233766233766
209,2024,"Snubnose pompano_1268",0.883116883116883
209,2025,"Snubnose pompano_1268",0.883116883116883
208,2024,"Snubnose pompano_1269",0.883116883116883
208,2025,"Snubnose pompano_1269",0.883116883116883
15,2024,"Snubnose pompano_1270",0.883116883116883
15,2025,"Snubnose pompano_1270",0.883116883116883
206,2024,"Snubnose pompano_1271",0.883116883116883
206,2025,"Snubnose pompano_1271",0.883116883116883
247,2024,"Snubnose pompano_1272",0.883116883116883
247,2025,"Snubnose pompano_1272",0.883116883116883
216,2024,"Snubnose pompano_1273",0.883116883116883
216,2025,"Snubnose pompano_1273",0.883116883116883
52,2024,"Sobaity seabream_1274",0.883116883116883
52,2025,"Sobaity seabream_1274",0.883116883116883
51,2024,"Sobaity seabream_1275",0.883116883116883
51,2025,"Sobaity seabream_1275",0.883116883116883
54,2024,"Sobaity seabream_1276",0.883116883116883
54,2025,"Sobaity seabream_1276",0.883116883116883
50,2024,"Sobaity seabream_1277",0.883116883116883
50,2025,"Sobaity seabream_1277",0.883116883116883
69,2024,"Sockeye(=Red) salmon_1278",0.883116883116883
69,2025,"Sockeye(=Red) salmon_1278",0.883116883116883
70,2024,"Sockeye(=Red) salmon_1279",0.883116883116883
70,2025,"Sockeye(=Red) salmon_1279",0.883116883116883
73,2024,"Sockeye(=Red) salmon_1280",0.883116883116883
73,2025,"Sockeye(=Red) salmon_1280",0.883116883116883
74,2024,"Sockeye(=Red) salmon_1281",0.883116883116883
74,2025,"Sockeye(=Red) salmon_1281",0.883116883116883
75,2024,"Sockeye(=Red) salmon_1282",0.883116883116883
75,2025,"Sockeye(=Red) salmon_1282",0.883116883116883
189,2024,"Sockeye(=Red) salmon_1283",0.883116883116883
189,2025,"Sockeye(=Red) salmon_1283",0.883116883116883
182,2024,"Soles nei_1284",0.766233766233766
182,2025,"Soles nei_1284",0.766233766233766
177,2024,"Soles nei_1285",0.766233766233766
177,2025,"Soles nei_1285",0.766233766233766
16,2024,"Southern bluefin tuna_1286",0.649350649350649
16,2025,"Southern bluefin tuna_1286",0.649350649350649
208,2024,"Southern red snapper_1287",0.766233766233766
208,2025,"Southern red snapper_1287",0.766233766233766
216,2024,"Speckled blue grouper_1288",0.766233766233766
216,2025,"Speckled blue grouper_1288",0.766233766233766
50,2024,"Spinefeet(=Rabbitfishes) nei_1289",0.766233766233766
50,2025,"Spinefeet(=Rabbitfishes) nei_1289",0.766233766233766
208,2024,"Spinefeet(=Rabbitfishes) nei_1290",0.766233766233766
208,2025,"Spinefeet(=Rabbitfishes) nei_1290",0.766233766233766
15,2024,"Spinefeet(=Rabbitfishes) nei_1291",0.766233766233766
15,2025,"Spinefeet(=Rabbitfishes) nei_1291",0.766233766233766
182,2024,"Spinous spider crab_1292",0.818181818181818
182,2025,"Spinous spider crab_1292",0.818181818181818
210,2024,"Spiny lobsters nei_1293",0.818181818181818
210,2025,"Spiny lobsters nei_1293",0.818181818181818
208,2024,"Spotted coralgrouper_1294",0.766233766233766
208,2025,"Spotted coralgrouper_1294",0.766233766233766
130,2024,"Spotted rose snapper_1295",0.766233766233766
130,2025,"Spotted rose snapper_1295",0.766233766233766
131,2024,"Spotted rose snapper_1296",0.766233766233766
131,2025,"Spotted rose snapper_1296",0.766233766233766
182,2024,"Spotted seabass_1297",0.766233766233766
182,2025,"Spotted seabass_1297",0.766233766233766
216,2024,"Squaretail coralgrouper_1298",0.766233766233766
216,2025,"Squaretail coralgrouper_1298",0.766233766233766
181,2024,"Stony sea urchin_1299",0.818181818181818
181,2025,"Stony sea urchin_1299",0.818181818181818
208,2024,"Streaked spinefoot_1300",0.766233766233766
208,2025,"Streaked spinefoot_1300",0.766233766233766
135,2024,"Striped bass_1301",0.831168831168831
135,2025,"Striped bass_1301",0.831168831168831
79,2024,"Striped bass, hybrid_1302",0.883116883116883
79,2025,"Striped bass, hybrid_1302",0.883116883116883
182,2024,"Striped bass, hybrid_1303",0.883116883116883
182,2025,"Striped bass, hybrid_1303",0.883116883116883
182,2024,"Striped venus_1304",0.87012987012987
182,2025,"Striped venus_1304",0.87012987012987
244,2024,"Stromboid conchs nei_1305",0.909090909090909
244,2025,"Stromboid conchs nei_1305",0.909090909090909
245,2024,"Stromboid conchs nei_1306",0.909090909090909
245,2025,"Stromboid conchs nei_1306",0.909090909090909
250,2024,"Stromboid conchs nei_1307",0.909090909090909
250,2025,"Stromboid conchs nei_1307",0.909090909090909
210,2024,"Tiger pufferfish_1308",0.766233766233766
210,2025,"Tiger pufferfish_1308",0.766233766233766
209,2024,"Tiger pufferfish_1309",0.766233766233766
209,2025,"Tiger pufferfish_1309",0.766233766233766
206,2024,"Tiger-dragon grouper, hybrid_1310",0.766233766233766
206,2025,"Tiger-dragon grouper, hybrid_1310",0.766233766233766
15,2024,"Tropical spiny lobsters nei_1311",0.818181818181818
15,2025,"Tropical spiny lobsters nei_1311",0.818181818181818
112,2024,"Tropical spiny lobsters nei_1312",0.818181818181818
112,2025,"Tropical spiny lobsters nei_1312",0.818181818181818
207,2024,"Tropical spiny lobsters nei_1313",0.818181818181818
207,2025,"Tropical spiny lobsters nei_1313",0.818181818181818
216,2024,"Tropical spiny lobsters nei_1314",0.818181818181818
216,2025,"Tropical spiny lobsters nei_1314",0.818181818181818
247,2024,"Tropical spiny lobsters nei_1315",0.818181818181818
247,2025,"Tropical spiny lobsters nei_1315",0.818181818181818
76,2024,"Trouts nei_1316",0.51948051948052
76,2025,"Trouts nei_1316",0.51948051948052
218,2024,"Trouts nei_1317",0.87012987012987
218,2025,"Trouts nei_1317",0.87012987012987
14,2024,"Trumpet emperor_1318",0.766233766233766
14,2025,"Trumpet emperor_1318",0.766233766233766
179,2024,"Turbot_1319",0.883116883116883
179,2025,"Turbot_1319",0.883116883116883
176,2024,"Turbot_1320",0.883116883116883
176,2025,"Turbot_1320",0.883116883116883
181,2024,"Turbot_1321",0.883116883116883
181,2025,"Turbot_1321",0.883116883116883
183,2024,"Turbot_1322",0.883116883116883
183,2025,"Turbot_1322",0.883116883116883
102,2024,"Turbot_1323",0.883116883116883
102,2025,"Turbot_1323",0.883116883116883
180,2024,"Turbot_1324",0.883116883116883
180,2025,"Turbot_1324",0.883116883116883
143,2024,"Turbot_1325",0.883116883116883
143,2025,"Turbot_1325",0.883116883116883
175,2024,"Turbot_1326",0.883116883116883
175,2025,"Turbot_1326",0.883116883116883
182,2024,"Warty venus_1327",0.87012987012987
182,2025,"Warty venus_1327",0.87012987012987
188,2024,"Warty venus_1328",0.87012987012987
188,2025,"Warty venus_1328",0.87012987012987
80,2024,"White seabream_1329",0.571428571428571
80,2025,"White seabream_1329",0.571428571428571
179,2024,"White seabream_1330",0.571428571428571
179,2025,"White seabream_1330",0.571428571428571
182,2024,"White seabream_1331",0.571428571428571
182,2025,"White seabream_1331",0.571428571428571
183,2024,"White seabream_1332",0.571428571428571
183,2025,"White seabream_1332",0.571428571428571
184,2024,"White seabream_1333",0.571428571428571
184,2025,"White seabream_1333",0.571428571428571
210,2024,"White trevally_1334",0.142857142857143
210,2025,"White trevally_1334",0.142857142857143
216,2024,"White-edged lyretail_1335",0.766233766233766
216,2025,"White-edged lyretail_1335",0.766233766233766
54,2024,"White-spotted spinefoot_1336",0.766233766233766
54,2025,"White-spotted spinefoot_1336",0.766233766233766
52,2024,"White-spotted spinefoot_1337",0.766233766233766
52,2025,"White-spotted spinefoot_1337",0.766233766233766
208,2024,"White-spotted spinefoot_1338",0.766233766233766
208,2025,"White-spotted spinefoot_1338",0.766233766233766
5,2024,"White-spotted spinefoot_1339",0.766233766233766
5,2025,"White-spotted spinefoot_1339",0.766233766233766
182,2024,"Whiteleg shrimp_1340",0.883116883116883
182,2025,"Whiteleg shrimp_1340",0.883116883116883
208,2024,"Whiteleg shrimp_1341",0.883116883116883
208,2025,"Whiteleg shrimp_1341",0.883116883116883
176,2024,"Whiteleg shrimp_1342",0.883116883116883
176,2025,"Whiteleg shrimp_1342",0.883116883116883
71,2024,"Whiteleg shrimp_1343",0.883116883116883
71,2025,"Whiteleg shrimp_1343",0.883116883116883
216,2024,"Whiteleg shrimp_1344",0.493506493506494
216,2025,"Whiteleg shrimp_1344",0.493506493506494
190,2024,"Yellowfin seabream_1345",0.779220779220779
190,2025,"Yellowfin seabream_1345",0.779220779220779
48,2024,"Yellowfin seabream_1346",0.883116883116883
48,2025,"Yellowfin seabream_1346",0.883116883116883
135,2024,"Yellowfin tuna_1347",0.376623376623377
135,2025,"Yellowfin tuna_1347",0.376623376623377
48,2024,"Yellowfin tuna_1348",0.571428571428571
48,2025,"Yellowfin tuna_1348",0.571428571428571
216,2024,"Yellowspotted trevally_1349",0.883116883116883
216,2025,"Yellowspotted trevally_1349",0.883116883116883
20,2024,"[Oplegnathus fasciatus]_1350",0.766233766233766
20,2025,"[Oplegnathus fasciatus]_1350",0.766233766233766
