"rgn_id","year","product","exposure"
5,1984,"ornamentals",1.38153594857421e-05
5,1985,"ornamentals",6.90781525284863e-06
5,1986,"ornamentals",9.21036010942895e-06
5,1987,"ornamentals",1.26641209335041e-05
5,1988,"ornamentals",9.21036010942895e-06
5,1989,"ornamentals",9.21036010942895e-06
5,1990,"ornamentals",5.75653153212749e-06
5,1991,"ornamentals",0
5,1992,"ornamentals",0
5,1993,"ornamentals",0
5,1994,"ornamentals",0
5,1995,"ornamentals",0
5,1996,"ornamentals",0
5,1997,"ornamentals",4.60524028297472e-06
5,1998,"ornamentals",1.0361621245485e-05
5,1999,"ornamentals",1.15128748534642e-05
5,2000,"ornamentals",1.9571439332647e-05
5,2001,"ornamentals",2.30249969129914e-05
5,2002,"ornamentals",2.18738185799759e-05
5,2003,"ornamentals",2.64784867507413e-05
5,2004,"ornamentals",2.41761677190912e-05
5,2005,"ornamentals",2.07226327198678e-05
5,2006,"ornamentals",1.9571439332647e-05
5,2007,"ornamentals",1.84202384181759e-05
5,2008,"ornamentals",1.7269029976317e-05
5,2009,"ornamentals",1.61178140070502e-05
5,2010,"ornamentals",1.9571439332647e-05
5,2011,"ornamentals",2.18738185799759e-05
5,2012,"ornamentals",3.68385498350367e-05
5,2013,"ornamentals",5.06510190456316e-05
5,2014,"ornamentals",6.10096598702317e-05
5,2015,"ornamentals",7.12452332552101e-05
5,2016,"ornamentals",6.69371277307791e-05
5,2017,"ornamentals",5.42769102107133e-05
5,2018,"ornamentals",4.04647254695425e-05
5,2019,"ornamentals",2.66703425660069e-05
5,2020,"ornamentals",1.25489966642546e-05
5,2021,"ornamentals",8.78439158110958e-06
5,2022,"ornamentals",6.32066149597572e-06
6,2003,"ornamentals",0.00301769531834139
6,2004,"ornamentals",0.00356772788678657
6,2005,"ornamentals",0.00392042242027604
6,2006,"ornamentals",0.00294847055745839
6,2007,"ornamentals",0.00219858652250194
6,2008,"ornamentals",0.00116735827667617
6,2009,"ornamentals",0
6,2010,"ornamentals",0
6,2011,"ornamentals",0
6,2012,"ornamentals",0.000112950210184246
6,2013,"ornamentals",0.000278065977527791
6,2014,"ornamentals",0.000669961754842036
6,2015,"ornamentals",0.000805847769325195
6,2016,"ornamentals",0.000737992858561791
6,2017,"ornamentals",0.000683146697677734
6,2018,"ornamentals",0.000306682311213726
6,2019,"ornamentals",0.000170410338674132
6,2020,"ornamentals",0.00012561463176455
6,2021,"ornamentals",1.55046464405956e-05
6,2022,"ornamentals",7.71409242016482e-08
7,1996,"ornamentals",0.000147100638554601
7,1997,"ornamentals",0.000109569521426293
7,1998,"ornamentals",0.000109064081225001
7,1999,"ornamentals",0.00011715465437873
7,2000,"ornamentals",8.50637535051425e-05
7,2001,"ornamentals",0.000197766496958957
7,2002,"ornamentals",0.000272106942706322
7,2003,"ornamentals",0.000370189588374319
7,2004,"ornamentals",0.000562970095576923
7,2005,"ornamentals",0.000684151473657868
7,2006,"ornamentals",0.000935409073023745
7,2007,"ornamentals",0.00104860411178924
7,2008,"ornamentals",0.00102154235295774
7,2009,"ornamentals",0.000888633354204243
7,2010,"ornamentals",0.000639774651409484
7,2011,"ornamentals",0.000393032858801769
7,2012,"ornamentals",0.000222579179999345
7,2013,"ornamentals",0.000103905302190504
7,2014,"ornamentals",0
7,2015,"ornamentals",0
7,2016,"ornamentals",0
7,2017,"ornamentals",0
7,2018,"ornamentals",0
7,2019,"ornamentals",0
7,2020,"ornamentals",0
7,2021,"ornamentals",0
7,2022,"ornamentals",0
8,1995,"ornamentals",0
8,1996,"ornamentals",0
8,1997,"ornamentals",0
8,1998,"ornamentals",0
8,1999,"ornamentals",0
8,2000,"ornamentals",0
8,2001,"ornamentals",0
8,2002,"ornamentals",4.14895886104852e-05
8,2003,"ornamentals",0.000215434866852907
8,2004,"ornamentals",0.000334530825738494
8,2005,"ornamentals",0.000360308675438354
8,2006,"ornamentals",0.000343420305647235
8,2007,"ornamentals",0.000186951603371609
8,2008,"ornamentals",6.77557392528742e-05
8,2009,"ornamentals",4.19350168552491e-05
8,2010,"ornamentals",1.73668328129313e-05
8,2011,"ornamentals",0
8,2012,"ornamentals",0
8,2013,"ornamentals",3.53927908470628e-05
8,2014,"ornamentals",3.53927908470628e-05
8,2015,"ornamentals",7.0428034219187e-05
8,2016,"ornamentals",0.000102516648884998
8,2017,"ornamentals",9.92265648194097e-05
8,2018,"ornamentals",0.000195459130994147
8,2019,"ornamentals",0.000241259552641685
8,2020,"ornamentals",0.00030681089836886
8,2021,"ornamentals",0.000442804165657459
8,2022,"ornamentals",0.000480588119333545
9,1991,"ornamentals",2.46575443091491e-05
9,1992,"ornamentals",2.46308066831798e-05
9,1993,"ornamentals",1.6420920653171e-05
9,1994,"ornamentals",1.23158340707031e-05
9,1995,"ornamentals",6.15133961663355e-06
9,1996,"ornamentals",5.16658746774019e-06
9,1997,"ornamentals",1.00535828005724e-05
9,1998,"ornamentals",1.36451535294147e-05
9,1999,"ornamentals",4.23750820686867e-05
9,2000,"ornamentals",5.51639380364155e-05
9,2001,"ornamentals",5.74596220062687e-05
9,2002,"ornamentals",5.82000950725763e-05
9,2003,"ornamentals",3.48996066342391e-05
9,2004,"ornamentals",2.20910107088807e-05
9,2005,"ornamentals",1.92888271812803e-05
9,2006,"ornamentals",1.49567197351898e-05
9,2007,"ornamentals",9.52924732290807e-06
9,2008,"ornamentals",8.76624151514677e-06
9,2009,"ornamentals",8.97883408182719e-06
9,2010,"ornamentals",1.3691918304424e-05
9,2011,"ornamentals",2.38899578452145e-05
9,2012,"ornamentals",3.27932710490795e-05
9,2013,"ornamentals",4.12527617996777e-05
9,2014,"ornamentals",4.38151724552799e-05
9,2015,"ornamentals",3.91062934275932e-05
9,2016,"ornamentals",3.32001312145979e-05
9,2017,"ornamentals",2.69390441467284e-05
9,2018,"ornamentals",2.87922178760965e-05
9,2019,"ornamentals",2.34834567129714e-05
9,2020,"ornamentals",2.12589947365936e-05
9,2021,"ornamentals",2.52024905779797e-05
9,2022,"ornamentals",2.72011205308884e-05
11,1981,"ornamentals",0.000227994199860118
11,1982,"ornamentals",0.000114034005721501
11,1983,"ornamentals",7.60308764889626e-05
11,1984,"ornamentals",5.7026235284062e-05
11,1985,"ornamentals",0
11,1986,"ornamentals",0
11,1987,"ornamentals",0
11,1988,"ornamentals",6.43294808672122e-05
11,1989,"ornamentals",0.000188280042555763
11,1990,"ornamentals",0.000282269844684575
11,1991,"ornamentals",0.000282269844684575
11,1992,"ornamentals",0.000218019960530633
11,1993,"ornamentals",9.40903419624216e-05
11,1994,"ornamentals",0
11,1995,"ornamentals",0.000256865685573813
11,1996,"ornamentals",0.000399707296832439
11,1997,"ornamentals",0.000446123252518908
11,1998,"ornamentals",0.000466035995442947
11,1999,"ornamentals",0.000217430697639594
11,2000,"ornamentals",8.38454431753015e-05
11,2001,"ornamentals",7.33811927917951e-05
11,2002,"ornamentals",8.41927287412938e-05
11,2003,"ornamentals",0.000107319590078674
11,2004,"ornamentals",0.000170405214019167
11,2005,"ornamentals",0.00024163325219384
11,2006,"ornamentals",0.000401916973073982
11,2007,"ornamentals",0.00056621235877574
11,2008,"ornamentals",0.000772693165291792
11,2009,"ornamentals",0.0010904426492383
11,2010,"ornamentals",0.0014473008097726
11,2011,"ornamentals",0.00159558821661506
11,2012,"ornamentals",0.00133326032678309
11,2013,"ornamentals",0.000918647841908657
11,2014,"ornamentals",0.000377650637385542
11,2015,"ornamentals",3.93731018105535e-05
11,2016,"ornamentals",3.14161812113351e-05
11,2017,"ornamentals",3.22295577335356e-05
11,2018,"ornamentals",3.92380812020636e-05
11,2019,"ornamentals",3.34285439550798e-05
11,2020,"ornamentals",2.65190382489715e-05
11,2021,"ornamentals",4.14564014658534e-05
11,2022,"ornamentals",4.84077860512357e-05
14,1976,"ornamentals",0.00214356205395925
14,1977,"ornamentals",0.00169104281079568
14,1978,"ornamentals",0.00160471664412759
14,1979,"ornamentals",0.00446853725723215
14,1980,"ornamentals",0.00481862488416228
14,1981,"ornamentals",0.00458000430307319
14,1982,"ornamentals",0.0046277542990625
14,1983,"ornamentals",0.00148054857687881
14,1984,"ornamentals",0.00109128142765606
14,1985,"ornamentals",0.00143193722465029
14,1986,"ornamentals",0.00139952219831355
14,1987,"ornamentals",0.00149674937877932
14,1988,"ornamentals",0.00110751808716993
14,1989,"ornamentals",0.00149236799698049
14,1990,"ornamentals",0.0020314299562142
14,1991,"ornamentals",0.00201527828224705
14,1992,"ornamentals",0.00214445020428357
14,1993,"ornamentals",0.00176102458854156
14,1994,"ornamentals",0.00148054857687881
14,1995,"ornamentals",0.00215970196411413
14,1996,"ornamentals",0.00286839719581422
14,1997,"ornamentals",0.00370228476355067
14,1998,"ornamentals",0.00435699959508663
14,1999,"ornamentals",0.00459592240738109
14,2000,"ornamentals",0.00511641941006632
14,2001,"ornamentals",0.00483052026008557
14,2002,"ornamentals",0.0047669240184561
14,2003,"ornamentals",0.00511641941006632
14,2004,"ornamentals",0.00559535631926545
14,2005,"ornamentals",0.00641645738451442
14,2006,"ornamentals",0.00691985355654062
14,2007,"ornamentals",0.00732780578034467
14,2008,"ornamentals",0.00868655108835214
14,2009,"ornamentals",0.00857765467210723
14,2010,"ornamentals",0.0084842612483614
14,2011,"ornamentals",0.00803215998207393
14,2012,"ornamentals",0.00646422572562538
14,2013,"ornamentals",0.00706168680453165
14,2014,"ornamentals",0.00586473026295845
14,2015,"ornamentals",0.00500928876738323
14,2016,"ornamentals",0.00387817907726796
14,2017,"ornamentals",0.00243385430245433
14,2018,"ornamentals",0.00288447079829517
14,2019,"ornamentals",0.0031024446396805
14,2020,"ornamentals",0.00302489165882314
14,2021,"ornamentals",0.00259154030383263
14,2022,"ornamentals",0.00207656561113393
15,1991,"ornamentals",0.00577014166313825
15,1992,"ornamentals",0.00610975269451449
15,1993,"ornamentals",0.00648875848642164
15,1994,"ornamentals",0.00678005008763259
15,1995,"ornamentals",0.00730624355819514
15,1996,"ornamentals",0.00754462937989431
15,1997,"ornamentals",0.0075352810814098
15,1998,"ornamentals",0.0073029219824399
15,1999,"ornamentals",0.00704878669470932
15,2000,"ornamentals",0.00696832978983469
15,2001,"ornamentals",0.00687724208558588
15,2002,"ornamentals",0.00693504738835206
15,2003,"ornamentals",0.00704183134660722
15,2004,"ornamentals",0.00740435275742303
15,2005,"ornamentals",0.00775287722861794
15,2006,"ornamentals",0.00806223224850378
15,2007,"ornamentals",0.00831911314612353
15,2008,"ornamentals",0.00816893590537744
15,2009,"ornamentals",0.00782514884328579
15,2010,"ornamentals",0.00737477481720461
15,2011,"ornamentals",0.00699313621471764
15,2012,"ornamentals",0.00687451780723385
15,2013,"ornamentals",0.00698012840337755
15,2014,"ornamentals",0.00721563267029051
15,2015,"ornamentals",0.00733190816715591
15,2016,"ornamentals",0.00747827587570559
15,2017,"ornamentals",0.00747646588432868
15,2018,"ornamentals",0.00728570917705118
15,2019,"ornamentals",0.00705464107039449
15,2020,"ornamentals",0.00622261042911797
15,2021,"ornamentals",0.00658107824763761
15,2022,"ornamentals",0.00736497376485533
16,1989,"ornamentals",7.17940430693853e-05
16,1990,"ornamentals",6.725022635042e-05
16,1991,"ornamentals",7.45860532112988e-05
16,1992,"ornamentals",8.21531576548447e-05
16,1993,"ornamentals",0.000103633831627484
16,1994,"ornamentals",0.000142568839376709
16,1995,"ornamentals",0.000176834492272264
16,1996,"ornamentals",0.000274583854372275
16,1997,"ornamentals",0.000341672038366468
16,1998,"ornamentals",0.000330173178542263
16,1999,"ornamentals",0.000328530422972881
16,2000,"ornamentals",0.00026346497755417
16,2001,"ornamentals",0.000223362171690703
16,2002,"ornamentals",0.000206595176212093
16,2003,"ornamentals",0.000223762689105015
16,2004,"ornamentals",0.000252005628253855
16,2005,"ornamentals",0.000261817633528673
16,2006,"ornamentals",0.000300976206419007
16,2007,"ornamentals",0.000319397336702266
16,2008,"ornamentals",0.000359263572615126
16,2009,"ornamentals",0.000411481296167788
16,2010,"ornamentals",0.000464183164923223
16,2011,"ornamentals",0.000492692225822026
16,2012,"ornamentals",0.000505259915787934
16,2013,"ornamentals",0.000509458438829612
16,2014,"ornamentals",0.000494355649803479
16,2015,"ornamentals",0.000459131137472142
16,2016,"ornamentals",0.000412457602532071
16,2017,"ornamentals",0.000378330515716884
16,2018,"ornamentals",0.00039260738153655
16,2019,"ornamentals",0.000415207137983924
16,2020,"ornamentals",0.000387711399865413
16,2021,"ornamentals",0.000368357811482088
16,2022,"ornamentals",0.000355858207213864
17,1998,"ornamentals",3.08847627081848e-05
17,1999,"ornamentals",1.76490992356472e-05
17,2000,"ornamentals",1.17662627349698e-05
17,2001,"ornamentals",8.82477077042172e-06
17,2002,"ornamentals",2.37449090882982e-06
17,2003,"ornamentals",1.27137833830961e-06
17,2004,"ornamentals",1.27137833830961e-06
17,2005,"ornamentals",1.27137833830961e-06
17,2006,"ornamentals",0
17,2007,"ornamentals",1.1030465259165e-05
17,2008,"ornamentals",1.98831648369557e-05
17,2009,"ornamentals",3.06869755175005e-05
17,2010,"ornamentals",7.49899606458173e-05
17,2011,"ornamentals",0.000103657065749939
17,2012,"ornamentals",9.48085775964408e-05
17,2013,"ornamentals",8.40087010803518e-05
17,2014,"ornamentals",3.97079856043716e-05
17,2015,"ornamentals",0
17,2016,"ornamentals",0
17,2017,"ornamentals",0
17,2018,"ornamentals",0
17,2019,"ornamentals",3.42707267785503e-05
17,2020,"ornamentals",3.42927849629102e-05
17,2021,"ornamentals",3.43148431445065e-05
17,2022,"ornamentals",3.59581699012777e-05
18,1989,"ornamentals",0.000119977637039662
18,1990,"ornamentals",0.000204608938844023
18,1991,"ornamentals",0.000262861614690711
18,1992,"ornamentals",0.000197182994638289
18,1993,"ornamentals",0.000167209397320803
18,1994,"ornamentals",9.49039333407982e-05
18,1995,"ornamentals",0
18,1996,"ornamentals",0
18,1997,"ornamentals",0
18,1998,"ornamentals",7.61071636135321e-05
18,1999,"ornamentals",0.000152861863917556
18,2000,"ornamentals",0.000463848353964246
18,2001,"ornamentals",0.000829335208568082
18,2002,"ornamentals",0.00114972511520641
18,2003,"ornamentals",0.00141732710449341
18,2004,"ornamentals",0.00152837208651083
18,2005,"ornamentals",0.00136128971110471
18,2006,"ornamentals",0.0011064572076585
18,2007,"ornamentals",0.000945237693774372
18,2008,"ornamentals",0.00071018763224775
18,2009,"ornamentals",0.00066784527506824
18,2010,"ornamentals",0.00080111086990209
18,2011,"ornamentals",0.000829318881640504
18,2012,"ornamentals",0.000754087471542991
18,2013,"ornamentals",0.000744681284568923
18,2014,"ornamentals",0.000619217414802769
18,2015,"ornamentals",0.000561160123282584
18,2016,"ornamentals",0.00057842239901298
18,2017,"ornamentals",0.000553313074769556
18,2018,"ornamentals",0.000520351651282707
18,2019,"ornamentals",0.00060682300585266
18,2020,"ornamentals",0.000741937718704423
18,2021,"ornamentals",0.000956230353740614
18,2022,"ornamentals",0.00118296133354868
24,2000,"ornamentals",0.32964712861219
24,2001,"ornamentals",0.356819576051909
24,2002,"ornamentals",0.362988564909822
24,2003,"ornamentals",0.348185072889637
24,2004,"ornamentals",0.328370083336726
24,2005,"ornamentals",0.28573168960698
24,2006,"ornamentals",0.219899805288268
24,2007,"ornamentals",0.185979743020126
24,2008,"ornamentals",0.148516596962748
24,2009,"ornamentals",0.121647840858544
24,2010,"ornamentals",0.175470044271478
24,2011,"ornamentals",0.18387445343004
24,2012,"ornamentals",0.182812292320824
24,2013,"ornamentals",0.169826864011328
24,2014,"ornamentals",0.0871975951708678
24,2015,"ornamentals",0.00664372873186764
24,2016,"ornamentals",0
24,2017,"ornamentals",0
24,2018,"ornamentals",0
24,2019,"ornamentals",0
24,2020,"ornamentals",0
24,2021,"ornamentals",0
24,2022,"ornamentals",0
25,1976,"ornamentals",0.0012712555200012
25,1977,"ornamentals",0.00148058155508252
25,1978,"ornamentals",0.00149054325641121
25,1979,"ornamentals",0.00148556247620223
25,1980,"ornamentals",0.00158266228333198
25,1981,"ornamentals",0.00154034331016584
25,1982,"ornamentals",0.00161003972893385
25,1983,"ornamentals",0.0016548300045472
25,1984,"ornamentals",0.00190345758512094
25,1985,"ornamentals",0.00228565868639232
25,1986,"ornamentals",0.00292164590675115
25,1987,"ornamentals",0.00404446647153
25,1988,"ornamentals",0.00361686623830445
25,1989,"ornamentals",0.00296610378879269
25,1990,"ornamentals",0.00201522555111369
25,1991,"ornamentals",0.000594228180583896
25,1992,"ornamentals",0.000571699150237978
25,1993,"ornamentals",0.000746849002746941
25,1994,"ornamentals",0.00104670110437089
25,1995,"ornamentals",0.00145069306879315
25,1996,"ornamentals",0.00247892498030168
25,1997,"ornamentals",0.00436571150974372
25,1998,"ornamentals",0.00599233504405085
25,1999,"ornamentals",0.00694134683341835
25,2000,"ornamentals",0.00750301341788626
25,2001,"ornamentals",0.00755835985677601
25,2002,"ornamentals",0.00930126421807836
25,2003,"ornamentals",0.0117145824134681
25,2004,"ornamentals",0.014301474875568
25,2005,"ornamentals",0.0162313170913567
25,2006,"ornamentals",0.0161167628842069
25,2007,"ornamentals",0.0144658044802898
25,2008,"ornamentals",0.0152989751890915
25,2009,"ornamentals",0.0135193892642631
25,2010,"ornamentals",0.012581889501011
25,2011,"ornamentals",0.0139445136323894
25,2012,"ornamentals",0.0115735345480899
25,2013,"ornamentals",0.0110671830859383
25,2014,"ornamentals",0.0105995770970196
25,2015,"ornamentals",0.00945366468949754
25,2016,"ornamentals",0.00933461309546377
25,2017,"ornamentals",0.00950602189859978
25,2018,"ornamentals",0.0088528233982654
25,2019,"ornamentals",0.0078753280335469
25,2020,"ornamentals",0.00619615003581057
25,2021,"ornamentals",0.00539437794934815
25,2022,"ornamentals",0.00384119096641432
29,1996,"ornamentals",0.00352602740926588
29,1997,"ornamentals",0.00177184066275133
29,1998,"ornamentals",0.00118320615794054
29,1999,"ornamentals",0.00088814925122539
29,2000,"ornamentals",0
29,2001,"ornamentals",0.000782008977854308
29,2002,"ornamentals",0.00153697879156815
29,2003,"ornamentals",0.00153697879156815
29,2004,"ornamentals",0.00153697879156815
29,2005,"ornamentals",0.000758323389861789
29,2006,"ornamentals",0.00417121124809713
29,2007,"ornamentals",0.00586045267552922
29,2008,"ornamentals",0.00681850609845307
29,2009,"ornamentals",0.00681850609845307
29,2010,"ornamentals",0.00271027701058093
29,2011,"ornamentals",0.000990389324823957
29,2012,"ornamentals",0
29,2013,"ornamentals",0
29,2014,"ornamentals",0
29,2015,"ornamentals",0
29,2016,"ornamentals",0
29,2017,"ornamentals",0
29,2018,"ornamentals",0
29,2019,"ornamentals",0
29,2020,"ornamentals",0
29,2021,"ornamentals",0
29,2022,"ornamentals",0
37,1992,"ornamentals",0.000491573475290076
37,1993,"ornamentals",0.000491573475290076
37,1994,"ornamentals",0.000491573475290076
37,1995,"ornamentals",0.000438970489802032
37,1996,"ornamentals",0.000438970489802032
37,1997,"ornamentals",0.000421432668155449
37,1998,"ornamentals",0.000421432668155449
37,1999,"ornamentals",0.000526633402883721
37,2000,"ornamentals",0.000544160748903858
37,2001,"ornamentals",0.000614252689245425
37,2002,"ornamentals",0.000754352912152182
37,2003,"ornamentals",0.000649288198032591
37,2004,"ornamentals",0.000561686350202861
37,2005,"ornamentals",0.000438970489802032
37,2006,"ornamentals",0.000228401241150801
37,2007,"ornamentals",0.000193281868789931
37,2008,"ornamentals",0.000175719555250286
37,2009,"ornamentals",0.000175719555250286
37,2010,"ornamentals",0.000158155489671803
37,2011,"ornamentals",0.000175719555250286
37,2012,"ornamentals",0.000158155489671803
37,2013,"ornamentals",0.000105452777207005
37,2014,"ornamentals",7.03088689575832e-05
37,2015,"ornamentals",3.51579441559878e-05
37,2016,"ornamentals",0.000175719555250286
37,2017,"ornamentals",0.000281067168135207
37,2018,"ornamentals",0.000438970489802032
37,2019,"ornamentals",0.000514363222374473
37,2020,"ornamentals",0.000374071821683485
37,2021,"ornamentals",0.000287210500198343
37,2022,"ornamentals",0.000158682437134671
39,1980,"ornamentals",0.00387433995165359
39,1981,"ornamentals",0.00383196553301612
39,1982,"ornamentals",0.00378862258154886
39,1983,"ornamentals",0.00374338604120087
39,1984,"ornamentals",0.00365301508720997
39,1985,"ornamentals",0.00356485954071812
39,1986,"ornamentals",0.0034795399097726
39,1987,"ornamentals",0.00339366436704029
39,1988,"ornamentals",0.0033172189367448
39,1989,"ornamentals",0.00323332423719439
39,1990,"ornamentals",0.00314444296918371
39,1991,"ornamentals",0.00307809581809854
39,1992,"ornamentals",0.00299945042870852
39,1993,"ornamentals",0.00292871504013809
39,1994,"ornamentals",0.00288643843066227
39,1995,"ornamentals",0.00279934372508842
39,1996,"ornamentals",0.00272697838986258
39,1997,"ornamentals",0.00265013952867853
39,1998,"ornamentals",0.00252714917347896
39,1999,"ornamentals",0.00242777030203807
39,2000,"ornamentals",0.00232926710602244
39,2001,"ornamentals",0.0022426213624763
39,2002,"ornamentals",0.00217323919880489
39,2003,"ornamentals",0.00210797627181121
39,2004,"ornamentals",0.00203262976576191
39,2005,"ornamentals",0.00195216706457928
39,2006,"ornamentals",0.00187934880975002
39,2007,"ornamentals",0.00179196205983993
39,2008,"ornamentals",0.00169902505753782
39,2009,"ornamentals",0.00159813787318034
39,2010,"ornamentals",0.0017383693255268
39,2011,"ornamentals",0.00187276299669238
39,2012,"ornamentals",0.00149078244443933
39,2013,"ornamentals",0.00160817634603434
39,2014,"ornamentals",0.00156063661896557
39,2015,"ornamentals",0.0017591995734257
39,2016,"ornamentals",0.00241270399987905
39,2017,"ornamentals",0.00259174005470708
39,2018,"ornamentals",0.00273348849310094
39,2019,"ornamentals",0.00247979628819882
39,2020,"ornamentals",0.00230017271843364
39,2021,"ornamentals",0.00216262713581565
39,2022,"ornamentals",0.00205244212879565
40,1990,"ornamentals",0.0121931317057693
40,1991,"ornamentals",0.0107372216569971
40,1992,"ornamentals",0.0105238919498192
40,1993,"ornamentals",0.0146900245319958
40,1994,"ornamentals",0.0134572511593083
40,1995,"ornamentals",0.0155811962047667
40,1996,"ornamentals",0.0233412511612395
40,1997,"ornamentals",0.0346647996467248
40,1998,"ornamentals",0.0526205206457041
40,1999,"ornamentals",0.0660336298887561
40,2000,"ornamentals",0.0749638438468639
40,2001,"ornamentals",0.0736903949063629
40,2002,"ornamentals",0.0674131429543968
40,2003,"ornamentals",0.0626644118327459
40,2004,"ornamentals",0.0585517628582533
40,2005,"ornamentals",0.0598008622599028
40,2006,"ornamentals",0.0638678794597925
40,2007,"ornamentals",0.0647441027421245
40,2008,"ornamentals",0.0637157817469936
40,2009,"ornamentals",0.0639860869059434
40,2010,"ornamentals",0.0607319053030485
40,2011,"ornamentals",0.0633942544274114
40,2012,"ornamentals",0.0598699975103006
40,2013,"ornamentals",0.0451536324827255
40,2014,"ornamentals",0.0326190639944017
40,2015,"ornamentals",0.0150247427486235
40,2016,"ornamentals",0.00901561324139836
40,2017,"ornamentals",0.012826325978914
40,2018,"ornamentals",0.0163794120502337
40,2019,"ornamentals",0.0199363707357746
40,2020,"ornamentals",0.018502921821937
40,2021,"ornamentals",0.0261331770207015
40,2022,"ornamentals",0.0260412693601557
41,2004,"ornamentals",0.000115505524512656
41,2005,"ornamentals",0.00011347219122383
41,2006,"ornamentals",7.56562528350324e-05
41,2007,"ornamentals",5.67452372880714e-05
41,2008,"ornamentals",5.32031222169906e-05
41,2009,"ornamentals",2.53408104183773e-05
41,2010,"ornamentals",2.53408104183773e-05
41,2011,"ornamentals",2.53408104183773e-05
41,2012,"ornamentals",0
41,2013,"ornamentals",2.65431425793681e-05
41,2014,"ornamentals",6.36968206630437e-05
41,2015,"ornamentals",6.90038489824356e-05
41,2016,"ornamentals",6.90038489824356e-05
41,2017,"ornamentals",4.24671075361938e-05
41,2018,"ornamentals",5.30894865939326e-06
41,2019,"ornamentals",0
41,2020,"ornamentals",0
41,2021,"ornamentals",0
41,2022,"ornamentals",0
42,2000,"ornamentals",0
42,2001,"ornamentals",8.12914554189433e-05
42,2002,"ornamentals",0.000106709689423428
42,2003,"ornamentals",8.00383298510151e-05
42,2004,"ornamentals",8.00383298510151e-05
42,2005,"ornamentals",3.93970046122416e-05
42,2006,"ornamentals",3.30868531365432e-05
42,2007,"ornamentals",3.30868531365432e-05
42,2008,"ornamentals",3.30868531365432e-05
42,2009,"ornamentals",3.30868531365432e-05
42,2010,"ornamentals",3.45550277157408e-05
42,2011,"ornamentals",6.46096536133695e-05
42,2012,"ornamentals",6.83415604373667e-05
42,2013,"ornamentals",7.48814589470268e-05
42,2014,"ornamentals",4.68752847848249e-05
42,2015,"ornamentals",2.33594437606413e-05
42,2016,"ornamentals",2.61682916092796e-05
42,2017,"ornamentals",2.66426196089922e-05
42,2018,"ornamentals",2.38337793277949e-05
42,2019,"ornamentals",2.39646127489001e-05
42,2020,"ornamentals",1.74228225912809e-05
42,2021,"ornamentals",1.04718406014168e-05
42,2022,"ornamentals",8.89765554985807e-06
43,2003,"ornamentals",0.00872640479190601
43,2004,"ornamentals",0.00934225925729113
43,2005,"ornamentals",0.00777789066454189
43,2006,"ornamentals",0.00723950490421651
43,2007,"ornamentals",0.00555159377743913
43,2008,"ornamentals",0.00620992789770182
43,2009,"ornamentals",0.00820122937849912
43,2010,"ornamentals",0.00869555544735644
43,2011,"ornamentals",0.00961869250095187
43,2012,"ornamentals",0.00730171042667567
43,2013,"ornamentals",0.00520576714657346
43,2014,"ornamentals",0.00451206932569127
43,2015,"ornamentals",0.0036569602609842
43,2016,"ornamentals",0.00403752156327395
43,2017,"ornamentals",0.00435402881533128
43,2018,"ornamentals",0.00460682558173245
43,2019,"ornamentals",0.00714802286710539
43,2020,"ornamentals",0.0183287953213004
43,2021,"ornamentals",0.0313983226249667
43,2022,"ornamentals",0.0419817775120225
44,2019,"ornamentals",0.0001995064044481
44,2020,"ornamentals",0.00104399350484427
44,2021,"ornamentals",0.00287927867564078
44,2022,"ornamentals",0.00296465416179332
45,1995,"ornamentals",0.000687771392000317
45,1996,"ornamentals",0.000372135807901385
45,1997,"ornamentals",0.000285416264798981
45,1998,"ornamentals",0.000324127274955975
45,1999,"ornamentals",0.000247010490011148
45,2000,"ornamentals",0.000233043985472621
45,2001,"ornamentals",0.000205107652165484
45,2002,"ornamentals",9.50115171020909e-05
45,2003,"ornamentals",0
45,2004,"ornamentals",0
45,2005,"ornamentals",0
45,2006,"ornamentals",0
45,2007,"ornamentals",0
45,2008,"ornamentals",4.19516764786044e-05
45,2009,"ornamentals",5.59333475510692e-05
45,2010,"ornamentals",0.000125612823712565
45,2011,"ornamentals",0.000187050197395478
45,2012,"ornamentals",0.00014513308475817
45,2013,"ornamentals",0.000131158495863471
45,2014,"ornamentals",6.14812149071197e-05
45,2015,"ornamentals",0
45,2016,"ornamentals",0
45,2017,"ornamentals",0
45,2018,"ornamentals",0
45,2019,"ornamentals",0
45,2020,"ornamentals",0
45,2021,"ornamentals",0
45,2022,"ornamentals",0
46,2015,"ornamentals",0.00932487458724803
46,2016,"ornamentals",0.0387596471860151
46,2017,"ornamentals",0.060499882171102
46,2018,"ornamentals",0.0681010842563901
46,2019,"ornamentals",0.0786207090263923
46,2020,"ornamentals",0.0807932552768726
46,2021,"ornamentals",0.0763493264229165
46,2022,"ornamentals",0.0692467421286557
47,2004,"ornamentals",0.000277297954831977
47,2005,"ornamentals",0.000692427701539811
47,2006,"ornamentals",0.00052341890756635
47,2007,"ornamentals",0.000415783323777135
47,2008,"ornamentals",0.000554159849026798
47,2009,"ornamentals",0.000311929510529216
47,2010,"ornamentals",0.000738492865704178
47,2011,"ornamentals",0.000968638070179853
47,2012,"ornamentals",0.000773033831006574
47,2013,"ornamentals",0.000738492865704178
47,2014,"ornamentals",0.000392709992165763
47,2015,"ornamentals",0.000138703570828781
47,2016,"ornamentals",0.000138703570828781
47,2017,"ornamentals",0.00017118440565114
47,2018,"ornamentals",6.92808827689256e-05
47,2019,"ornamentals",6.92808827689256e-05
47,2020,"ornamentals",5.77218674762567e-05
47,2021,"ornamentals",2.52200916905924e-05
47,2022,"ornamentals",0
48,1995,"ornamentals",0
48,1996,"ornamentals",0
48,1997,"ornamentals",5.44675402234775e-05
48,1998,"ornamentals",6.80817927978877e-05
48,1999,"ornamentals",8.16949927053941e-05
48,2000,"ornamentals",0.000100499283483225
48,2001,"ornamentals",0.000100499283483225
48,2002,"ornamentals",0.000100499283483225
48,2003,"ornamentals",0.000331738098758273
48,2004,"ornamentals",0.000312958490678438
48,2005,"ornamentals",0.000272169352470343
48,2006,"ornamentals",0.000244971342788917
48,2007,"ornamentals",0
48,2008,"ornamentals",0
48,2009,"ornamentals",0
48,2010,"ornamentals",0
48,2011,"ornamentals",0
48,2012,"ornamentals",0
48,2013,"ornamentals",0
48,2014,"ornamentals",0
48,2015,"ornamentals",0
48,2016,"ornamentals",0
48,2017,"ornamentals",0
48,2018,"ornamentals",0
48,2019,"ornamentals",0
48,2020,"ornamentals",0
48,2021,"ornamentals",0
48,2022,"ornamentals",0
49,2016,"ornamentals",0.00070697951797085
49,2017,"ornamentals",0.00066988698688462
49,2018,"ornamentals",0.000446874407531287
49,2019,"ornamentals",0.000335262096380616
49,2020,"ornamentals",0.000158410005054584
49,2021,"ornamentals",2.82688933410121e-05
49,2022,"ornamentals",0.00024439521869128
50,1993,"ornamentals",8.02322189172449e-05
50,1994,"ornamentals",4.01206797570659e-05
50,1995,"ornamentals",3.56632779144064e-05
50,1996,"ornamentals",2.67481356656151e-05
50,1997,"ornamentals",6.68741489998651e-06
50,1998,"ornamentals",0.000129245026363672
50,1999,"ornamentals",0.000354083426410972
50,2000,"ornamentals",0.000371880142463708
50,2001,"ornamentals",0.000545303913345858
50,2002,"ornamentals",0.000598630724457623
50,2003,"ornamentals",0.000589744044201637
50,2004,"ornamentals",0.00103574560930496
50,2005,"ornamentals",0.00121294481741183
50,2006,"ornamentals",0.00148062020749392
50,2007,"ornamentals",0.00133687823328769
50,2008,"ornamentals",0.000975900600953513
50,2009,"ornamentals",0.000709676397346656
50,2010,"ornamentals",0.000265072852041324
50,2011,"ornamentals",0.000187151667640148
50,2012,"ornamentals",8.46884925482504e-05
50,2013,"ornamentals",0
50,2014,"ornamentals",0
50,2015,"ornamentals",0
50,2016,"ornamentals",0
50,2017,"ornamentals",0
50,2018,"ornamentals",0
50,2019,"ornamentals",0
50,2020,"ornamentals",0
50,2021,"ornamentals",0
50,2022,"ornamentals",0
52,1994,"ornamentals",0.000838067087603891
52,1995,"ornamentals",0.00208773496304924
52,1996,"ornamentals",0.00250232754140937
52,1997,"ornamentals",0.00208773496304924
52,1998,"ornamentals",0.00221675661584774
52,1999,"ornamentals",0.00159348915517353
52,2000,"ornamentals",0.000759018762761751
52,2001,"ornamentals",0.000549781710520023
52,2002,"ornamentals",0.000209891063516026
52,2003,"ornamentals",0
52,2004,"ornamentals",0
52,2005,"ornamentals",0
52,2006,"ornamentals",0
52,2007,"ornamentals",0
52,2008,"ornamentals",0
52,2009,"ornamentals",0
52,2010,"ornamentals",0
52,2011,"ornamentals",0
52,2012,"ornamentals",0
52,2013,"ornamentals",0.000253193796886552
52,2014,"ornamentals",0.000253193796886552
52,2015,"ornamentals",0.000253193796886552
52,2016,"ornamentals",0.000253193796886552
52,2017,"ornamentals",0.000383720582252582
52,2018,"ornamentals",0.000383720582252582
52,2019,"ornamentals",0.00288063874904249
52,2020,"ornamentals",0.00288063874904249
52,2021,"ornamentals",0.00254373315369009
52,2022,"ornamentals",0.00258512903058331
54,1995,"ornamentals",0.0022972398554754
54,1996,"ornamentals",0.00659696378926771
54,1997,"ornamentals",0.00494589454172159
54,1998,"ornamentals",0.0045627725217015
54,1999,"ornamentals",0.00399858521803987
54,2000,"ornamentals",0.00125685611927486
54,2001,"ornamentals",0.000858300524232107
54,2002,"ornamentals",0
54,2003,"ornamentals",0
54,2004,"ornamentals",0.000530645612401302
54,2005,"ornamentals",0.000530645612401302
54,2006,"ornamentals",0.00148891170746715
54,2007,"ornamentals",0.00148891170746715
54,2008,"ornamentals",0.000961150773275485
54,2009,"ornamentals",0.00458600601259544
54,2010,"ornamentals",0.00499196171947001
54,2011,"ornamentals",0.00642080627963632
54,2012,"ornamentals",0.00642080627963632
54,2013,"ornamentals",0.00306025063478365
54,2014,"ornamentals",0.00169785983088797
54,2015,"ornamentals",0.000230004487054667
54,2016,"ornamentals",0.000230004487054667
54,2017,"ornamentals",0
54,2018,"ornamentals",0.000918220570065877
54,2019,"ornamentals",0.00701835114895258
54,2020,"ornamentals",0.00939082807772208
54,2021,"ornamentals",0.00939082807772208
54,2022,"ornamentals",0.009493352375334
61,1990,"ornamentals",0.000135159459930597
61,1991,"ornamentals",6.75926999612599e-05
61,1992,"ornamentals",4.50646831789879e-05
61,1993,"ornamentals",3.37995937244094e-05
61,1994,"ornamentals",0
61,1995,"ornamentals",0
61,1996,"ornamentals",0
61,1997,"ornamentals",0
61,1998,"ornamentals",0
61,1999,"ornamentals",0
61,2000,"ornamentals",0
61,2001,"ornamentals",0
61,2002,"ornamentals",0
61,2003,"ornamentals",0
61,2004,"ornamentals",0
61,2005,"ornamentals",0
61,2006,"ornamentals",0
61,2007,"ornamentals",0
61,2008,"ornamentals",1.41750159318381e-05
61,2009,"ornamentals",2.35636869501427e-05
61,2010,"ornamentals",2.54413610757896e-05
61,2011,"ornamentals",2.54413610757896e-05
61,2012,"ornamentals",1.12672522271796e-05
61,2013,"ornamentals",1.87792544570756e-06
61,2014,"ornamentals",0
61,2015,"ornamentals",0
61,2016,"ornamentals",0
61,2017,"ornamentals",0
61,2018,"ornamentals",0
61,2019,"ornamentals",0
61,2020,"ornamentals",0
61,2021,"ornamentals",0
61,2022,"ornamentals",0
62,2002,"ornamentals",0.0926148103427512
62,2003,"ornamentals",0.235182517724549
62,2004,"ornamentals",0.263990335012626
62,2005,"ornamentals",0.286988899554075
62,2006,"ornamentals",0.326574281058373
62,2007,"ornamentals",0.33395109873517
62,2008,"ornamentals",0.305840200476482
62,2009,"ornamentals",0.252082202734194
62,2010,"ornamentals",0.176577234922297
62,2011,"ornamentals",0.0356334851995199
62,2012,"ornamentals",0
62,2013,"ornamentals",0
62,2014,"ornamentals",0
62,2015,"ornamentals",0
62,2016,"ornamentals",0
62,2017,"ornamentals",0
62,2018,"ornamentals",0
62,2019,"ornamentals",0
62,2020,"ornamentals",0
62,2021,"ornamentals",0
62,2022,"ornamentals",0
67,1997,"ornamentals",0.000150756461770592
67,1998,"ornamentals",7.53943669941477e-05
67,1999,"ornamentals",5.79500052065208e-05
67,2000,"ornamentals",8.95620840556642e-05
67,2001,"ornamentals",6.33969989364011e-05
67,2002,"ornamentals",7.49212737854733e-05
67,2003,"ornamentals",6.91592306527708e-05
67,2004,"ornamentals",2.30560955407483e-05
67,2005,"ornamentals",5.17246570071788e-05
67,2006,"ornamentals",4.01988636467818e-05
67,2007,"ornamentals",4.01988636467818e-05
67,2008,"ornamentals",4.01988636467818e-05
67,2009,"ornamentals",0
67,2010,"ornamentals",0
67,2011,"ornamentals",0
67,2012,"ornamentals",0
67,2013,"ornamentals",0
67,2014,"ornamentals",0
67,2015,"ornamentals",0
67,2016,"ornamentals",0.0084668063606553
67,2017,"ornamentals",0.0242688544287917
67,2018,"ornamentals",0.0242688544287917
67,2019,"ornamentals",0.0242688544287917
67,2020,"ornamentals",0.0165450566230351
67,2021,"ornamentals",0
67,2022,"ornamentals",0
71,1999,"ornamentals",0
71,2000,"ornamentals",0
71,2001,"ornamentals",0
71,2002,"ornamentals",0
71,2003,"ornamentals",0
71,2004,"ornamentals",0.0026205986717631
71,2005,"ornamentals",0.00403374407606367
71,2006,"ornamentals",0.00403374407606367
71,2007,"ornamentals",0.00403374407606367
71,2008,"ornamentals",0.002383967743228
71,2009,"ornamentals",0.000957464205105946
71,2010,"ornamentals",0.000957464205105946
71,2011,"ornamentals",0.000957464205105946
71,2012,"ornamentals",0
71,2013,"ornamentals",0
71,2014,"ornamentals",0
71,2015,"ornamentals",0
71,2016,"ornamentals",0
71,2017,"ornamentals",0.00590046523164318
71,2018,"ornamentals",0.0313568066212837
71,2019,"ornamentals",0.0670933735194397
71,2020,"ornamentals",0.1245867446641
71,2021,"ornamentals",0.159275035853338
71,2022,"ornamentals",0.165100605132517
76,2004,"ornamentals",0.000632871830787958
76,2005,"ornamentals",0.000389910354174762
76,2006,"ornamentals",0.000320962236409065
76,2007,"ornamentals",0.000240776515622177
76,2008,"ornamentals",8.24192709276428e-05
76,2009,"ornamentals",4.57640687314952e-05
76,2010,"ornamentals",0.000158431360343593
76,2011,"ornamentals",0.000354525680942477
76,2012,"ornamentals",0.000669791852932807
76,2013,"ornamentals",0.000827621904597256
76,2014,"ornamentals",0.000827621904597256
76,2015,"ornamentals",0.00236082007371455
76,2016,"ornamentals",0.00220516956373817
76,2017,"ornamentals",0.00239018814564525
76,2018,"ornamentals",0.00254567524401287
76,2019,"ornamentals",0.000834508381734275
76,2020,"ornamentals",0.00101740701213959
76,2021,"ornamentals",0.00138379527934819
76,2022,"ornamentals",0.00181027194196238
77,2001,"ornamentals",0.00250460569610845
77,2002,"ornamentals",0.00125675655894658
77,2003,"ornamentals",0.00083883368810542
77,2004,"ornamentals",0.00132209303557144
77,2005,"ornamentals",0.014895853216865
77,2006,"ornamentals",0.021588602614711
77,2007,"ornamentals",0.0239916006367613
77,2008,"ornamentals",0.0340042026775809
77,2009,"ornamentals",0.0381425399860343
77,2010,"ornamentals",0.0461383548791763
77,2011,"ornamentals",0.0446283615844983
77,2012,"ornamentals",0.0357687758267099
77,2013,"ornamentals",0.0195490582496851
77,2014,"ornamentals",0.00515152459061961
77,2015,"ornamentals",0.0051086679809039
77,2016,"ornamentals",0.0045143713097233
77,2017,"ornamentals",0.00462986580279669
77,2018,"ornamentals",0.00340445606971973
77,2019,"ornamentals",0.00349048484581689
77,2020,"ornamentals",0.0027443985468681
77,2021,"ornamentals",0.00289816004672206
77,2022,"ornamentals",0.00322770164974047
78,2012,"ornamentals",0.0307532674749696
78,2013,"ornamentals",0.0316099379486937
78,2014,"ornamentals",0.021690764341697
78,2015,"ornamentals",0.0214309542403406
78,2016,"ornamentals",0.0176721770379639
78,2017,"ornamentals",0.0139040575504605
78,2018,"ornamentals",0.0170330317273112
78,2019,"ornamentals",0.011989317360182
78,2020,"ornamentals",0.0172845145109495
78,2021,"ornamentals",0.018421385375432
78,2022,"ornamentals",0.0207761926182418
79,1976,"ornamentals",0.00513395059829985
79,1977,"ornamentals",0.0063580324858491
79,1978,"ornamentals",0.00426409677506757
79,1979,"ornamentals",0.00520520426386302
79,1980,"ornamentals",0.00393619879658635
79,1981,"ornamentals",0.00203400403352992
79,1982,"ornamentals",0.00203400403352992
79,1983,"ornamentals",0
79,1984,"ornamentals",0
79,1985,"ornamentals",0
79,1986,"ornamentals",0
79,1987,"ornamentals",0
79,1988,"ornamentals",0.150529904484448
79,1989,"ornamentals",0.231412288821
79,1990,"ornamentals",0.299656672533857
79,1991,"ornamentals",0.352496202006783
79,1992,"ornamentals",0.366455917533111
79,1993,"ornamentals",0.383025347104623
79,1994,"ornamentals",0.401918156804474
79,1995,"ornamentals",0.424062203064928
79,1996,"ornamentals",0.442321282583704
79,1997,"ornamentals",0.456914289817624
79,1998,"ornamentals",0.456565882831624
79,1999,"ornamentals",0.444485770830539
79,2000,"ornamentals",0.428345313032921
79,2001,"ornamentals",0.410640328296389
79,2002,"ornamentals",0.400599464695674
79,2003,"ornamentals",0.41686263333794
79,2004,"ornamentals",0.448187771851898
79,2005,"ornamentals",0.474973557430849
79,2006,"ornamentals",0.49954196323462
79,2007,"ornamentals",0.518622126739028
79,2008,"ornamentals",0.536064742891451
79,2009,"ornamentals",0.550546922389386
79,2010,"ornamentals",0.561657419259835
79,2011,"ornamentals",0.567879940617658
79,2012,"ornamentals",0.518641501421744
79,2013,"ornamentals",0.451563393002925
79,2014,"ornamentals",0.345761103123978
79,2015,"ornamentals",0.00247445341985874
79,2016,"ornamentals",0.0029151092618665
79,2017,"ornamentals",0.00309488314228611
79,2018,"ornamentals",0.00625138937239411
79,2019,"ornamentals",0.00716421145869045
79,2020,"ornamentals",0.00609823391490957
79,2021,"ornamentals",0.0073112496583847
79,2022,"ornamentals",0.0066828038369312
80,1991,"ornamentals",0.0189438420356075
80,1992,"ornamentals",0.00972658861744148
80,1993,"ornamentals",0.00831058499245097
80,1994,"ornamentals",0.00633145574472051
80,1995,"ornamentals",0.00144062726122627
80,1996,"ornamentals",0.00175917209633659
80,1997,"ornamentals",0.00274301427766745
80,1998,"ornamentals",0.0102096723575779
80,1999,"ornamentals",0.0190248533720819
80,2000,"ornamentals",0.0216594995786104
80,2001,"ornamentals",0.0228210538368676
80,2002,"ornamentals",0.024339305168431
80,2003,"ornamentals",0.0161743269189278
80,2004,"ornamentals",0.0169227763221489
80,2005,"ornamentals",0.0144527852612099
80,2006,"ornamentals",0.014630366983642
80,2007,"ornamentals",0.0201634928848388
80,2008,"ornamentals",0.0217735473003435
80,2009,"ornamentals",0.0251207161052006
80,2010,"ornamentals",0.0360875410032213
80,2011,"ornamentals",0.031712280134742
80,2012,"ornamentals",0.0267018568150507
80,2013,"ornamentals",0.0225101687594958
80,2014,"ornamentals",0.00121730245777083
80,2015,"ornamentals",0
80,2016,"ornamentals",0
80,2017,"ornamentals",0
80,2018,"ornamentals",0
80,2019,"ornamentals",0
80,2020,"ornamentals",0
80,2021,"ornamentals",0
80,2022,"ornamentals",0
82,2000,"ornamentals",0.000193828941424261
82,2001,"ornamentals",9.69411444685897e-05
82,2002,"ornamentals",6.46333600479032e-05
82,2003,"ornamentals",4.84772443448795e-05
82,2004,"ornamentals",0.000202715651559296
82,2005,"ornamentals",0.000303986017324061
82,2006,"ornamentals",0.000405198165799836
82,2007,"ornamentals",0.000405198165799836
82,2008,"ornamentals",0.000506352163882983
82,2009,"ornamentals",0.000506352163882983
82,2010,"ornamentals",0.000405198165799836
82,2011,"ornamentals",0.000405198165799836
82,2012,"ornamentals",0.000101387001493794
82,2013,"ornamentals",0
82,2014,"ornamentals",0
82,2015,"ornamentals",0
82,2016,"ornamentals",0
82,2017,"ornamentals",0
82,2018,"ornamentals",0
82,2019,"ornamentals",0
82,2020,"ornamentals",0
82,2021,"ornamentals",0
82,2022,"ornamentals",0
84,2001,"ornamentals",0.0014973338177312
84,2002,"ornamentals",0.0014964108198006
84,2003,"ornamentals",0.00107442609066368
84,2004,"ornamentals",0.000863053837532815
84,2005,"ornamentals",0.000545286884299984
84,2006,"ornamentals",0.000170585185824898
84,2007,"ornamentals",0.000525859348387083
84,2008,"ornamentals",0.000469130589497422
84,2009,"ornamentals",0.000412383546091832
84,2010,"ornamentals",0.000412383546091832
84,2011,"ornamentals",0
84,2012,"ornamentals",0
84,2013,"ornamentals",0
84,2014,"ornamentals",0
84,2015,"ornamentals",0
84,2016,"ornamentals",0
84,2017,"ornamentals",0
84,2018,"ornamentals",0
84,2019,"ornamentals",0
84,2020,"ornamentals",0
84,2021,"ornamentals",0
84,2022,"ornamentals",0
100,1995,"ornamentals",0
100,1996,"ornamentals",0.000643975770667453
100,1997,"ornamentals",0.00077985477586354
100,1998,"ornamentals",0.000830171066766497
100,1999,"ornamentals",0.00108288113067859
100,2000,"ornamentals",0.00106907981659379
100,2001,"ornamentals",0.00128091806944064
100,2002,"ornamentals",0.00177380850130295
100,2003,"ornamentals",0.00220415624814183
100,2004,"ornamentals",0.00206803589320731
100,2005,"ornamentals",0.00159610486975207
100,2006,"ornamentals",0.00123922787891143
100,2007,"ornamentals",0.000553404814458292
100,2008,"ornamentals",0.000382949070621379
100,2009,"ornamentals",0.000382949070621379
100,2010,"ornamentals",0
100,2011,"ornamentals",0
100,2012,"ornamentals",0
100,2013,"ornamentals",0
100,2014,"ornamentals",0
100,2015,"ornamentals",0
100,2016,"ornamentals",0
100,2017,"ornamentals",0
100,2018,"ornamentals",0
100,2019,"ornamentals",0
100,2020,"ornamentals",0
100,2021,"ornamentals",0
100,2022,"ornamentals",0
102,1985,"ornamentals",0.0216746862452343
102,1986,"ornamentals",0.0111706762919407
102,1987,"ornamentals",0.00752530424592069
102,1988,"ornamentals",0.00567391761182662
102,1989,"ornamentals",0
102,1990,"ornamentals",0.0135984973153823
102,1991,"ornamentals",0.0260062081721485
102,1992,"ornamentals",0.0418548852533581
102,1993,"ornamentals",0.0568877621674876
102,1994,"ornamentals",0.0587603125196285
102,1995,"ornamentals",0.062058798535673
102,1996,"ornamentals",0.0582618224006147
102,1997,"ornamentals",0.0552449085152823
102,1998,"ornamentals",0.0467392598026288
102,1999,"ornamentals",0.0343123797356491
102,2000,"ornamentals",0.0240004568907752
102,2001,"ornamentals",0.0115419328059362
102,2002,"ornamentals",0.00682336396199562
102,2003,"ornamentals",0.00854051791528298
102,2004,"ornamentals",0.00770491758726325
102,2005,"ornamentals",0.00602766209141124
102,2006,"ornamentals",0.00584169791706579
102,2007,"ornamentals",0.00133565315895677
102,2008,"ornamentals",0.00726499102266949
102,2009,"ornamentals",0.00713993842449708
102,2010,"ornamentals",0.00707442767596995
102,2011,"ornamentals",0.00712813782059054
102,2012,"ornamentals",0.000363785382599829
102,2013,"ornamentals",0.000374362667379094
102,2014,"ornamentals",0.000967191887114931
102,2015,"ornamentals",0.00101069935923351
102,2016,"ornamentals",0.00319592664564623
102,2017,"ornamentals",0.00382820884122506
102,2018,"ornamentals",0.00400844461376041
102,2019,"ornamentals",0.00565712109868813
102,2020,"ornamentals",0.00369381315515323
102,2021,"ornamentals",0.00319230707184815
102,2022,"ornamentals",0.003226690018855
103,1997,"ornamentals",0
103,1998,"ornamentals",0
103,1999,"ornamentals",0
103,2000,"ornamentals",0
103,2001,"ornamentals",0
103,2002,"ornamentals",0
103,2003,"ornamentals",0
103,2004,"ornamentals",0
103,2005,"ornamentals",0
103,2006,"ornamentals",0
103,2007,"ornamentals",0
103,2008,"ornamentals",0
103,2009,"ornamentals",0
103,2010,"ornamentals",0
103,2011,"ornamentals",0
103,2012,"ornamentals",0
103,2013,"ornamentals",0
103,2014,"ornamentals",0
103,2015,"ornamentals",0
103,2016,"ornamentals",0
103,2017,"ornamentals",0
103,2018,"ornamentals",0
103,2019,"ornamentals",0
103,2020,"ornamentals",0
103,2021,"ornamentals",0
103,2022,"ornamentals",0
104,1995,"ornamentals",0
104,1996,"ornamentals",0
104,1997,"ornamentals",0
104,1998,"ornamentals",0
104,1999,"ornamentals",0
104,2000,"ornamentals",0
104,2001,"ornamentals",0
104,2002,"ornamentals",0
104,2003,"ornamentals",0
104,2004,"ornamentals",0
104,2005,"ornamentals",0
104,2006,"ornamentals",0
104,2007,"ornamentals",0
104,2008,"ornamentals",0
104,2009,"ornamentals",0
104,2010,"ornamentals",0
104,2011,"ornamentals",0
104,2012,"ornamentals",0
104,2013,"ornamentals",0
104,2014,"ornamentals",0
104,2015,"ornamentals",0
104,2016,"ornamentals",0
104,2017,"ornamentals",0
104,2018,"ornamentals",0
104,2019,"ornamentals",0
104,2020,"ornamentals",0
104,2021,"ornamentals",0
104,2022,"ornamentals",0
106,1986,"ornamentals",0
106,1987,"ornamentals",0
106,1988,"ornamentals",0
106,1989,"ornamentals",0
106,1990,"ornamentals",0
106,1991,"ornamentals",0
106,1992,"ornamentals",7.15317608023117e-05
106,1993,"ornamentals",0.00325465048827086
106,1994,"ornamentals",0.00325465048827086
106,1995,"ornamentals",0.00366171165791845
106,1996,"ornamentals",0.0108355356548594
106,1997,"ornamentals",0.0129214579344801
106,1998,"ornamentals",0.0129214579344801
106,1999,"ornamentals",0.0125352753719623
106,2000,"ornamentals",0.00536239924252458
106,2001,"ornamentals",0
106,2002,"ornamentals",0
106,2003,"ornamentals",0
106,2004,"ornamentals",0
106,2005,"ornamentals",0
106,2006,"ornamentals",0
106,2007,"ornamentals",0
106,2008,"ornamentals",0.00192801765222868
106,2009,"ornamentals",0.00192801765222868
106,2010,"ornamentals",0.00192801765222868
106,2011,"ornamentals",0.00192801765222868
106,2012,"ornamentals",0
106,2013,"ornamentals",0.0961694934185097
106,2014,"ornamentals",0.0961694934185097
106,2015,"ornamentals",0.0961694934185097
106,2016,"ornamentals",0.0961694934185097
106,2017,"ornamentals",0.00192801765222868
106,2018,"ornamentals",0.00383515036800289
106,2019,"ornamentals",0.136732064738226
106,2020,"ornamentals",0.138894436806419
106,2021,"ornamentals",0.140359258941618
106,2022,"ornamentals",0.162122240848188
112,1999,"ornamentals",0.00059566353066549
112,2000,"ornamentals",0.000714554782473664
112,2001,"ornamentals",0.000793771037408794
112,2002,"ornamentals",0.000803670563647173
112,2003,"ornamentals",0.000863056034717471
112,2004,"ornamentals",0.000863056034717471
112,2005,"ornamentals",0.000803670563647173
112,2006,"ornamentals",0.000877899273207068
112,2007,"ornamentals",0.000966932434454981
112,2008,"ornamentals",0.000907581996529912
112,2009,"ornamentals",0.000892741260407564
112,2010,"ornamentals",0.000744265055061377
112,2011,"ornamentals",0.000536187784164627
112,2012,"ornamentals",0.000446936475493969
112,2013,"ornamentals",0.000327864306575664
112,2014,"ornamentals",0.000253403286128545
112,2015,"ornamentals",0.000193811787495131
112,2016,"ornamentals",0.000225695748138067
112,2017,"ornamentals",0.000306869486761557
112,2018,"ornamentals",0.000381307903093974
112,2019,"ornamentals",0.000352578403823564
112,2020,"ornamentals",0.000278127837124397
112,2021,"ornamentals",0.00015715299664849
112,2022,"ornamentals",2.75939321252655e-05
114,1996,"ornamentals",0.00179758751795626
114,1997,"ornamentals",0.00334752300302616
114,1998,"ornamentals",0.0118883505655412
114,1999,"ornamentals",0.013684288541933
114,2000,"ornamentals",0.0156818437088414
114,2001,"ornamentals",0.0168655271001413
114,2002,"ornamentals",0.0118291232865977
114,2003,"ornamentals",0.00860713200012124
114,2004,"ornamentals",0.008180306333311
114,2005,"ornamentals",0.00710959962775008
114,2006,"ornamentals",0.00636823257287103
114,2007,"ornamentals",0.00666836646953326
114,2008,"ornamentals",0.00722282812255206
114,2009,"ornamentals",0.00924660577954678
114,2010,"ornamentals",0.010456318515291
114,2011,"ornamentals",0.01093990896646
114,2012,"ornamentals",0.00833843840982358
114,2013,"ornamentals",0.00493411831257802
114,2014,"ornamentals",0.00241170830294566
114,2015,"ornamentals",1.5464503762078e-05
114,2016,"ornamentals",1.55430851503314e-05
114,2017,"ornamentals",1.66475865073692e-05
114,2018,"ornamentals",1.82017347852557e-05
114,2019,"ornamentals",1.9319894686618e-05
114,2020,"ornamentals",1.98130490618524e-05
114,2021,"ornamentals",1.6817371747137e-05
114,2022,"ornamentals",1.6170381652601e-05
115,1979,"ornamentals",0
115,1980,"ornamentals",0
115,1981,"ornamentals",0
115,1982,"ornamentals",0
115,1983,"ornamentals",0
115,1984,"ornamentals",0
115,1985,"ornamentals",0
115,1986,"ornamentals",0
115,1987,"ornamentals",0
115,1988,"ornamentals",0
115,1989,"ornamentals",0
115,1990,"ornamentals",0
115,1991,"ornamentals",0
115,1992,"ornamentals",0.0004902174274578
115,1993,"ornamentals",0.000522850625902956
115,1994,"ornamentals",0.00235398939292903
115,1995,"ornamentals",0.00525036227217011
115,1996,"ornamentals",0.00500963407387732
115,1997,"ornamentals",0.00515377917979561
115,1998,"ornamentals",0.00336489888106169
115,1999,"ornamentals",0.000437080898975667
115,2000,"ornamentals",0.000229250103101462
115,2001,"ornamentals",0.000153178935139562
115,2002,"ornamentals",0.00119562321545221
115,2003,"ornamentals",0.00224925909425025
115,2004,"ornamentals",0.00276010360355077
115,2005,"ornamentals",0.00918432049509762
115,2006,"ornamentals",0.00872282422635329
115,2007,"ornamentals",0.0100530052215067
115,2008,"ornamentals",0.01147223092455
115,2009,"ornamentals",0.00651838083631685
115,2010,"ornamentals",0.00758717724379589
115,2011,"ornamentals",0.00721023208813935
115,2012,"ornamentals",0.00525752705699003
115,2013,"ornamentals",0.00375892101931449
115,2014,"ornamentals",0.0020999304699594
115,2015,"ornamentals",4.59339686895843e-05
115,2016,"ornamentals",0.000529479903535036
115,2017,"ornamentals",0.000538961254459664
115,2018,"ornamentals",0.000718062833635045
115,2019,"ornamentals",0.000712167144404345
115,2020,"ornamentals",0.000195325477393816
115,2021,"ornamentals",0.000188675618578786
115,2022,"ornamentals",1.18873034575097e-05
124,1976,"ornamentals",0
124,1977,"ornamentals",0
124,1978,"ornamentals",0
124,1979,"ornamentals",0
124,1980,"ornamentals",0
124,1981,"ornamentals",0
124,1982,"ornamentals",0
124,1983,"ornamentals",0
124,1984,"ornamentals",0
124,1985,"ornamentals",0
124,1986,"ornamentals",0
124,1987,"ornamentals",0
124,1988,"ornamentals",0
124,1989,"ornamentals",0
124,1990,"ornamentals",0
124,1991,"ornamentals",0
124,1992,"ornamentals",0
124,1993,"ornamentals",0
124,1994,"ornamentals",0
124,1995,"ornamentals",0
124,1996,"ornamentals",0
124,1997,"ornamentals",0
124,1998,"ornamentals",0
124,1999,"ornamentals",0
124,2000,"ornamentals",0.00705721051524676
124,2001,"ornamentals",0.00980274802403874
124,2002,"ornamentals",0.0118341642334205
124,2003,"ornamentals",0.0138424087791558
124,2004,"ornamentals",0.00912036707166492
124,2005,"ornamentals",0.00705721051524676
124,2006,"ornamentals",0.0049695900584237
124,2007,"ornamentals",0.00285691857041593
124,2008,"ornamentals",0.000718587526855964
124,2009,"ornamentals",0
124,2010,"ornamentals",0
124,2011,"ornamentals",0
124,2012,"ornamentals",0
124,2013,"ornamentals",0
124,2014,"ornamentals",0
124,2015,"ornamentals",0
124,2016,"ornamentals",0.000114494571727097
124,2017,"ornamentals",0.000114494571727097
124,2018,"ornamentals",0.000114494571727097
124,2019,"ornamentals",0.000114494571727097
124,2020,"ornamentals",0
124,2021,"ornamentals",0
124,2022,"ornamentals",0
126,1976,"ornamentals",0.0330707554188227
126,1977,"ornamentals",0.0266403876527245
126,1978,"ornamentals",0.024321813760397
126,1979,"ornamentals",0.0258082631568795
126,1980,"ornamentals",0.0258834806709373
126,1981,"ornamentals",0.0271659190541678
126,1982,"ornamentals",0.0245109969600018
126,1983,"ornamentals",0.0186899426111446
126,1984,"ornamentals",0.0114207891517621
126,1985,"ornamentals",0.00604115911211345
126,1986,"ornamentals",0.0054976603146999
126,1987,"ornamentals",0.00674864052339734
126,1988,"ornamentals",0.00903084401681297
126,1989,"ornamentals",0.0115470155642826
126,1990,"ornamentals",0.014545565395592
126,1991,"ornamentals",0.0127264505644765
126,1992,"ornamentals",0.0132481184088528
126,1993,"ornamentals",0.0164739827347093
126,1994,"ornamentals",0.0220117938186255
126,1995,"ornamentals",0.0332894129953509
126,1996,"ornamentals",0.0419072004185009
126,1997,"ornamentals",0.0494879361342572
126,1998,"ornamentals",0.0553259456391834
126,1999,"ornamentals",0.0570605643435469
126,2000,"ornamentals",0.0591799992451105
126,2001,"ornamentals",0.0596808881988654
126,2002,"ornamentals",0.0562464016412677
126,2003,"ornamentals",0.0531593140234425
126,2004,"ornamentals",0.0484247539552952
126,2005,"ornamentals",0.0435593472336288
126,2006,"ornamentals",0.0439973138224349
126,2007,"ornamentals",0.0437784667128846
126,2008,"ornamentals",0.0438879242715462
126,2009,"ornamentals",0.0420178271853719
126,2010,"ornamentals",0.0500713999168282
126,2011,"ornamentals",0.0445948275056757
126,2012,"ornamentals",0.0385710565392811
126,2013,"ornamentals",0.032495609960511
126,2014,"ornamentals",0.0123772686583761
126,2015,"ornamentals",0.00958603838725569
126,2016,"ornamentals",0.00575074846229924
126,2017,"ornamentals",0.00423612305000927
126,2018,"ornamentals",0.00607844564602156
126,2019,"ornamentals",0.00420493925708428
126,2020,"ornamentals",0.00422687189268131
126,2021,"ornamentals",0.00412952497674846
126,2022,"ornamentals",0.000103866127878939
129,1989,"ornamentals",1.38495444864944e-05
129,1990,"ornamentals",2.31255205825943e-05
129,1991,"ornamentals",2.57031062717153e-05
129,1992,"ornamentals",7.98547649570386e-05
129,1993,"ornamentals",0.000273561487993735
129,1994,"ornamentals",0.000310412115197269
129,1995,"ornamentals",0.000302710320202079
129,1996,"ornamentals",0.000242209879031647
129,1997,"ornamentals",4.50070368482316e-05
129,1998,"ornamentals",0
129,1999,"ornamentals",0
129,2000,"ornamentals",0
129,2001,"ornamentals",0
129,2002,"ornamentals",0
129,2003,"ornamentals",0
129,2004,"ornamentals",0
129,2005,"ornamentals",0
129,2006,"ornamentals",0
129,2007,"ornamentals",0
129,2008,"ornamentals",0
129,2009,"ornamentals",0
129,2010,"ornamentals",0
129,2011,"ornamentals",0
129,2012,"ornamentals",0
129,2013,"ornamentals",0
129,2014,"ornamentals",0
129,2015,"ornamentals",0
129,2016,"ornamentals",0
129,2017,"ornamentals",0
129,2018,"ornamentals",0
129,2019,"ornamentals",0
129,2020,"ornamentals",0
129,2021,"ornamentals",0
129,2022,"ornamentals",0
130,1984,"ornamentals",0.00041228755911705
130,1985,"ornamentals",0.000206264462897338
130,1986,"ornamentals",0.000244435081385285
130,1987,"ornamentals",0.000503776051577825
130,1988,"ornamentals",0.00115425909048648
130,1989,"ornamentals",0.00207451496829359
130,1990,"ornamentals",0.00269491844955555
130,1991,"ornamentals",0.00347232574210541
130,1992,"ornamentals",0.00370824822498295
130,1993,"ornamentals",0.00366333497584717
130,1994,"ornamentals",0.00413607044167824
130,1995,"ornamentals",0.00402403848079612
130,1996,"ornamentals",0.00397920572797777
130,1997,"ornamentals",0.00412487045303814
130,1998,"ornamentals",0.00408006337232705
130,1999,"ornamentals",0.0041472697178846
130,2000,"ornamentals",0.00428160549550117
130,2001,"ornamentals",0.00435992072382927
130,2002,"ornamentals",0.00437110577037017
130,2003,"ornamentals",0.00460582775323195
130,2004,"ornamentals",0.00449409440691787
130,2005,"ornamentals",0.00424803115917175
130,2006,"ornamentals",0.00388950595871074
130,2007,"ornamentals",0.0034290759864793
130,2008,"ornamentals",0.00328283421448304
130,2009,"ornamentals",0.00270794057131833
130,2010,"ornamentals",0.00205185042281125
130,2011,"ornamentals",0.00135917648668452
130,2012,"ornamentals",0.000538071983256352
130,2013,"ornamentals",0.000377967114019345
130,2014,"ornamentals",0.000297860048210165
130,2015,"ornamentals",0.00022916782703826
130,2016,"ornamentals",0.000286413205705268
130,2017,"ornamentals",0.000206264462897338
130,2018,"ornamentals",0.000240618391913391
130,2019,"ornamentals",0.000593845763703959
130,2020,"ornamentals",0.000809574168605709
130,2021,"ornamentals",0.00120050018298244
130,2022,"ornamentals",0.00143334331861674
131,1993,"ornamentals",0.000308206989443646
131,1994,"ornamentals",0.000165177982533931
131,1995,"ornamentals",0.000112582553329594
131,1996,"ornamentals",8.62789455336596e-05
131,1997,"ornamentals",1.37707523267571e-05
131,1998,"ornamentals",1.56067712594871e-05
131,1999,"ornamentals",1.75052752193343e-05
131,2000,"ornamentals",1.75052752193343e-05
131,2001,"ornamentals",1.38332578038895e-05
131,2002,"ornamentals",6.48899320855021e-06
131,2003,"ornamentals",2.75423663394787e-06
131,2004,"ornamentals",4.59037045335763e-06
131,2005,"ornamentals",3.67230593727502e-06
131,2006,"ornamentals",9.18062122685017e-06
131,2007,"ornamentals",2.1114713180981e-05
131,2008,"ornamentals",2.84583677122558e-05
131,2009,"ornamentals",2.84583677122558e-05
131,2010,"ornamentals",2.47865787353899e-05
131,2011,"ornamentals",1.65247735459338e-05
131,2012,"ornamentals",7.34453527863757e-06
131,2013,"ornamentals",9.18062122685017e-06
131,2014,"ornamentals",1.19347142472456e-05
131,2015,"ornamentals",1.65247735459338e-05
131,2016,"ornamentals",2.57045331586262e-05
131,2017,"ornamentals",4.22268944113202e-05
131,2018,"ornamentals",6.15010230416388e-05
131,2019,"ornamentals",0.000521745655096765
131,2020,"ornamentals",0.000516610357895344
131,2021,"ornamentals",0.000503812655368005
131,2022,"ornamentals",0.000487324401230798
132,1976,"ornamentals",0.00155858620472168
132,1977,"ornamentals",0.00180914110778712
132,1978,"ornamentals",0.00229819178502021
132,1979,"ornamentals",0.00236334834846573
132,1980,"ornamentals",0.00248809904260315
132,1981,"ornamentals",0.00245986134258436
132,1982,"ornamentals",0.00198856502345014
132,1983,"ornamentals",0.00157277808206745
132,1984,"ornamentals",0.0012484447215876
132,1985,"ornamentals",0.00136214777560375
132,1986,"ornamentals",0.0019366453231444
132,1987,"ornamentals",0.0022903399687952
132,1988,"ornamentals",0.00275378216436721
132,1989,"ornamentals",0.00278432177984575
132,1990,"ornamentals",0.00239160153081193
132,1991,"ornamentals",0.0042416986646386
132,1992,"ornamentals",0.00391991536853118
132,1993,"ornamentals",0.0037050659741504
132,1994,"ornamentals",0.00348293513073406
132,1995,"ornamentals",0.00136688380966483
132,1996,"ornamentals",0.00141897177772573
132,1997,"ornamentals",0.00129109197253685
132,1998,"ornamentals",0.00128635389921145
132,1999,"ornamentals",0.00136925177892158
132,2000,"ornamentals",0.00132188634151288
132,2001,"ornamentals",0.00132425491604588
132,2002,"ornamentals",0.00142133904652261
132,2003,"ornamentals",0.0014118697803512
132,2004,"ornamentals",0.00158223869812929
132,2005,"ornamentals",0.00186109841666549
132,2006,"ornamentals",0.00216309173622489
132,2007,"ornamentals",0.00304721312462321
132,2008,"ornamentals",0.00330034426763682
132,2009,"ornamentals",0.00379851097137639
132,2010,"ornamentals",0.00397125357668496
132,2011,"ornamentals",0.00401091375966295
132,2012,"ornamentals",0.00326052367740135
132,2013,"ornamentals",0.00219844769374629
132,2014,"ornamentals",0.00132899196951965
132,2015,"ornamentals",0.000155050374584359
132,2016,"ornamentals",0.000407609214875765
132,2017,"ornamentals",0.000526615108041128
132,2018,"ornamentals",0.000764385844884975
132,2019,"ornamentals",0.000907796492812853
132,2020,"ornamentals",0.000674332292743081
132,2021,"ornamentals",0.000555759287827093
132,2022,"ornamentals",0.000318039941730077
133,1997,"ornamentals",8.82226265269504e-05
133,1998,"ornamentals",9.62406736225166e-05
133,1999,"ornamentals",6.41662940930262e-05
133,2000,"ornamentals",0.000130313300634745
133,2001,"ornamentals",0.000140333406737949
133,2002,"ornamentals",0.00011427994461057
133,2003,"ornamentals",0.00011427994461057
133,2004,"ornamentals",3.2086070262273e-05
133,2005,"ornamentals",4.41168392130553e-05
133,2006,"ornamentals",4.41168392130553e-05
133,2007,"ornamentals",4.41168392130553e-05
133,2008,"ornamentals",4.41168392130553e-05
133,2009,"ornamentals",0
133,2010,"ornamentals",0
133,2011,"ornamentals",0
133,2012,"ornamentals",0
133,2013,"ornamentals",0
133,2014,"ornamentals",0
133,2015,"ornamentals",0
133,2016,"ornamentals",0
133,2017,"ornamentals",0
133,2018,"ornamentals",0
133,2019,"ornamentals",0
133,2020,"ornamentals",0
133,2021,"ornamentals",0
133,2022,"ornamentals",0
134,1976,"ornamentals",0
134,1977,"ornamentals",0
134,1978,"ornamentals",0
134,1979,"ornamentals",0
134,1980,"ornamentals",0
134,1981,"ornamentals",0
134,1982,"ornamentals",0
134,1983,"ornamentals",0
134,1984,"ornamentals",0
134,1985,"ornamentals",0
134,1986,"ornamentals",0
134,1987,"ornamentals",0
134,1988,"ornamentals",0.000128605680507408
134,1989,"ornamentals",0.000128605680507408
134,1990,"ornamentals",0.000128605680507408
134,1991,"ornamentals",0.000128605680507408
134,1992,"ornamentals",0
134,1993,"ornamentals",0
134,1994,"ornamentals",0
134,1995,"ornamentals",2.79533716426297e-05
134,1996,"ornamentals",0.000145692052793315
134,1997,"ornamentals",0.000261997085344067
134,1998,"ornamentals",0.000261997085344067
134,1999,"ornamentals",0.000234080851309153
134,2000,"ornamentals",0.00123035437446379
134,2001,"ornamentals",0.00111468748776975
134,2002,"ornamentals",0.00111468748776975
134,2003,"ornamentals",0.00111468748776975
134,2004,"ornamentals",0
134,2005,"ornamentals",0
134,2006,"ornamentals",0
134,2007,"ornamentals",0
134,2008,"ornamentals",0
134,2009,"ornamentals",0
134,2010,"ornamentals",0
134,2011,"ornamentals",0
134,2012,"ornamentals",0
134,2013,"ornamentals",0
134,2014,"ornamentals",0
134,2015,"ornamentals",0
134,2016,"ornamentals",0
134,2017,"ornamentals",0
134,2018,"ornamentals",0
134,2019,"ornamentals",0
134,2020,"ornamentals",0
134,2021,"ornamentals",0
134,2022,"ornamentals",0
135,1976,"ornamentals",7.71679709858002e-05
135,1977,"ornamentals",4.60301977199729e-05
135,1978,"ornamentals",3.06881355910918e-05
135,1979,"ornamentals",2.30166031537021e-05
135,1980,"ornamentals",2.22940421239636e-05
135,1981,"ornamentals",1.85725875740186e-05
135,1982,"ornamentals",4.0900135042082e-05
135,1983,"ornamentals",4.46211176827047e-05
135,1984,"ornamentals",4.38986453134781e-05
135,1985,"ornamentals",4.7619564582914e-05
135,1986,"ornamentals",3.64565708496309e-05
135,1987,"ornamentals",4.01776474035179e-05
135,1988,"ornamentals",2.60512778975304e-05
135,1989,"ornamentals",3.72149313680165e-05
135,1990,"ornamentals",2.60512778975304e-05
135,1991,"ornamentals",5.20987016260524e-05
135,1992,"ornamentals",6.69812137522693e-05
135,1993,"ornamentals",8.18624679593502e-05
135,1994,"ornamentals",8.55825849861935e-05
135,1995,"ornamentals",6.79569085218721e-05
135,1996,"ornamentals",6.69768773309974e-05
135,1997,"ornamentals",9.6801218466225e-05
135,1998,"ornamentals",0.000122007808848826
135,1999,"ornamentals",0.000133601873557001
135,2000,"ornamentals",0.000177600028987433
135,2001,"ornamentals",0.000147713882152695
135,2002,"ornamentals",0.000175508128294724
135,2003,"ornamentals",0.000181266551577535
135,2004,"ornamentals",0.000163695141717694
135,2005,"ornamentals",0.000198614570630938
135,2006,"ornamentals",0.00019270895154205
135,2007,"ornamentals",0.000201058635770675
135,2008,"ornamentals",0.000210703760021598
135,2009,"ornamentals",0.000233305481462119
135,2010,"ornamentals",0.000290879289260254
135,2011,"ornamentals",0.000332248308213709
135,2012,"ornamentals",0.00037076517036835
135,2013,"ornamentals",0.000337093758267966
135,2014,"ornamentals",0.000269844529747518
135,2015,"ornamentals",0.000214336340012292
135,2016,"ornamentals",0.000152059581259676
135,2017,"ornamentals",0.000143386818313466
135,2018,"ornamentals",0.000109399980111862
135,2019,"ornamentals",8.99814123344045e-05
135,2020,"ornamentals",0.000111822691055689
135,2021,"ornamentals",0.000109528852855811
135,2022,"ornamentals",0.000132376736627558
136,1978,"ornamentals",0.000219426565486412
136,1979,"ornamentals",0.000109747466936764
136,1980,"ornamentals",7.31725786537687e-05
136,1981,"ornamentals",5.48822848435296e-05
136,1982,"ornamentals",0
136,1983,"ornamentals",0
136,1984,"ornamentals",0
136,1985,"ornamentals",0
136,1986,"ornamentals",0
136,1987,"ornamentals",0.000109747466936764
136,1988,"ornamentals",0.000109747466936764
136,1989,"ornamentals",0.000109747466936764
136,1990,"ornamentals",0.000356700874904743
136,1991,"ornamentals",0.000247107286168859
136,1992,"ornamentals",0.000247107286168859
136,1993,"ornamentals",0.000247107286168859
136,1994,"ornamentals",0
136,1995,"ornamentals",0
136,1996,"ornamentals",0
136,1997,"ornamentals",0
136,1998,"ornamentals",5.48822848435296e-05
136,1999,"ornamentals",0.000277972038261708
136,2000,"ornamentals",0.000277972038261708
136,2001,"ornamentals",0.000277972038261708
136,2002,"ornamentals",0.000223159262449148
136,2003,"ornamentals",0
136,2004,"ornamentals",0
136,2005,"ornamentals",0
136,2006,"ornamentals",0
136,2007,"ornamentals",0.000164595556935709
136,2008,"ornamentals",0.000274240503224979
136,2009,"ornamentals",0.000329037380777625
136,2010,"ornamentals",0.000329037380777625
136,2011,"ornamentals",0.000164595556935709
136,2012,"ornamentals",5.48822848435296e-05
136,2013,"ornamentals",0
136,2014,"ornamentals",0
136,2015,"ornamentals",0
136,2016,"ornamentals",0
136,2017,"ornamentals",0
136,2018,"ornamentals",0
136,2019,"ornamentals",0
136,2020,"ornamentals",0
136,2021,"ornamentals",0
136,2022,"ornamentals",0
137,1976,"ornamentals",0.000248120132045201
137,1977,"ornamentals",0.000372049194117511
137,1978,"ornamentals",0.000330749198612337
137,1979,"ornamentals",0.000310095567267884
137,1980,"ornamentals",0.000310095567267884
137,1981,"ornamentals",0.000248120132045201
137,1982,"ornamentals",0.000248120132045201
137,1983,"ornamentals",0.000186122873090392
137,1984,"ornamentals",0.000186122873090392
137,1985,"ornamentals",0.000928652985203241
137,1986,"ornamentals",0.000866894945223736
137,1987,"ornamentals",0.000866894945223736
137,1988,"ornamentals",0.00154504482286518
137,1989,"ornamentals",0.00209795839778913
137,1990,"ornamentals",0.00435297878517286
137,1991,"ornamentals",0.00616040505185839
137,1992,"ornamentals",0.00657948134254181
137,1993,"ornamentals",0.00663926803657332
137,1994,"ornamentals",0.00610045549669891
137,1995,"ornamentals",0.00622033420087035
137,1996,"ornamentals",0.00765254782930064
137,1997,"ornamentals",0.0100726122926245
137,1998,"ornamentals",0.0117644990497497
137,1999,"ornamentals",0.0121125238480894
137,2000,"ornamentals",0.0117644990497497
137,2001,"ornamentals",0.0111246613123368
137,2002,"ornamentals",0.0111829245609204
137,2003,"ornamentals",0.0121704611557627
137,2004,"ornamentals",0.0104239942622249
137,2005,"ornamentals",0.00794946482884712
137,2006,"ornamentals",0.00580040114163744
137,2007,"ornamentals",0.0030766487791986
137,2008,"ornamentals",0.00301563975773782
137,2009,"ornamentals",0.00295460958797113
137,2010,"ornamentals",0.00283248574483709
137,2011,"ornamentals",0.00338137717418809
137,2012,"ornamentals",0.00447405284768699
137,2013,"ornamentals",0.00453455867055264
137,2014,"ornamentals",0.00411058059190472
137,2015,"ornamentals",0.00356396136687571
137,2016,"ornamentals",0.00271027713227817
137,2017,"ornamentals",0.00252680501309398
137,2018,"ornamentals",0.00209795839778913
137,2019,"ornamentals",0.00160656548284623
137,2020,"ornamentals",0.00113689518428547
137,2021,"ornamentals",0.000725664997993741
137,2022,"ornamentals",0.000437355127049396
139,1976,"ornamentals",0
139,1977,"ornamentals",0
139,1978,"ornamentals",0
139,1979,"ornamentals",0
139,1980,"ornamentals",0
139,1981,"ornamentals",0
139,1982,"ornamentals",0
139,1983,"ornamentals",0
139,1984,"ornamentals",0
139,1985,"ornamentals",9.86928954113286e-06
139,1986,"ornamentals",4.44074468698683e-05
139,1987,"ornamentals",5.92074404447266e-05
139,1988,"ornamentals",8.88036957767469e-05
139,1989,"ornamentals",0.00016770272876129
139,1990,"ornamentals",0.000330320403859983
139,1991,"ornamentals",0.000512470876897849
139,1992,"ornamentals",0.000674770567085444
139,1993,"ornamentals",0.00116567616642217
139,1994,"ornamentals",0.00137634546966505
139,1995,"ornamentals",0.0013322727487545
139,1996,"ornamentals",0.0016698820023808
139,1997,"ornamentals",0.00115096889676843
139,1998,"ornamentals",0.000753407502984145
139,1999,"ornamentals",0.000610852184592553
139,2000,"ornamentals",0.000128257631943798
139,2001,"ornamentals",0.000103599957952158
139,2002,"ornamentals",0.000118394976745798
139,2003,"ornamentals",0.000147981285023684
139,2004,"ornamentals",0.000207138990189111
139,2005,"ornamentals",0.000246566420184451
139,2006,"ornamentals",0.000236710390416087
139,2007,"ornamentals",0.000197280752933481
139,2008,"ornamentals",8.88036957767469e-05
139,2009,"ornamentals",1.48037268567489e-05
139,2010,"ornamentals",0
139,2011,"ornamentals",0
139,2012,"ornamentals",0
139,2013,"ornamentals",0
139,2014,"ornamentals",0
139,2015,"ornamentals",0
139,2016,"ornamentals",0
139,2017,"ornamentals",0
139,2018,"ornamentals",0
139,2019,"ornamentals",3.99712892215745e-06
139,2020,"ornamentals",5.18144599036184e-06
139,2021,"ornamentals",8.09285825189604e-06
139,2022,"ornamentals",9.32649299329954e-06
140,1988,"ornamentals",0.000124256552798701
140,1989,"ornamentals",0.000496500905222863
140,1990,"ornamentals",0.000579115100045133
140,1991,"ornamentals",0.000651370734296247
140,1992,"ornamentals",0.000744227283820405
140,1993,"ornamentals",0.000713280541837817
140,1994,"ornamentals",0.000775168587160834
140,1995,"ornamentals",0.000775168587160834
140,1996,"ornamentals",0.000651370734296247
140,1997,"ornamentals",0.000465510585176866
140,1998,"ornamentals",0.000217391451285325
140,1999,"ornamentals",0
140,2000,"ornamentals",0
140,2001,"ornamentals",0
140,2002,"ornamentals",0
140,2003,"ornamentals",0
140,2004,"ornamentals",0
140,2005,"ornamentals",0
140,2006,"ornamentals",0
140,2007,"ornamentals",0
140,2008,"ornamentals",0
140,2009,"ornamentals",0
140,2010,"ornamentals",0
140,2011,"ornamentals",0
140,2012,"ornamentals",0
140,2013,"ornamentals",0
140,2014,"ornamentals",0
140,2015,"ornamentals",0
140,2016,"ornamentals",0
140,2017,"ornamentals",0
140,2018,"ornamentals",0
140,2019,"ornamentals",0
140,2020,"ornamentals",0
140,2021,"ornamentals",0
140,2022,"ornamentals",0
147,1976,"ornamentals",3.80619186134995e-05
147,1977,"ornamentals",2.49416565578773e-05
147,1978,"ornamentals",2.05680185888165e-05
147,1979,"ornamentals",2.46646232641616e-05
147,1980,"ornamentals",2.42952448611305e-05
147,1981,"ornamentals",3.03938153023684e-05
147,1982,"ornamentals",3.61117643928494e-05
147,1983,"ornamentals",2.68739809886031e-05
147,1984,"ornamentals",2.62165192446088e-05
147,1985,"ornamentals",1.71629135904029e-05
147,1986,"ornamentals",8.48931296722872e-06
147,1987,"ornamentals",8.48931296722872e-06
147,1988,"ornamentals",0
147,1989,"ornamentals",0
147,1990,"ornamentals",8.51142947691282e-06
147,1991,"ornamentals",8.51142947691282e-06
147,1992,"ornamentals",8.51142947691282e-06
147,1993,"ornamentals",8.51142947691282e-06
147,1994,"ornamentals",0
147,1995,"ornamentals",0
147,1996,"ornamentals",0
147,1997,"ornamentals",0
147,1998,"ornamentals",8.86538691873428e-06
147,1999,"ornamentals",4.43224711840995e-05
147,2000,"ornamentals",0.000103401747938574
147,2001,"ornamentals",0.000203791043045455
147,2002,"ornamentals",0.000336571272325438
147,2003,"ornamentals",0.00046630407585219
147,2004,"ornamentals",0.00056354098257733
147,2005,"ornamentals",0.00060183169060933
147,2006,"ornamentals",0.000569432402801271
147,2007,"ornamentals",0.000483987508350681
147,2008,"ornamentals",0.00043093188163037
147,2009,"ornamentals",0.000371962427598773
147,2010,"ornamentals",0.000333621688233554
147,2011,"ornamentals",0.000315923145892571
147,2012,"ornamentals",0.000280520722873857
147,2013,"ornamentals",0.000245111179686902
147,2014,"ornamentals",0.000259866021496725
147,2015,"ornamentals",0.000259866021496725
147,2016,"ornamentals",0.000293000889407577
147,2017,"ornamentals",0.000328194324389703
147,2018,"ornamentals",0.000368394141932981
147,2019,"ornamentals",0.000468691442944691
147,2020,"ornamentals",0.000488791200732597
147,2021,"ornamentals",0.000504527532656412
147,2022,"ornamentals",0.0005382056289521
152,1995,"ornamentals",0.000555518094193171
152,1996,"ornamentals",0.000450078301962066
152,1997,"ornamentals",0.000430772444000277
152,1998,"ornamentals",0.000436241048647874
152,1999,"ornamentals",0.000457948417883741
152,2000,"ornamentals",0.000371923215658962
152,2001,"ornamentals",0.000273955219663489
152,2002,"ornamentals",0.00023745951605154
152,2003,"ornamentals",7.67415771420629e-05
152,2004,"ornamentals",7.67415771420629e-05
152,2005,"ornamentals",7.67415771420629e-05
152,2006,"ornamentals",0
152,2007,"ornamentals",3.32228239473713e-05
152,2008,"ornamentals",3.32228239473713e-05
152,2009,"ornamentals",3.32228239473713e-05
152,2010,"ornamentals",0.000253751477041433
152,2011,"ornamentals",0.000220570244870944
152,2012,"ornamentals",0.000220570244870944
152,2013,"ornamentals",0.000220570244870944
152,2014,"ornamentals",0
152,2015,"ornamentals",0
152,2016,"ornamentals",0
152,2017,"ornamentals",0
152,2018,"ornamentals",0
152,2019,"ornamentals",0
152,2020,"ornamentals",0
152,2021,"ornamentals",0
152,2022,"ornamentals",0
153,1992,"ornamentals",0.00231245696785931
153,1993,"ornamentals",0.00195866529680055
153,1994,"ornamentals",0.00225354103804834
153,1995,"ornamentals",0.00227949208724371
153,1996,"ornamentals",0.00226348047056795
153,1997,"ornamentals",0.0022289601146292
153,1998,"ornamentals",0.00214053688977302
153,1999,"ornamentals",0.00190804114518071
153,2000,"ornamentals",0.00196835666928333
153,2001,"ornamentals",0.00187010618314637
153,2002,"ornamentals",0.00178150250161174
153,2003,"ornamentals",0.00226827186890941
153,2004,"ornamentals",0.00204717988738718
153,2005,"ornamentals",0.00221187122978428
153,2006,"ornamentals",0.0021702096154117
153,2007,"ornamentals",0.00157523587987962
153,2008,"ornamentals",0.00188840066499758
153,2009,"ornamentals",0.00211588273552517
153,2010,"ornamentals",0.00239904997701651
153,2011,"ornamentals",0.00274193071117503
153,2012,"ornamentals",0.00260865060949199
153,2013,"ornamentals",0.00239771001267486
153,2014,"ornamentals",0.0021185083662655
153,2015,"ornamentals",0.00185575873982221
153,2016,"ornamentals",0.00150944297592639
153,2017,"ornamentals",0.00106132666743018
153,2018,"ornamentals",0.000564629409367745
153,2019,"ornamentals",0.000234462612056741
153,2020,"ornamentals",4.4763597995882e-07
153,2021,"ornamentals",4.4763597995882e-07
153,2022,"ornamentals",4.4763597995882e-07
155,1999,"ornamentals",0.000162057358304645
155,2000,"ornamentals",8.10473250995653e-05
155,2001,"ornamentals",5.40356953055158e-05
155,2002,"ornamentals",4.05283261823039e-05
155,2003,"ornamentals",0
155,2004,"ornamentals",0
155,2005,"ornamentals",0
155,2006,"ornamentals",0
155,2007,"ornamentals",0
155,2008,"ornamentals",0.000190947415210846
155,2009,"ornamentals",0.000200459579584705
155,2010,"ornamentals",0.000200459579584705
155,2011,"ornamentals",0.000227175693633333
155,2012,"ornamentals",0.000121933782492116
155,2013,"ornamentals",0.000140965055497115
155,2014,"ornamentals",0.000236090575023667
155,2015,"ornamentals",0.000268965061716627
155,2016,"ornamentals",0.000231464874320884
155,2017,"ornamentals",0.000247831219493297
155,2018,"ornamentals",0.000221872754933623
155,2019,"ornamentals",0.000162362703119749
155,2020,"ornamentals",0.000136945117413873
155,2021,"ornamentals",9.21126496701437e-05
155,2022,"ornamentals",3.16057854988595e-05
163,1976,"ornamentals",0.000637194370817146
163,1977,"ornamentals",0.000745134760509683
163,1978,"ornamentals",0.000887708577130357
163,1979,"ornamentals",0.00104718343920717
163,1980,"ornamentals",0.00139851516801312
163,1981,"ornamentals",0.00170735851407775
163,1982,"ornamentals",0.00193956201119229
163,1983,"ornamentals",0.00206290038020505
163,1984,"ornamentals",0.00191677900316072
163,1985,"ornamentals",0.00167546076030494
163,1986,"ornamentals",0.00148555126806333
163,1987,"ornamentals",0.00156075319734341
163,1988,"ornamentals",0.00208565789327927
163,1989,"ornamentals",0.00250959899394805
163,1990,"ornamentals",0.00302195386822909
163,1991,"ornamentals",0.00334129896849215
163,1992,"ornamentals",0.00349264916131337
163,1993,"ornamentals",0.00396704055285442
163,1994,"ornamentals",0.00441278830645694
163,1995,"ornamentals",0.00485681252034179
163,1996,"ornamentals",0.00486869236419843
163,1997,"ornamentals",0.00468552271460021
163,1998,"ornamentals",0.0041127423120422
163,1999,"ornamentals",0.00351520163242379
163,2000,"ornamentals",0.00302997044980494
163,2001,"ornamentals",0.00251384804640459
163,2002,"ornamentals",0.0023633843688944
163,2003,"ornamentals",0.00219809089776072
163,2004,"ornamentals",0.0022229635686556
163,2005,"ornamentals",0.00240774770052765
163,2006,"ornamentals",0.00223743916920209
163,2007,"ornamentals",0.00241648299818678
163,2008,"ornamentals",0.00272502657657346
163,2009,"ornamentals",0.00288228152472132
163,2010,"ornamentals",0.0033757362824261
163,2011,"ornamentals",0.00350322751847555
163,2012,"ornamentals",0.00274796896462469
163,2013,"ornamentals",0.00210294637532787
163,2014,"ornamentals",0.00136059368394165
163,2015,"ornamentals",0.000621985850792567
163,2016,"ornamentals",0.000663338148858437
163,2017,"ornamentals",0.000765824705634678
163,2018,"ornamentals",0.000825074891209983
163,2019,"ornamentals",0.000879091616306414
163,2020,"ornamentals",0.000836248521877962
163,2021,"ornamentals",0.000683131919907003
163,2022,"ornamentals",0.00058314663754049
164,1977,"ornamentals",0.000110592331689043
164,1978,"ornamentals",5.53048493879016e-05
164,1979,"ornamentals",0.000108427345266109
164,1980,"ornamentals",0.000155604298177499
164,1981,"ornamentals",0.00012796979376127
164,1982,"ornamentals",0.000156892982117334
164,1983,"ornamentals",0.000130344202277776
164,1984,"ornamentals",8.37422823417397e-05
164,1985,"ornamentals",0.000119219547915859
164,1986,"ornamentals",0.000127146439300625
164,1987,"ornamentals",0.000126253202418404
164,1988,"ornamentals",0.00013257620706645
164,1989,"ornamentals",0.000150924972298545
164,1990,"ornamentals",0.000146824990055892
164,1991,"ornamentals",0.00016276733324797
164,1992,"ornamentals",0.00017229548718956
164,1993,"ornamentals",0.000159377890380851
164,1994,"ornamentals",0.000174517501116134
164,1995,"ornamentals",0.000159973006280264
164,1996,"ornamentals",0.000148647055979023
164,1997,"ornamentals",0.000162947920151155
164,1998,"ornamentals",0.000115056187514738
164,1999,"ornamentals",8.74495590121641e-05
164,2000,"ornamentals",0.000107417731645584
164,2001,"ornamentals",8.57116069058471e-05
164,2002,"ornamentals",0.000121401302716903
164,2003,"ornamentals",0.000378845369059291
164,2004,"ornamentals",0.000570122520945699
164,2005,"ornamentals",0.000949293438496023
164,2006,"ornamentals",0.00117463326023929
164,2007,"ornamentals",0.00110144783046429
164,2008,"ornamentals",0.00103738561444117
164,2009,"ornamentals",0.00075340098467183
164,2010,"ornamentals",0.000583707780601081
164,2011,"ornamentals",0.000537816662893134
164,2012,"ornamentals",0.000574530513948487
164,2013,"ornamentals",0.000569941701227327
164,2014,"ornamentals",0.00047814032148206
164,2015,"ornamentals",0.000340348438970183
164,2016,"ornamentals",0.000124257435152326
164,2017,"ornamentals",0
164,2018,"ornamentals",0
164,2019,"ornamentals",0
164,2020,"ornamentals",0
164,2021,"ornamentals",0
164,2022,"ornamentals",0
166,1976,"ornamentals",0.000136228594450378
166,1977,"ornamentals",0.00253682280183112
166,1978,"ornamentals",0.00253607513528483
166,1979,"ornamentals",0.00231472063867875
166,1980,"ornamentals",0.00228109209932999
166,1981,"ornamentals",0.00104927716264132
166,1982,"ornamentals",0.000627855956652419
166,1983,"ornamentals",0.000904714342224213
166,1984,"ornamentals",0.00117307877903237
166,1985,"ornamentals",0.00171774510580628
166,1986,"ornamentals",0.00239954142717138
166,1987,"ornamentals",0.00318357586672161
166,1988,"ornamentals",0.00479714621434468
166,1989,"ornamentals",0.00577732823122462
166,1990,"ornamentals",0.0048997368566143
166,1991,"ornamentals",0.0041451876055743
166,1992,"ornamentals",0.00455037290010248
166,1993,"ornamentals",0.00581248942620244
166,1994,"ornamentals",0.00824178878517813
166,1995,"ornamentals",0.00936216615813062
166,1996,"ornamentals",0.00901816615281772
166,1997,"ornamentals",0.00954236001983369
166,1998,"ornamentals",0.00776264936811973
166,1999,"ornamentals",0.00610163297274626
166,2000,"ornamentals",0.00488069563199495
166,2001,"ornamentals",0.00169391641282639
166,2002,"ornamentals",0.00114927041666282
166,2003,"ornamentals",0.00109471303458216
166,2004,"ornamentals",0.000438702356970863
166,2005,"ornamentals",0.000274317049145641
166,2006,"ornamentals",0.000329129207294066
166,2007,"ornamentals",0.000219487821293716
166,2008,"ornamentals",0.000164641513103184
166,2009,"ornamentals",0.000164641513103184
166,2010,"ornamentals",0
166,2011,"ornamentals",0
166,2012,"ornamentals",0
166,2013,"ornamentals",5.48976131162556e-05
166,2014,"ornamentals",0.000109778113929032
166,2015,"ornamentals",0.000109778113929032
166,2016,"ornamentals",0.000109778113929032
166,2017,"ornamentals",5.48976131162556e-05
166,2018,"ornamentals",0
166,2019,"ornamentals",0
166,2020,"ornamentals",0
166,2021,"ornamentals",0
166,2022,"ornamentals",0
168,1997,"ornamentals",0.00097916701759281
168,1998,"ornamentals",0.000490264215376444
168,1999,"ornamentals",0.000326994452542054
168,2000,"ornamentals",0.000245302758047055
168,2001,"ornamentals",0
168,2002,"ornamentals",0.00433006269097118
168,2003,"ornamentals",0.00832305743883466
168,2004,"ornamentals",0.0120161589203866
168,2005,"ornamentals",0.0154194362136643
168,2006,"ornamentals",0.0146011879188901
168,2007,"ornamentals",0.0137824795678726
168,2008,"ornamentals",0.0129531936971119
168,2009,"ornamentals",0.0121403363763224
168,2010,"ornamentals",0.0113237087538201
168,2011,"ornamentals",0.0104964281888158
168,2012,"ornamentals",0.0096308384561822
168,2013,"ornamentals",0.00874022446274568
168,2014,"ornamentals",0.0062295064589123
168,2015,"ornamentals",0.00392536711660812
168,2016,"ornamentals",0.00185805257605336
168,2017,"ornamentals",0
168,2018,"ornamentals",0
168,2019,"ornamentals",0.000564794978887306
168,2020,"ornamentals",0.00101200468315219
168,2021,"ornamentals",0.00139720849623812
168,2022,"ornamentals",0.00181315882500914
171,1976,"ornamentals",0.000546032516074607
171,1977,"ornamentals",0.000554732088308431
171,1978,"ornamentals",0.000598223502660993
171,1979,"ornamentals",0.000645327081011683
171,1980,"ornamentals",0.000677929869882452
171,1981,"ornamentals",0.000690244907979581
171,1982,"ornamentals",0.000662715986387832
171,1983,"ornamentals",0.000619240502324428
171,1984,"ornamentals",0.000639530397545509
171,1985,"ornamentals",0.000736599680043083
171,1986,"ornamentals",0.000853880680279737
171,1987,"ornamentals",0.00103977744405513
171,1988,"ornamentals",0.00123558850025129
171,1989,"ornamentals",0.00134243403192441
171,1990,"ornamentals",0.00147589982837461
171,1991,"ornamentals",0.00155520993171981
171,1992,"ornamentals",0.00165537799266928
171,1993,"ornamentals",0.00196345172866685
171,1994,"ornamentals",0.00176916892675724
171,1995,"ornamentals",0.00153718804514163
171,1996,"ornamentals",0.0012882974404861
171,1997,"ornamentals",0.0008546043945096
171,1998,"ornamentals",0.000850262064506257
171,1999,"ornamentals",0.00087341992037544
171,2000,"ornamentals",0.000780046197334262
171,2001,"ornamentals",0.000678654307733815
171,2002,"ornamentals",0.000608369953665997
171,2003,"ornamentals",0.000479321510679899
171,2004,"ornamentals",0.000405329749028892
171,2005,"ornamentals",0.000400250742607336
171,2006,"ornamentals",0.000385738488285932
171,2007,"ornamentals",0.000420565889237676
171,2008,"ornamentals",0.000446681919552099
171,2009,"ornamentals",0.000390817913368211
171,2010,"ornamentals",0.000342920367309319
171,2011,"ornamentals",0.000283393137333209
171,2012,"ornamentals",0.000193338103614862
171,2013,"ornamentals",0.000126493299940936
171,2014,"ornamentals",6.68928373294299e-05
171,2015,"ornamentals",1.4544083300029e-05
171,2016,"ornamentals",1.23625473967075e-05
171,2017,"ornamentals",1.16353627553167e-05
171,2018,"ornamentals",1.09081751104226e-05
171,2019,"ornamentals",9.91192316086711e-06
171,2020,"ornamentals",8.0866586130802e-06
171,2021,"ornamentals",6.31227971857383e-06
171,2022,"ornamentals",5.83959379991661e-06
175,1988,"ornamentals",0.0126530700574362
175,1989,"ornamentals",0.00644017872234072
175,1990,"ornamentals",0.00610703144080942
175,1991,"ornamentals",0.0113631884576308
175,1992,"ornamentals",0.0103895375157156
175,1993,"ornamentals",0.0110392360507453
175,1994,"ornamentals",0.0103895375157156
175,1995,"ornamentals",0.0281736577623906
175,1996,"ornamentals",0.0291399703589745
175,1997,"ornamentals",0.0312232776688579
175,1998,"ornamentals",0.0320885362654215
175,1999,"ornamentals",0.00857619048201803
175,2000,"ornamentals",0.00549338772949523
175,2001,"ornamentals",0.00307999373983478
175,2002,"ornamentals",0.00154673192397337
175,2003,"ornamentals",0.00120418611062157
175,2004,"ornamentals",0.0010326629567389
175,2005,"ornamentals",0.000344894418210228
175,2006,"ornamentals",0.000344894418210228
175,2007,"ornamentals",0.00165903653956227
175,2008,"ornamentals",0.00291903474228634
175,2009,"ornamentals",0.00291903474228634
175,2010,"ornamentals",0.00274917493091883
175,2011,"ornamentals",0.0012718843977814
175,2012,"ornamentals",4.03455943486505e-05
175,2013,"ornamentals",4.03455943486505e-05
175,2014,"ornamentals",0.000212837744314945
175,2015,"ornamentals",0.00124425673016675
175,2016,"ornamentals",0.00443177305810548
175,2017,"ornamentals",0.00527139479803056
175,2018,"ornamentals",0.00577325257373161
175,2019,"ornamentals",0.00476810239774806
175,2020,"ornamentals",0.00155186504113201
175,2021,"ornamentals",0.000701150049335427
175,2022,"ornamentals",3.27940287641334e-05
179,1988,"ornamentals",0.000129871458703801
179,1989,"ornamentals",6.73527147980706e-05
179,1990,"ornamentals",4.65081991387389e-05
179,1991,"ornamentals",4.91438088331474e-05
179,1992,"ornamentals",2.388694792714e-05
179,1993,"ornamentals",0.00067459728470061
179,1994,"ornamentals",0.00133723833158355
179,1995,"ornamentals",0.00134098913992682
179,1996,"ornamentals",0.00133501989137359
179,1997,"ornamentals",0.00131711093131351
179,1998,"ornamentals",0.000775400305629741
179,1999,"ornamentals",0.000850837400445314
179,2000,"ornamentals",0.000965727046592478
179,2001,"ornamentals",0.000668775326918818
179,2002,"ornamentals",0.000896323517194576
179,2003,"ornamentals",0.00126337311831772
179,2004,"ornamentals",0.00157840106221879
179,2005,"ornamentals",0.00149731138203037
179,2006,"ornamentals",0.00132188683212115
179,2007,"ornamentals",0.00101477166176604
179,2008,"ornamentals",0.000741862329965115
179,2009,"ornamentals",0.000586066557044103
179,2010,"ornamentals",0.000600453482272795
179,2011,"ornamentals",0.000488924049367987
179,2012,"ornamentals",0.000379724668264047
179,2013,"ornamentals",0.000361718266272218
179,2014,"ornamentals",0.000266854146982123
179,2015,"ornamentals",0.000314893000672299
179,2016,"ornamentals",0.000343710022511059
179,2017,"ornamentals",0.000343710022511059
179,2018,"ornamentals",0.000296879966547043
179,2019,"ornamentals",0.000242865842873421
179,2020,"ornamentals",0.000194254580407977
179,2021,"ornamentals",0.000151387198729365
179,2022,"ornamentals",0.000138838673271298
180,1988,"ornamentals",0.000421933866084793
180,1989,"ornamentals",0.000313942111701149
180,1990,"ornamentals",0.000335932763711558
180,1991,"ornamentals",0.00127756612068747
180,1992,"ornamentals",0.00134575773124295
180,1993,"ornamentals",0.00131430324950661
180,1994,"ornamentals",0.00133396295912375
180,1995,"ornamentals",0.000758993659361102
180,1996,"ornamentals",0.000755049031797141
180,1997,"ornamentals",0.000912765239399967
180,1998,"ornamentals",0.00164037052371652
180,1999,"ornamentals",0.00165999385900767
180,2000,"ornamentals",0.00182474358303325
180,2001,"ornamentals",0.00174631056016263
180,2002,"ornamentals",0.00106640263258296
180,2003,"ornamentals",0.000707706606182635
180,2004,"ornamentals",0.000498458481570547
180,2005,"ornamentals",0.000585346385676501
180,2006,"ornamentals",0.000680084311184873
180,2007,"ornamentals",0.000802378730553894
180,2008,"ornamentals",0.00100732719268982
180,2009,"ornamentals",0.00126317772819123
180,2010,"ornamentals",0.00170315749935309
180,2011,"ornamentals",0.00209898432945702
180,2012,"ornamentals",0.00234934545684322
180,2013,"ornamentals",0.00249001729563674
180,2014,"ornamentals",0.00229851965812162
180,2015,"ornamentals",0.00201675694907902
180,2016,"ornamentals",0.00185610701132666
180,2017,"ornamentals",0.00174238799166904
180,2018,"ornamentals",0.00167569095263011
180,2019,"ornamentals",0.00183097750928846
180,2020,"ornamentals",0.00186355500458105
180,2021,"ornamentals",0.00142790605688617
180,2022,"ornamentals",0.00119747930387692
181,1992,"ornamentals",3.0429890638066e-05
181,1993,"ornamentals",1.52156027463589e-05
181,1994,"ornamentals",1.01438812704189e-05
181,1995,"ornamentals",7.60796574420996e-06
181,1996,"ornamentals",3.0429890638066e-05
181,1997,"ornamentals",0.000410360423787438
181,1998,"ornamentals",0.000410360423787438
181,1999,"ornamentals",0.00115265437190234
181,2000,"ornamentals",0.00113753675665112
181,2001,"ornamentals",0.000759173880533042
181,2002,"ornamentals",0.000759173880533042
181,2003,"ornamentals",6.08545227665284e-05
181,2004,"ornamentals",0.000136893109030619
181,2005,"ornamentals",0.000136893109030619
181,2006,"ornamentals",0.00015209688626067
181,2007,"ornamentals",0.000190100586280482
181,2008,"ornamentals",0.00077432401775139
181,2009,"ornamentals",0.00204230385504918
181,2010,"ornamentals",0.00295740860262057
181,2011,"ornamentals",0.00458825831119722
181,2012,"ornamentals",0.00393475411847273
181,2013,"ornamentals",0.00268037900767231
181,2014,"ornamentals",0.00176382946397088
181,2015,"ornamentals",3.0429890638066e-05
181,2016,"ornamentals",3.0429890638066e-05
181,2017,"ornamentals",5.32488576203285e-05
181,2018,"ornamentals",6.08545227665284e-05
181,2019,"ornamentals",5.32488576203285e-05
181,2020,"ornamentals",6.76232884244912e-05
181,2021,"ornamentals",4.4806184532946e-05
181,2022,"ornamentals",2.19861232127473e-05
182,1977,"ornamentals",0.0776250848224557
182,1978,"ornamentals",0.0446728388102833
182,1979,"ornamentals",0.0316581443417736
182,1980,"ornamentals",0.0251459066721247
182,1981,"ornamentals",0.00262165383820144
182,1982,"ornamentals",0.00159713627924606
182,1983,"ornamentals",0.00101510608315467
182,1984,"ornamentals",0
182,1985,"ornamentals",0
182,1986,"ornamentals",0
182,1987,"ornamentals",0.00094956932623742
182,1988,"ornamentals",0.00094956932623742
182,1989,"ornamentals",0.102502985148888
182,1990,"ornamentals",0.16529115790085
182,1991,"ornamentals",0.208627913594462
182,1992,"ornamentals",0.209124348195724
182,1993,"ornamentals",0.216666537796568
182,1994,"ornamentals",0.192494911073981
182,1995,"ornamentals",0.202883741757789
182,1996,"ornamentals",0.463857557550787
182,1997,"ornamentals",0.489839099331305
182,1998,"ornamentals",0.524573025995469
182,1999,"ornamentals",0.555729872946937
182,2000,"ornamentals",0.50849177402677
182,2001,"ornamentals",0.543215557874914
182,2002,"ornamentals",0.533041907393026
182,2003,"ornamentals",0.580156267270964
182,2004,"ornamentals",0.628237032774966
182,2005,"ornamentals",0.674665853472852
182,2006,"ornamentals",0.730472406563401
182,2007,"ornamentals",0.754279189268469
182,2008,"ornamentals",0.763130222399007
182,2009,"ornamentals",0.788918263264202
182,2010,"ornamentals",0.820769925836682
182,2011,"ornamentals",0.854526732018572
182,2012,"ornamentals",0.871857650734259
182,2013,"ornamentals",0.879235145848005
182,2014,"ornamentals",0.868744172549426
182,2015,"ornamentals",0.855216595534373
182,2016,"ornamentals",0.854507706674059
182,2017,"ornamentals",0.844747966685554
182,2018,"ornamentals",0.838934859306285
182,2019,"ornamentals",0.825479465244518
182,2020,"ornamentals",0.813199887486868
182,2021,"ornamentals",0.80067229371239
182,2022,"ornamentals",0.761118223009648
183,1988,"ornamentals",0.000134718539656999
183,1989,"ornamentals",6.73721553404575e-05
183,1990,"ornamentals",4.49176346479823e-05
183,1991,"ornamentals",3.36893002808446e-05
183,1992,"ornamentals",0
183,1993,"ornamentals",0.00469378141186476
183,1994,"ornamentals",0.00469378141186476
183,1995,"ornamentals",0.00469378141186476
183,1996,"ornamentals",0.00469378141186476
183,1997,"ornamentals",0
183,1998,"ornamentals",0
183,1999,"ornamentals",0
183,2000,"ornamentals",0
183,2001,"ornamentals",0
183,2002,"ornamentals",0
183,2003,"ornamentals",0.00232201428728663
183,2004,"ornamentals",0.00232201428728663
183,2005,"ornamentals",0.00368005748232454
183,2006,"ornamentals",0.00496220540884733
183,2007,"ornamentals",0.00300651001045126
183,2008,"ornamentals",0.00534260879365955
183,2009,"ornamentals",0.00485164277026831
183,2010,"ornamentals",0.00370070283677259
183,2011,"ornamentals",0.00353566692632573
183,2012,"ornamentals",0.00154307420803227
183,2013,"ornamentals",0.00114183512953404
183,2014,"ornamentals",0.00124223065813151
183,2015,"ornamentals",0.00191007513335533
183,2016,"ornamentals",0.00290711578845402
183,2017,"ornamentals",0.00366770802846382
183,2018,"ornamentals",0.00475328505776692
183,2019,"ornamentals",0.00492537501164142
183,2020,"ornamentals",0.0049014563793301
183,2021,"ornamentals",0.00588207234747401
183,2022,"ornamentals",0.00678854372585106
184,1988,"ornamentals",0.00234534190095413
184,1989,"ornamentals",0.00128124636071165
184,1990,"ornamentals",0.00112072676014393
184,1991,"ornamentals",0.00109279536241784
184,1992,"ornamentals",0.000778261419988002
184,1993,"ornamentals",0.00131263525876923
184,1994,"ornamentals",0.00141722452075196
184,1995,"ornamentals",0.00122891909153093
184,1996,"ornamentals",0.00263632501612239
184,1997,"ornamentals",0.0034650651416521
184,1998,"ornamentals",0.00448525959608007
184,1999,"ornamentals",0.00552000767339671
184,2000,"ornamentals",0.00513140977325322
184,2001,"ornamentals",0.00493678870988424
184,2002,"ornamentals",0.00531558938302457
184,2003,"ornamentals",0.00539738518253783
184,2004,"ornamentals",0.0053667162108303
184,2005,"ornamentals",0.00514164703004647
184,2006,"ornamentals",0.00456744197766327
184,2007,"ornamentals",0.00439275853974409
184,2008,"ornamentals",0.00531558938302457
184,2009,"ornamentals",0.00542804881278845
184,2010,"ornamentals",0.00523375556450429
184,2011,"ornamentals",0.00450580878813639
184,2012,"ornamentals",0.00283350430835382
184,2013,"ornamentals",0.00209554445616194
184,2014,"ornamentals",0.00159488379867644
184,2015,"ornamentals",0.00165754429579185
184,2016,"ornamentals",0.00213720198358795
184,2017,"ornamentals",0.00285424718301836
184,2018,"ornamentals",0.00283350430835382
184,2019,"ornamentals",0.00287540239782085
184,2020,"ornamentals",0.00217010446261476
184,2021,"ornamentals",0.00124106040357282
184,2022,"ornamentals",0.000946606971685271
191,1996,"ornamentals",0.000100886377703887
191,1997,"ornamentals",0.00010509429722087
191,1998,"ornamentals",0.000106496914711126
191,1999,"ornamentals",0.000107198219265941
191,2000,"ornamentals",0.000109302116169481
191,2001,"ornamentals",0.000109302116169481
191,2002,"ornamentals",0.000109302116169481
191,2003,"ornamentals",8.19829480542281e-05
191,2004,"ornamentals",5.46595401984385e-05
191,2005,"ornamentals",2.73318912859532e-05
191,2006,"ornamentals",0.000382260900710158
191,2007,"ornamentals",0.000382260900710158
191,2008,"ornamentals",0.000926912183451389
191,2009,"ornamentals",0.00165952889800177
191,2010,"ornamentals",0.00271239992673454
191,2011,"ornamentals",0.00324990124628538
191,2012,"ornamentals",0.00271239992673454
191,2013,"ornamentals",0.00203820743660405
191,2014,"ornamentals",0.000736475832465822
191,2015,"ornamentals",0.000954100569098297
191,2016,"ornamentals",0.0107361735096481
191,2017,"ornamentals",0.0110445072695016
191,2018,"ornamentals",0.0115316007304903
191,2019,"ornamentals",0.0115380008810167
191,2020,"ornamentals",0.0168636402403811
191,2021,"ornamentals",0.016930936615195
191,2022,"ornamentals",0.0165854906122533
196,1992,"ornamentals",0.000185868641519322
196,1993,"ornamentals",0.000189308803551945
196,1994,"ornamentals",0.000298212515103708
196,1995,"ornamentals",0.000428633646464162
196,1996,"ornamentals",0.000390187247494456
196,1997,"ornamentals",0.000479821626055289
196,1998,"ornamentals",0.000398538124163592
196,1999,"ornamentals",0.000257132639616803
196,2000,"ornamentals",0.000336727907699545
196,2001,"ornamentals",0.000311636460401321
196,2002,"ornamentals",0.000384354596968884
196,2003,"ornamentals",0.000452041195276709
196,2004,"ornamentals",0.000568170125214937
196,2005,"ornamentals",0.000588205546485924
196,2006,"ornamentals",0.000468047427776793
196,2007,"ornamentals",0.000427968516537029
196,2008,"ornamentals",0.00022419499073694
196,2009,"ornamentals",9.12807635653259e-05
196,2010,"ornamentals",0.000179031023562374
196,2011,"ornamentals",8.77957555478078e-05
196,2012,"ornamentals",8.77957555478078e-05
196,2013,"ornamentals",8.77957555478078e-05
196,2014,"ornamentals",0
196,2015,"ornamentals",0
196,2016,"ornamentals",0
196,2017,"ornamentals",0
196,2018,"ornamentals",0
196,2019,"ornamentals",0
196,2020,"ornamentals",3.65008076794235e-05
196,2021,"ornamentals",3.65008076794235e-05
196,2022,"ornamentals",3.65008076794235e-05
197,2019,"ornamentals",0.00021599431637304
197,2020,"ornamentals",0.000246829027207965
197,2021,"ornamentals",0.000441990222503041
197,2022,"ornamentals",0.000440609825464763
202,1991,"ornamentals",0.000414956374515863
202,1992,"ornamentals",0.000403679293104572
202,1993,"ornamentals",0.000455746117504415
202,1994,"ornamentals",0.000454288654802458
202,1995,"ornamentals",0.000433639054036551
202,1996,"ornamentals",0.000496587354787519
202,1997,"ornamentals",0.000566159103169186
202,1998,"ornamentals",0.000656580748478708
202,1999,"ornamentals",0.000712809242057676
202,2000,"ornamentals",0.000791441295544319
202,2001,"ornamentals",0.00092683809499494
202,2002,"ornamentals",0.00096357454846019
202,2003,"ornamentals",0.00135960261971491
202,2004,"ornamentals",0.00147401893673195
202,2005,"ornamentals",0.00137867717020382
202,2006,"ornamentals",0.00149308109598568
202,2007,"ornamentals",0.00099679296235349
202,2008,"ornamentals",0.001082789157352
202,2009,"ornamentals",0.00174070153744631
202,2010,"ornamentals",0.00142635450723574
202,2011,"ornamentals",0.0013977496543683
202,2012,"ornamentals",0.000996859944287115
202,2013,"ornamentals",0.00126127034821994
202,2014,"ornamentals",0.00127081320995951
202,2015,"ornamentals",0.00197555348307859
202,2016,"ornamentals",0.00263007800097966
202,2017,"ornamentals",0.00148355027434184
202,2018,"ornamentals",0.00156930910105932
202,2019,"ornamentals",0.00275610488093487
202,2020,"ornamentals",0.00767349449221197
202,2021,"ornamentals",0.00765508991335947
202,2022,"ornamentals",0.00752620396324764
203,1976,"ornamentals",6.96449489125419e-05
203,1977,"ornamentals",5.80393704295682e-05
203,1978,"ornamentals",3.86950394270781e-05
203,1979,"ornamentals",2.90220768356829e-05
203,1980,"ornamentals",1.16094048242285e-05
203,1981,"ornamentals",5.80479810218304e-06
203,1982,"ornamentals",5.80479810218304e-06
203,1983,"ornamentals",1.74138201787161e-05
203,1984,"ornamentals",2.90220768356829e-05
203,1985,"ornamentals",2.90220768356829e-05
203,1986,"ornamentals",5.22362942944473e-05
203,1987,"ornamentals",5.22362942944473e-05
203,1988,"ornamentals",4.64330268801052e-05
203,1989,"ornamentals",8.70518823580463e-05
203,1990,"ornamentals",0.000110258450160651
203,1991,"ornamentals",0.000237839924867721
203,1992,"ornamentals",0.00025523023784121
203,1993,"ornamentals",0.000394290938389564
203,1994,"ornamentals",0.000394290938389564
203,1995,"ornamentals",0.000481148133022675
203,1996,"ornamentals",0.000521666831033776
203,1997,"ornamentals",0.000510091011670732
203,1998,"ornamentals",0.000579534514134499
203,1999,"ornamentals",0.000510091011670732
203,2000,"ornamentals",0.000816593361588238
203,2001,"ornamentals",0.00101870843509025
203,2002,"ornamentals",0.00123212095021155
203,2003,"ornamentals",0.00185357928503255
203,2004,"ornamentals",0.00179038284276973
203,2005,"ornamentals",0.00159490484529244
203,2006,"ornamentals",0.00167542207183852
203,2007,"ornamentals",0.00136465251858496
203,2008,"ornamentals",0.00150284004630569
203,2009,"ornamentals",0.00176739669298253
203,2010,"ornamentals",0.00160640956091855
203,2011,"ornamentals",0.00160065729707755
203,2012,"ornamentals",0.00162366522489963
203,2013,"ornamentals",0.00141072708012686
203,2014,"ornamentals",0.0014798163224037
203,2015,"ornamentals",0.00119753108394661
203,2016,"ornamentals",0.000914792519881871
203,2017,"ornamentals",0.00163516806139155
203,2018,"ornamentals",0.00178463658666276
203,2019,"ornamentals",0.00188488184793469
203,2020,"ornamentals",0.00193116498038277
203,2021,"ornamentals",0.00102165182602354
203,2022,"ornamentals",0.000655370245553077
204,1984,"ornamentals",0.00448580246096134
204,1985,"ornamentals",0.00295666478181815
204,1986,"ornamentals",0.00197661646174599
204,1987,"ornamentals",0.00159009991767572
204,1988,"ornamentals",0.000460839180004363
204,1989,"ornamentals",0.000106454616589762
204,1990,"ornamentals",0.000106454616589762
204,1991,"ornamentals",0
204,1992,"ornamentals",0
204,1993,"ornamentals",0
204,1994,"ornamentals",0
204,1995,"ornamentals",0
204,1996,"ornamentals",0
204,1997,"ornamentals",0
204,1998,"ornamentals",0
204,1999,"ornamentals",0
204,2000,"ornamentals",0
204,2001,"ornamentals",3.54920246099449e-05
204,2002,"ornamentals",0.000106454616589762
204,2003,"ornamentals",0.000141925189723783
204,2004,"ornamentals",0.000177388618126987
204,2005,"ornamentals",0.000531630574201684
204,2006,"ornamentals",0.000814511852603478
204,2007,"ornamentals",0.000849840075910727
204,2008,"ornamentals",0.000814511852603478
204,2009,"ornamentals",0.000425432805995899
204,2010,"ornamentals",0.000106454616589762
204,2011,"ornamentals",0.000390019310229652
204,2012,"ornamentals",0.000390019310229652
204,2013,"ornamentals",0.000390019310229652
204,2014,"ornamentals",0.000354598689840137
204,2015,"ornamentals",0
204,2016,"ornamentals",0
204,2017,"ornamentals",0
204,2018,"ornamentals",0
204,2019,"ornamentals",0
204,2020,"ornamentals",0
204,2021,"ornamentals",0
204,2022,"ornamentals",0
205,2005,"ornamentals",0.00368251813713846
205,2006,"ornamentals",0.00185088690777716
205,2007,"ornamentals",0.00123608406576734
205,2008,"ornamentals",0.00173195632922737
205,2009,"ornamentals",0.00155142781659104
205,2010,"ornamentals",0.00223384786326936
205,2011,"ornamentals",0.00285339127332509
205,2012,"ornamentals",0.00261839805479131
205,2013,"ornamentals",0.00240041715203007
205,2014,"ornamentals",0.00218175300784681
205,2015,"ornamentals",0.0019686064044208
205,2016,"ornamentals",0.00176265377675547
205,2017,"ornamentals",0.00155977587529646
205,2018,"ornamentals",0.00109705644739716
205,2019,"ornamentals",0.000687562536397982
205,2020,"ornamentals",0.00032630656701635
205,2021,"ornamentals",4.9741795028e-06
205,2022,"ornamentals",3.48965227038558e-06
206,1976,"ornamentals",0.000101019027347779
206,1977,"ornamentals",0.000110864065463693
206,1978,"ornamentals",0.000111401806779524
206,1979,"ornamentals",0.000111607154572306
206,1980,"ornamentals",0.00011384599275267
206,1981,"ornamentals",0.000112345445667803
206,1982,"ornamentals",0.00011034629463755
206,1983,"ornamentals",0.000179133737237842
206,1984,"ornamentals",0.000170905199756709
206,1985,"ornamentals",0.000180370139528057
206,1986,"ornamentals",0.000199552455053764
206,1987,"ornamentals",0.000201541008524759
206,1988,"ornamentals",0.000283493028893854
206,1989,"ornamentals",0.000365904789740018
206,1990,"ornamentals",0.000663374022157261
206,1991,"ornamentals",0.000953146594041881
206,1992,"ornamentals",0.00139743377114741
206,1993,"ornamentals",0.00228167852740881
206,1994,"ornamentals",0.00304778178563114
206,1995,"ornamentals",0.0042978692364117
206,1996,"ornamentals",0.0061486873657518
206,1997,"ornamentals",0.00729160529866954
206,1998,"ornamentals",0.00778202652091962
206,1999,"ornamentals",0.00804316785037622
206,2000,"ornamentals",0.00765738938448408
206,2001,"ornamentals",0.00807794889270226
206,2002,"ornamentals",0.0106835400274525
206,2003,"ornamentals",0.0121743049035882
206,2004,"ornamentals",0.013453677292013
206,2005,"ornamentals",0.0145584198644319
206,2006,"ornamentals",0.0139402203201659
206,2007,"ornamentals",0.015224675062199
206,2008,"ornamentals",0.0165770602676398
206,2009,"ornamentals",0.016143561099368
206,2010,"ornamentals",0.0169200129743363
206,2011,"ornamentals",0.0152455379027503
206,2012,"ornamentals",0.0132153614444338
206,2013,"ornamentals",0.0101536493062969
206,2014,"ornamentals",0.00592798285404255
206,2015,"ornamentals",0.00302567446590057
206,2016,"ornamentals",0.000566218755268905
206,2017,"ornamentals",0.000626212561217079
206,2018,"ornamentals",0.000648668046613353
206,2019,"ornamentals",0.000632923221429461
206,2020,"ornamentals",0.00048319613314056
206,2021,"ornamentals",0.00041400360779402
206,2022,"ornamentals",0.000359493843977052
207,1995,"ornamentals",0.00915913139371028
207,1996,"ornamentals",0.00903360771711047
207,1997,"ornamentals",0.00607360897744449
207,1998,"ornamentals",0.0045747362927459
207,1999,"ornamentals",0.00226960777787305
207,2000,"ornamentals",0
207,2001,"ornamentals",0.00012766366893389
207,2002,"ornamentals",0.000624669345604901
207,2003,"ornamentals",0.0114816036177727
207,2004,"ornamentals",0.0160987378390621
207,2005,"ornamentals",0.016069597840324
207,2006,"ornamentals",0.01587423534093
207,2007,"ornamentals",0.00552214668391924
207,2008,"ornamentals",0.000882177677037244
207,2009,"ornamentals",0.00117102861915854
207,2010,"ornamentals",0.00373072760588834
207,2011,"ornamentals",0.00612652951901987
207,2012,"ornamentals",0.0116675860932708
207,2013,"ornamentals",0.0170304942883468
207,2014,"ornamentals",0.020153492650497
207,2015,"ornamentals",0.0234839902087029
207,2016,"ornamentals",0.0238933566296903
207,2017,"ornamentals",0.0243049699042925
207,2018,"ornamentals",0.0247900174964076
207,2019,"ornamentals",0.0253103814879061
207,2020,"ornamentals",0.0257240941398982
207,2021,"ornamentals",0.0261553123463681
207,2022,"ornamentals",0.026460794386084
208,1976,"ornamentals",0.580827065461554
208,1977,"ornamentals",0.5791987756903
208,1978,"ornamentals",0.577584654376592
208,1979,"ornamentals",0.575859245308377
208,1980,"ornamentals",0.572545822460065
208,1981,"ornamentals",0.5700752139027
208,1982,"ornamentals",0.569039810072946
208,1983,"ornamentals",0.569588051291418
208,1984,"ornamentals",0.577028598926788
208,1985,"ornamentals",0.575224246672791
208,1986,"ornamentals",0.574263664106626
208,1987,"ornamentals",0.579418722465262
208,1988,"ornamentals",0.583407304658655
208,1989,"ornamentals",0.597273849320153
208,1990,"ornamentals",0.608373528391142
208,1991,"ornamentals",0.612968115838718
208,1992,"ornamentals",0.614261898843981
208,1993,"ornamentals",0.614632575388453
208,1994,"ornamentals",0.616185658298636
208,1995,"ornamentals",0.80155163158874
208,1996,"ornamentals",0.88845167576613
208,1997,"ornamentals",0.94082830776928
208,1998,"ornamentals",0.973688708118478
208,1999,"ornamentals",0.959589145616115
208,2000,"ornamentals",0.946010751194808
208,2001,"ornamentals",0.935091873114579
208,2002,"ornamentals",0.932949515171995
208,2003,"ornamentals",0.93147657577916
208,2004,"ornamentals",0.936816723430283
208,2005,"ornamentals",0.947970791670087
208,2006,"ornamentals",0.964565460904018
208,2007,"ornamentals",0.983216590441885
208,2008,"ornamentals",0.996455957046832
208,2009,"ornamentals",1
208,2010,"ornamentals",0.959473905574683
208,2011,"ornamentals",0.901748427399911
208,2012,"ornamentals",0.810593501800659
208,2013,"ornamentals",0.658123883471505
208,2014,"ornamentals",0.659818964431185
208,2015,"ornamentals",0.661151325891741
208,2016,"ornamentals",0.662575962095492
208,2017,"ornamentals",0.665027783567575
208,2018,"ornamentals",0.667626599089343
208,2019,"ornamentals",0.669934960502804
208,2020,"ornamentals",0.671999344255516
208,2021,"ornamentals",0.6741203447811
208,2022,"ornamentals",0.676267987932849
209,1978,"ornamentals",0.000877225685581668
209,1979,"ornamentals",0.000439159190574797
209,1980,"ornamentals",0.000562598501693872
209,1981,"ornamentals",0.000616102661304768
209,1982,"ornamentals",0.000583629650558836
209,1983,"ornamentals",0.000766843201069624
209,1984,"ornamentals",0.000575819368809177
209,1985,"ornamentals",0.000381789620923603
209,1986,"ornamentals",0.000194826203379905
209,1987,"ornamentals",0.000162297713781626
209,1988,"ornamentals",0.000303715903297444
209,1989,"ornamentals",0.00044376031334852
209,1990,"ornamentals",0.00044376031334852
209,1991,"ornamentals",0.000436659890200011
209,1992,"ornamentals",0.00200273046266741
209,1993,"ornamentals",0.00294489634586713
209,1994,"ornamentals",0.00662219316152611
209,1995,"ornamentals",0.00810386291913147
209,1996,"ornamentals",0.00790385260071529
209,1997,"ornamentals",0.00836572050816604
209,1998,"ornamentals",0.00694790566538463
209,1999,"ornamentals",0.00677838110706094
209,2000,"ornamentals",0.00560170310666462
209,2001,"ornamentals",0.00433323578886814
209,2002,"ornamentals",0.00234905027651525
209,2003,"ornamentals",0.0011535569847007
209,2004,"ornamentals",0.0011615472093772
209,2005,"ornamentals",0.00119638040144099
209,2006,"ornamentals",0.00121928060918296
209,2007,"ornamentals",0.00126248236444216
209,2008,"ornamentals",0.00129226027881709
209,2009,"ornamentals",0.0013451885546954
209,2010,"ornamentals",0.00297268935021954
209,2011,"ornamentals",0.00468290489259151
209,2012,"ornamentals",0.00435556507639231
209,2013,"ornamentals",0.00400090816079806
209,2014,"ornamentals",0.00208804126535959
209,2015,"ornamentals",3.67211589539099e-06
209,2016,"ornamentals",0
209,2017,"ornamentals",0
209,2018,"ornamentals",0
209,2019,"ornamentals",2.57050605677711e-07
209,2020,"ornamentals",2.57050605677711e-07
209,2021,"ornamentals",2.57050605677711e-07
209,2022,"ornamentals",2.57050605677711e-07
210,1988,"ornamentals",0.00024825093706308
210,1989,"ornamentals",0.000257110571247182
210,1990,"ornamentals",0.000287623676923916
210,1991,"ornamentals",0.000325019625944522
210,1992,"ornamentals",0.00037372086062506
210,1993,"ornamentals",0.000422408627502005
210,1994,"ornamentals",0.000468133359083284
210,1995,"ornamentals",0.000519743787625874
210,1996,"ornamentals",0.000581656338153371
210,1997,"ornamentals",0.000656806605810788
210,1998,"ornamentals",0.000709834547208351
210,1999,"ornamentals",0.000680376551580884
210,2000,"ornamentals",0.000645020449545953
210,2001,"ornamentals",0.000594920481185052
210,2002,"ornamentals",0.000577234735067118
210,2003,"ornamentals",0.000655333379425814
210,2004,"ornamentals",0.000849692756574192
210,2005,"ornamentals",0.00108499258669565
210,2006,"ornamentals",0.00121721067670812
210,2007,"ornamentals",0.00136106865123119
210,2008,"ornamentals",0.00136693790923397
210,2009,"ornamentals",0.00137133972433739
210,2010,"ornamentals",0.00146668537085009
210,2011,"ornamentals",0.00150480917653448
210,2012,"ornamentals",0.0011716800995791
210,2013,"ornamentals",0.000796706928793521
210,2014,"ornamentals",0.000413557307653346
210,2015,"ornamentals",2.51365547814928e-05
210,2016,"ornamentals",3.40074232280958e-05
210,2017,"ornamentals",3.40074232280958e-05
210,2018,"ornamentals",2.36580332515656e-05
210,2019,"ornamentals",2.05974542319149e-05
210,2020,"ornamentals",1.23912913964529e-05
210,2021,"ornamentals",1.06169356268656e-05
210,2022,"ornamentals",9.995906882859e-06
212,1991,"ornamentals",0.00152310353887638
212,1992,"ornamentals",0.0013000839989885
212,1993,"ornamentals",0.0015580340948769
212,1994,"ornamentals",0.00174232925025274
212,1995,"ornamentals",0.00222909254654801
212,1996,"ornamentals",0.00234135628791928
212,1997,"ornamentals",0.00255199388371974
212,1998,"ornamentals",0.0027975883170962
212,1999,"ornamentals",0.00356355074754185
212,2000,"ornamentals",0.00424765118944464
212,2001,"ornamentals",0.00474495607505535
212,2002,"ornamentals",0.00472509453069879
212,2003,"ornamentals",0.00435517561507267
212,2004,"ornamentals",0.00444284207721453
212,2005,"ornamentals",0.0032246443965003
212,2006,"ornamentals",0.00320845771397324
212,2007,"ornamentals",0.00199967992531066
212,2008,"ornamentals",0.000836009953978427
212,2009,"ornamentals",0.00116394739176434
212,2010,"ornamentals",0.000377664234044982
212,2011,"ornamentals",0.000329496863087544
212,2012,"ornamentals",0.000329496863087544
212,2013,"ornamentals",0
212,2014,"ornamentals",1.61958169794465e-05
212,2015,"ornamentals",3.375040625696e-05
212,2016,"ornamentals",4.77981331790309e-05
212,2017,"ornamentals",7.07501241372247e-05
212,2018,"ornamentals",8.03594551163151e-05
212,2019,"ornamentals",8.13754171880531e-05
212,2020,"ornamentals",6.94210058880465e-05
212,2021,"ornamentals",4.64688416489195e-05
212,2022,"ornamentals",2.06637443821181e-05
214,1994,"ornamentals",0.00183811001710356
214,1995,"ornamentals",0.00174815844178309
214,1996,"ornamentals",0.0011673654896482
214,1997,"ornamentals",0.00113978026112753
214,1998,"ornamentals",0.000906386791734177
214,1999,"ornamentals",0.000710398581364028
214,2000,"ornamentals",0.00118491747592131
214,2001,"ornamentals",0.00121500252487241
214,2002,"ornamentals",0.00116235031501786
214,2003,"ornamentals",0.0010344150694526
214,2004,"ornamentals",0.000642505645364731
214,2005,"ornamentals",0.000348000010333024
214,2006,"ornamentals",0.000181651039363636
214,2007,"ornamentals",0.000144260179619039
214,2008,"ornamentals",9.88553442023726e-05
214,2009,"ornamentals",0.000129126535506821
214,2010,"ornamentals",0.000257721065175582
214,2011,"ornamentals",0.000227034530145919
214,2012,"ornamentals",0.000264845171438111
214,2013,"ornamentals",0.000295087839038641
214,2014,"ornamentals",0.000340442102233534
214,2015,"ornamentals",0.00229222983038829
214,2016,"ornamentals",0.00251632950610213
214,2017,"ornamentals",0.00268048816820164
214,2018,"ornamentals",0.00267302973043373
214,2019,"ornamentals",0.000969056969380354
214,2020,"ornamentals",0.00116310260031977
214,2021,"ornamentals",0.00137842492731961
214,2022,"ornamentals",0.00199661274694208
216,1981,"ornamentals",0.000141113237548336
216,1982,"ornamentals",9.99086866478395e-05
216,1983,"ornamentals",8.01177624794161e-05
216,1984,"ornamentals",7.5286110788253e-05
216,1985,"ornamentals",6.13143236783074e-05
216,1986,"ornamentals",0.00016607571077666
216,1987,"ornamentals",0.000229949560251218
216,1988,"ornamentals",0.000345422119085105
216,1989,"ornamentals",0.00047127418680833
216,1990,"ornamentals",0.000520056883995759
216,1991,"ornamentals",0.000696258864331461
216,1992,"ornamentals",0.000884453871228045
216,1993,"ornamentals",0.00109224338080255
216,1994,"ornamentals",0.00130256280161848
216,1995,"ornamentals",0.00143917047738175
216,1996,"ornamentals",0.00141802749167675
216,1997,"ornamentals",0.00115578216495284
216,1998,"ornamentals",0.000806730411430853
216,1999,"ornamentals",0.000725840719419143
216,2000,"ornamentals",0.000738368006927311
216,2001,"ornamentals",0.000915916029662052
216,2002,"ornamentals",0.00121947153603215
216,2003,"ornamentals",0.00122051258776804
216,2004,"ornamentals",0.00130152223493544
216,2005,"ornamentals",0.00180426609072987
216,2006,"ornamentals",0.00172746674761485
216,2007,"ornamentals",0.00161480170158973
216,2008,"ornamentals",0.00137954767485645
216,2009,"ornamentals",0.000764637618101579
216,2010,"ornamentals",0.000692430261003912
216,2011,"ornamentals",0.000687557372717191
216,2012,"ornamentals",0.000697128989840311
216,2013,"ornamentals",0.00072775466825425
216,2014,"ornamentals",0.000706004024404935
216,2015,"ornamentals",0.000641954524439636
216,2016,"ornamentals",0.000629246282991648
216,2017,"ornamentals",0.000565691312720916
216,2018,"ornamentals",0.000541830510546249
216,2019,"ornamentals",0.000492905754233989
216,2020,"ornamentals",0.000414918573907782
216,2021,"ornamentals",0.000369705324499184
216,2022,"ornamentals",0.000322202868600463
218,1988,"ornamentals",3.62190073950644e-05
218,1989,"ornamentals",1.81104350628302e-05
218,1990,"ornamentals",3.62190073950644e-05
218,1991,"ornamentals",0.000117684541869719
218,1992,"ornamentals",0.000135782876029334
218,1993,"ornamentals",0.000199112398689279
218,1994,"ornamentals",0.000190066718584042
218,1995,"ornamentals",0.000162926889434066
218,1996,"ornamentals",0.000144831345494411
218,1997,"ornamentals",0.000117684541869719
218,1998,"ornamentals",0.000190066718584042
218,1999,"ornamentals",0.00020815761406836
218,2000,"ornamentals",0.000280502612689322
218,2001,"ornamentals",0.000280502612689322
218,2002,"ornamentals",0.000244333829278521
218,2003,"ornamentals",0.000171973964004183
218,2004,"ornamentals",0.000235290472326461
218,2005,"ornamentals",0.000425103489368132
218,2006,"ornamentals",0.000524447745404273
218,2007,"ornamentals",0.000713949442630137
218,2008,"ornamentals",0.000587637643691737
218,2009,"ornamentals",0.000370892077123981
218,2010,"ornamentals",0.000244333829278521
218,2011,"ornamentals",6.53372074134217e-05
218,2012,"ornamentals",5.08060946321654e-05
218,2013,"ornamentals",4.17527914224032e-05
218,2014,"ornamentals",3.26990226550553e-05
218,2015,"ornamentals",1.39679672204531e-05
218,2016,"ornamentals",1.22895308207474e-05
218,2017,"ornamentals",2.1344349160824e-05
218,2018,"ornamentals",1.64241742317511e-05
218,2019,"ornamentals",1.50869159308997e-05
218,2020,"ornamentals",1.31901697571523e-05
218,2021,"ornamentals",1.20130151890657e-05
218,2022,"ornamentals",9.41765872503572e-06
220,1996,"ornamentals",0.00323623734235144
220,1997,"ornamentals",0.00189551843153939
220,1998,"ornamentals",0.00237433246155346
220,1999,"ornamentals",0.00187369764518372
220,2000,"ornamentals",0.00115426285900622
220,2001,"ornamentals",0.0010639412524594
220,2002,"ornamentals",0.000317836294689511
220,2003,"ornamentals",0.000317836294689511
220,2004,"ornamentals",0.000596796280281875
220,2005,"ornamentals",0.000823112784212227
220,2006,"ornamentals",0.00109430913678064
220,2007,"ornamentals",0.00141017780818702
220,2008,"ornamentals",0.00113250462797611
220,2009,"ornamentals",0.000951792711819409
220,2010,"ornamentals",0.000818525945064645
220,2011,"ornamentals",0.000410935913053119
220,2012,"ornamentals",0.000320232065334233
220,2013,"ornamentals",0.000229481464325808
220,2014,"ornamentals",0
220,2015,"ornamentals",0
220,2016,"ornamentals",0
220,2017,"ornamentals",0
220,2018,"ornamentals",0
220,2019,"ornamentals",0
220,2020,"ornamentals",0
220,2021,"ornamentals",0
220,2022,"ornamentals",0
222,1976,"ornamentals",0.00129181705473402
222,1977,"ornamentals",0.0012274508212395
222,1978,"ornamentals",0.00129181705473402
222,1979,"ornamentals",0.00119525887795685
222,1980,"ornamentals",0.00132399134924738
222,1981,"ornamentals",0.00187005667557469
222,1982,"ornamentals",0.00199829687100087
222,1983,"ornamentals",0.00279768872268119
222,1984,"ornamentals",0.00397416731810066
222,1985,"ornamentals",0.00476465802535786
222,1986,"ornamentals",0.00599077989027017
222,1987,"ornamentals",0.00639759694881273
222,1988,"ornamentals",0.00564581433189648
222,1989,"ornamentals",0.00482774422229076
222,1990,"ornamentals",0.00375219241511458
222,1991,"ornamentals",0.00286148354782899
222,1992,"ornamentals",0.00247836739944541
222,1993,"ornamentals",0.00215846587143683
222,1994,"ornamentals",0.00203034233013024
222,1995,"ornamentals",0.00212218383044085
222,1996,"ornamentals",0.00224728343312001
222,1997,"ornamentals",0.00234160999570424
222,1998,"ornamentals",0.00238048400862712
222,1999,"ornamentals",0.00225772076587746
222,2000,"ornamentals",0.00171582447941734
222,2001,"ornamentals",0.00159987734185821
222,2002,"ornamentals",0.00836722446690629
222,2003,"ornamentals",0.0094141275995308
222,2004,"ornamentals",0.00935266385906979
222,2005,"ornamentals",0.00891142179822759
222,2006,"ornamentals",0.00164541132408261
222,2007,"ornamentals",0.000569229877832744
222,2008,"ornamentals",0.000849432722922302
222,2009,"ornamentals",0.000881687955286097
222,2010,"ornamentals",0.00101064982402912
222,2011,"ornamentals",0.000636737442123099
222,2012,"ornamentals",0.000453214936259065
222,2013,"ornamentals",0.000550180823226589
222,2014,"ornamentals",0.000485542832737509
222,2015,"ornamentals",0.000420881102718554
222,2016,"ornamentals",0.000420881102718554
222,2017,"ornamentals",0.000388541329934877
222,2018,"ornamentals",0.000453214936259065
222,2019,"ornamentals",0.000366223422697556
222,2020,"ornamentals",0.000279836161044379
222,2021,"ornamentals",0.000192435130253723
222,2022,"ornamentals",4.34296680629889e-05
223,1980,"ornamentals",0.000469340341086402
223,1981,"ornamentals",0.000830777886829882
223,1982,"ornamentals",0.000940852195588116
223,1983,"ornamentals",0.000706110084891066
223,1984,"ornamentals",0.000589049826671495
223,1985,"ornamentals",0.000555600956612466
223,1986,"ornamentals",0.000323769062097623
223,1987,"ornamentals",0.00155087819098386
223,1988,"ornamentals",0.00178810286060413
223,1989,"ornamentals",0.00174165424361146
223,1990,"ornamentals",0.00168347709146337
223,1991,"ornamentals",0.000457295026601689
223,1992,"ornamentals",0.000218269209043387
223,1993,"ornamentals",0.000174073667494783
223,1994,"ornamentals",0.000174073667494783
223,1995,"ornamentals",0.000174073667494783
223,1996,"ornamentals",0.000174073667494783
223,1997,"ornamentals",0
223,1998,"ornamentals",0
223,1999,"ornamentals",0
223,2000,"ornamentals",0
223,2001,"ornamentals",0
223,2002,"ornamentals",0
223,2003,"ornamentals",0
223,2004,"ornamentals",0
223,2005,"ornamentals",0
223,2006,"ornamentals",0
223,2007,"ornamentals",0
223,2008,"ornamentals",0
223,2009,"ornamentals",0
223,2010,"ornamentals",0
223,2011,"ornamentals",0
223,2012,"ornamentals",0
223,2013,"ornamentals",0
223,2014,"ornamentals",0
223,2015,"ornamentals",0
223,2016,"ornamentals",0
223,2017,"ornamentals",0
223,2018,"ornamentals",0
223,2019,"ornamentals",0
223,2020,"ornamentals",0
223,2021,"ornamentals",0
223,2022,"ornamentals",0
224,1993,"ornamentals",0.000985548923025845
224,1994,"ornamentals",0.000493464070264602
224,1995,"ornamentals",0.00032912967476
224,1996,"ornamentals",0.000246904920360326
224,1997,"ornamentals",0.000246904920360326
224,1998,"ornamentals",0.00172110696987097
224,1999,"ornamentals",0.016184616715846
224,2000,"ornamentals",0.0289706473606677
224,2001,"ornamentals",0.0401512827612847
224,2002,"ornamentals",0.0492190260367646
224,2003,"ornamentals",0.0373156935408133
224,2004,"ornamentals",0.0350803935377921
224,2005,"ornamentals",0.0328254558053009
224,2006,"ornamentals",0.0305412623799629
224,2007,"ornamentals",0.0305412623799629
224,2008,"ornamentals",0.0203361750705922
224,2009,"ornamentals",0.0101391466513623
224,2010,"ornamentals",0
224,2011,"ornamentals",0
224,2012,"ornamentals",0
224,2013,"ornamentals",0
224,2014,"ornamentals",0
224,2015,"ornamentals",0
224,2016,"ornamentals",0
224,2017,"ornamentals",0
224,2018,"ornamentals",0
224,2019,"ornamentals",0
224,2020,"ornamentals",0
224,2021,"ornamentals",0
224,2022,"ornamentals",0
244,2019,"ornamentals",6.95213600150311e-06
244,2020,"ornamentals",6.95213600150311e-06
244,2021,"ornamentals",6.95213600150311e-06
244,2022,"ornamentals",1.91177134803395e-05
245,1996,"ornamentals",0.00161416555147504
245,1997,"ornamentals",0.000943639505894676
245,1998,"ornamentals",0.00118281301207742
245,1999,"ornamentals",0.000932747510312625
245,2000,"ornamentals",0.0005740153090922
245,2001,"ornamentals",0.000529030118397398
245,2002,"ornamentals",0.000157871356433052
245,2003,"ornamentals",0.000157871356433052
245,2004,"ornamentals",0.000296550791885602
245,2005,"ornamentals",0.000409140748100775
245,2006,"ornamentals",0.000544153723566299
245,2007,"ornamentals",0.000701538116034969
245,2008,"ornamentals",0.00056317743902595
245,2009,"ornamentals",0.000473190019924864
245,2010,"ornamentals",0.000406858124323504
245,2011,"ornamentals",0.00020414170423297
245,2012,"ornamentals",0.000159061895983818
245,2013,"ornamentals",0.000113970542247022
245,2014,"ornamentals",0
245,2015,"ornamentals",0
245,2016,"ornamentals",0
245,2017,"ornamentals",0
245,2018,"ornamentals",0
245,2019,"ornamentals",0
245,2020,"ornamentals",0
245,2021,"ornamentals",0
245,2022,"ornamentals",0
247,1995,"ornamentals",8.20600145893239e-05
247,1996,"ornamentals",0.000117034931768459
247,1997,"ornamentals",7.80319314198007e-05
247,1998,"ornamentals",5.85271906233716e-05
247,1999,"ornamentals",5.49028533603117e-05
247,2000,"ornamentals",1.68934698157116e-05
247,2001,"ornamentals",6.15905430112248e-05
247,2002,"ornamentals",8.60794635094487e-05
247,2003,"ornamentals",0.000141669010107069
247,2004,"ornamentals",0.000435888472989229
247,2005,"ornamentals",0.000391286334913476
247,2006,"ornamentals",0.000532723507947102
247,2007,"ornamentals",0.000460407963043855
247,2008,"ornamentals",0.00016622950663438
247,2009,"ornamentals",0.00016622950663438
247,2010,"ornamentals",0
247,2011,"ornamentals",0
247,2012,"ornamentals",0
247,2013,"ornamentals",0
247,2014,"ornamentals",0
247,2015,"ornamentals",0
247,2016,"ornamentals",0
247,2017,"ornamentals",0
247,2018,"ornamentals",0
247,2019,"ornamentals",0
247,2020,"ornamentals",0
247,2021,"ornamentals",0
247,2022,"ornamentals",0
248,1996,"ornamentals",0.000572580619323499
248,1997,"ornamentals",0.000334318700307842
248,1998,"ornamentals",0.000419238500824249
248,1999,"ornamentals",0.000330453211631859
248,2000,"ornamentals",0.000203228001094751
248,2001,"ornamentals",0.000187285701579652
248,2002,"ornamentals",5.58511047017939e-05
248,2003,"ornamentals",5.58511047017939e-05
248,2004,"ornamentals",0.000104939271771543
248,2005,"ornamentals",0.000144810956318406
248,2006,"ornamentals",0.000192645061826806
248,2007,"ornamentals",0.000248435097613576
248,2008,"ornamentals",0.000199386928385059
248,2009,"ornamentals",0.000167500189931257
248,2010,"ornamentals",0.000144002443081065
248,2011,"ornamentals",7.22265786662915e-05
248,2012,"ornamentals",5.6272412035445e-05
248,2013,"ornamentals",4.03167995502451e-05
248,2014,"ornamentals",0
248,2015,"ornamentals",0
248,2016,"ornamentals",0
248,2017,"ornamentals",0
248,2018,"ornamentals",0
248,2019,"ornamentals",0
248,2020,"ornamentals",0
248,2021,"ornamentals",0
248,2022,"ornamentals",0
249,1996,"ornamentals",0.00611591820267159
249,1997,"ornamentals",0.00359431432290084
249,1998,"ornamentals",0.00449680397703537
249,1999,"ornamentals",0.00355313373649588
249,2000,"ornamentals",0.00219285768114699
249,2001,"ornamentals",0.00202173085622707
249,2002,"ornamentals",0.000605114744351624
249,2003,"ornamentals",0.000605114744351624
249,2004,"ornamentals",0.00113540286231957
249,2005,"ornamentals",0.00156506340673538
249,2006,"ornamentals",0.00207927579458428
249,2007,"ornamentals",0.00267729823350181
249,2008,"ornamentals",0.00215164087160174
249,2009,"ornamentals",0.0018091404791504
249,2010,"ornamentals",0.00155636024374889
249,2011,"ornamentals",0.000782176356326491
249,2012,"ornamentals",0.000609672202141605
249,2013,"ornamentals",0.000436998862969283
249,2014,"ornamentals",0
249,2015,"ornamentals",0
249,2016,"ornamentals",0
249,2017,"ornamentals",0
249,2018,"ornamentals",0
249,2019,"ornamentals",0
249,2020,"ornamentals",0
249,2021,"ornamentals",0
249,2022,"ornamentals",0
250,1996,"ornamentals",0.000755827428617323
250,1997,"ornamentals",0.00044140850511428
250,1998,"ornamentals",0.000553487301961843
250,1999,"ornamentals",0.000436306346854157
250,2000,"ornamentals",0.000268358499183132
250,2001,"ornamentals",0.000247310599835729
250,2002,"ornamentals",7.37601573065633e-05
250,2003,"ornamentals",7.37601573065633e-05
250,2004,"ornamentals",0.000149113364782729
250,2005,"ornamentals",0.000201757745529712
250,2006,"ornamentals",0.000264910230930292
250,2007,"ornamentals",0.000338559511614967
250,2008,"ornamentals",0.000364740116564066
250,2009,"ornamentals",0.000322664843777319
250,2010,"ornamentals",0.000291657476751745
250,2011,"ornamentals",0.000196934647191552
250,2012,"ornamentals",7.43165313132334e-05
250,2013,"ornamentals",5.32454202787804e-05
250,2014,"ornamentals",0
250,2015,"ornamentals",0
250,2016,"ornamentals",0.000827066382174621
250,2017,"ornamentals",0.00181444467218678
250,2018,"ornamentals",0.001829261398124
250,2019,"ornamentals",0.00189488462749163
250,2020,"ornamentals",0.00107283095550426
250,2021,"ornamentals",8.12730455525415e-05
250,2022,"ornamentals",6.6308475558272e-05
