"rgn_id","year","usd_weight","product"
1,1990,0,"fish_oil"
2,1990,0,"fish_oil"
3,1990,8.49055609217239,"fish_oil"
4,1990,0,"fish_oil"
5,1990,2.88763260471795,"fish_oil"
6,1990,5.6034132547357,"fish_oil"
7,1990,6.87338746424539,"fish_oil"
8,1990,0.626030583906763,"fish_oil"
9,1990,22.7893432744135,"fish_oil"
10,1990,0,"fish_oil"
11,1990,17.3727527146479,"fish_oil"
12,1990,0.00021342643,"fish_oil"
13,1990,0,"fish_oil"
14,1990,7668.36291943177,"fish_oil"
15,1990,653,"fish_oil"
16,1990,21460.5155867243,"fish_oil"
17,1990,52.3326375698627,"fish_oil"
18,1990,3.81743937136218,"fish_oil"
19,1990,6.13366808948602,"fish_oil"
20,1990,297910.737145674,"fish_oil"
21,1990,0,"fish_oil"
24,1990,216645.6740301,"fish_oil"
25,1990,1739001.09710554,"fish_oil"
26,1990,3056.11724152699,"fish_oil"
28,1990,0,"fish_oil"
29,1990,0,"fish_oil"
30,1990,0,"fish_oil"
31,1990,6.93030814133424,"fish_oil"
32,1990,0,"fish_oil"
33,1990,0.00016875,"fish_oil"
34,1990,0.00016875,"fish_oil"
35,1990,0.00016875,"fish_oil"
36,1990,0,"fish_oil"
37,1990,2.84682777291343e-06,"fish_oil"
38,1990,9.81723757512607,"fish_oil"
39,1990,126,"fish_oil"
40,1990,7021.62425749841,"fish_oil"
41,1990,1.06088190018023,"fish_oil"
42,1990,82.4026155756338,"fish_oil"
43,1990,0.350653029259878,"fish_oil"
44,1990,30477.1277627741,"fish_oil"
45,1990,11.5926811411213,"fish_oil"
46,1990,1.51996031832156,"fish_oil"
47,1990,1307.80114234508,"fish_oil"
48,1990,5,"fish_oil"
49,1990,0,"fish_oil"
50,1990,480.188299077632,"fish_oil"
51,1990,0,"fish_oil"
52,1990,0,"fish_oil"
53,1990,1115157.60638131,"fish_oil"
54,1990,432.653152814349,"fish_oil"
55,1990,0.688074049197753,"fish_oil"
56,1990,2.59016140488,"fish_oil"
57,1990,0,"fish_oil"
58,1990,762.150653545556,"fish_oil"
59,1990,346,"fish_oil"
60,1990,0,"fish_oil"
61,1990,5.56287572696834,"fish_oil"
62,1990,14444.179139824,"fish_oil"
63,1990,18423.2908068601,"fish_oil"
64,1990,12308.7908726217,"fish_oil"
65,1990,6140.09157632323,"fish_oil"
66,1990,3561.34362297336,"fish_oil"
67,1990,4.24648012225276,"fish_oil"
68,1990,0,"fish_oil"
69,1990,1196.21403628612,"fish_oil"
70,1990,2260.70328363133,"fish_oil"
71,1990,0,"fish_oil"
72,1990,17.8990237541669,"fish_oil"
73,1990,3235601.80519229,"fish_oil"
74,1990,170.286858592784,"fish_oil"
75,1990,88.1417125977794,"fish_oil"
76,1990,2334802.04720369,"fish_oil"
77,1990,3.7383710477707,"fish_oil"
78,1990,0,"fish_oil"
79,1990,0,"fish_oil"
80,1990,122.26476318156,"fish_oil"
81,1990,21.8343543348849,"fish_oil"
82,1990,0,"fish_oil"
84,1990,0,"fish_oil"
85,1990,0,"fish_oil"
86,1990,0,"fish_oil"
88,1990,0,"fish_oil"
89,1990,58361.0619394249,"fish_oil"
90,1990,0.0314149444003322,"fish_oil"
91,1990,0,"fish_oil"
92,1990,0.7920000043,"fish_oil"
93,1990,10.6486944,"fish_oil"
94,1990,0.00568134130850793,"fish_oil"
95,1990,56.1278012752002,"fish_oil"
96,1990,1361.70804251281,"fish_oil"
97,1990,131.951519999227,"fish_oil"
98,1990,606.281127573053,"fish_oil"
99,1990,3.37370851029333,"fish_oil"
100,1990,0,"fish_oil"
101,1990,6182.09891352179,"fish_oil"
102,1990,88129.0572202516,"fish_oil"
103,1990,15.8376982859818,"fish_oil"
104,1990,1204.58177233364,"fish_oil"
105,1990,0,"fish_oil"
106,1990,298.013675603373,"fish_oil"
107,1990,7.887753885,"fish_oil"
108,1990,0,"fish_oil"
110,1990,138.250537859738,"fish_oil"
111,1990,0,"fish_oil"
112,1990,29819.443828112,"fish_oil"
113,1990,37.3980679206548,"fish_oil"
114,1990,45.5931024066527,"fish_oil"
115,1990,0,"fish_oil"
116,1990,0,"fish_oil"
117,1990,0,"fish_oil"
118,1990,0,"fish_oil"
119,1990,0,"fish_oil"
120,1990,0,"fish_oil"
121,1990,0,"fish_oil"
122,1990,0.566790199768849,"fish_oil"
123,1990,0,"fish_oil"
124,1990,0,"fish_oil"
125,1990,0,"fish_oil"
126,1990,36.1838127141042,"fish_oil"
127,1990,0.163376297360915,"fish_oil"
129,1990,15983.2442899409,"fish_oil"
130,1990,0,"fish_oil"
131,1990,0,"fish_oil"
132,1990,10352.406337451,"fish_oil"
133,1990,0,"fish_oil"
134,1990,1584.80876010832,"fish_oil"
135,1990,40006.4272568058,"fish_oil"
136,1990,0,"fish_oil"
137,1990,19354.4406741577,"fish_oil"
138,1990,2345354.31108939,"fish_oil"
139,1990,47.4532106606003,"fish_oil"
140,1990,0,"fish_oil"
141,1990,50238.9527551242,"fish_oil"
143,1990,208197.11867098,"fish_oil"
144,1990,0.23101373350518,"fish_oil"
145,1990,4672.48072518002,"fish_oil"
146,1990,144.870144796677,"fish_oil"
147,1990,3.5061094563371,"fish_oil"
148,1990,0.751274502038256,"fish_oil"
149,1990,0,"fish_oil"
150,1990,0,"fish_oil"
151,1990,0.21687549299695,"fish_oil"
152,1990,0.0765647383175744,"fish_oil"
153,1990,0.863099439932232,"fish_oil"
154,1990,0,"fish_oil"
155,1990,0.704746945254305,"fish_oil"
156,1990,0,"fish_oil"
157,1990,1.15830787112806,"fish_oil"
158,1990,0,"fish_oil"
159,1990,0.063037015,"fish_oil"
161,1990,1.22839194602228,"fish_oil"
162,1990,945.238778999702,"fish_oil"
163,1990,284369.950485701,"fish_oil"
164,1990,0.813054728121865,"fish_oil"
166,1990,107.470827807948,"fish_oil"
167,1990,0.389395362561378,"fish_oil"
168,1990,1.07660399078516,"fish_oil"
169,1990,12.6137214883796,"fish_oil"
171,1990,9554.57003493635,"fish_oil"
172,1990,229.649204004401,"fish_oil"
173,1990,170,"fish_oil"
174,1990,8304.63642163262,"fish_oil"
175,1990,27934.0759969396,"fish_oil"
176,1990,8050,"fish_oil"
177,1990,10490,"fish_oil"
178,1990,13773.9587317114,"fish_oil"
179,1990,13201.5657861276,"fish_oil"
180,1990,87402.0744271103,"fish_oil"
181,1990,55166.9968614737,"fish_oil"
182,1990,27599.2372117748,"fish_oil"
183,1990,6443,"fish_oil"
184,1990,187,"fish_oil"
185,1990,0,"fish_oil"
186,1990,0,"fish_oil"
187,1990,49.0305567465115,"fish_oil"
188,1990,0,"fish_oil"
189,1990,200.149251795101,"fish_oil"
190,1990,0,"fish_oil"
191,1990,28009.3334935572,"fish_oil"
192,1990,0,"fish_oil"
193,1990,6271.39475961777,"fish_oil"
194,1990,7124.23031162089,"fish_oil"
195,1990,34.9663085261467,"fish_oil"
196,1990,0,"fish_oil"
197,1990,1610.16456037989,"fish_oil"
198,1990,6817.44465321409,"fish_oil"
199,1990,52.9396304299138,"fish_oil"
200,1990,5696.77670540789,"fish_oil"
202,1990,0.561882948210351,"fish_oil"
203,1990,997231.004588337,"fish_oil"
204,1990,5558.34055087099,"fish_oil"
205,1990,197419.24582508,"fish_oil"
206,1990,171740.866179878,"fish_oil"
207,1990,185262.280495349,"fish_oil"
208,1990,2558.61007274777,"fish_oil"
209,1990,616511.625454106,"fish_oil"
210,1990,4801344.50010028,"fish_oil"
212,1990,8.56652688675836,"fish_oil"
213,1990,0,"fish_oil"
214,1990,0,"fish_oil"
215,1990,0,"fish_oil"
216,1990,809046.864371113,"fish_oil"
218,1990,2664,"fish_oil"
219,1990,1.05902381204953,"fish_oil"
220,1990,0,"fish_oil"
221,1990,0,"fish_oil"
222,1990,20442.766599908,"fish_oil"
223,1990,98054.9123828639,"fish_oil"
224,1990,1039446.71489601,"fish_oil"
227,1990,156.868247603727,"fish_oil"
228,1990,156.868247603727,"fish_oil"
231,1990,3.96928886808256,"fish_oil"
232,1990,0,"fish_oil"
237,1990,0,"fish_oil"
244,1990,0.8944702913,"fish_oil"
245,1990,0.6074968252,"fish_oil"
247,1990,198.202253002,"fish_oil"
248,1990,0.35160149805,"fish_oil"
249,1990,0.35160149805,"fish_oil"
250,1990,1.7348450686,"fish_oil"
1,1991,0,"fish_oil"
2,1991,0,"fish_oil"
3,1991,5.62754205715866,"fish_oil"
4,1991,0,"fish_oil"
5,1991,11.7892353127683,"fish_oil"
6,1991,9.174891818824,"fish_oil"
7,1991,11.0758982837333,"fish_oil"
8,1991,0.00193460846259954,"fish_oil"
9,1991,11.7668260622072,"fish_oil"
10,1991,0.00191961513614434,"fish_oil"
11,1991,10.4948323345106,"fish_oil"
12,1991,0.000281406633333333,"fish_oil"
13,1991,0.000662080433333333,"fish_oil"
14,1991,16073.0348067803,"fish_oil"
15,1991,1499,"fish_oil"
16,1991,25542.7569569363,"fish_oil"
17,1991,76,"fish_oil"
18,1991,6.13352863348713,"fish_oil"
19,1991,3.69354051141873,"fish_oil"
20,1991,202621.452138072,"fish_oil"
21,1991,0.0190733033714054,"fish_oil"
24,1991,206948.200493261,"fish_oil"
25,1991,1711879.7550681,"fish_oil"
26,1991,3603.01389309533,"fish_oil"
28,1991,0.00127542836174249,"fish_oil"
29,1991,0,"fish_oil"
30,1991,0,"fish_oil"
31,1991,4.81309347597515,"fish_oil"
32,1991,0,"fish_oil"
33,1991,0.000249107142857143,"fish_oil"
34,1991,0.000249107142857143,"fish_oil"
35,1991,0.000249107142857143,"fish_oil"
36,1991,0,"fish_oil"
37,1991,2.12388208632584,"fish_oil"
38,1991,9.85217756591655,"fish_oil"
39,1991,177,"fish_oil"
40,1991,7924.10215610335,"fish_oil"
41,1991,0.694457928977953,"fish_oil"
42,1991,57.0694837136434,"fish_oil"
43,1991,0.557112842164638,"fish_oil"
44,1991,24135.9406939942,"fish_oil"
45,1991,7.16452177145476,"fish_oil"
46,1991,0.801401685610422,"fish_oil"
47,1991,70.9105908307288,"fish_oil"
48,1991,2.75576060663542,"fish_oil"
49,1991,0,"fish_oil"
50,1991,23.9239195364876,"fish_oil"
51,1991,0,"fish_oil"
52,1991,0,"fish_oil"
53,1991,1076122.13876732,"fish_oil"
54,1991,19.8482899321247,"fish_oil"
55,1991,0.680284580344964,"fish_oil"
56,1991,8.461797817,"fish_oil"
57,1991,0.000234057904180041,"fish_oil"
58,1991,644.2706219779,"fish_oil"
59,1991,228,"fish_oil"
60,1991,0,"fish_oil"
61,1991,7.16393205849756,"fish_oil"
62,1991,18162.2255054666,"fish_oil"
63,1991,23585.0939003229,"fish_oil"
64,1991,41851.2319359804,"fish_oil"
65,1991,12299.3784940658,"fish_oil"
66,1991,11907.4863453778,"fish_oil"
67,1991,5.57079884180375,"fish_oil"
68,1991,0,"fish_oil"
69,1991,4693.77084974673,"fish_oil"
70,1991,7016.73154996638,"fish_oil"
71,1991,0,"fish_oil"
72,1991,10.8523302798433,"fish_oil"
73,1991,1678683.13817672,"fish_oil"
74,1991,5.00367380068085,"fish_oil"
75,1991,30.9616066439043,"fish_oil"
76,1991,140276.2288626,"fish_oil"
77,1991,0.199951934040864,"fish_oil"
78,1991,0,"fish_oil"
79,1991,0,"fish_oil"
80,1991,105.131024264467,"fish_oil"
81,1991,1.3488806089625,"fish_oil"
82,1991,0.00832657773292734,"fish_oil"
84,1991,0,"fish_oil"
85,1991,0,"fish_oil"
86,1991,0,"fish_oil"
88,1991,0,"fish_oil"
89,1991,36355.6053490436,"fish_oil"
90,1991,0.0550114634629083,"fish_oil"
91,1991,0,"fish_oil"
92,1991,0.30852378162381,"fish_oil"
93,1991,15.2621333095238,"fish_oil"
94,1991,0,"fish_oil"
95,1991,262.550332449672,"fish_oil"
96,1991,2188.131309957,"fish_oil"
97,1991,529.9508255846,"fish_oil"
98,1991,1720.1655069042,"fish_oil"
99,1991,7.6494883984,"fish_oil"
100,1991,0,"fish_oil"
101,1991,528.226601800016,"fish_oil"
102,1991,160103.760600331,"fish_oil"
103,1991,14.5867374241346,"fish_oil"
104,1991,801.468209280679,"fish_oil"
105,1991,0,"fish_oil"
106,1991,612.602498022,"fish_oil"
107,1991,1.99568611502381,"fish_oil"
108,1991,0,"fish_oil"
110,1991,57.5509627423378,"fish_oil"
111,1991,0,"fish_oil"
112,1991,16154.0941676386,"fish_oil"
113,1991,15.4541295661139,"fish_oil"
114,1991,18.8016882497185,"fish_oil"
115,1991,0,"fish_oil"
116,1991,0,"fish_oil"
117,1991,0,"fish_oil"
118,1991,0,"fish_oil"
119,1991,0,"fish_oil"
120,1991,0,"fish_oil"
121,1991,0,"fish_oil"
122,1991,0.181664105434881,"fish_oil"
123,1991,0,"fish_oil"
124,1991,0,"fish_oil"
125,1991,0,"fish_oil"
126,1991,18.6585172836179,"fish_oil"
127,1991,0.0270351474335402,"fish_oil"
129,1991,20893.5005883845,"fish_oil"
130,1991,0,"fish_oil"
131,1991,0,"fish_oil"
132,1991,22289.3938709244,"fish_oil"
133,1991,0,"fish_oil"
134,1991,1773.90393779303,"fish_oil"
135,1991,48976.5380486587,"fish_oil"
136,1991,0,"fish_oil"
137,1991,56679.6211598564,"fish_oil"
138,1991,5882803.70721375,"fish_oil"
139,1991,116.224577596939,"fish_oil"
140,1991,0,"fish_oil"
141,1991,142054.302053174,"fish_oil"
143,1991,274013.253476074,"fish_oil"
144,1991,0.091497735888142,"fish_oil"
145,1991,120.163537566092,"fish_oil"
146,1991,93.1405512125596,"fish_oil"
147,1991,2.88863940004417,"fish_oil"
148,1991,0.373093820945394,"fish_oil"
149,1991,0.000603881476190476,"fish_oil"
150,1991,0.000235781866666667,"fish_oil"
151,1991,0.0997543314988287,"fish_oil"
152,1991,0.0381125090315879,"fish_oil"
153,1991,0.413287236700189,"fish_oil"
154,1991,0.000143784226784532,"fish_oil"
155,1991,0.000654798849083341,"fish_oil"
156,1991,0.00151415098207896,"fish_oil"
157,1991,0.63358405530475,"fish_oil"
158,1991,0.00185944214761905,"fish_oil"
159,1991,0.0345976599761905,"fish_oil"
161,1991,0.702150176418382,"fish_oil"
162,1991,806.999882891408,"fish_oil"
163,1991,333721.768834994,"fish_oil"
164,1991,0.597006020737152,"fish_oil"
166,1991,0,"fish_oil"
167,1991,0.502220926198747,"fish_oil"
168,1991,2.43385085358671,"fish_oil"
169,1991,27.6778738889837,"fish_oil"
171,1991,44297.2112648574,"fish_oil"
172,1991,603.775866599343,"fish_oil"
173,1991,344.14916961054,"fish_oil"
174,1991,26157.7593190567,"fish_oil"
175,1991,103731.314154735,"fish_oil"
176,1991,6173,"fish_oil"
177,1991,8697,"fish_oil"
178,1991,10500.0248940432,"fish_oil"
179,1991,6022.25492139679,"fish_oil"
180,1991,292193.745270073,"fish_oil"
181,1991,73548.9276166573,"fish_oil"
182,1991,21758.9974526718,"fish_oil"
183,1991,8063,"fish_oil"
184,1991,344,"fish_oil"
185,1991,0,"fish_oil"
186,1991,0.00161767307380952,"fish_oil"
187,1991,24.8420025643181,"fish_oil"
188,1991,0,"fish_oil"
189,1991,883.630914586524,"fish_oil"
190,1991,0,"fish_oil"
191,1991,29655.0335687454,"fish_oil"
192,1991,0,"fish_oil"
193,1991,15311.8599508352,"fish_oil"
194,1991,16756.0171727482,"fish_oil"
195,1991,1300.159101654,"fish_oil"
196,1991,0,"fish_oil"
197,1991,1320.88219052943,"fish_oil"
198,1991,5204.41666406674,"fish_oil"
199,1991,294.237855638446,"fish_oil"
200,1991,8244.85520606176,"fish_oil"
202,1991,0.386301300675679,"fish_oil"
203,1991,854187.838740706,"fish_oil"
204,1991,8975.79551452272,"fish_oil"
205,1991,304662.491689664,"fish_oil"
206,1991,145216.376592619,"fish_oil"
207,1991,251336.503633449,"fish_oil"
208,1991,7197.65585894553,"fish_oil"
209,1991,799240.008845894,"fish_oil"
210,1991,4335150.60614655,"fish_oil"
212,1991,4.90031337879653,"fish_oil"
213,1991,0,"fish_oil"
214,1991,0,"fish_oil"
215,1991,0,"fish_oil"
216,1991,897398.536679471,"fish_oil"
218,1991,2633,"fish_oil"
219,1991,1.21295146444144,"fish_oil"
220,1991,0,"fish_oil"
221,1991,0,"fish_oil"
222,1991,78900.9254830503,"fish_oil"
223,1991,976840.285296662,"fish_oil"
224,1991,2635857.55687855,"fish_oil"
227,1991,1322.1847480715,"fish_oil"
228,1991,1322.1847480715,"fish_oil"
231,1991,2.44514275889406,"fish_oil"
232,1991,4.55452010164122e-06,"fish_oil"
237,1991,0,"fish_oil"
244,1991,0.456493231616667,"fish_oil"
245,1991,0.307421636778571,"fish_oil"
247,1991,315.081893806045,"fish_oil"
248,1991,0.18288569815,"fish_oil"
249,1991,0.18288569815,"fish_oil"
250,1991,0.930671332826191,"fish_oil"
1,1992,0,"fish_oil"
2,1992,0,"fish_oil"
3,1992,0.840786401820781,"fish_oil"
4,1992,0,"fish_oil"
5,1992,6.70126617256657,"fish_oil"
6,1992,5.15963507093578,"fish_oil"
7,1992,6.42651674110436,"fish_oil"
8,1992,0.111860032028698,"fish_oil"
9,1992,17.3886567102343,"fish_oil"
10,1992,0.0590966537292377,"fish_oil"
11,1992,14.7279872600764,"fish_oil"
12,1992,0.000317717166666667,"fish_oil"
13,1992,0,"fish_oil"
14,1992,30125.5715714176,"fish_oil"
15,1992,1721,"fish_oil"
16,1992,34262.057268109,"fish_oil"
17,1992,25.7495144685313,"fish_oil"
18,1992,3.64145580097142,"fish_oil"
19,1992,5.18256054491433,"fish_oil"
20,1992,209433.614139993,"fish_oil"
21,1992,0.0516638794405321,"fish_oil"
24,1992,181064.006222157,"fish_oil"
25,1992,1401519.98718529,"fish_oil"
26,1992,3928.45836879925,"fish_oil"
28,1992,0,"fish_oil"
29,1992,0,"fish_oil"
30,1992,0,"fish_oil"
31,1992,22.418247938875,"fish_oil"
32,1992,0,"fish_oil"
33,1992,0.000421875,"fish_oil"
34,1992,0.000421875,"fish_oil"
35,1992,0.000421875,"fish_oil"
36,1992,0,"fish_oil"
37,1992,5.337678264575,"fish_oil"
38,1992,12.5253748074351,"fish_oil"
39,1992,82,"fish_oil"
40,1992,8470.20202726153,"fish_oil"
41,1992,0,"fish_oil"
42,1992,7442.7999202107,"fish_oil"
43,1992,1.344347087625,"fish_oil"
44,1992,96345.753043408,"fish_oil"
45,1992,18.627456841125,"fish_oil"
46,1992,1.511175743025,"fish_oil"
47,1992,168.02838155935,"fish_oil"
48,1992,4.360782109134,"fish_oil"
49,1992,0,"fish_oil"
50,1992,54.3042702103546,"fish_oil"
51,1992,0,"fish_oil"
52,1992,0,"fish_oil"
53,1992,1162309.62083604,"fish_oil"
54,1992,48.4918348866891,"fish_oil"
55,1992,0.988611525366539,"fish_oil"
56,1992,6.02702464595,"fish_oil"
57,1992,0,"fish_oil"
58,1992,999.694725124878,"fish_oil"
59,1992,214,"fish_oil"
60,1992,0,"fish_oil"
61,1992,8.92694427923202,"fish_oil"
62,1992,19179.2456534237,"fish_oil"
63,1992,24982.851014116,"fish_oil"
64,1992,32406.0438969326,"fish_oil"
65,1992,8966.74881637287,"fish_oil"
66,1992,5822.12510015648,"fish_oil"
67,1992,7.27304171791956,"fish_oil"
68,1992,0,"fish_oil"
69,1992,72878.2486299219,"fish_oil"
70,1992,83323.2576365577,"fish_oil"
71,1992,0,"fish_oil"
72,1992,0.877772750420794,"fish_oil"
73,1992,95590.4460152399,"fish_oil"
74,1992,18.2538734719692,"fish_oil"
75,1992,1277.68873120976,"fish_oil"
76,1992,501123.5663515,"fish_oil"
77,1992,0.193295086538779,"fish_oil"
78,1992,0,"fish_oil"
79,1992,0,"fish_oil"
80,1992,148.091511718777,"fish_oil"
81,1992,1.57889256508342,"fish_oil"
82,1992,0.0231827922826422,"fish_oil"
84,1992,0,"fish_oil"
85,1992,0,"fish_oil"
86,1992,0,"fish_oil"
88,1992,0,"fish_oil"
89,1992,85207.6231965963,"fish_oil"
90,1992,0.0504232824018885,"fish_oil"
91,1992,0,"fish_oil"
92,1992,0.64166666675,"fish_oil"
93,1992,19.2558333333333,"fish_oil"
94,1992,0.0116922863761384,"fish_oil"
95,1992,1475.51794714864,"fish_oil"
96,1992,2537.39671424882,"fish_oil"
97,1992,556.133738382613,"fish_oil"
98,1992,1508.85970537486,"fish_oil"
99,1992,5.71642344075,"fish_oil"
100,1992,0,"fish_oil"
101,1992,581.335431010454,"fish_oil"
102,1992,259776.80082138,"fish_oil"
103,1992,23.6737100167553,"fish_oil"
104,1992,1292.68332901286,"fish_oil"
105,1992,0,"fish_oil"
106,1992,382.123027335638,"fish_oil"
107,1992,1.7650013875,"fish_oil"
108,1992,0,"fish_oil"
110,1992,356.541832254194,"fish_oil"
111,1992,0,"fish_oil"
112,1992,28612.2126795702,"fish_oil"
113,1992,419.710472512502,"fish_oil"
114,1992,111.991665290697,"fish_oil"
115,1992,0,"fish_oil"
116,1992,0,"fish_oil"
117,1992,0,"fish_oil"
118,1992,0,"fish_oil"
119,1992,0,"fish_oil"
120,1992,0,"fish_oil"
121,1992,0,"fish_oil"
122,1992,0.410356066320038,"fish_oil"
123,1992,0,"fish_oil"
124,1992,0,"fish_oil"
125,1992,0,"fish_oil"
126,1992,22.5911203355203,"fish_oil"
127,1992,0.0275732433642324,"fish_oil"
129,1992,360511.544736338,"fish_oil"
130,1992,0,"fish_oil"
131,1992,0,"fish_oil"
132,1992,63072.0797247558,"fish_oil"
133,1992,19,"fish_oil"
134,1992,30338.3159563752,"fish_oil"
135,1992,712739.059158991,"fish_oil"
136,1992,0,"fish_oil"
137,1992,90247.7548496651,"fish_oil"
138,1992,12026925.9699302,"fish_oil"
139,1992,204.303325824785,"fish_oil"
140,1992,0,"fish_oil"
141,1992,904780.978182321,"fish_oil"
143,1992,5248700.85213602,"fish_oil"
144,1992,4.74772084995747,"fish_oil"
145,1992,411037.976933453,"fish_oil"
146,1992,41.5248082131144,"fish_oil"
147,1992,6.23686195475062,"fish_oil"
148,1992,12.359743577737,"fish_oil"
149,1992,0,"fish_oil"
150,1992,0,"fish_oil"
151,1992,2.66710390844106,"fish_oil"
152,1992,1.58472765278799,"fish_oil"
153,1992,12.9173778215325,"fish_oil"
154,1992,1.18009996064958,"fish_oil"
155,1992,2.50809969061149,"fish_oil"
156,1992,2.42138429112714,"fish_oil"
157,1992,5.0080684710009,"fish_oil"
158,1992,0,"fish_oil"
159,1992,0.8143319075,"fish_oil"
161,1992,1.15930469969408,"fish_oil"
162,1992,862,"fish_oil"
163,1992,303160.251944338,"fish_oil"
164,1992,0,"fish_oil"
166,1992,0,"fish_oil"
167,1992,1.87017853254684,"fish_oil"
168,1992,5.27942155241155,"fish_oil"
169,1992,57.9851711070557,"fish_oil"
171,1992,82009.8979572608,"fish_oil"
172,1992,1330.07199507244,"fish_oil"
173,1992,612.040650018319,"fish_oil"
174,1992,229601.238787962,"fish_oil"
175,1992,918311.668792481,"fish_oil"
176,1992,7888.16215950383,"fish_oil"
177,1992,8265,"fish_oil"
178,1992,2768.20034678895,"fish_oil"
179,1992,7832.79710745876,"fish_oil"
180,1992,2452029.81247746,"fish_oil"
181,1992,467553.975903405,"fish_oil"
182,1992,33339.8998280444,"fish_oil"
183,1992,16302,"fish_oil"
184,1992,382,"fish_oil"
185,1992,0,"fish_oil"
186,1992,0.00373019558333333,"fish_oil"
187,1992,54.3263138149315,"fish_oil"
188,1992,4,"fish_oil"
189,1992,15627.3945243493,"fish_oil"
190,1992,0,"fish_oil"
191,1992,32156.1022646026,"fish_oil"
192,1992,0,"fish_oil"
193,1992,11421.838015889,"fish_oil"
194,1992,12615.3727889878,"fish_oil"
195,1992,1860.25640280067,"fish_oil"
196,1992,0,"fish_oil"
197,1992,2518.94067431077,"fish_oil"
198,1992,8502.25727938973,"fish_oil"
199,1992,936.960280913927,"fish_oil"
200,1992,15627.6273137684,"fish_oil"
202,1992,0,"fish_oil"
203,1992,737960.044469917,"fish_oil"
204,1992,10444.969469061,"fish_oil"
205,1992,262063.743535854,"fish_oil"
206,1992,176127.684532149,"fish_oil"
207,1992,260151.693039893,"fish_oil"
208,1992,4816.54576664205,"fish_oil"
209,1992,878995.600004386,"fish_oil"
210,1992,2824986.72703582,"fish_oil"
212,1992,7.2073064386516,"fish_oil"
213,1992,0,"fish_oil"
214,1992,0,"fish_oil"
215,1992,0,"fish_oil"
216,1992,772711.206041443,"fish_oil"
218,1992,3625,"fish_oil"
219,1992,0.818841147237587,"fish_oil"
220,1992,0,"fish_oil"
221,1992,0,"fish_oil"
222,1992,837860.985477872,"fish_oil"
223,1992,5573258.76575824,"fish_oil"
224,1992,5292526.2732175,"fish_oil"
227,1992,3206.56509955406,"fish_oil"
228,1992,3206.56509955406,"fish_oil"
231,1992,1.32041000393317,"fish_oil"
232,1992,1.23576272998935e-05,"fish_oil"
237,1992,0,"fish_oil"
244,1992,7.70975429475,"fish_oil"
245,1992,4.71301666275,"fish_oil"
247,1992,279.155543236333,"fish_oil"
248,1992,3.64166565458333,"fish_oil"
249,1992,3.64166565458333,"fish_oil"
250,1992,9.31670848983333,"fish_oil"
1,1993,0,"fish_oil"
2,1993,0,"fish_oil"
3,1993,0.918309354284959,"fish_oil"
4,1993,0,"fish_oil"
5,1993,4.61200654827258,"fish_oil"
6,1993,2.63301231684551,"fish_oil"
7,1993,6.44792137005441,"fish_oil"
8,1993,1.59310250902681,"fish_oil"
9,1993,8.24179856489163,"fish_oil"
10,1993,0.0186718088129546,"fish_oil"
11,1993,6.95676036327269,"fish_oil"
12,1993,0.000594766536,"fish_oil"
13,1993,0,"fish_oil"
14,1993,8606.67143548743,"fish_oil"
15,1993,846,"fish_oil"
16,1993,28204.1085282455,"fish_oil"
17,1993,20.8764951147703,"fish_oil"
18,1993,1.64996286272496,"fish_oil"
19,1993,0.0413364174280704,"fish_oil"
20,1993,245478.457745878,"fish_oil"
21,1993,0,"fish_oil"
24,1993,230844.36469888,"fish_oil"
25,1993,1408336.0675856,"fish_oil"
26,1993,4840.62588223079,"fish_oil"
28,1993,0.0056412944,"fish_oil"
29,1993,0,"fish_oil"
30,1993,0,"fish_oil"
31,1993,19.4172584522,"fish_oil"
32,1993,0,"fish_oil"
33,1993,0.001053,"fish_oil"
34,1993,0.001053,"fish_oil"
35,1993,0.001053,"fish_oil"
36,1993,0,"fish_oil"
37,1993,6.1838437542,"fish_oil"
38,1993,10.0895854666504,"fish_oil"
39,1993,18,"fish_oil"
40,1993,11165.4718532733,"fish_oil"
41,1993,0.012235314,"fish_oil"
42,1993,9120.7068333465,"fish_oil"
43,1993,1.8292051869,"fish_oil"
44,1993,116136.189057047,"fish_oil"
45,1993,2.9338786281,"fish_oil"
46,1993,1.4921769058,"fish_oil"
47,1993,60.8811026949,"fish_oil"
48,1993,1.313505033,"fish_oil"
49,1993,0,"fish_oil"
50,1993,18.6904260181,"fish_oil"
51,1993,3,"fish_oil"
52,1993,0,"fish_oil"
53,1993,1646198.53510795,"fish_oil"
54,1993,17.3793257327,"fish_oil"
55,1993,1.2043846256252,"fish_oil"
56,1993,0.85436913778421,"fish_oil"
57,1993,9.62515986374587e-06,"fish_oil"
58,1993,715.950081793069,"fish_oil"
59,1993,483,"fish_oil"
60,1993,0,"fish_oil"
61,1993,6.9558045781068,"fish_oil"
62,1993,27476.6739593804,"fish_oil"
63,1993,35949.6654966008,"fish_oil"
64,1993,3754.48331340996,"fish_oil"
65,1993,811.332029063258,"fish_oil"
66,1993,785.302663281552,"fish_oil"
67,1993,6.98318255637379,"fish_oil"
68,1993,0,"fish_oil"
69,1993,6118.53651288563,"fish_oil"
70,1993,6541.22620690971,"fish_oil"
71,1993,0.848221725644015,"fish_oil"
72,1993,25.4195036326102,"fish_oil"
73,1993,616937.640735215,"fish_oil"
74,1993,4.5424114616,"fish_oil"
75,1993,27989.1519137589,"fish_oil"
76,1993,233811.711917946,"fish_oil"
77,1993,0.1603254,"fish_oil"
78,1993,0,"fish_oil"
79,1993,0,"fish_oil"
80,1993,139.052719287325,"fish_oil"
81,1993,1.174408,"fish_oil"
82,1993,0.0079020523671868,"fish_oil"
84,1993,0.0142483572815534,"fish_oil"
85,1993,0,"fish_oil"
86,1993,0,"fish_oil"
88,1993,0,"fish_oil"
89,1993,4974.57508022942,"fish_oil"
90,1993,0.0250583990779401,"fish_oil"
91,1993,0,"fish_oil"
92,1993,0.97812,"fish_oil"
93,1993,30.460326,"fish_oil"
94,1993,0.00329359622589478,"fish_oil"
95,1993,57.2289160062912,"fish_oil"
96,1993,178.387885902884,"fish_oil"
97,1993,87.5200155814579,"fish_oil"
98,1993,208.110156662747,"fish_oil"
99,1993,0.707454007610526,"fish_oil"
100,1993,0,"fish_oil"
101,1993,658.96961514919,"fish_oil"
102,1993,167394.20547146,"fish_oil"
103,1993,15.3801852897842,"fish_oil"
104,1993,108.395842226414,"fish_oil"
105,1993,0,"fish_oil"
106,1993,39.9909154878,"fish_oil"
107,1993,0.09658995528,"fish_oil"
108,1993,0,"fish_oil"
110,1993,0.616791808754854,"fish_oil"
111,1993,0,"fish_oil"
112,1993,11797.8140165355,"fish_oil"
113,1993,119.005171563721,"fish_oil"
114,1993,0.985599953843682,"fish_oil"
115,1993,0,"fish_oil"
116,1993,0,"fish_oil"
117,1993,0,"fish_oil"
118,1993,0,"fish_oil"
119,1993,0,"fish_oil"
120,1993,0,"fish_oil"
121,1993,0,"fish_oil"
122,1993,0.10245412329228,"fish_oil"
123,1993,0,"fish_oil"
124,1993,0,"fish_oil"
125,1993,0,"fish_oil"
126,1993,15.201204299206,"fish_oil"
127,1993,0.0361678850901792,"fish_oil"
129,1993,112159.556443768,"fish_oil"
130,1993,0,"fish_oil"
131,1993,0,"fish_oil"
132,1993,21330.6058541965,"fish_oil"
133,1993,0,"fish_oil"
134,1993,14305.4945869522,"fish_oil"
135,1993,186248.412773246,"fish_oil"
136,1993,0,"fish_oil"
137,1993,57516.6445874022,"fish_oil"
138,1993,8178518.92886337,"fish_oil"
139,1993,149.030907857709,"fish_oil"
140,1993,0,"fish_oil"
141,1993,62635.7600747533,"fish_oil"
143,1993,208528.087976031,"fish_oil"
144,1993,0.318022423436464,"fish_oil"
145,1993,49267.500440929,"fish_oil"
146,1993,36.1027093732752,"fish_oil"
147,1993,3.2086044729316,"fish_oil"
148,1993,0.437221978891909,"fish_oil"
149,1993,0,"fish_oil"
150,1993,0,"fish_oil"
151,1993,0.124666463596886,"fish_oil"
152,1993,0.0448724494998713,"fish_oil"
153,1993,0.0340650895461568,"fish_oil"
154,1993,0.00174165333600085,"fish_oil"
155,1993,0.0543320113367361,"fish_oil"
156,1993,0.000797927621299588,"fish_oil"
157,1993,0.518042185634302,"fish_oil"
158,1993,0,"fish_oil"
159,1993,0.09287556252,"fish_oil"
161,1993,0.477559534378364,"fish_oil"
162,1993,773.195932009524,"fish_oil"
163,1993,420655.7139023,"fish_oil"
164,1993,0,"fish_oil"
166,1993,0,"fish_oil"
167,1993,0.28709769474065,"fish_oil"
168,1993,2.36371498778088,"fish_oil"
169,1993,28.6262477280175,"fish_oil"
171,1993,38051.6526229077,"fish_oil"
172,1993,670.342836538018,"fish_oil"
173,1993,329.09312965482,"fish_oil"
174,1993,16000.6967323116,"fish_oil"
175,1993,60138.7157841235,"fish_oil"
176,1993,11807.8317146776,"fish_oil"
177,1993,12202,"fish_oil"
178,1993,117561.248922787,"fish_oil"
179,1993,10143,"fish_oil"
180,1993,143737.671796376,"fish_oil"
181,1993,31623.3601466637,"fish_oil"
182,1993,26605.9431926244,"fish_oil"
183,1993,7843,"fish_oil"
184,1993,814,"fish_oil"
185,1993,0,"fish_oil"
186,1993,0.00271136486399998,"fish_oil"
187,1993,48.8096415708868,"fish_oil"
188,1993,0,"fish_oil"
189,1993,1275.55119422064,"fish_oil"
190,1993,0,"fish_oil"
191,1993,36330.4159727569,"fish_oil"
192,1993,0,"fish_oil"
193,1993,1367.54845996249,"fish_oil"
194,1993,1500.79350832366,"fish_oil"
195,1993,325.411775111968,"fish_oil"
196,1993,0,"fish_oil"
197,1993,1754.18030034554,"fish_oil"
198,1993,5485.05736263178,"fish_oil"
199,1993,857.246524124383,"fish_oil"
200,1993,5427.03809091517,"fish_oil"
202,1993,0,"fish_oil"
203,1993,803052.586124927,"fish_oil"
204,1993,14780.4802666912,"fish_oil"
205,1993,316397.894977268,"fish_oil"
206,1993,326301.882194159,"fish_oil"
207,1993,338562.589252466,"fish_oil"
208,1993,5604.85287918984,"fish_oil"
209,1993,812534.114753811,"fish_oil"
210,1993,1554112.85347216,"fish_oil"
212,1993,3.39811562346995,"fish_oil"
213,1993,0,"fish_oil"
214,1993,0,"fish_oil"
215,1993,0,"fish_oil"
216,1993,826595.813443463,"fish_oil"
218,1993,3234,"fish_oil"
219,1993,0.0263517387045031,"fish_oil"
220,1993,0,"fish_oil"
221,1993,0,"fish_oil"
222,1993,61801.527724895,"fish_oil"
223,1993,334669.838140665,"fish_oil"
224,1993,2503123.98420121,"fish_oil"
227,1993,306.833686527602,"fish_oil"
228,1993,306.833686527602,"fish_oil"
231,1993,14.167317582602,"fish_oil"
232,1993,4.66367100151689e-06,"fish_oil"
237,1993,0,"fish_oil"
244,1993,0.0282965592,"fish_oil"
245,1993,0.02883036,"fish_oil"
247,1993,395.184739682616,"fish_oil"
248,1993,0,"fish_oil"
249,1993,0,"fish_oil"
250,1993,12.818962865124,"fish_oil"
1,1994,0,"fish_oil"
2,1994,0,"fish_oil"
3,1994,0.728353747241681,"fish_oil"
4,1994,0.459454170040613,"fish_oil"
5,1994,4.79389984902295,"fish_oil"
6,1994,7.03308642821506,"fish_oil"
7,1994,17.2490303965527,"fish_oil"
8,1994,3.25988998088536,"fish_oil"
9,1994,20.4148653291355,"fish_oil"
10,1994,0.148331488516741,"fish_oil"
11,1994,16.364468763379,"fish_oil"
12,1994,0.000649965121771218,"fish_oil"
13,1994,0.00055585753505535,"fish_oil"
14,1994,23054.0911727202,"fish_oil"
15,1994,872.755871340893,"fish_oil"
16,1994,9126.10321460989,"fish_oil"
17,1994,68.4004932518216,"fish_oil"
18,1994,3.75851309001459,"fish_oil"
19,1994,4.5108231807977,"fish_oil"
20,1994,441994.467642224,"fish_oil"
21,1994,0.0714140024068326,"fish_oil"
24,1994,222973.94279635,"fish_oil"
25,1994,1222071.55203981,"fish_oil"
26,1994,6517.44539404074,"fish_oil"
28,1994,0.00860612345570571,"fish_oil"
29,1994,0,"fish_oil"
30,1994,0,"fish_oil"
31,1994,1.69617727196682,"fish_oil"
32,1994,0,"fish_oil"
33,1994,0.00112084870848708,"fish_oil"
34,1994,0.00112084870848708,"fish_oil"
35,1994,0.00112084870848708,"fish_oil"
36,1994,0,"fish_oil"
37,1994,1.84527027441629,"fish_oil"
38,1994,27.6884578964644,"fish_oil"
39,1994,12,"fish_oil"
40,1994,19220.9119714262,"fish_oil"
41,1994,133,"fish_oil"
42,1994,4570.73005015073,"fish_oil"
43,1994,0.615214826722222,"fish_oil"
44,1994,49981.8302345554,"fish_oil"
45,1994,1.41994710550578,"fish_oil"
46,1994,0.995655036612087,"fish_oil"
47,1994,49.6025821458872,"fish_oil"
48,1994,18,"fish_oil"
49,1994,0,"fish_oil"
50,1994,19.5002766605677,"fish_oil"
51,1994,0,"fish_oil"
52,1994,0,"fish_oil"
53,1994,1321615.3101216,"fish_oil"
54,1994,16.4760341898033,"fish_oil"
55,1994,1.4490910368862,"fish_oil"
56,1994,0.524379131863636,"fish_oil"
57,1994,0.000159053554847499,"fish_oil"
58,1994,811.687325336519,"fish_oil"
59,1994,457,"fish_oil"
60,1994,0,"fish_oil"
61,1994,5.4545373482783,"fish_oil"
62,1994,36800.6667163065,"fish_oil"
63,1994,48349.1566698828,"fish_oil"
64,1994,2047.6510482589,"fish_oil"
65,1994,401.077556298982,"fish_oil"
66,1994,447.742736414264,"fish_oil"
67,1994,6.48107895996851,"fish_oil"
68,1994,0,"fish_oil"
69,1994,10919.2486007491,"fish_oil"
70,1994,12694.1999257818,"fish_oil"
71,1994,0.106288256112914,"fish_oil"
72,1994,2.85203200379619,"fish_oil"
73,1994,55684.3334703945,"fish_oil"
74,1994,2.71671323544764,"fish_oil"
75,1994,5593.0133559193,"fish_oil"
76,1994,234865.514969613,"fish_oil"
77,1994,0.0630605708096521,"fish_oil"
78,1994,0,"fish_oil"
79,1994,0,"fish_oil"
80,1994,168.255802095822,"fish_oil"
81,1994,0.95572164182827,"fish_oil"
82,1994,0.0141629759494139,"fish_oil"
84,1994,0,"fish_oil"
85,1994,0,"fish_oil"
86,1994,0,"fish_oil"
88,1994,0,"fish_oil"
89,1994,36581.715614256,"fish_oil"
90,1994,1.0939407479786,"fish_oil"
91,1994,0.81830258302583,"fish_oil"
92,1994,1.18361623616236,"fish_oil"
93,1994,44.7786789667306,"fish_oil"
94,1994,0,"fish_oil"
95,1994,142.158059958965,"fish_oil"
96,1994,111.102923130682,"fish_oil"
97,1994,68.4078375499455,"fish_oil"
98,1994,142.7293037483,"fish_oil"
99,1994,0.381270428063636,"fish_oil"
100,1994,0,"fish_oil"
101,1994,646.009104957225,"fish_oil"
102,1994,122199.285314394,"fish_oil"
103,1994,40.3638934177624,"fish_oil"
104,1994,1157.87949814295,"fish_oil"
105,1994,0,"fish_oil"
106,1994,24.1750741076364,"fish_oil"
107,1994,0.53607366199262,"fish_oil"
108,1994,0,"fish_oil"
110,1994,385.568860831,"fish_oil"
111,1994,0,"fish_oil"
112,1994,8327.961905418,"fish_oil"
113,1994,129.9887070121,"fish_oil"
114,1994,71.3848762061,"fish_oil"
115,1994,0,"fish_oil"
116,1994,0,"fish_oil"
117,1994,0,"fish_oil"
118,1994,0,"fish_oil"
119,1994,0,"fish_oil"
120,1994,0,"fish_oil"
121,1994,0,"fish_oil"
122,1994,0.1040486,"fish_oil"
123,1994,0,"fish_oil"
124,1994,0,"fish_oil"
125,1994,0,"fish_oil"
126,1994,4.942556149,"fish_oil"
127,1994,0.0305879985,"fish_oil"
129,1994,158597.715725524,"fish_oil"
130,1994,0,"fish_oil"
131,1994,0,"fish_oil"
132,1994,558159.363642814,"fish_oil"
133,1994,1,"fish_oil"
134,1994,22818.2759347912,"fish_oil"
135,1994,284988.025181255,"fish_oil"
136,1994,0,"fish_oil"
137,1994,1426845.85638739,"fish_oil"
138,1994,399763215.934784,"fish_oil"
139,1994,5959.54850251285,"fish_oil"
140,1994,0,"fish_oil"
141,1994,77583.4257903374,"fish_oil"
143,1994,379828.361396425,"fish_oil"
144,1994,1.43009036554298,"fish_oil"
145,1994,47259.8259590926,"fish_oil"
146,1994,74.7325913444594,"fish_oil"
147,1994,5.54456790327354,"fish_oil"
148,1994,5.3274599820258,"fish_oil"
149,1994,0.000786959734317343,"fish_oil"
150,1994,0.00045597347601476,"fish_oil"
151,1994,0.889918439934455,"fish_oil"
152,1994,0.660844949795403,"fish_oil"
153,1994,4.46468713354936,"fish_oil"
154,1994,0.446495716627644,"fish_oil"
155,1994,1.11650726121857,"fish_oil"
156,1994,0.89712395349705,"fish_oil"
157,1994,2.59623647301849,"fish_oil"
158,1994,0.0014039495202952,"fish_oil"
159,1994,0.334753379468635,"fish_oil"
161,1994,1.14924282850118,"fish_oil"
162,1994,982,"fish_oil"
163,1994,551041.584031453,"fish_oil"
164,1994,0,"fish_oil"
166,1994,0,"fish_oil"
167,1994,0.626844789936589,"fish_oil"
168,1994,87.3845365191009,"fish_oil"
169,1994,1260.15653539059,"fish_oil"
171,1994,2165774.53347089,"fish_oil"
172,1994,32251.4268710958,"fish_oil"
173,1994,18056.91569668,"fish_oil"
174,1994,33988.0158729502,"fish_oil"
175,1994,80770.5472316967,"fish_oil"
176,1994,16088.1207265323,"fish_oil"
177,1994,16981,"fish_oil"
178,1994,18351.6963868094,"fish_oil"
179,1994,11108,"fish_oil"
180,1994,231907.288084608,"fish_oil"
181,1994,76791.4377494838,"fish_oil"
182,1994,29527.5994136383,"fish_oil"
183,1994,5005,"fish_oil"
184,1994,198,"fish_oil"
185,1994,0,"fish_oil"
186,1994,0,"fish_oil"
187,1994,34.434616772954,"fish_oil"
188,1994,0,"fish_oil"
189,1994,2014.30613474324,"fish_oil"
190,1994,0,"fish_oil"
191,1994,44111.6010548828,"fish_oil"
192,1994,0,"fish_oil"
193,1994,906.391740299118,"fish_oil"
194,1994,978.373417327818,"fish_oil"
195,1994,283.261242711636,"fish_oil"
196,1994,0,"fish_oil"
197,1994,5732.93862901134,"fish_oil"
198,1994,16789.1187908003,"fish_oil"
199,1994,3401.03404497059,"fish_oil"
200,1994,19630.4827963162,"fish_oil"
202,1994,0,"fish_oil"
203,1994,911400.186566056,"fish_oil"
204,1994,16360.9424500365,"fish_oil"
205,1994,234602.093268019,"fish_oil"
206,1994,278262.863646428,"fish_oil"
207,1994,380774.285851254,"fish_oil"
208,1994,5481.71626852503,"fish_oil"
209,1994,1896490.54294014,"fish_oil"
210,1994,2336712.68195658,"fish_oil"
212,1994,8.33680009250745,"fish_oil"
213,1994,0,"fish_oil"
214,1994,0,"fish_oil"
215,1994,0,"fish_oil"
216,1994,746004.808542186,"fish_oil"
218,1994,2123,"fish_oil"
219,1994,0.0286187600903404,"fish_oil"
220,1994,0,"fish_oil"
221,1994,0,"fish_oil"
222,1994,115048.782504872,"fish_oil"
223,1994,297451.385560344,"fish_oil"
224,1994,115324510.628209,"fish_oil"
227,1994,1184.60224952023,"fish_oil"
228,1994,1184.60224952023,"fish_oil"
231,1994,1.56939978300724,"fish_oil"
232,1994,0,"fish_oil"
237,1994,0,"fish_oil"
244,1994,0.0426101446494465,"fish_oil"
245,1994,0.0434139542435424,"fish_oil"
247,1994,343.81732561479,"fish_oil"
248,1994,0,"fish_oil"
249,1994,0,"fish_oil"
250,1994,41.8146590853432,"fish_oil"
1,1995,0,"fish_oil"
2,1995,0,"fish_oil"
3,1995,1.46756877916922,"fish_oil"
4,1995,0.985939652417009,"fish_oil"
5,1995,0.0521424833864252,"fish_oil"
6,1995,19.0445243461896,"fish_oil"
7,1995,28.9424466131334,"fish_oil"
8,1995,10.0545032660641,"fish_oil"
9,1995,59.681360348139,"fish_oil"
10,1995,0.106658369073534,"fish_oil"
11,1995,48.5333992942583,"fish_oil"
12,1995,0.00201686392417582,"fish_oil"
13,1995,0.00848063449450549,"fish_oil"
14,1995,20376.5509843713,"fish_oil"
15,1995,802.304960873284,"fish_oil"
16,1995,39526.7019401676,"fish_oil"
17,1995,145.842112903307,"fish_oil"
18,1995,10.3171559649987,"fish_oil"
19,1995,0.209940311220182,"fish_oil"
20,1995,507951.570863594,"fish_oil"
21,1995,0.00316848854742339,"fish_oil"
24,1995,256819.297108132,"fish_oil"
25,1995,1300477.74590303,"fish_oil"
26,1995,21429.2904419206,"fish_oil"
28,1995,0.000501194166666667,"fish_oil"
29,1995,0,"fish_oil"
30,1995,0,"fish_oil"
31,1995,0.355314064833333,"fish_oil"
32,1995,0,"fish_oil"
33,1995,0.00524052197802198,"fish_oil"
34,1995,0.00524052197802198,"fish_oil"
35,1995,0.00524052197802198,"fish_oil"
36,1995,0,"fish_oil"
37,1995,0.50698353425,"fish_oil"
38,1995,33.24757165675,"fish_oil"
39,1995,0,"fish_oil"
40,1995,53830.473316215,"fish_oil"
41,1995,0,"fish_oil"
42,1995,1137.16364670233,"fish_oil"
43,1995,0.2,"fish_oil"
44,1995,13775.3773041979,"fish_oil"
45,1995,0.401047032666667,"fish_oil"
46,1995,0.362115202666667,"fish_oil"
47,1995,47.2162282638905,"fish_oil"
48,1995,23,"fish_oil"
49,1995,0,"fish_oil"
50,1995,14.0975503241533,"fish_oil"
51,1995,0,"fish_oil"
52,1995,0,"fish_oil"
53,1995,4032769.3280929,"fish_oil"
54,1995,13.5840840570058,"fish_oil"
55,1995,1.95130406206247,"fish_oil"
56,1995,15.1106551487492,"fish_oil"
57,1995,4.769522037929e-05,"fish_oil"
58,1995,969.032274407151,"fish_oil"
59,1995,1487,"fish_oil"
60,1995,0,"fish_oil"
61,1995,6.76748668248129,"fish_oil"
62,1995,82324.6342405675,"fish_oil"
63,1995,106676.10888187,"fish_oil"
64,1995,79764.802471642,"fish_oil"
65,1995,9875.79530077844,"fish_oil"
66,1995,17627.0830165083,"fish_oil"
67,1995,9.29858585829239,"fish_oil"
68,1995,0,"fish_oil"
69,1995,821517.121950906,"fish_oil"
70,1995,925216.998622303,"fish_oil"
71,1995,28,"fish_oil"
72,1995,3.0169402705979,"fish_oil"
73,1995,77542.9114520894,"fish_oil"
74,1995,2.45949502081738,"fish_oil"
75,1995,8897.2602794653,"fish_oil"
76,1995,238361.309652666,"fish_oil"
77,1995,0.0356642424878612,"fish_oil"
78,1995,0,"fish_oil"
79,1995,0,"fish_oil"
80,1995,191.283399822421,"fish_oil"
81,1995,1.10168784627666,"fish_oil"
82,1995,0.005024084766724,"fish_oil"
84,1995,0,"fish_oil"
85,1995,0,"fish_oil"
86,1995,0,"fish_oil"
88,1995,0,"fish_oil"
89,1995,114077.316372983,"fish_oil"
90,1995,2.44352273700361,"fish_oil"
91,1995,6.54741758241758,"fish_oil"
92,1995,2.78976902373626,"fish_oil"
93,1995,248.796778573154,"fish_oil"
94,1995,0,"fish_oil"
95,1995,16292.6622491766,"fish_oil"
96,1995,3742.47368490869,"fish_oil"
97,1995,2668.99390251606,"fish_oil"
98,1995,5318.00549320866,"fish_oil"
99,1995,13.2283194049909,"fish_oil"
100,1995,0,"fish_oil"
101,1995,994,"fish_oil"
102,1995,124984.190507199,"fish_oil"
103,1995,102.129165447367,"fish_oil"
104,1995,3462.21637260357,"fish_oil"
105,1995,0,"fish_oil"
106,1995,740.489354507067,"fish_oil"
107,1995,1.59881544236374,"fish_oil"
108,1995,0,"fish_oil"
110,1995,4.644732067,"fish_oil"
111,1995,0,"fish_oil"
112,1995,6746.9184357476,"fish_oil"
113,1995,1.2754352108,"fish_oil"
114,1995,2.6756945251,"fish_oil"
115,1995,0,"fish_oil"
116,1995,0,"fish_oil"
117,1995,0,"fish_oil"
118,1995,0,"fish_oil"
119,1995,0,"fish_oil"
120,1995,0,"fish_oil"
121,1995,0,"fish_oil"
122,1995,0.272469,"fish_oil"
123,1995,0,"fish_oil"
124,1995,0,"fish_oil"
125,1995,0,"fish_oil"
126,1995,2.721352416,"fish_oil"
127,1995,1,"fish_oil"
129,1995,2200377.38440007,"fish_oil"
130,1995,11.3271934692369,"fish_oil"
131,1995,0,"fish_oil"
132,1995,335722.118683909,"fish_oil"
133,1995,0,"fish_oil"
134,1995,365367.382607899,"fish_oil"
135,1995,4213576.66858722,"fish_oil"
136,1995,13,"fish_oil"
137,1995,1602529.97932767,"fish_oil"
138,1995,108816196.33096,"fish_oil"
139,1995,2473.24546133898,"fish_oil"
140,1995,0,"fish_oil"
141,1995,5615113.89019328,"fish_oil"
143,1995,35220800.8795436,"fish_oil"
144,1995,236.358970550497,"fish_oil"
145,1995,18683.5841604891,"fish_oil"
146,1995,137.23686371424,"fish_oil"
147,1995,21.0263209612731,"fish_oil"
148,1995,42.6044529814493,"fish_oil"
149,1995,0.00437265634285714,"fish_oil"
150,1995,0.00286478607362637,"fish_oil"
151,1995,8.04288946881664,"fish_oil"
152,1995,4.94934459662529,"fish_oil"
153,1995,39.4995955379614,"fish_oil"
154,1995,3.98036262893391,"fish_oil"
155,1995,8.33912856527192,"fish_oil"
156,1995,8.15616824258485,"fish_oil"
157,1995,17.0222752550519,"fish_oil"
158,1995,0.0216231850648352,"fish_oil"
159,1995,3.78619726097802,"fish_oil"
161,1995,3.90577812205525,"fish_oil"
162,1995,1598,"fish_oil"
163,1995,447987.454472355,"fish_oil"
164,1995,0,"fish_oil"
166,1995,0,"fish_oil"
167,1995,17.5102324975372,"fish_oil"
168,1995,46.3551998011748,"fish_oil"
169,1995,509.930046041527,"fish_oil"
171,1995,595181.905836859,"fish_oil"
172,1995,10631.1749986351,"fish_oil"
173,1995,5693.15383392256,"fish_oil"
174,1995,2599340.61146963,"fish_oil"
175,1995,8287407.44946449,"fish_oil"
176,1995,17874.8905691388,"fish_oil"
177,1995,20186,"fish_oil"
178,1995,21089.4241536591,"fish_oil"
179,1995,12320.1,"fish_oil"
180,1995,23787920.4797104,"fish_oil"
181,1995,8791908.11191224,"fish_oil"
182,1995,34682.2389643216,"fish_oil"
183,1995,6307,"fish_oil"
184,1995,72,"fish_oil"
185,1995,0,"fish_oil"
186,1995,0,"fish_oil"
187,1995,39.2573693749827,"fish_oil"
188,1995,0,"fish_oil"
189,1995,153188.196371201,"fish_oil"
190,1995,0,"fish_oil"
191,1995,143128.947901084,"fish_oil"
192,1995,0,"fish_oil"
193,1995,28448.5813507992,"fish_oil"
194,1995,35077.679166957,"fish_oil"
195,1995,10531.4354118968,"fish_oil"
196,1995,0.000192897788636364,"fish_oil"
197,1995,17997.8614634736,"fish_oil"
198,1995,63244.4785341672,"fish_oil"
199,1995,11912.4906891734,"fish_oil"
200,1995,71835.4645851338,"fish_oil"
202,1995,0,"fish_oil"
203,1995,2903315.38269155,"fish_oil"
204,1995,57936.5866328582,"fish_oil"
205,1995,280155.877920165,"fish_oil"
206,1995,1241929.60676841,"fish_oil"
207,1995,505024.525868413,"fish_oil"
208,1995,5613.56681975684,"fish_oil"
209,1995,2484988.8991097,"fish_oil"
210,1995,1767152.89701148,"fish_oil"
212,1995,22.8550114389712,"fish_oil"
213,1995,0,"fish_oil"
214,1995,0,"fish_oil"
215,1995,0,"fish_oil"
216,1995,851996.015339907,"fish_oil"
218,1995,2641,"fish_oil"
219,1995,0.0340777040926084,"fish_oil"
220,1995,0,"fish_oil"
221,1995,0,"fish_oil"
222,1995,9285498.05628463,"fish_oil"
223,1995,25400981.0452275,"fish_oil"
224,1995,42930318.442998,"fish_oil"
227,1995,56946.3066036461,"fish_oil"
228,1995,56946.3066036461,"fish_oil"
231,1995,1.35064871654354,"fish_oil"
232,1995,0,"fish_oil"
237,1995,0,"fish_oil"
244,1995,0.434750753076923,"fish_oil"
245,1995,0.442952001758242,"fish_oil"
247,1995,1634.0525573392,"fish_oil"
248,1995,0,"fish_oil"
249,1995,0,"fish_oil"
250,1995,5.04702276277253,"fish_oil"
1,1996,0,"fish_oil"
2,1996,0,"fish_oil"
3,1996,1.26880142132971,"fish_oil"
4,1996,0.92123854342091,"fish_oil"
5,1996,0,"fish_oil"
6,1996,8.10346366144347,"fish_oil"
7,1996,11.7608556572676,"fish_oil"
8,1996,4.15108525673976,"fish_oil"
9,1996,22.4632991277176,"fish_oil"
10,1996,0.270955287935911,"fish_oil"
11,1996,19.443596511602,"fish_oil"
12,1996,0.0018022796425,"fish_oil"
13,1996,0.0090645154125,"fish_oil"
14,1996,61358.2021613961,"fish_oil"
15,1996,765335.036276056,"fish_oil"
16,1996,18165.9144919486,"fish_oil"
17,1996,45.1148513983678,"fish_oil"
18,1996,4.92662549785736,"fish_oil"
19,1996,0.509642906506311,"fish_oil"
20,1996,198448.005828109,"fish_oil"
21,1996,3230.10821842219,"fish_oil"
24,1996,306686.446084994,"fish_oil"
25,1996,1469071.67217023,"fish_oil"
26,1996,6731.45069440056,"fish_oil"
28,1996,0.199574767379512,"fish_oil"
29,1996,0,"fish_oil"
30,1996,0,"fish_oil"
31,1996,2.69205567202651,"fish_oil"
32,1996,0.181256925465324,"fish_oil"
33,1996,0.0035806640625,"fish_oil"
34,1996,0.0035806640625,"fish_oil"
35,1996,0.0035806640625,"fish_oil"
36,1996,0,"fish_oil"
37,1996,4.10688970420395,"fish_oil"
38,1996,12.1035648033187,"fish_oil"
39,1996,18,"fish_oil"
40,1996,18634.0931313062,"fish_oil"
41,1996,0.5847819663136,"fish_oil"
42,1996,8052.89104844496,"fish_oil"
43,1996,0,"fish_oil"
44,1996,97835.1460617964,"fish_oil"
45,1996,13.3958734493607,"fish_oil"
46,1996,2.36599549266353,"fish_oil"
47,1996,36.8604826125065,"fish_oil"
48,1996,34,"fish_oil"
49,1996,0,"fish_oil"
50,1996,12.0064410309019,"fish_oil"
51,1996,0,"fish_oil"
52,1996,0,"fish_oil"
53,1996,1128151.94698583,"fish_oil"
54,1996,12.3652538100988,"fish_oil"
55,1996,1.79699972532546,"fish_oil"
56,1996,13.7393785461905,"fish_oil"
57,1996,0.00219083381841354,"fish_oil"
58,1996,15274.7260559443,"fish_oil"
59,1996,1409,"fish_oil"
60,1996,0,"fish_oil"
61,1996,8.67094129678065,"fish_oil"
62,1996,70464.104290789,"fish_oil"
63,1996,91025.998995118,"fish_oil"
64,1996,107994.787483694,"fish_oil"
65,1996,7376.59778011686,"fish_oil"
66,1996,20950.9668748446,"fish_oil"
67,1996,12.0025281724865,"fish_oil"
68,1996,0,"fish_oil"
69,1996,28033.8755713868,"fish_oil"
70,1996,16722.6796124325,"fish_oil"
71,1996,0.62259601188021,"fish_oil"
72,1996,12.8024393798582,"fish_oil"
73,1996,766458.365075783,"fish_oil"
74,1996,2483.35971210084,"fish_oil"
75,1996,43172.1738650045,"fish_oil"
76,1996,149183.331395903,"fish_oil"
77,1996,0.0350396711538462,"fish_oil"
78,1996,0,"fish_oil"
79,1996,0,"fish_oil"
80,1996,2604.96514128906,"fish_oil"
81,1996,1.08239402707692,"fish_oil"
82,1996,0.0660253074218201,"fish_oil"
84,1996,0,"fish_oil"
85,1996,0,"fish_oil"
86,1996,0,"fish_oil"
88,1996,0,"fish_oil"
89,1996,86.3345584586432,"fish_oil"
90,1996,5.17594628667974,"fish_oil"
91,1996,262.813770300375,"fish_oil"
92,1996,2.7341875,"fish_oil"
93,1996,130.917481422937,"fish_oil"
94,1996,0,"fish_oil"
95,1996,309.351378655673,"fish_oil"
96,1996,3119.16902884825,"fish_oil"
97,1996,3337.15328605362,"fish_oil"
98,1996,6188.12652166709,"fish_oil"
99,1996,12.8559312293631,"fish_oil"
100,1996,0,"fish_oil"
101,1996,1289.68733481671,"fish_oil"
102,1996,59293.8535026805,"fish_oil"
103,1996,37.7935625134536,"fish_oil"
104,1996,1600.81303016528,"fish_oil"
105,1996,0,"fish_oil"
106,1996,852.844230491018,"fish_oil"
107,1996,0.5300194884375,"fish_oil"
108,1996,0,"fish_oil"
110,1996,3.17571462614249,"fish_oil"
111,1996,0,"fish_oil"
112,1996,17966.5134073843,"fish_oil"
113,1996,164.670955577034,"fish_oil"
114,1996,8.82454892217888,"fish_oil"
115,1996,0,"fish_oil"
116,1996,0,"fish_oil"
117,1996,0,"fish_oil"
118,1996,0,"fish_oil"
119,1996,0,"fish_oil"
120,1996,0,"fish_oil"
121,1996,0,"fish_oil"
122,1996,1.79841230771468,"fish_oil"
123,1996,0,"fish_oil"
124,1996,0,"fish_oil"
125,1996,0,"fish_oil"
126,1996,15.6850545655533,"fish_oil"
127,1996,0.151806399406222,"fish_oil"
129,1996,52052.4201681394,"fish_oil"
130,1996,17,"fish_oil"
131,1996,0,"fish_oil"
132,1996,58689.4869559049,"fish_oil"
133,1996,0,"fish_oil"
134,1996,15605.6256586042,"fish_oil"
135,1996,168343.369777169,"fish_oil"
136,1996,0,"fish_oil"
137,1996,515277.262147277,"fish_oil"
138,1996,23175621.0700423,"fish_oil"
139,1996,462.052746035456,"fish_oil"
140,1996,0,"fish_oil"
141,1996,126919.683221447,"fish_oil"
143,1996,825363.078103229,"fish_oil"
144,1996,6.83410790302321,"fish_oil"
145,1996,1238.68525645622,"fish_oil"
146,1996,76.7268656445504,"fish_oil"
147,1996,9.21042341603502,"fish_oil"
148,1996,1.87111634341292,"fish_oil"
149,1996,0.00948357784375,"fish_oil"
150,1996,0.00334439328125,"fish_oil"
151,1996,0.0017120598934499,"fish_oil"
152,1996,0.00187922994038168,"fish_oil"
153,1996,0.102258114363363,"fish_oil"
154,1996,0.00794588503513412,"fish_oil"
155,1996,0.286336532903565,"fish_oil"
156,1996,0.0158526955400025,"fish_oil"
157,1996,1.58190535660369,"fish_oil"
158,1996,0.00526924915625,"fish_oil"
159,1996,0.2283292396875,"fish_oil"
161,1996,0.00812966639315815,"fish_oil"
162,1996,2167,"fish_oil"
163,1996,463234.457692021,"fish_oil"
164,1996,0,"fish_oil"
166,1996,0,"fish_oil"
167,1996,4.09411775463777,"fish_oil"
168,1996,9.61812927808582,"fish_oil"
169,1996,101.893572699463,"fish_oil"
171,1996,191237.411249491,"fish_oil"
172,1996,2467.03177820801,"fish_oil"
173,1996,858.803844120414,"fish_oil"
174,1996,43504.1246325605,"fish_oil"
175,1996,111436.558266781,"fish_oil"
176,1996,15468.61109171,"fish_oil"
177,1996,16908,"fish_oil"
178,1996,221405.626124505,"fish_oil"
179,1996,13207.9455934527,"fish_oil"
180,1996,338788.165649266,"fish_oil"
181,1996,216038.187766357,"fish_oil"
182,1996,412115.946144533,"fish_oil"
183,1996,6666,"fish_oil"
184,1996,116,"fish_oil"
185,1996,0,"fish_oil"
186,1996,0,"fish_oil"
187,1996,498.828159094305,"fish_oil"
188,1996,0,"fish_oil"
189,1996,13341.4814690355,"fish_oil"
190,1996,0,"fish_oil"
191,1996,43011.5142357178,"fish_oil"
192,1996,0,"fish_oil"
193,1996,31670.9940468359,"fish_oil"
194,1996,39830.7788780557,"fish_oil"
195,1996,13918.7118695387,"fish_oil"
196,1996,0.000124876880952381,"fish_oil"
197,1996,8788.20267218145,"fish_oil"
198,1996,24452.5568404151,"fish_oil"
199,1996,6467.95379340813,"fish_oil"
200,1996,27972.8832501237,"fish_oil"
202,1996,0,"fish_oil"
203,1996,1035664.54052283,"fish_oil"
204,1996,18595.1598579538,"fish_oil"
205,1996,349789.800890014,"fish_oil"
206,1996,688042.123674039,"fish_oil"
207,1996,814662.160327897,"fish_oil"
208,1996,6814.30817217105,"fish_oil"
209,1996,4299407.78105723,"fish_oil"
210,1996,2098165.43520996,"fish_oil"
212,1996,9.25280209214491,"fish_oil"
213,1996,0,"fish_oil"
214,1996,0,"fish_oil"
215,1996,0,"fish_oil"
216,1996,1030093.65330454,"fish_oil"
218,1996,3457,"fish_oil"
219,1996,0.0848225966326934,"fish_oil"
220,1996,0,"fish_oil"
221,1996,0,"fish_oil"
222,1996,171255.588929106,"fish_oil"
223,1996,549780.468514261,"fish_oil"
224,1996,7656713.41753297,"fish_oil"
227,1996,981.796478279102,"fish_oil"
228,1996,981.796478279102,"fish_oil"
231,1996,1.97899643372782,"fish_oil"
232,1996,0,"fish_oil"
237,1996,0,"fish_oil"
244,1996,0.2943150053125,"fish_oil"
245,1996,0.2998670428125,"fish_oil"
247,1996,1181.63894470821,"fish_oil"
248,1996,0,"fish_oil"
249,1996,0,"fish_oil"
250,1996,12.7557206255906,"fish_oil"
1,1997,0,"fish_oil"
2,1997,0,"fish_oil"
3,1997,2.45249291611079,"fish_oil"
4,1997,1.8991844623846,"fish_oil"
5,1997,0,"fish_oil"
6,1997,4.90463918672958,"fish_oil"
7,1997,6.28181549254758,"fish_oil"
8,1997,2.47667341558997,"fish_oil"
9,1997,12.9490821604209,"fish_oil"
10,1997,0.0121669121913959,"fish_oil"
11,1997,9.87164701177404,"fish_oil"
12,1997,0.00674154912777778,"fish_oil"
13,1997,0.00145863470527778,"fish_oil"
14,1997,126040.036754308,"fish_oil"
15,1997,140873.196059615,"fish_oil"
16,1997,54616.8476759481,"fish_oil"
17,1997,24.4834112511411,"fish_oil"
18,1997,2.51666889831648,"fish_oil"
19,1997,0.00961576264468102,"fish_oil"
20,1997,354850.205324701,"fish_oil"
21,1997,702.281345944454,"fish_oil"
24,1997,227677.104049097,"fish_oil"
25,1997,1026269.34723058,"fish_oil"
26,1997,7270.52157508847,"fish_oil"
28,1997,0.05297039255,"fish_oil"
29,1997,0,"fish_oil"
30,1997,0,"fish_oil"
31,1997,2.65129309364091,"fish_oil"
32,1997,0.117722197318182,"fish_oil"
33,1997,0.00678749999999995,"fish_oil"
34,1997,0.00678749999999995,"fish_oil"
35,1997,0.00678749999999995,"fish_oil"
36,1997,0,"fish_oil"
37,1997,3.77874151745909,"fish_oil"
38,1997,8.39323282245658,"fish_oil"
39,1997,2,"fish_oil"
40,1997,26673.6211098823,"fish_oil"
41,1997,0.07215426245,"fish_oil"
42,1997,5802.31734827734,"fish_oil"
43,1997,8,"fish_oil"
44,1997,65318.567401486,"fish_oil"
45,1997,10.0699015694545,"fish_oil"
46,1997,2.19326207732727,"fish_oil"
47,1997,42.7750348005374,"fish_oil"
48,1997,36,"fish_oil"
49,1997,0,"fish_oil"
50,1997,13.0196776003911,"fish_oil"
51,1997,0,"fish_oil"
52,1997,77,"fish_oil"
53,1997,1232242.59516993,"fish_oil"
54,1997,12.5071226290895,"fish_oil"
55,1997,5.96701235013365,"fish_oil"
56,1997,23.8447716559,"fish_oil"
57,1997,0,"fish_oil"
58,1997,1471.91142236067,"fish_oil"
59,1997,958,"fish_oil"
60,1997,0,"fish_oil"
61,1997,8.66017498971416,"fish_oil"
62,1997,60946.2078311795,"fish_oil"
63,1997,83939.1262386079,"fish_oil"
64,1997,144018.762334642,"fish_oil"
65,1997,7206.51884321547,"fish_oil"
66,1997,18650.1417086084,"fish_oil"
67,1997,11.3122917534184,"fish_oil"
68,1997,0,"fish_oil"
69,1997,68374.4997808195,"fish_oil"
70,1997,47578.3006978061,"fish_oil"
71,1997,0.0802455089528193,"fish_oil"
72,1997,1.39851826295282,"fish_oil"
73,1997,39622.4866995889,"fish_oil"
74,1997,2756.54134734619,"fish_oil"
75,1997,5530.53758342473,"fish_oil"
76,1997,118107.96546529,"fish_oil"
77,1997,0,"fish_oil"
78,1997,0,"fish_oil"
79,1997,0,"fish_oil"
80,1997,255.105784626975,"fish_oil"
81,1997,0.403980232907801,"fish_oil"
82,1997,0.00645538935994143,"fish_oil"
84,1997,0.24723592449834,"fish_oil"
85,1997,0,"fish_oil"
86,1997,0,"fish_oil"
88,1997,0,"fish_oil"
89,1997,57.1652819801269,"fish_oil"
90,1997,11.9545625846019,"fish_oil"
91,1997,657.119243055556,"fish_oil"
92,1997,5.30933333333333,"fish_oil"
93,1997,210.608939802778,"fish_oil"
94,1997,4.04729244631128,"fish_oil"
95,1997,1151.73694482066,"fish_oil"
96,1997,2063.6373449263,"fish_oil"
97,1997,5695.69581302367,"fish_oil"
98,1997,10286.468911202,"fish_oil"
99,1997,18.3744091977333,"fish_oil"
100,1997,0,"fish_oil"
101,1997,4103.1,"fish_oil"
102,1997,132857.936554082,"fish_oil"
103,1997,17.3592266388456,"fish_oil"
104,1997,875.097680422534,"fish_oil"
105,1997,0,"fish_oil"
106,1997,1821.4034289464,"fish_oil"
107,1997,0.947054590805555,"fish_oil"
108,1997,0,"fish_oil"
110,1997,171.68320486564,"fish_oil"
111,1997,0,"fish_oil"
112,1997,5948.13279021364,"fish_oil"
113,1997,304.604205312844,"fish_oil"
114,1997,47.8076771374645,"fish_oil"
115,1997,1,"fish_oil"
116,1997,0,"fish_oil"
117,1997,0,"fish_oil"
118,1997,0,"fish_oil"
119,1997,0,"fish_oil"
120,1997,0,"fish_oil"
121,1997,0,"fish_oil"
122,1997,2.02063114946146,"fish_oil"
123,1997,0,"fish_oil"
124,1997,0,"fish_oil"
125,1997,0,"fish_oil"
126,1997,13.2554168442229,"fish_oil"
127,1997,0.0762929980285511,"fish_oil"
129,1997,48317.8307035748,"fish_oil"
130,1997,0,"fish_oil"
131,1997,0,"fish_oil"
132,1997,232983.204297138,"fish_oil"
133,1997,0,"fish_oil"
134,1997,8027.10617334722,"fish_oil"
135,1997,138942.559084046,"fish_oil"
136,1997,0,"fish_oil"
137,1997,1318814.73687897,"fish_oil"
138,1997,66481222.5049214,"fish_oil"
139,1997,1511.22055858054,"fish_oil"
140,1997,0,"fish_oil"
141,1997,370666.898219208,"fish_oil"
143,1997,3325376.637603,"fish_oil"
144,1997,16.6151783774849,"fish_oil"
145,1997,187079.430969113,"fish_oil"
146,1997,1.14995457927601,"fish_oil"
147,1997,6.26814729436631,"fish_oil"
148,1997,1.60454415758287,"fish_oil"
149,1997,0.0281976380555556,"fish_oil"
150,1997,0.00607584822222222,"fish_oil"
151,1997,0.00217426742659134,"fish_oil"
152,1997,0.00351278249668237,"fish_oil"
153,1997,0.07532674955197,"fish_oil"
154,1997,0.00438443989601512,"fish_oil"
155,1997,0.0908907798652953,"fish_oil"
156,1997,0.00510011893928864,"fish_oil"
157,1997,1.19926564537986,"fish_oil"
158,1997,0.0135214340555555,"fish_oil"
159,1997,0.491085313527778,"fish_oil"
161,1997,0.000737282856712467,"fish_oil"
162,1997,2313.92287213169,"fish_oil"
163,1997,674399.078646805,"fish_oil"
164,1997,0,"fish_oil"
166,1997,0,"fish_oil"
167,1997,0.113904015971014,"fish_oil"
168,1997,42.5231757826218,"fish_oil"
169,1997,352.78185806804,"fish_oil"
171,1997,843053.568794789,"fish_oil"
172,1997,12646.3730979275,"fish_oil"
173,1997,5241.25195978655,"fish_oil"
174,1997,136660.686862746,"fish_oil"
175,1997,241700.038204337,"fish_oil"
176,1997,16888.343829757,"fish_oil"
177,1997,19354,"fish_oil"
178,1997,30079.5758420598,"fish_oil"
179,1997,25540.9615060642,"fish_oil"
180,1997,1160558.73753642,"fish_oil"
181,1997,403743.210615819,"fish_oil"
182,1997,33272.3858939027,"fish_oil"
183,1997,5439,"fish_oil"
184,1997,184,"fish_oil"
185,1997,0,"fish_oil"
186,1997,0,"fish_oil"
187,1997,45.9573355458919,"fish_oil"
188,1997,1,"fish_oil"
189,1997,29994.7685988403,"fish_oil"
190,1997,0,"fish_oil"
191,1997,45778.1765188566,"fish_oil"
192,1997,0,"fish_oil"
193,1997,47241.8015298779,"fish_oil"
194,1997,62692.3280189709,"fish_oil"
195,1997,24001.8608389391,"fish_oil"
196,1997,0,"fish_oil"
197,1997,4371.47626321302,"fish_oil"
198,1997,9715.09840302322,"fish_oil"
199,1997,3464.97189000379,"fish_oil"
200,1997,14029.2395470862,"fish_oil"
202,1997,5,"fish_oil"
203,1997,1554197.14300191,"fish_oil"
204,1997,21282.2381653426,"fish_oil"
205,1997,261859.69923216,"fish_oil"
206,1997,1104568.78243017,"fish_oil"
207,1997,716253.28492217,"fish_oil"
208,1997,4766.93950056885,"fish_oil"
209,1997,12553043.3837857,"fish_oil"
210,1997,5765473.8536722,"fish_oil"
212,1997,5.39810251544649,"fish_oil"
213,1997,0,"fish_oil"
214,1997,0,"fish_oil"
215,1997,0,"fish_oil"
216,1997,769436.635811374,"fish_oil"
218,1997,3525,"fish_oil"
219,1997,0.430922457030728,"fish_oil"
220,1997,0,"fish_oil"
221,1997,0,"fish_oil"
222,1997,494679.739497258,"fish_oil"
223,1997,1696799.5891672,"fish_oil"
224,1997,21723387.5344091,"fish_oil"
227,1997,881.817019705894,"fish_oil"
228,1997,881.817019705894,"fish_oil"
231,1997,1.5734069331398,"fish_oil"
232,1997,0,"fish_oil"
237,1997,0,"fish_oil"
244,1997,0.804815997222222,"fish_oil"
245,1997,0.819997875,"fish_oil"
247,1997,2291.17448570496,"fish_oil"
248,1997,0,"fish_oil"
249,1997,0,"fish_oil"
250,1997,48.2566735541,"fish_oil"
1,1998,0,"fish_oil"
2,1998,0,"fish_oil"
3,1998,2.3391427327739,"fish_oil"
4,1998,0.553407377991566,"fish_oil"
5,1998,0,"fish_oil"
6,1998,2.36737592949265,"fish_oil"
7,1998,3.08045739227011,"fish_oil"
8,1998,2.42456318298009,"fish_oil"
9,1998,11.9926389184968,"fish_oil"
10,1998,0.855737866674786,"fish_oil"
11,1998,10.8828800607328,"fish_oil"
12,1998,0.00271118648888889,"fish_oil"
13,1998,0,"fish_oil"
14,1998,11625.9099213518,"fish_oil"
15,1998,427668.0055571,"fish_oil"
16,1998,40946.2150430897,"fish_oil"
17,1998,9,"fish_oil"
18,1998,1.56494532087275,"fish_oil"
19,1998,0.15910459208107,"fish_oil"
20,1998,323948.086175772,"fish_oil"
21,1998,191.902880797103,"fish_oil"
24,1998,468794.932060802,"fish_oil"
25,1998,2110586.48534795,"fish_oil"
26,1998,10024.9344248545,"fish_oil"
28,1998,0.000963491136363637,"fish_oil"
29,1998,0,"fish_oil"
30,1998,0,"fish_oil"
31,1998,0.0304798665045455,"fish_oil"
32,1998,0.000453591545454546,"fish_oil"
33,1998,0.0108,"fish_oil"
34,1998,0.0108,"fish_oil"
35,1998,0.0108,"fish_oil"
36,1998,0,"fish_oil"
37,1998,0.0405729976045455,"fish_oil"
38,1998,9.14508555849534,"fish_oil"
39,1998,0,"fish_oil"
40,1998,30498.5275858916,"fish_oil"
41,1998,3.215e-07,"fish_oil"
42,1998,66.4260218657727,"fish_oil"
43,1998,0,"fish_oil"
44,1998,813.767781656041,"fish_oil"
45,1998,0.121836136609091,"fish_oil"
46,1998,0.0254286682727273,"fish_oil"
47,1998,86.0963112130571,"fish_oil"
48,1998,23,"fish_oil"
49,1998,0,"fish_oil"
50,1998,24.0086530991429,"fish_oil"
51,1998,0,"fish_oil"
52,1998,0,"fish_oil"
53,1998,1290504.35182467,"fish_oil"
54,1998,23.8414995966714,"fish_oil"
55,1998,1.9905440331886,"fish_oil"
56,1998,6.29637067108571,"fish_oil"
57,1998,0.000111153346395473,"fish_oil"
58,1998,571.456077856248,"fish_oil"
59,1998,866,"fish_oil"
60,1998,0,"fish_oil"
61,1998,9.91744471652905,"fish_oil"
62,1998,58746.938679938,"fish_oil"
63,1998,82849.0126384005,"fish_oil"
64,1998,41620.5293356238,"fish_oil"
65,1998,1364.40886557143,"fish_oil"
66,1998,4702.48488733737,"fish_oil"
67,1998,13.3781872407969,"fish_oil"
68,1998,0,"fish_oil"
69,1998,25561.1811270021,"fish_oil"
70,1998,24944.3275847015,"fish_oil"
71,1998,0.0738127475185056,"fish_oil"
72,1998,1.05500544186511,"fish_oil"
73,1998,37375.2500105737,"fish_oil"
74,1998,6016.70713704537,"fish_oil"
75,1998,7849.95938229835,"fish_oil"
76,1998,215734.461501198,"fish_oil"
77,1998,0.176502766666667,"fish_oil"
78,1998,0,"fish_oil"
79,1998,0,"fish_oil"
80,1998,105.496294868835,"fish_oil"
81,1998,1.74111861904762,"fish_oil"
82,1998,0.00608627819178164,"fish_oil"
84,1998,0.374073495476839,"fish_oil"
85,1998,0,"fish_oil"
86,1998,0,"fish_oil"
88,1998,0,"fish_oil"
89,1998,43.9870978720074,"fish_oil"
90,1998,0.734172002740813,"fish_oil"
91,1998,245.313927111111,"fish_oil"
92,1998,4.69333315555556,"fish_oil"
93,1998,311.505215288889,"fish_oil"
94,1998,7.38192160392358,"fish_oil"
95,1998,1170.60184108084,"fish_oil"
96,1998,766.852464869486,"fish_oil"
97,1998,1784.40333915211,"fish_oil"
98,1998,3126.38663025177,"fish_oil"
99,1998,183.7150506624,"fish_oil"
100,1998,0,"fish_oil"
101,1998,5735.1,"fish_oil"
102,1998,91128.9617367378,"fish_oil"
103,1998,4.81269188304249,"fish_oil"
104,1998,252.673847217806,"fish_oil"
105,1998,0,"fish_oil"
106,1998,608.7001207168,"fish_oil"
107,1998,0.697507098311111,"fish_oil"
108,1998,0,"fish_oil"
110,1998,119.93201984,"fish_oil"
111,1998,0,"fish_oil"
112,1998,4302.4152182524,"fish_oil"
113,1998,426.786737248,"fish_oil"
114,1998,29.6238074348,"fish_oil"
115,1998,4,"fish_oil"
116,1998,0,"fish_oil"
117,1998,0,"fish_oil"
118,1998,0,"fish_oil"
119,1998,0,"fish_oil"
120,1998,0,"fish_oil"
121,1998,0,"fish_oil"
122,1998,0.3947768,"fish_oil"
123,1998,0,"fish_oil"
124,1998,0,"fish_oil"
125,1998,0,"fish_oil"
126,1998,8.41863074,"fish_oil"
127,1998,0.1203888928,"fish_oil"
129,1998,404308.023892473,"fish_oil"
130,1998,6,"fish_oil"
131,1998,0,"fish_oil"
132,1998,166332.630247457,"fish_oil"
133,1998,0,"fish_oil"
134,1998,51070.0244915733,"fish_oil"
135,1998,612451.910914349,"fish_oil"
136,1998,0,"fish_oil"
137,1998,309992.774049405,"fish_oil"
138,1998,23667320.3823298,"fish_oil"
139,1998,1255.06628474583,"fish_oil"
140,1998,0,"fish_oil"
141,1998,340874.041027563,"fish_oil"
143,1998,1276350.30801313,"fish_oil"
144,1998,494.529290039722,"fish_oil"
145,1998,89774.5691777987,"fish_oil"
146,1998,0.940449585872691,"fish_oil"
147,1998,5.08526657025808,"fish_oil"
148,1998,4.0865457303873,"fish_oil"
149,1998,0,"fish_oil"
150,1998,0,"fish_oil"
151,1998,0.56216630864937,"fish_oil"
152,1998,0.472565308597555,"fish_oil"
153,1998,4.33011632683611,"fish_oil"
154,1998,0.297786679990622,"fish_oil"
155,1998,0.708136703958626,"fish_oil"
156,1998,0.571305353467739,"fish_oil"
157,1998,1.99906070089171,"fish_oil"
158,1998,0,"fish_oil"
159,1998,2.28375536853333,"fish_oil"
161,1998,0.137568081652577,"fish_oil"
162,1998,1879.0000539347,"fish_oil"
163,1998,839488.306664231,"fish_oil"
164,1998,0,"fish_oil"
166,1998,0,"fish_oil"
167,1998,3.46761408234156,"fish_oil"
168,1998,16.7029626241435,"fish_oil"
169,1998,255.621046345774,"fish_oil"
171,1998,457839.586168187,"fish_oil"
172,1998,4530.69245279638,"fish_oil"
173,1998,4088.14171613152,"fish_oil"
174,1998,87491.7180227182,"fish_oil"
175,1998,173394.044058315,"fish_oil"
176,1998,25993.5164254549,"fish_oil"
177,1998,17477,"fish_oil"
178,1998,26266.1355182446,"fish_oil"
179,1998,19008.4945826029,"fish_oil"
180,1998,874935.89226118,"fish_oil"
181,1998,504036.740252935,"fish_oil"
182,1998,15558.073537108,"fish_oil"
183,1998,3852,"fish_oil"
184,1998,79,"fish_oil"
185,1998,0,"fish_oil"
186,1998,0,"fish_oil"
187,1998,23.3023717509814,"fish_oil"
188,1998,9,"fish_oil"
189,1998,15352.3699277731,"fish_oil"
190,1998,0,"fish_oil"
191,1998,55524.6178623079,"fish_oil"
192,1998,0,"fish_oil"
193,1998,13479.2553936073,"fish_oil"
194,1998,18084.7399476179,"fish_oil"
195,1998,7711.84531028434,"fish_oil"
196,1998,0,"fish_oil"
197,1998,1348.37929857026,"fish_oil"
198,1998,3337.30216203027,"fish_oil"
199,1998,1141.90009568229,"fish_oil"
200,1998,5406.85088930406,"fish_oil"
202,1998,6,"fish_oil"
203,1998,1849334.53490743,"fish_oil"
204,1998,32024.6715630141,"fish_oil"
205,1998,759192.301395509,"fish_oil"
206,1998,1658621.75603312,"fish_oil"
207,1998,1780740.82027671,"fish_oil"
208,1998,8448.68107416384,"fish_oil"
209,1998,3560514.75887738,"fish_oil"
210,1998,1723044.94455604,"fish_oil"
212,1998,4.98389344383133,"fish_oil"
213,1998,0,"fish_oil"
214,1998,0,"fish_oil"
215,1998,0,"fish_oil"
216,1998,1809848.62479214,"fish_oil"
218,1998,5646,"fish_oil"
219,1998,0.957931298574157,"fish_oil"
220,1998,0,"fish_oil"
221,1998,0,"fish_oil"
222,1998,415643.146023378,"fish_oil"
223,1998,874279.077744814,"fish_oil"
224,1998,8982603.58030064,"fish_oil"
227,1998,150.13945886033,"fish_oil"
228,1998,150.13945886033,"fish_oil"
231,1998,2.33448614573292,"fish_oil"
232,1998,0,"fish_oil"
237,1998,0,"fish_oil"
244,1998,0.216357902222222,"fish_oil"
245,1998,0.220439324444444,"fish_oil"
247,1998,3379.70189875769,"fish_oil"
248,1998,0,"fish_oil"
249,1998,0,"fish_oil"
250,1998,89.4016831950222,"fish_oil"
1,1999,0,"fish_oil"
2,1999,0,"fish_oil"
3,1999,0.330187250965251,"fish_oil"
4,1999,0.0973745173745174,"fish_oil"
5,1999,0,"fish_oil"
6,1999,1.43364663187584,"fish_oil"
7,1999,1.58110177792,"fish_oil"
8,1999,2.20759046626283,"fish_oil"
9,1999,11.2519598206954,"fish_oil"
10,1999,0.911817821415347,"fish_oil"
11,1999,9.09751834425379,"fish_oil"
12,1999,0.00685506,"fish_oil"
13,1999,0.0020893639426087,"fish_oil"
14,1999,75386.2424299424,"fish_oil"
15,1999,625535.354094311,"fish_oil"
16,1999,17702.9467502801,"fish_oil"
17,1999,32,"fish_oil"
18,1999,0.851207962384704,"fish_oil"
19,1999,2.93428516221936,"fish_oil"
20,1999,1058177.65685234,"fish_oil"
21,1999,711.575881931806,"fish_oil"
24,1999,641870.28099542,"fish_oil"
25,1999,2444410.11257354,"fish_oil"
26,1999,8886.41672237747,"fish_oil"
28,1999,0.00585694976,"fish_oil"
29,1999,0.00222554055,"fish_oil"
30,1999,0,"fish_oil"
31,1999,0.062867529,"fish_oil"
32,1999,0.00687978343,"fish_oil"
33,1999,0.172063985772348,"fish_oil"
34,1999,0.172063985772348,"fish_oil"
35,1999,0.172063985772348,"fish_oil"
36,1999,0.590270424104348,"fish_oil"
37,1999,0.09469704873,"fish_oil"
38,1999,13.629825987904,"fish_oil"
39,1999,0,"fish_oil"
40,1999,20428.6515994005,"fish_oil"
41,1999,0.00540472338,"fish_oil"
42,1999,148.18534402754,"fish_oil"
43,1999,0.1,"fish_oil"
44,1999,1780.20791931027,"fish_oil"
45,1999,0.26208440007,"fish_oil"
46,1999,0.05547309068,"fish_oil"
47,1999,231.955732939077,"fish_oil"
48,1999,0.100524050495412,"fish_oil"
49,1999,0,"fish_oil"
50,1999,56.6135572603191,"fish_oil"
51,1999,0,"fish_oil"
52,1999,0,"fish_oil"
53,1999,932449.826817257,"fish_oil"
54,1999,67,"fish_oil"
55,1999,5.31608697256362,"fish_oil"
56,1999,13.5051667712,"fish_oil"
57,1999,0.0018873299521011,"fish_oil"
58,1999,1521.64357062765,"fish_oil"
59,1999,582,"fish_oil"
60,1999,0,"fish_oil"
61,1999,5.16168648819652,"fish_oil"
62,1999,31613.0355250132,"fish_oil"
63,1999,43648.4814481614,"fish_oil"
64,1999,79159.0118267061,"fish_oil"
65,1999,3724.83972953755,"fish_oil"
66,1999,8885.25581198732,"fish_oil"
67,1999,7.59598826531309,"fish_oil"
68,1999,0,"fish_oil"
69,1999,36022.4754954594,"fish_oil"
70,1999,51298.2854124229,"fish_oil"
71,1999,0.0977628272704591,"fish_oil"
72,1999,0.833036932683059,"fish_oil"
73,1999,58913.5922363806,"fish_oil"
74,1999,21096.708567417,"fish_oil"
75,1999,12071.4343098568,"fish_oil"
76,1999,795875.466234555,"fish_oil"
77,1999,0.599850168283101,"fish_oil"
78,1999,1,"fish_oil"
79,1999,3,"fish_oil"
80,1999,247.313567051187,"fish_oil"
81,1999,2.81625883392,"fish_oil"
82,1999,0.0426477764547894,"fish_oil"
84,1999,0.113121112639571,"fish_oil"
85,1999,0,"fish_oil"
86,1999,0,"fish_oil"
88,1999,0,"fish_oil"
89,1999,3173.0539250534,"fish_oil"
90,1999,0.451282689411344,"fish_oil"
91,1999,176.659537270309,"fish_oil"
92,1999,2.79686975217391,"fish_oil"
93,1999,338.255947826087,"fish_oil"
94,1999,6.30351800179524,"fish_oil"
95,1999,2850.07446178836,"fish_oil"
96,1999,2281.52796744882,"fish_oil"
97,1999,3892.37200077917,"fish_oil"
98,1999,6878.42847513705,"fish_oil"
99,1999,717.535432621583,"fish_oil"
100,1999,0,"fish_oil"
101,1999,1559.16409784737,"fish_oil"
102,1999,125782.490828295,"fish_oil"
103,1999,4.65324213852667,"fish_oil"
104,1999,234.700497151368,"fish_oil"
105,1999,0,"fish_oil"
106,1999,1507.7059681983,"fish_oil"
107,1999,1.93653252224348,"fish_oil"
108,1999,0,"fish_oil"
110,1999,279.256527574876,"fish_oil"
111,1999,0,"fish_oil"
112,1999,3997.26804678038,"fish_oil"
113,1999,105.656300323144,"fish_oil"
114,1999,65.7514206946277,"fish_oil"
115,1999,2,"fish_oil"
116,1999,0,"fish_oil"
117,1999,0,"fish_oil"
118,1999,0,"fish_oil"
119,1999,0,"fish_oil"
120,1999,0,"fish_oil"
121,1999,0,"fish_oil"
122,1999,0,"fish_oil"
123,1999,0,"fish_oil"
124,1999,0.1,"fish_oil"
125,1999,0,"fish_oil"
126,1999,10.2865229727011,"fish_oil"
127,1999,3,"fish_oil"
129,1999,20478.5103877286,"fish_oil"
130,1999,1,"fish_oil"
131,1999,0,"fish_oil"
132,1999,203467.850163697,"fish_oil"
133,1999,0,"fish_oil"
134,1999,3319.96182389814,"fish_oil"
135,1999,68489.192583999,"fish_oil"
136,1999,0,"fish_oil"
137,1999,496830.475666119,"fish_oil"
138,1999,116812814.732885,"fish_oil"
139,1999,2447.34532644554,"fish_oil"
140,1999,0,"fish_oil"
141,1999,845809.414216788,"fish_oil"
143,1999,2517291.62563932,"fish_oil"
144,1999,142.741767369714,"fish_oil"
145,1999,23610.6701053797,"fish_oil"
146,1999,1.44938858864392,"fish_oil"
147,1999,9.1003732992056,"fish_oil"
148,1999,2.96740201709133,"fish_oil"
149,1999,0.0323607306086957,"fish_oil"
150,1999,0.0207261046956522,"fish_oil"
151,1999,0.0155583563968707,"fish_oil"
152,1999,0.0264955341637817,"fish_oil"
153,1999,2.11712722951766,"fish_oil"
154,1999,0.0147074771522794,"fish_oil"
155,1999,0.241837555634792,"fish_oil"
156,1999,0.0144934649840174,"fish_oil"
157,1999,1.46145204866622,"fish_oil"
158,1999,0.0356740526086957,"fish_oil"
159,1999,0.742706157721739,"fish_oil"
161,1999,0.120982456623896,"fish_oil"
162,1999,2064,"fish_oil"
163,1999,526698.037732375,"fish_oil"
164,1999,0,"fish_oil"
166,1999,0,"fish_oil"
167,1999,0.649592556564812,"fish_oil"
168,1999,40.168719625333,"fish_oil"
169,1999,500.160486375388,"fish_oil"
171,1999,323094.470478813,"fish_oil"
172,1999,10484.6348846188,"fish_oil"
173,1999,46266.1793086286,"fish_oil"
174,1999,165935.851188157,"fish_oil"
175,1999,261494.131510846,"fish_oil"
176,1999,49910.2460208523,"fish_oil"
177,1999,12667,"fish_oil"
178,1999,24074.9799249093,"fish_oil"
179,1999,28131.687217605,"fish_oil"
180,1999,1505725.25851935,"fish_oil"
181,1999,680935.659974421,"fish_oil"
182,1999,34153.7189664761,"fish_oil"
183,1999,2232,"fish_oil"
184,1999,223,"fish_oil"
185,1999,0,"fish_oil"
186,1999,0,"fish_oil"
187,1999,40.0279610411218,"fish_oil"
188,1999,8,"fish_oil"
189,1999,12980.9521226487,"fish_oil"
190,1999,0,"fish_oil"
191,1999,51268.0915475368,"fish_oil"
192,1999,0,"fish_oil"
193,1999,26730.3746878307,"fish_oil"
194,1999,37925.6780365857,"fish_oil"
195,1999,16544.9855496462,"fish_oil"
196,1999,0,"fish_oil"
197,1999,1385.04293189575,"fish_oil"
198,1999,3268.08553316236,"fish_oil"
199,1999,1232.7590966573,"fish_oil"
200,1999,5757.30423558394,"fish_oil"
202,1999,0,"fish_oil"
203,1999,1483308.75539016,"fish_oil"
204,1999,22241.3306178595,"fish_oil"
205,1999,881083.346258364,"fish_oil"
206,1999,1726616.27336191,"fish_oil"
207,1999,2836017.30944723,"fish_oil"
208,1999,8291.12918028363,"fish_oil"
209,1999,6728649.25763805,"fish_oil"
210,1999,5411605.99758301,"fish_oil"
212,1999,6.27018994908733,"fish_oil"
213,1999,0,"fish_oil"
214,1999,0,"fish_oil"
215,1999,0,"fish_oil"
216,1999,2000265.13035993,"fish_oil"
218,1999,2024,"fish_oil"
219,1999,0.56095996191202,"fish_oil"
220,1999,0,"fish_oil"
221,1999,0,"fish_oil"
222,1999,578107.991143673,"fish_oil"
223,1999,1703371.53543442,"fish_oil"
224,1999,30224843.5958225,"fish_oil"
227,1999,349.559016717046,"fish_oil"
228,1999,349.559016717046,"fish_oil"
231,1999,59.9138963892,"fish_oil"
232,1999,0,"fish_oil"
237,1999,0,"fish_oil"
244,1999,0,"fish_oil"
245,1999,0,"fish_oil"
247,1999,2303.58115798988,"fish_oil"
248,1999,0,"fish_oil"
249,1999,0,"fish_oil"
250,1999,19.1800312564348,"fish_oil"
1,2000,0,"fish_oil"
2,2000,0,"fish_oil"
3,2000,0.230352125142348,"fish_oil"
4,2000,0.0610584357671876,"fish_oil"
5,2000,0,"fish_oil"
6,2000,0.444724837136842,"fish_oil"
7,2000,0.379927120210526,"fish_oil"
8,2000,2.23981102570353,"fish_oil"
9,2000,11.3992360783512,"fish_oil"
10,2000,0.759569337600617,"fish_oil"
11,2000,9.54608297978426,"fish_oil"
12,2000,0.00649262065625,"fish_oil"
13,2000,0.0039325257053125,"fish_oil"
14,2000,112001.82364525,"fish_oil"
15,2000,126780.135641536,"fish_oil"
16,2000,12071.9588204133,"fish_oil"
17,2000,8,"fish_oil"
18,2000,0.218029647369895,"fish_oil"
19,2000,3.98394757969205,"fish_oil"
20,2000,1465253.12130137,"fish_oil"
21,2000,974.133453917863,"fish_oil"
24,2000,126025.296831007,"fish_oil"
25,2000,476344.096953939,"fish_oil"
26,2000,9417.23100758749,"fish_oil"
28,2000,0.5245703969875,"fish_oil"
29,2000,0.0995344528375,"fish_oil"
30,2000,0,"fish_oil"
31,2000,2.895506786475,"fish_oil"
32,2000,0.4742988123625,"fish_oil"
33,2000,0.842953080117813,"fish_oil"
34,2000,0.842953080117813,"fish_oil"
35,2000,0.842953080117813,"fish_oil"
36,2000,1.72798593029375,"fish_oil"
37,2000,4.488982619375,"fish_oil"
38,2000,345.140878393414,"fish_oil"
39,2000,0,"fish_oil"
40,2000,28154.3897643229,"fish_oil"
41,2000,0.3053964071375,"fish_oil"
42,2000,3588.54475130692,"fish_oil"
43,2000,25,"fish_oil"
44,2000,44889.0092299376,"fish_oil"
45,2000,12.3437216799,"fish_oil"
46,2000,1.327220376475,"fish_oil"
47,2000,2508.39382332582,"fish_oil"
48,2000,7,"fish_oil"
49,2000,12.1775909347113,"fish_oil"
50,2000,1386.74062250685,"fish_oil"
51,2000,0,"fish_oil"
52,2000,0,"fish_oil"
53,2000,1232419.98038597,"fish_oil"
54,2000,431.985087286862,"fish_oil"
55,2000,3.41194924453426,"fish_oil"
56,2000,9.62742931542063,"fish_oil"
57,2000,0.00113159314385321,"fish_oil"
58,2000,14.2018185065579,"fish_oil"
59,2000,421,"fish_oil"
60,2000,0,"fish_oil"
61,2000,10.9301772554377,"fish_oil"
62,2000,25434.2724749449,"fish_oil"
63,2000,39800.7709436036,"fish_oil"
64,2000,51491.5281687092,"fish_oil"
65,2000,5273.3091724463,"fish_oil"
66,2000,4428.61309897614,"fish_oil"
67,2000,15.351330701401,"fish_oil"
68,2000,0,"fish_oil"
69,2000,44771.5914351302,"fish_oil"
70,2000,45661.759241807,"fish_oil"
71,2000,2.83549888736842,"fish_oil"
72,2000,23.8975791547661,"fish_oil"
73,2000,1944365.18086127,"fish_oil"
74,2000,184037.938756954,"fish_oil"
75,2000,372240.748488139,"fish_oil"
76,2000,4822855.64682174,"fish_oil"
77,2000,2.46647807364678,"fish_oil"
78,2000,0,"fish_oil"
79,2000,8,"fish_oil"
80,2000,103.940274786839,"fish_oil"
81,2000,14.4057260005991,"fish_oil"
82,2000,0,"fish_oil"
84,2000,0.307775386811218,"fish_oil"
85,2000,0,"fish_oil"
86,2000,0,"fish_oil"
88,2000,0,"fish_oil"
89,2000,18987.7541886617,"fish_oil"
90,2000,0.365736202823407,"fish_oil"
91,2000,298.035146710348,"fish_oil"
92,2000,5.10366466710313,"fish_oil"
93,2000,580.3916015625,"fish_oil"
94,2000,7.6233462909209,"fish_oil"
95,2000,1047.48532402717,"fish_oil"
96,2000,801.270075450938,"fish_oil"
97,2000,2871.75488594876,"fish_oil"
98,2000,5021.091726359,"fish_oil"
99,2000,708.513661671289,"fish_oil"
100,2000,0,"fish_oil"
101,2000,488,"fish_oil"
102,2000,38830.5157293609,"fish_oil"
103,2000,4.410056199855,"fish_oil"
104,2000,207.293420256405,"fish_oil"
105,2000,0,"fish_oil"
106,2000,624.64723322835,"fish_oil"
107,2000,8.25140066264687,"fish_oil"
108,2000,0,"fish_oil"
110,2000,140.7578185935,"fish_oil"
111,2000,0,"fish_oil"
112,2000,627.86937121905,"fish_oil"
113,2000,53.1690819555,"fish_oil"
114,2000,32.98797808065,"fish_oil"
115,2000,2,"fish_oil"
116,2000,0,"fish_oil"
117,2000,0,"fish_oil"
118,2000,0,"fish_oil"
119,2000,0,"fish_oil"
120,2000,0,"fish_oil"
121,2000,0,"fish_oil"
122,2000,0,"fish_oil"
123,2000,0,"fish_oil"
124,2000,0,"fish_oil"
125,2000,0,"fish_oil"
126,2000,2.906172204,"fish_oil"
127,2000,1,"fish_oil"
129,2000,30996.9686640384,"fish_oil"
130,2000,0,"fish_oil"
131,2000,0,"fish_oil"
132,2000,75113.4879004853,"fish_oil"
133,2000,0,"fish_oil"
134,2000,1796.48457431137,"fish_oil"
135,2000,72259.8173391326,"fish_oil"
136,2000,0,"fish_oil"
137,2000,211410.507707482,"fish_oil"
138,2000,34857934.248807,"fish_oil"
139,2000,473.166762566945,"fish_oil"
140,2000,0,"fish_oil"
141,2000,897647.222561653,"fish_oil"
143,2000,2894821.96235656,"fish_oil"
144,2000,0.0691388989976708,"fish_oil"
145,2000,87536.1215168202,"fish_oil"
146,2000,1.8400611965637,"fish_oil"
147,2000,10.0554247919659,"fish_oil"
148,2000,3.03152635834701,"fish_oil"
149,2000,0.03376096459375,"fish_oil"
150,2000,0.02424226534375,"fish_oil"
151,2000,0.00262794409355862,"fish_oil"
152,2000,0.00364729615092555,"fish_oil"
153,2000,0.0324948531197412,"fish_oil"
154,2000,0.0199918978778579,"fish_oil"
155,2000,0.0471258896303644,"fish_oil"
156,2000,0.00741010174032744,"fish_oil"
157,2000,1.64344569158041,"fish_oil"
158,2000,0.023007287259375,"fish_oil"
159,2000,1.275964090175,"fish_oil"
161,2000,0.150352570289074,"fish_oil"
162,2000,2283.15870345693,"fish_oil"
163,2000,439501.641923151,"fish_oil"
164,2000,0,"fish_oil"
166,2000,0,"fish_oil"
167,2000,0.0234611810327564,"fish_oil"
168,2000,9.01269922351909,"fish_oil"
169,2000,83.2713551264883,"fish_oil"
171,2000,52491.0159809523,"fish_oil"
172,2000,2301.05805867849,"fish_oil"
173,2000,1752.85304066923,"fish_oil"
174,2000,123348.309315839,"fish_oil"
175,2000,223599.44746044,"fish_oil"
176,2000,57649.519074664,"fish_oil"
177,2000,10340,"fish_oil"
178,2000,862954.476066098,"fish_oil"
179,2000,17437.7861110534,"fish_oil"
180,2000,1285478.75224111,"fish_oil"
181,2000,313351.168797759,"fish_oil"
182,2000,4273,"fish_oil"
183,2000,2126,"fish_oil"
184,2000,71,"fish_oil"
185,2000,0,"fish_oil"
186,2000,17,"fish_oil"
187,2000,17.2713906502574,"fish_oil"
188,2000,9,"fish_oil"
189,2000,15753.631453497,"fish_oil"
190,2000,0,"fish_oil"
191,2000,74513.1409272986,"fish_oil"
192,2000,0,"fish_oil"
193,2000,20755.2449618491,"fish_oil"
194,2000,23951.4368416579,"fish_oil"
195,2000,12680.8498060447,"fish_oil"
196,2000,0.00103525748298453,"fish_oil"
197,2000,857.905909861149,"fish_oil"
198,2000,3864.06043997729,"fish_oil"
199,2000,1307.43323867657,"fish_oil"
200,2000,6571.34417191579,"fish_oil"
202,2000,83.14661550865,"fish_oil"
203,2000,2485049.12825029,"fish_oil"
204,2000,28217.1676691085,"fish_oil"
205,2000,194692.255624346,"fish_oil"
206,2000,2106229.55037769,"fish_oil"
207,2000,572990.51868706,"fish_oil"
208,2000,1331.69760596235,"fish_oil"
209,2000,10097437.9184786,"fish_oil"
210,2000,6658498.94808145,"fish_oil"
212,2000,5.65415646571147,"fish_oil"
213,2000,0,"fish_oil"
214,2000,0,"fish_oil"
215,2000,0,"fish_oil"
216,2000,359717.341868419,"fish_oil"
218,2000,2729,"fish_oil"
219,2000,0.709928973473507,"fish_oil"
220,2000,0,"fish_oil"
221,2000,0,"fish_oil"
222,2000,434049.249429496,"fish_oil"
223,2000,2021613.74839716,"fish_oil"
224,2000,5653671.20141869,"fish_oil"
227,2000,558.209643288352,"fish_oil"
228,2000,558.209643288352,"fish_oil"
231,2000,16.1833750332487,"fish_oil"
232,2000,0,"fish_oil"
237,2000,0,"fish_oil"
244,2000,0,"fish_oil"
245,2000,0,"fish_oil"
247,2000,5810.68626417842,"fish_oil"
248,2000,0,"fish_oil"
249,2000,0,"fish_oil"
250,2000,39.5865653088781,"fish_oil"
1,2001,0,"fish_oil"
2,2001,0,"fish_oil"
3,2001,0,"fish_oil"
4,2001,0.0793022262236345,"fish_oil"
5,2001,0,"fish_oil"
6,2001,2.69893691982935,"fish_oil"
7,2001,3.28049304792038,"fish_oil"
8,2001,1.84414027121684,"fish_oil"
9,2001,7.5312619757679,"fish_oil"
10,2001,0.582749723357437,"fish_oil"
11,2001,6.34361871551646,"fish_oil"
12,2001,0.00198929191042721,"fish_oil"
13,2001,0.000423092984465842,"fish_oil"
14,2001,76629.3163782684,"fish_oil"
15,2001,166.1,"fish_oil"
16,2001,10123.728199053,"fish_oil"
17,2001,4.72748113222139,"fish_oil"
18,2001,1.75015010158229,"fish_oil"
19,2001,2.51473051794172,"fish_oil"
20,2001,1258027.87640825,"fish_oil"
21,2001,1090.6418354999,"fish_oil"
24,2001,142424.807043527,"fish_oil"
25,2001,612720.022531258,"fish_oil"
26,2001,6717.13275005246,"fish_oil"
28,2001,0.221391451935,"fish_oil"
29,2001,0.0367836012,"fish_oil"
30,2001,0,"fish_oil"
31,2001,26,"fish_oil"
32,2001,0.210791626965,"fish_oil"
33,2001,0.135734346105276,"fish_oil"
34,2001,0.135734346105276,"fish_oil"
35,2001,0.135734346105276,"fish_oil"
36,2001,0.190253338162986,"fish_oil"
37,2001,1.679223658005,"fish_oil"
38,2001,255.409152348597,"fish_oil"
39,2001,5,"fish_oil"
40,2001,16290.1919014834,"fish_oil"
41,2001,0.01251122625,"fish_oil"
42,2001,2097.44025575445,"fish_oil"
43,2001,0.1,"fish_oil"
44,2001,24338.5425592343,"fish_oil"
45,2001,5.25027047157,"fish_oil"
46,2001,0.8279459091,"fish_oil"
47,2001,86.3632758971786,"fish_oil"
48,2001,0,"fish_oil"
49,2001,15.3735237184764,"fish_oil"
50,2001,44.1352326206555,"fish_oil"
51,2001,0,"fish_oil"
52,2001,0,"fish_oil"
53,2001,803692.016695553,"fish_oil"
54,2001,28,"fish_oil"
55,2001,3.768888911909,"fish_oil"
56,2001,12.7609165115488,"fish_oil"
57,2001,0.00103700383856607,"fish_oil"
58,2001,16.4334317047717,"fish_oil"
59,2001,294,"fish_oil"
60,2001,0,"fish_oil"
61,2001,12.6727839853341,"fish_oil"
62,2001,25814.5548811082,"fish_oil"
63,2001,42090.5118810099,"fish_oil"
64,2001,79513.3365713173,"fish_oil"
65,2001,12054.3638492897,"fish_oil"
66,2001,15926.8383256496,"fish_oil"
67,2001,16.0210981337906,"fish_oil"
68,2001,0,"fish_oil"
69,2001,17775.0781668542,"fish_oil"
70,2001,17793.2997897453,"fish_oil"
71,2001,0.274583805380516,"fish_oil"
72,2001,2.27712314199533,"fish_oil"
73,2001,282894.840910175,"fish_oil"
74,2001,7383.30098612591,"fish_oil"
75,2001,61365.0379531891,"fish_oil"
76,2001,146960.988760712,"fish_oil"
77,2001,0.0669035063666667,"fish_oil"
78,2001,0,"fish_oil"
79,2001,0,"fish_oil"
80,2001,106,"fish_oil"
81,2001,0.451332780466667,"fish_oil"
82,2001,0,"fish_oil"
84,2001,0.309501502340267,"fish_oil"
85,2001,0,"fish_oil"
86,2001,0,"fish_oil"
88,2001,0,"fish_oil"
89,2001,26252.6787813358,"fish_oil"
90,2001,6.58533421318465,"fish_oil"
91,2001,23.9514811449755,"fish_oil"
92,2001,1.65647956253046,"fish_oil"
93,2001,95.3429453245111,"fish_oil"
94,2001,4.77448110369989,"fish_oil"
95,2001,1336.18004648689,"fish_oil"
96,2001,2478.34367579779,"fish_oil"
97,2001,5222.9373975379,"fish_oil"
98,2001,10110.9048267105,"fish_oil"
99,2001,1580.3423975498,"fish_oil"
100,2001,1362.03987465487,"fish_oil"
101,2001,5079.38560294016,"fish_oil"
102,2001,507385.377442691,"fish_oil"
103,2001,22.5218150837233,"fish_oil"
104,2001,734.571716842179,"fish_oil"
105,2001,0,"fish_oil"
106,2001,1719.35755793639,"fish_oil"
107,2001,0.432523537011397,"fish_oil"
108,2001,0,"fish_oil"
110,2001,491.653838643,"fish_oil"
111,2001,0,"fish_oil"
112,2001,2129.5766587546,"fish_oil"
113,2001,185.782580478,"fish_oil"
114,2001,112.169173688,"fish_oil"
115,2001,2,"fish_oil"
116,2001,0,"fish_oil"
117,2001,0,"fish_oil"
118,2001,0,"fish_oil"
119,2001,0,"fish_oil"
120,2001,0,"fish_oil"
121,2001,0,"fish_oil"
122,2001,0,"fish_oil"
123,2001,0,"fish_oil"
124,2001,0,"fish_oil"
125,2001,0,"fish_oil"
126,2001,10.4516438015,"fish_oil"
127,2001,1,"fish_oil"
129,2001,157312.93725721,"fish_oil"
130,2001,5,"fish_oil"
131,2001,0,"fish_oil"
132,2001,36162.7100548821,"fish_oil"
133,2001,0,"fish_oil"
134,2001,7632.00911231474,"fish_oil"
135,2001,366365.358455066,"fish_oil"
136,2001,0.1,"fish_oil"
137,2001,212981.835554288,"fish_oil"
138,2001,11913240.1988621,"fish_oil"
139,2001,265.540653969895,"fish_oil"
140,2001,0,"fish_oil"
141,2001,462158.485687494,"fish_oil"
143,2001,1011514.1956507,"fish_oil"
144,2001,2197.11047760452,"fish_oil"
145,2001,37669.0813093553,"fish_oil"
146,2001,1.14623165658311,"fish_oil"
147,2001,0,"fish_oil"
148,2001,3.47762960815699,"fish_oil"
149,2001,0.00445834251920487,"fish_oil"
150,2001,0.00386877263671579,"fish_oil"
151,2001,0.00453677190757068,"fish_oil"
152,2001,0.00248425649136908,"fish_oil"
153,2001,0.016289312493298,"fish_oil"
154,2001,0.0150757641309254,"fish_oil"
155,2001,0.0492942821738064,"fish_oil"
156,2001,0.00627976780706754,"fish_oil"
157,2001,1.47979285680851,"fish_oil"
158,2001,0.00623797117164873,"fish_oil"
159,2001,0.465254702536848,"fish_oil"
161,2001,0.000583158343545106,"fish_oil"
162,2001,2861.41706206405,"fish_oil"
163,2001,427828.167458558,"fish_oil"
164,2001,0,"fish_oil"
166,2001,0,"fish_oil"
167,2001,0.0121678908016946,"fish_oil"
168,2001,3.06702795321644,"fish_oil"
169,2001,38.5663860848223,"fish_oil"
171,2001,63705.9259279818,"fish_oil"
172,2001,1112.33035232839,"fish_oil"
173,2001,1206.10215609658,"fish_oil"
174,2001,43845.5862719151,"fish_oil"
175,2001,77521.9228843103,"fish_oil"
176,2001,42709.4758062779,"fish_oil"
177,2001,11828,"fish_oil"
178,2001,69126.6312581592,"fish_oil"
179,2001,9657,"fish_oil"
180,2001,378183.642912411,"fish_oil"
181,2001,114591.514878949,"fish_oil"
182,2001,8537,"fish_oil"
183,2001,2166,"fish_oil"
184,2001,150,"fish_oil"
185,2001,0,"fish_oil"
186,2001,2,"fish_oil"
187,2001,15,"fish_oil"
188,2001,11,"fish_oil"
189,2001,5109.07904042961,"fish_oil"
190,2001,0,"fish_oil"
191,2001,54153.9359660269,"fish_oil"
192,2001,0,"fish_oil"
193,2001,38352.1373413762,"fish_oil"
194,2001,39591.8970831458,"fish_oil"
195,2001,22539.0115349887,"fish_oil"
196,2001,0,"fish_oil"
197,2001,6135.97733462413,"fish_oil"
198,2001,11020.2542784383,"fish_oil"
199,2001,5282.55710690778,"fish_oil"
200,2001,20436.4733960472,"fish_oil"
202,2001,53.877469734,"fish_oil"
203,2001,1323251.97887346,"fish_oil"
204,2001,19092.9876486104,"fish_oil"
205,2001,267073.622692839,"fish_oil"
206,2001,299872.819012748,"fish_oil"
207,2001,745789.462266359,"fish_oil"
208,2001,1357.39556591782,"fish_oil"
209,2001,11782655.2735706,"fish_oil"
210,2001,6175557.67444517,"fish_oil"
212,2001,3.55989997374343,"fish_oil"
213,2001,0,"fish_oil"
214,2001,0,"fish_oil"
215,2001,0,"fish_oil"
216,2001,427371.31023791,"fish_oil"
218,2001,2520,"fish_oil"
219,2001,0.421721497930147,"fish_oil"
220,2001,0,"fish_oil"
221,2001,0,"fish_oil"
222,2001,135765.969618661,"fish_oil"
223,2001,639815.135925546,"fish_oil"
224,2001,2618088.39056892,"fish_oil"
227,2001,687.450791257772,"fish_oil"
228,2001,687.450791257772,"fish_oil"
231,2001,5.71474220624148,"fish_oil"
232,2001,0,"fish_oil"
237,2001,0,"fish_oil"
244,2001,0,"fish_oil"
245,2001,0,"fish_oil"
247,2001,526.540465740734,"fish_oil"
248,2001,0,"fish_oil"
249,2001,0,"fish_oil"
250,2001,5.65038113091209,"fish_oil"
1,2002,0,"fish_oil"
2,2002,0,"fish_oil"
3,2002,0.0426757467551473,"fish_oil"
4,2002,0.072929218174302,"fish_oil"
5,2002,0,"fish_oil"
6,2002,5.97933483373306,"fish_oil"
7,2002,4.86167395734843,"fish_oil"
8,2002,2.23377384473751,"fish_oil"
9,2002,10.7390425682513,"fish_oil"
10,2002,0.837623578622431,"fish_oil"
11,2002,9.0158068570333,"fish_oil"
12,2002,0.00108129751408046,"fish_oil"
13,2002,0.000234440134482759,"fish_oil"
14,2002,50277.4985224749,"fish_oil"
15,2002,412,"fish_oil"
16,2002,13828.719063203,"fish_oil"
17,2002,7.11445177121256,"fish_oil"
18,2002,0.733654771158757,"fish_oil"
19,2002,3.55527673404707,"fish_oil"
20,2002,719725.380337579,"fish_oil"
21,2002,680.945518628848,"fish_oil"
24,2002,241727.167732807,"fish_oil"
25,2002,1046650.8022997,"fish_oil"
26,2002,9235.92792382523,"fish_oil"
28,2002,0.322117844545455,"fish_oil"
29,2002,0.0599911349090909,"fish_oil"
30,2002,0,"fish_oil"
31,2002,75,"fish_oil"
32,2002,0.275102105454545,"fish_oil"
33,2002,0.0937789023940517,"fish_oil"
34,2002,0.0937789023940517,"fish_oil"
35,2002,0.0937789023940517,"fish_oil"
36,2002,0.197861046939655,"fish_oil"
37,2002,2.95498453581818,"fish_oil"
38,2002,30.5814351358325,"fish_oil"
39,2002,20,"fish_oil"
40,2002,22325.9251357815,"fish_oil"
41,2002,0.0114897763636364,"fish_oil"
42,2002,2894.94954808036,"fish_oil"
43,2002,0,"fish_oil"
44,2002,33647.4790295765,"fish_oil"
45,2002,8.27375077218182,"fish_oil"
46,2002,1.17955817854545,"fish_oil"
47,2002,66.9126171575827,"fish_oil"
48,2002,47,"fish_oil"
49,2002,0,"fish_oil"
50,2002,6.55199560429633,"fish_oil"
51,2002,0,"fish_oil"
52,2002,0,"fish_oil"
53,2002,1074503.86484116,"fish_oil"
54,2002,44,"fish_oil"
55,2002,1.69804464659455,"fish_oil"
56,2002,11.4559954071909,"fish_oil"
57,2002,0.00170636854440839,"fish_oil"
58,2002,20.9102181939784,"fish_oil"
59,2002,808,"fish_oil"
60,2002,0,"fish_oil"
61,2002,12.187427443567,"fish_oil"
62,2002,26872.0471087425,"fish_oil"
63,2002,43629.8163312397,"fish_oil"
64,2002,88500.9598973243,"fish_oil"
65,2002,10734.355710589,"fish_oil"
66,2002,22347.4393842593,"fish_oil"
67,2002,14.2036668214081,"fish_oil"
68,2002,0,"fish_oil"
69,2002,17770.5091679944,"fish_oil"
70,2002,17545.0518622608,"fish_oil"
71,2002,0,"fish_oil"
72,2002,7.78437166000663,"fish_oil"
73,2002,1526808.15870803,"fish_oil"
74,2002,7571.36545250763,"fish_oil"
75,2002,237047.613949707,"fish_oil"
76,2002,153610.254463347,"fish_oil"
77,2002,0,"fish_oil"
78,2002,0,"fish_oil"
79,2002,0,"fish_oil"
80,2002,165.437171465558,"fish_oil"
81,2002,0.318502969728576,"fish_oil"
82,2002,0,"fish_oil"
84,2002,0.251354430918819,"fish_oil"
85,2002,0,"fish_oil"
86,2002,0,"fish_oil"
88,2002,0,"fish_oil"
89,2002,29366.4165606218,"fish_oil"
90,2002,0.547513851543217,"fish_oil"
91,2002,31.1859285179285,"fish_oil"
92,2002,2.11105175600862,"fish_oil"
93,2002,84.8377212643678,"fish_oil"
94,2002,4.5353891317566,"fish_oil"
95,2002,2500.56087328442,"fish_oil"
96,2002,1010.75863913695,"fish_oil"
97,2002,5964.55466270943,"fish_oil"
98,2002,11180.1243304906,"fish_oil"
99,2002,1882.86526224073,"fish_oil"
100,2002,3923.84455955457,"fish_oil"
101,2002,2303,"fish_oil"
102,2002,96530.5072220468,"fish_oil"
103,2002,62.3309336867798,"fish_oil"
104,2002,357.86158141102,"fish_oil"
105,2002,0,"fish_oil"
106,2002,1199.96406507346,"fish_oil"
107,2002,0.638851424843966,"fish_oil"
108,2002,0.4447608648,"fish_oil"
110,2002,685.1229782145,"fish_oil"
111,2002,0,"fish_oil"
112,2002,3545.8176269754,"fish_oil"
113,2002,258.53592476565,"fish_oil"
114,2002,155.96914064655,"fish_oil"
115,2002,2,"fish_oil"
116,2002,0,"fish_oil"
117,2002,0,"fish_oil"
118,2002,0,"fish_oil"
119,2002,0,"fish_oil"
120,2002,0,"fish_oil"
121,2002,0,"fish_oil"
122,2002,0,"fish_oil"
123,2002,0,"fish_oil"
124,2002,243.2469377625,"fish_oil"
125,2002,0,"fish_oil"
126,2002,19.440465177,"fish_oil"
127,2002,1,"fish_oil"
129,2002,242089.006913173,"fish_oil"
130,2002,6,"fish_oil"
131,2002,0,"fish_oil"
132,2002,64945.6909233541,"fish_oil"
133,2002,17,"fish_oil"
134,2002,13324.5115705412,"fish_oil"
135,2002,708729.389136133,"fish_oil"
136,2002,84,"fish_oil"
137,2002,108544.144463575,"fish_oil"
138,2002,21533241.1021759,"fish_oil"
139,2002,440.191285162181,"fish_oil"
140,2002,0,"fish_oil"
141,2002,466012.284275998,"fish_oil"
143,2002,1513861.98690536,"fish_oil"
144,2002,684.066806646135,"fish_oil"
145,2002,3147.04827645139,"fish_oil"
146,2002,27.6539659224199,"fish_oil"
147,2002,0,"fish_oil"
148,2002,2.96458318761891,"fish_oil"
149,2002,0.00379127041091954,"fish_oil"
150,2002,0.00172784437931034,"fish_oil"
151,2002,0.00928302956620143,"fish_oil"
152,2002,0.00243056483069074,"fish_oil"
153,2002,0.0827591891032655,"fish_oil"
154,2002,0.0118290600552248,"fish_oil"
155,2002,2.57379508050354,"fish_oil"
156,2002,0.0124485894586404,"fish_oil"
157,2002,1.64684226565105,"fish_oil"
158,2002,0.007306224175,"fish_oil"
159,2002,0.362194850399425,"fish_oil"
161,2002,0.000608471191546798,"fish_oil"
162,2002,2208,"fish_oil"
163,2002,569360.662439403,"fish_oil"
164,2002,0,"fish_oil"
166,2002,0,"fish_oil"
167,2002,0.015739614104234,"fish_oil"
168,2002,4.19618117448237,"fish_oil"
169,2002,68.5335566148283,"fish_oil"
171,2002,66384.9401452659,"fish_oil"
172,2002,1344.65113827722,"fish_oil"
173,2002,791.757944786378,"fish_oil"
174,2002,52652.2203385998,"fish_oil"
175,2002,103381.004350345,"fish_oil"
176,2002,35437.2345046842,"fish_oil"
177,2002,22751,"fish_oil"
178,2002,291206.136462117,"fish_oil"
179,2002,12208,"fish_oil"
180,2002,469432.134516645,"fish_oil"
181,2002,118140.041210618,"fish_oil"
182,2002,12399,"fish_oil"
183,2002,1333,"fish_oil"
184,2002,96,"fish_oil"
185,2002,0,"fish_oil"
186,2002,0,"fish_oil"
187,2002,20.732992390271,"fish_oil"
188,2002,15,"fish_oil"
189,2002,6692.58211337596,"fish_oil"
190,2002,0,"fish_oil"
191,2002,66153.8782547616,"fish_oil"
192,2002,0,"fish_oil"
193,2002,38422.6530635605,"fish_oil"
194,2002,35910.8550395475,"fish_oil"
195,2002,26198.0934199386,"fish_oil"
196,2002,0.000231413391223156,"fish_oil"
197,2002,9454.22763553695,"fish_oil"
198,2002,16942.9255017506,"fish_oil"
199,2002,7871.92835474194,"fish_oil"
200,2002,22159.0227868723,"fish_oil"
202,2002,4.10280058654545,"fish_oil"
203,2002,2290011.68580092,"fish_oil"
204,2002,29633.7272108951,"fish_oil"
205,2002,593363.84565968,"fish_oil"
206,2002,284992.55577268,"fish_oil"
207,2002,1458506.49283826,"fish_oil"
208,2002,1491,"fish_oil"
209,2002,6787481.29622291,"fish_oil"
210,2002,3561743.66199359,"fish_oil"
212,2002,5.07455145863912,"fish_oil"
213,2002,0,"fish_oil"
214,2002,0,"fish_oil"
215,2002,0,"fish_oil"
216,2002,772220.664417608,"fish_oil"
218,2002,3517,"fish_oil"
219,2002,0.551113531702499,"fish_oil"
220,2002,0,"fish_oil"
221,2002,0,"fish_oil"
222,2002,183850.999320619,"fish_oil"
223,2002,1008788.94445618,"fish_oil"
224,2002,4030062.34465725,"fish_oil"
227,2002,374.659456837987,"fish_oil"
228,2002,374.659456837987,"fish_oil"
231,2002,0,"fish_oil"
232,2002,0,"fish_oil"
237,2002,0,"fish_oil"
244,2002,0,"fish_oil"
245,2002,0,"fish_oil"
247,2002,447.955424675836,"fish_oil"
248,2002,0,"fish_oil"
249,2002,0,"fish_oil"
250,2002,4.31109972613046,"fish_oil"
1,2003,0,"fish_oil"
2,2003,0,"fish_oil"
3,2003,0.16127128173721,"fish_oil"
4,2003,0,"fish_oil"
5,2003,0,"fish_oil"
6,2003,85.4385623284199,"fish_oil"
7,2003,9.45494719986078,"fish_oil"
8,2003,29.6736533928116,"fish_oil"
9,2003,148.661143368126,"fish_oil"
10,2003,14.9717066483033,"fish_oil"
11,2003,103.494754607954,"fish_oil"
12,2003,0.00235734250410959,"fish_oil"
13,2003,0.00167690581753425,"fish_oil"
14,2003,43416.9371109957,"fish_oil"
15,2003,44077.7736331833,"fish_oil"
16,2003,19276.018743927,"fish_oil"
17,2003,242.265727234626,"fish_oil"
18,2003,72.7194377235477,"fish_oil"
19,2003,7.03932550917255,"fish_oil"
20,2003,876124.344098854,"fish_oil"
21,2003,8856.33125188927,"fish_oil"
24,2003,242318.99142868,"fish_oil"
25,2003,1134050.62342396,"fish_oil"
26,2003,8215.92486431502,"fish_oil"
28,2003,0.26717945475,"fish_oil"
29,2003,0.07695713385,"fish_oil"
30,2003,0,"fish_oil"
31,2003,3.95999459959667,"fish_oil"
32,2003,0.384015719006667,"fish_oil"
33,2003,0.145835316007562,"fish_oil"
34,2003,0.145835316007562,"fish_oil"
35,2003,0.145835316007562,"fish_oil"
36,2003,0.484749746542466,"fish_oil"
37,2003,6.03347030565,"fish_oil"
38,2003,0,"fish_oil"
39,2003,19,"fish_oil"
40,2003,19973.8876947604,"fish_oil"
41,2003,0.445750724696667,"fish_oil"
42,2003,5750.86242854937,"fish_oil"
43,2003,24,"fish_oil"
44,2003,69722.4983681562,"fish_oil"
45,2003,17.12109626101,"fish_oil"
46,2003,2.61037884621667,"fish_oil"
47,2003,2558.34554914833,"fish_oil"
48,2003,0,"fish_oil"
49,2003,0,"fish_oil"
50,2003,167.495567019846,"fish_oil"
51,2003,0,"fish_oil"
52,2003,0,"fish_oil"
53,2003,1043432.78188151,"fish_oil"
54,2003,428.570628727982,"fish_oil"
55,2003,10.5628481301648,"fish_oil"
56,2003,14.5233352876502,"fish_oil"
57,2003,0.00277004627664347,"fish_oil"
58,2003,102.206286354958,"fish_oil"
59,2003,2254.1,"fish_oil"
60,2003,0,"fish_oil"
61,2003,11.6077899949496,"fish_oil"
62,2003,44075.9853537153,"fish_oil"
63,2003,66906.6377627493,"fish_oil"
64,2003,103863.422575344,"fish_oil"
65,2003,24900.7907404823,"fish_oil"
66,2003,23468.948283001,"fish_oil"
67,2003,14.626959183731,"fish_oil"
68,2003,0,"fish_oil"
69,2003,37160.8229026884,"fish_oil"
70,2003,23012.6424080764,"fish_oil"
71,2003,0,"fish_oil"
72,2003,5.56348395465682,"fish_oil"
73,2003,1616631.35840835,"fish_oil"
74,2003,202586.92986171,"fish_oil"
75,2003,153209.520247813,"fish_oil"
76,2003,3873058.48673621,"fish_oil"
77,2003,0,"fish_oil"
78,2003,0,"fish_oil"
79,2003,5,"fish_oil"
80,2003,728.918729439712,"fish_oil"
81,2003,0,"fish_oil"
82,2003,0,"fish_oil"
84,2003,0.238923062712985,"fish_oil"
85,2003,0,"fish_oil"
86,2003,0,"fish_oil"
88,2003,0,"fish_oil"
89,2003,66270.8981083045,"fish_oil"
90,2003,0.476776912539715,"fish_oil"
91,2003,48.4385236109663,"fish_oil"
92,2003,10.904813419726,"fish_oil"
93,2003,387.442602739726,"fish_oil"
94,2003,12.1789733810397,"fish_oil"
95,2003,1452.95332005038,"fish_oil"
96,2003,1183.13102166448,"fish_oil"
97,2003,9344.03699410006,"fish_oil"
98,2003,16572.6434856049,"fish_oil"
99,2003,2236.49900207223,"fish_oil"
100,2003,1034.14619971607,"fish_oil"
101,2003,1787.33957419793,"fish_oil"
102,2003,143289.659651891,"fish_oil"
103,2003,28.9454504361589,"fish_oil"
104,2003,62.0851927904987,"fish_oil"
105,2003,0,"fish_oil"
106,2003,1504.75304598068,"fish_oil"
107,2003,0.541609000109589,"fish_oil"
108,2003,0,"fish_oil"
110,2003,517.276933994667,"fish_oil"
111,2003,0,"fish_oil"
112,2003,3975.40368715093,"fish_oil"
113,2003,195.382416859733,"fish_oil"
114,2003,130.977863645867,"fish_oil"
115,2003,0.2,"fish_oil"
116,2003,0,"fish_oil"
117,2003,0,"fish_oil"
118,2003,0,"fish_oil"
119,2003,0,"fish_oil"
120,2003,0,"fish_oil"
121,2003,0,"fish_oil"
122,2003,3.12090986666667,"fish_oil"
123,2003,0,"fish_oil"
124,2003,3,"fish_oil"
125,2003,0,"fish_oil"
126,2003,29.6676387413333,"fish_oil"
127,2003,1,"fish_oil"
129,2003,355011.115304152,"fish_oil"
130,2003,2.43006612363718,"fish_oil"
131,2003,0,"fish_oil"
132,2003,44400.9434319385,"fish_oil"
133,2003,28,"fish_oil"
134,2003,23551.7906187728,"fish_oil"
135,2003,1052536.99028114,"fish_oil"
136,2003,43.3573935409686,"fish_oil"
137,2003,73999.4393036371,"fish_oil"
138,2003,12105024.6677565,"fish_oil"
139,2003,357.436900948993,"fish_oil"
140,2003,0,"fish_oil"
141,2003,1340800.31458708,"fish_oil"
143,2003,1639036.42062583,"fish_oil"
144,2003,51456.6353083931,"fish_oil"
145,2003,8379.13521884966,"fish_oil"
146,2003,655.110768520863,"fish_oil"
147,2003,0,"fish_oil"
148,2003,533.888349464391,"fish_oil"
149,2003,0.00474479861917808,"fish_oil"
150,2003,0.00552323270684932,"fish_oil"
151,2003,2.1413703459141,"fish_oil"
152,2003,1.31465698793373,"fish_oil"
153,2003,10.8436273026089,"fish_oil"
154,2003,1.11789958234197,"fish_oil"
155,2003,153.216049036773,"fish_oil"
156,2003,2.16291437050152,"fish_oil"
157,2003,185.704744453287,"fish_oil"
158,2003,0.0309589848328767,"fish_oil"
159,2003,3.50424742027397,"fish_oil"
161,2003,0.15065809963999,"fish_oil"
162,2003,2857,"fish_oil"
163,2003,478989.214699137,"fish_oil"
164,2003,0,"fish_oil"
166,2003,0,"fish_oil"
167,2003,3.23082925189687,"fish_oil"
168,2003,5.64065184991707,"fish_oil"
169,2003,70.2577195385445,"fish_oil"
171,2003,54825.4699092195,"fish_oil"
172,2003,1181.42679032723,"fish_oil"
173,2003,1342.75826536139,"fish_oil"
174,2003,74621.7151221589,"fish_oil"
175,2003,123779.123235331,"fish_oil"
176,2003,24429.9070900279,"fish_oil"
177,2003,26080,"fish_oil"
178,2003,239704.198985962,"fish_oil"
179,2003,15673,"fish_oil"
180,2003,725952.807447041,"fish_oil"
181,2003,484774.041337772,"fish_oil"
182,2003,10013,"fish_oil"
183,2003,1396,"fish_oil"
184,2003,186,"fish_oil"
185,2003,0,"fish_oil"
186,2003,0,"fish_oil"
187,2003,121.579071064113,"fish_oil"
188,2003,12,"fish_oil"
189,2003,14701.4839521429,"fish_oil"
190,2003,0,"fish_oil"
191,2003,62692.5073813329,"fish_oil"
192,2003,0,"fish_oil"
193,2003,47320.0990909214,"fish_oil"
194,2003,41859.7574334187,"fish_oil"
195,2003,36286.3447997305,"fish_oil"
196,2003,0,"fish_oil"
197,2003,1698.55818372758,"fish_oil"
198,2003,2588.06862164405,"fish_oil"
199,2003,1277.37383343946,"fish_oil"
200,2003,3639.57071729496,"fish_oil"
202,2003,0,"fish_oil"
203,2003,2194648.23450231,"fish_oil"
204,2003,28787.0581481972,"fish_oil"
205,2003,780674.763011151,"fish_oil"
206,2003,1193595.77803174,"fish_oil"
207,2003,2141976.41601541,"fish_oil"
208,2003,2577,"fish_oil"
209,2003,6235222.96543341,"fish_oil"
210,2003,4737011.0816155,"fish_oil"
212,2003,59.6003754085412,"fish_oil"
213,2003,0,"fish_oil"
214,2003,0,"fish_oil"
215,2003,0,"fish_oil"
216,2003,806067.719598144,"fish_oil"
218,2003,3802,"fish_oil"
219,2003,0.534855003212196,"fish_oil"
220,2003,0,"fish_oil"
221,2003,0,"fish_oil"
222,2003,230448.647485557,"fish_oil"
223,2003,1700914.77481991,"fish_oil"
224,2003,3661697.84956179,"fish_oil"
227,2003,775.769362873834,"fish_oil"
228,2003,775.769362873834,"fish_oil"
231,2003,0,"fish_oil"
232,2003,0,"fish_oil"
237,2003,0,"fish_oil"
244,2003,0.529217030509589,"fish_oil"
245,2003,0.538807323835616,"fish_oil"
247,2003,1844.11829934136,"fish_oil"
248,2003,0,"fish_oil"
249,2003,0,"fish_oil"
250,2003,15.8055943845753,"fish_oil"
1,2004,0,"fish_oil"
2,2004,0,"fish_oil"
3,2004,0.834947209592758,"fish_oil"
4,2004,0.8698781040701,"fish_oil"
5,2004,0.714284277449483,"fish_oil"
6,2004,49.9757884618783,"fish_oil"
7,2004,73.2004083449454,"fish_oil"
8,2004,18.2449673283622,"fish_oil"
9,2004,92.4320227395289,"fish_oil"
10,2004,9.62538844402014,"fish_oil"
11,2004,62.453233643158,"fish_oil"
12,2004,0.0285784680711695,"fish_oil"
13,2004,0,"fish_oil"
14,2004,52018.7280078255,"fish_oil"
15,2004,10833.6493539761,"fish_oil"
16,2004,35902.2088251669,"fish_oil"
17,2004,163.902845621649,"fish_oil"
18,2004,50.3658016742946,"fish_oil"
19,2004,1.75969211576626,"fish_oil"
20,2004,808170.757117492,"fish_oil"
21,2004,79613.3344293268,"fish_oil"
24,2004,221159.733259255,"fish_oil"
25,2004,1076880.42955302,"fish_oil"
26,2004,7547.34781390389,"fish_oil"
28,2004,0.373890805997417,"fish_oil"
29,2004,0.103689048958363,"fish_oil"
30,2004,0,"fish_oil"
31,2004,51.4994470274522,"fish_oil"
32,2004,0.543752715297073,"fish_oil"
33,2004,2.4264287237372,"fish_oil"
34,2004,2.4264287237372,"fish_oil"
35,2004,2.4264287237372,"fish_oil"
36,2004,5.07969448694883,"fish_oil"
37,2004,9.22494800408877,"fish_oil"
38,2004,1.3399995091213,"fish_oil"
39,2004,48.5899873272125,"fish_oil"
40,2004,22041.0560271743,"fish_oil"
41,2004,49.6366572969848,"fish_oil"
42,2004,9451.92039917131,"fish_oil"
43,2004,0,"fish_oil"
44,2004,116411.944033806,"fish_oil"
45,2004,31.782698200447,"fish_oil"
46,2004,4.68691378719227,"fish_oil"
47,2004,97.075859181918,"fish_oil"
48,2004,3.23092321402913,"fish_oil"
49,2004,0,"fish_oil"
50,2004,151,"fish_oil"
51,2004,0,"fish_oil"
52,2004,0,"fish_oil"
53,2004,1044768.38710847,"fish_oil"
54,2004,96,"fish_oil"
55,2004,3.97650662667431,"fish_oil"
56,2004,10.0192511607245,"fish_oil"
57,2004,0.0105891448461374,"fish_oil"
58,2004,24.1552625716439,"fish_oil"
59,2004,11727,"fish_oil"
60,2004,0,"fish_oil"
61,2004,12.4249075418203,"fish_oil"
62,2004,26104.7276072797,"fish_oil"
63,2004,43782.2063867462,"fish_oil"
64,2004,94356.4241324873,"fish_oil"
65,2004,10792.3584192444,"fish_oil"
66,2004,10312.0419283696,"fish_oil"
67,2004,13.5080869553412,"fish_oil"
68,2004,0,"fish_oil"
69,2004,25249.9094389968,"fish_oil"
70,2004,18231.7164637441,"fish_oil"
71,2004,0,"fish_oil"
72,2004,2595,"fish_oil"
73,2004,1100318.67452428,"fish_oil"
74,2004,6286.273715594,"fish_oil"
75,2004,130574.803133082,"fish_oil"
76,2004,140343.044726989,"fish_oil"
77,2004,0,"fish_oil"
78,2004,0,"fish_oil"
79,2004,0,"fish_oil"
80,2004,198.24149440792,"fish_oil"
81,2004,0,"fish_oil"
82,2004,0,"fish_oil"
84,2004,0.17212838796147,"fish_oil"
85,2004,0,"fish_oil"
86,2004,0,"fish_oil"
88,2004,0,"fish_oil"
89,2004,124923.97178653,"fish_oil"
90,2004,0.240988098008407,"fish_oil"
91,2004,636.257126774098,"fish_oil"
92,2004,173.32483739277,"fish_oil"
93,2004,4794.56122664631,"fish_oil"
94,2004,6.21595025669359,"fish_oil"
95,2004,1847.85447989007,"fish_oil"
96,2004,890.286382592742,"fish_oil"
97,2004,8338.24737627017,"fish_oil"
98,2004,14516.060466143,"fish_oil"
99,2004,1464.96817138286,"fish_oil"
100,2004,825.946100999068,"fish_oil"
101,2004,2043.74212024496,"fish_oil"
102,2004,119562.659576714,"fish_oil"
103,2004,30.4846135329544,"fish_oil"
104,2004,37.6824539827753,"fish_oil"
105,2004,0.00571486340403515,"fish_oil"
106,2004,1022.90389685046,"fish_oil"
107,2004,9.69348633954879,"fish_oil"
108,2004,0,"fish_oil"
110,2004,21.95351446,"fish_oil"
111,2004,0,"fish_oil"
112,2004,373.0045532567,"fish_oil"
113,2004,8.3031671584,"fish_oil"
114,2004,5.3939590447,"fish_oil"
115,2004,0,"fish_oil"
116,2004,0,"fish_oil"
117,2004,0,"fish_oil"
118,2004,0,"fish_oil"
119,2004,0,"fish_oil"
120,2004,0,"fish_oil"
121,2004,0,"fish_oil"
122,2004,0.09022061,"fish_oil"
123,2004,0,"fish_oil"
124,2004,0,"fish_oil"
125,2004,0,"fish_oil"
126,2004,2.2113951,"fish_oil"
127,2004,0.2,"fish_oil"
129,2004,100771.72193705,"fish_oil"
130,2004,2,"fish_oil"
131,2004,0,"fish_oil"
132,2004,92622.0098093439,"fish_oil"
133,2004,33,"fish_oil"
134,2004,6750.49312660885,"fish_oil"
135,2004,307804.427209691,"fish_oil"
136,2004,36,"fish_oil"
137,2004,145931.088976112,"fish_oil"
138,2004,49323397.2710587,"fish_oil"
139,2004,1250.3834133371,"fish_oil"
140,2004,0,"fish_oil"
141,2004,743603.943397763,"fish_oil"
143,2004,1229160.68777015,"fish_oil"
144,2004,23243.3871797517,"fish_oil"
145,2004,714.679035812666,"fish_oil"
146,2004,0.522442740786925,"fish_oil"
147,2004,0,"fish_oil"
148,2004,719.880632706196,"fish_oil"
149,2004,0,"fish_oil"
150,2004,0,"fish_oil"
151,2004,2.49483201029537,"fish_oil"
152,2004,1.53524920444853,"fish_oil"
153,2004,740.011626839459,"fish_oil"
154,2004,1.23030320782313,"fish_oil"
155,2004,171.054978661053,"fish_oil"
156,2004,2.53027223314508,"fish_oil"
157,2004,248.231351614744,"fish_oil"
158,2004,0,"fish_oil"
159,2004,41.5555787682505,"fish_oil"
161,2004,0.175667760338476,"fish_oil"
162,2004,3067.769079107,"fish_oil"
163,2004,543403.283520745,"fish_oil"
164,2004,0,"fish_oil"
166,2004,0,"fish_oil"
167,2004,0.0668138668204065,"fish_oil"
168,2004,7.7389208401652,"fish_oil"
169,2004,158.343518500248,"fish_oil"
171,2004,252670.648991689,"fish_oil"
172,2004,3474.90843193606,"fish_oil"
173,2004,10426.8457364162,"fish_oil"
174,2004,55779.4978113914,"fish_oil"
175,2004,88966.5390563319,"fish_oil"
176,2004,32685.9944987956,"fish_oil"
177,2004,33487,"fish_oil"
178,2004,228620.208157525,"fish_oil"
179,2004,15669,"fish_oil"
180,2004,643376.877746367,"fish_oil"
181,2004,254989.903089042,"fish_oil"
182,2004,6917,"fish_oil"
183,2004,1246,"fish_oil"
184,2004,163,"fish_oil"
185,2004,0,"fish_oil"
186,2004,20,"fish_oil"
187,2004,29.5549383498804,"fish_oil"
188,2004,12,"fish_oil"
189,2004,8861.02584059526,"fish_oil"
190,2004,0,"fish_oil"
191,2004,66220.0816514975,"fish_oil"
192,2004,0,"fish_oil"
193,2004,34482.237496058,"fish_oil"
194,2004,30001.1185640857,"fish_oil"
195,2004,29597.585912993,"fish_oil"
196,2004,0,"fish_oil"
197,2004,1055.51408574542,"fish_oil"
198,2004,1521.99843997955,"fish_oil"
199,2004,722.696032165217,"fish_oil"
200,2004,2303.45488705014,"fish_oil"
202,2004,17.5390247152004,"fish_oil"
203,2004,1968539.44498127,"fish_oil"
204,2004,31656.6982595753,"fish_oil"
205,2004,980790.462904262,"fish_oil"
206,2004,13508634.0002694,"fish_oil"
207,2004,1918053.30209172,"fish_oil"
208,2004,3321,"fish_oil"
209,2004,5268591.29543813,"fish_oil"
210,2004,4055971.15848506,"fish_oil"
212,2004,36.658437431758,"fish_oil"
213,2004,0,"fish_oil"
214,2004,0,"fish_oil"
215,2004,0,"fish_oil"
216,2004,837083.728344274,"fish_oil"
218,2004,8564,"fish_oil"
219,2004,0.708165072361416,"fish_oil"
220,2004,0,"fish_oil"
221,2004,0,"fish_oil"
222,2004,174421.965032743,"fish_oil"
223,2004,1101541.28132447,"fish_oil"
224,2004,12403202.9929152,"fish_oil"
227,2004,84.7771679226333,"fish_oil"
228,2004,84.7771679226333,"fish_oil"
231,2004,0.914346381183663,"fish_oil"
232,2004,0,"fish_oil"
237,2004,0,"fish_oil"
244,2004,1.89758773342153,"fish_oil"
245,2004,1.92421959293055,"fish_oil"
247,2004,22985.0023514495,"fish_oil"
248,2004,0,"fish_oil"
249,2004,0,"fish_oil"
250,2004,106.790646331298,"fish_oil"
1,2005,0,"fish_oil"
2,2005,0,"fish_oil"
3,2005,0.164955190222734,"fish_oil"
4,2005,0.120997090827972,"fish_oil"
5,2005,0,"fish_oil"
6,2005,73.4654991554039,"fish_oil"
7,2005,131.074142572805,"fish_oil"
8,2005,32.3589453754945,"fish_oil"
9,2005,163.672372258468,"fish_oil"
10,2005,17.0894162030034,"fish_oil"
11,2005,111.650313266436,"fish_oil"
12,2005,0.0026440668,"fish_oil"
13,2005,5.65302e-05,"fish_oil"
14,2005,52807.0723963034,"fish_oil"
15,2005,22,"fish_oil"
16,2005,6670.0594858203,"fish_oil"
17,2005,292.370580162509,"fish_oil"
18,2005,90.0550468602965,"fish_oil"
19,2005,2.89226363165912,"fish_oil"
20,2005,1053477.97142797,"fish_oil"
21,2005,113216.320125791,"fish_oil"
24,2005,234036.257371714,"fish_oil"
25,2005,1095616.1672058,"fish_oil"
26,2005,8657.72445039573,"fish_oil"
28,2005,0.526338624196207,"fish_oil"
29,2005,0.179725731220456,"fish_oil"
30,2005,0,"fish_oil"
31,2005,85.0398576858486,"fish_oil"
32,2005,0.748421275766038,"fish_oil"
33,2005,0.23222124396,"fish_oil"
34,2005,0.23222124396,"fish_oil"
35,2005,0.23222124396,"fish_oil"
36,2005,0.5033641878,"fish_oil"
37,2005,15.432611984238,"fish_oil"
38,2005,2.76582506507184,"fish_oil"
39,2005,66.9559595862319,"fish_oil"
40,2005,26222.8113555991,"fish_oil"
41,2005,85.8557035014817,"fish_oil"
42,2005,13387.1322122952,"fish_oil"
43,2005,0,"fish_oil"
44,2005,135850.064985322,"fish_oil"
45,2005,39.0953599855846,"fish_oil"
46,2005,8.97892267889455,"fish_oil"
47,2005,1166.59728659895,"fish_oil"
48,2005,48.1005839056462,"fish_oil"
49,2005,0,"fish_oil"
50,2005,122.499254486139,"fish_oil"
51,2005,0,"fish_oil"
52,2005,0,"fish_oil"
53,2005,983508.512295556,"fish_oil"
54,2005,156.000060967719,"fish_oil"
55,2005,1.78933804589392,"fish_oil"
56,2005,10.1465710133002,"fish_oil"
57,2005,0.000619519318559367,"fish_oil"
58,2005,56.3694354675604,"fish_oil"
59,2005,18654,"fish_oil"
60,2005,0,"fish_oil"
61,2005,14.7036385074895,"fish_oil"
62,2005,64867.8691765655,"fish_oil"
63,2005,93362.1681369349,"fish_oil"
64,2005,106802.186933657,"fish_oil"
65,2005,5652.73963584508,"fish_oil"
66,2005,34316.5495314869,"fish_oil"
67,2005,14.1377497643907,"fish_oil"
68,2005,9,"fish_oil"
69,2005,324922.868283363,"fish_oil"
70,2005,252313.909328264,"fish_oil"
71,2005,0,"fish_oil"
72,2005,3713,"fish_oil"
73,2005,1446678.12351229,"fish_oil"
74,2005,100865.245308791,"fish_oil"
75,2005,208979.290156847,"fish_oil"
76,2005,959277.231290706,"fish_oil"
77,2005,0,"fish_oil"
78,2005,0,"fish_oil"
79,2005,0,"fish_oil"
80,2005,333.848349522331,"fish_oil"
81,2005,0,"fish_oil"
82,2005,0,"fish_oil"
84,2005,3.41691273152332,"fish_oil"
85,2005,0,"fish_oil"
86,2005,0,"fish_oil"
88,2005,0,"fish_oil"
89,2005,223592.696339615,"fish_oil"
90,2005,0.223877928182136,"fish_oil"
91,2005,40.3874353542,"fish_oil"
92,2005,19.368190452,"fish_oil"
93,2005,401.841,"fish_oil"
94,2005,16.1640775007814,"fish_oil"
95,2005,5585.80563755457,"fish_oil"
96,2005,1004.16335782036,"fish_oil"
97,2005,10790.6146318862,"fish_oil"
98,2005,15794.0948144082,"fish_oil"
99,2005,1378.33498468882,"fish_oil"
100,2005,2302.07274547427,"fish_oil"
101,2005,1945.3196985863,"fish_oil"
102,2005,132223.932944525,"fish_oil"
103,2005,94.3740026451838,"fish_oil"
104,2005,1366.51409798503,"fish_oil"
105,2005,0.0586570075038014,"fish_oil"
106,2005,1371.19836231727,"fish_oil"
107,2005,18.162419226,"fish_oil"
108,2005,0,"fish_oil"
110,2005,94.4207420433333,"fish_oil"
111,2005,0,"fish_oil"
112,2005,1748.333985281,"fish_oil"
113,2005,35.8502451233333,"fish_oil"
114,2005,29.642207985,"fish_oil"
115,2005,0.1,"fish_oil"
116,2005,0,"fish_oil"
117,2005,0,"fish_oil"
118,2005,0,"fish_oil"
119,2005,0,"fish_oil"
120,2005,0,"fish_oil"
121,2005,0,"fish_oil"
122,2005,1.8836584,"fish_oil"
123,2005,0,"fish_oil"
124,2005,1,"fish_oil"
125,2005,0,"fish_oil"
126,2005,13.8151472909667,"fish_oil"
127,2005,2,"fish_oil"
129,2005,1084965.31190366,"fish_oil"
130,2005,12.5422831804454,"fish_oil"
131,2005,0,"fish_oil"
132,2005,84282.1805237847,"fish_oil"
133,2005,5,"fish_oil"
134,2005,64483.4987734917,"fish_oil"
135,2005,4095655.52792726,"fish_oil"
136,2005,144.706767373324,"fish_oil"
137,2005,272814.705064084,"fish_oil"
138,2005,38384765.5711692,"fish_oil"
139,2005,1755.98860114142,"fish_oil"
140,2005,0,"fish_oil"
141,2005,9207365.35692471,"fish_oil"
143,2005,13491765.5724599,"fish_oil"
144,2005,3907.52225975321,"fish_oil"
145,2005,3868.98085549622,"fish_oil"
146,2005,1.36560440332363e-05,"fish_oil"
147,2005,0,"fish_oil"
148,2005,813.370787024092,"fish_oil"
149,2005,0.0015187098,"fish_oil"
150,2005,0.0006187776,"fish_oil"
151,2005,3.60400423674039,"fish_oil"
152,2005,2.21688250099453,"fish_oil"
153,2005,744.515774940945,"fish_oil"
154,2005,1.77464131531847,"fish_oil"
155,2005,174.519947702472,"fish_oil"
156,2005,3.6581838741002,"fish_oil"
157,2005,281.467052351859,"fish_oil"
158,2005,0.0039246222,"fish_oil"
159,2005,18.430756905,"fish_oil"
161,2005,0.254047495676337,"fish_oil"
162,2005,2784,"fish_oil"
163,2005,945664.484109895,"fish_oil"
164,2005,0,"fish_oil"
166,2005,0,"fish_oil"
167,2005,0.0266775712372534,"fish_oil"
168,2005,12.9860427574252,"fish_oil"
169,2005,117.957038268376,"fish_oil"
171,2005,159367.167266121,"fish_oil"
172,2005,2877.85144304341,"fish_oil"
173,2005,36484.1254628579,"fish_oil"
174,2005,696821.503570701,"fish_oil"
175,2005,1315000.36242425,"fish_oil"
176,2005,26284.0164775247,"fish_oil"
177,2005,29073,"fish_oil"
178,2005,232451.317953751,"fish_oil"
179,2005,15158,"fish_oil"
180,2005,8709312.01141213,"fish_oil"
181,2005,7637540.10299912,"fish_oil"
182,2005,8174,"fish_oil"
183,2005,1631,"fish_oil"
184,2005,152,"fish_oil"
185,2005,0,"fish_oil"
186,2005,0,"fish_oil"
187,2005,72.7483717290534,"fish_oil"
188,2005,17,"fish_oil"
189,2005,102231.451111944,"fish_oil"
190,2005,0,"fish_oil"
191,2005,68317.5836071325,"fish_oil"
192,2005,0,"fish_oil"
193,2005,35506.0468894888,"fish_oil"
194,2005,31037.0786462671,"fish_oil"
195,2005,29568.2265878186,"fish_oil"
196,2005,0.00152709746887967,"fish_oil"
197,2005,1981.33457523106,"fish_oil"
198,2005,3427.11546686524,"fish_oil"
199,2005,1524.54527167039,"fish_oil"
200,2005,25344.3458894073,"fish_oil"
202,2005,28.5315853227855,"fish_oil"
203,2005,2098352.57809189,"fish_oil"
204,2005,35418.1147485039,"fish_oil"
205,2005,1104858.14642212,"fish_oil"
206,2005,1260289.19286074,"fish_oil"
207,2005,2176097.59768621,"fish_oil"
208,2005,4560,"fish_oil"
209,2005,6178540.88056383,"fish_oil"
210,2005,4814106.96581605,"fish_oil"
212,2005,65.2187584222763,"fish_oil"
213,2005,0,"fish_oil"
214,2005,0,"fish_oil"
215,2005,0,"fish_oil"
216,2005,818948.829571932,"fish_oil"
218,2005,13111,"fish_oil"
219,2005,1.44698044085653,"fish_oil"
220,2005,0,"fish_oil"
221,2005,0,"fish_oil"
222,2005,2332799.84448608,"fish_oil"
223,2005,9107352.45219215,"fish_oil"
224,2005,8309721.23537814,"fish_oil"
227,2005,1708.38482211595,"fish_oil"
228,2005,1708.38482211595,"fish_oil"
231,2005,1.77035255219363,"fish_oil"
232,2005,0,"fish_oil"
237,2005,0,"fish_oil"
244,2005,0.8040348,"fish_oil"
245,2005,0.8192028,"fish_oil"
247,2005,2553.6554242614,"fish_oil"
248,2005,0,"fish_oil"
249,2005,0,"fish_oil"
250,2005,10.4847421314,"fish_oil"
1,2006,0,"fish_oil"
2,2006,0,"fish_oil"
3,2006,0,"fish_oil"
4,2006,0.662417898984757,"fish_oil"
5,2006,0,"fish_oil"
6,2006,196.300262641173,"fish_oil"
7,2006,412.781057023146,"fish_oil"
8,2006,103.45027560088,"fish_oil"
9,2006,520.058605530592,"fish_oil"
10,2006,54.3885654171004,"fish_oil"
11,2006,351.276916493759,"fish_oil"
12,2006,0.00218400793142857,"fish_oil"
13,2006,5.97320171428571e-05,"fish_oil"
14,2006,52215.3170751141,"fish_oil"
15,2006,8279.45888010544,"fish_oil"
16,2006,29155.4614109531,"fish_oil"
17,2006,930.76270782223,"fish_oil"
18,2006,287.303183880345,"fish_oil"
19,2006,4.57649548691715,"fish_oil"
20,2006,891890.271281352,"fish_oil"
21,2006,89260.5251379468,"fish_oil"
24,2006,153289.682960524,"fish_oil"
25,2006,704658.49593378,"fish_oil"
26,2006,6352.49476143525,"fish_oil"
28,2006,0.256413240571875,"fish_oil"
29,2006,0.0715995331875,"fish_oil"
30,2006,0,"fish_oil"
31,2006,507.866844915509,"fish_oil"
32,2006,0.266204463689062,"fish_oil"
33,2006,0.253890140737714,"fish_oil"
34,2006,0.253890140737714,"fish_oil"
35,2006,0.253890140737714,"fish_oil"
36,2006,0.685893894142857,"fish_oil"
37,2006,7.05560015520156,"fish_oil"
38,2006,5.40420371304286,"fish_oil"
39,2006,1414.36390870771,"fish_oil"
40,2006,23916.2971420937,"fish_oil"
41,2006,525.0882629084,"fish_oil"
42,2006,3019.17459358272,"fish_oil"
43,2006,0,"fish_oil"
44,2006,22227.3611355745,"fish_oil"
45,2006,661.644961764963,"fish_oil"
46,2006,1.8473341346875,"fish_oil"
47,2006,1160.13339091912,"fish_oil"
48,2006,738.480343735878,"fish_oil"
49,2006,0,"fish_oil"
50,2006,709.917938223111,"fish_oil"
51,2006,0,"fish_oil"
52,2006,0,"fish_oil"
53,2006,753399.139146968,"fish_oil"
54,2006,130,"fish_oil"
55,2006,0.478263129520673,"fish_oil"
56,2006,20.5850822760575,"fish_oil"
57,2006,0.000208688448558312,"fish_oil"
58,2006,33.642453775933,"fish_oil"
59,2006,21795,"fish_oil"
60,2006,0,"fish_oil"
61,2006,18.2424227413094,"fish_oil"
62,2006,76031.3754682231,"fish_oil"
63,2006,108483.441078951,"fish_oil"
64,2006,146744.751043221,"fish_oil"
65,2006,2411.13215120177,"fish_oil"
66,2006,33615.595923355,"fish_oil"
67,2006,16.1637871648523,"fish_oil"
68,2006,0,"fish_oil"
69,2006,597765.222599954,"fish_oil"
70,2006,380011.333235637,"fish_oil"
71,2006,0,"fish_oil"
72,2006,11575,"fish_oil"
73,2006,485909.16847496,"fish_oil"
74,2006,48006.1467015522,"fish_oil"
75,2006,46817.0189500707,"fish_oil"
76,2006,780153.017946943,"fish_oil"
77,2006,0,"fish_oil"
78,2006,0,"fish_oil"
79,2006,37,"fish_oil"
80,2006,162.072153528849,"fish_oil"
81,2006,0,"fish_oil"
82,2006,0,"fish_oil"
84,2006,4.80986593327314,"fish_oil"
85,2006,0,"fish_oil"
86,2006,0,"fish_oil"
88,2006,0,"fish_oil"
89,2006,34742.7824657617,"fish_oil"
90,2006,0.0842955724268248,"fish_oil"
91,2006,43.4443774180634,"fish_oil"
92,2006,13.1619697551429,"fish_oil"
93,2006,313.967657142857,"fish_oil"
94,2006,12.2225475461536,"fish_oil"
95,2006,17130.0670630447,"fish_oil"
96,2006,1776.85686699452,"fish_oil"
97,2006,21029.9066839412,"fish_oil"
98,2006,26581.9085015616,"fish_oil"
99,2006,2079.88796313016,"fish_oil"
100,2006,1060.64462415098,"fish_oil"
101,2006,1727.74095327871,"fish_oil"
102,2006,61481.3911574924,"fish_oil"
103,2006,5.30786302798,"fish_oil"
104,2006,511.31647594814,"fish_oil"
105,2006,0.246103170660197,"fish_oil"
106,2006,1794.14336583162,"fish_oil"
107,2006,4.41807811392571,"fish_oil"
108,2006,0,"fish_oil"
110,2006,191.5660765315,"fish_oil"
111,2006,0,"fish_oil"
112,2006,2132.8321992417,"fish_oil"
113,2006,261.6622795765,"fish_oil"
114,2006,43.7515738385,"fish_oil"
115,2006,0.1,"fish_oil"
116,2006,0,"fish_oil"
117,2006,0,"fish_oil"
118,2006,0.9242466145,"fish_oil"
119,2006,0,"fish_oil"
120,2006,0,"fish_oil"
121,2006,0,"fish_oil"
122,2006,0,"fish_oil"
123,2006,0,"fish_oil"
124,2006,1,"fish_oil"
125,2006,0,"fish_oil"
126,2006,10.440684166,"fish_oil"
127,2006,0.2147474186,"fish_oil"
129,2006,426747.246589556,"fish_oil"
130,2006,4.48726166745579,"fish_oil"
131,2006,0,"fish_oil"
132,2006,149157.382554956,"fish_oil"
133,2006,181,"fish_oil"
134,2006,23236.2012814389,"fish_oil"
135,2006,1996188.2452487,"fish_oil"
136,2006,100.975958337279,"fish_oil"
137,2006,398899.440696902,"fish_oil"
138,2006,45760734.9356483,"fish_oil"
139,2006,873.87909746827,"fish_oil"
140,2006,0,"fish_oil"
141,2006,16703795.5545429,"fish_oil"
143,2006,7232763.84553946,"fish_oil"
144,2006,42.517099763273,"fish_oil"
145,2006,57317.9356110524,"fish_oil"
146,2006,5.02569890753736,"fish_oil"
147,2006,0,"fish_oil"
148,2006,1431.28381173617,"fish_oil"
149,2006,0.00193036799428571,"fish_oil"
150,2006,0.000534655171428571,"fish_oil"
151,2006,6.64365738456756,"fish_oil"
152,2006,4.08638770440887,"fish_oil"
153,2006,1436.05573647817,"fish_oil"
154,2006,3.27207741068828,"fish_oil"
155,2006,6.8106818105132,"fish_oil"
156,2006,6.71916542846527,"fish_oil"
157,2006,498.814994990281,"fish_oil"
158,2006,0.00149752432228571,"fish_oil"
159,2006,7.39394086646286,"fish_oil"
161,2006,0.468154955029668,"fish_oil"
162,2006,3367,"fish_oil"
163,2006,1562053.061217,"fish_oil"
164,2006,0,"fish_oil"
166,2006,0,"fish_oil"
167,2006,0.235191031883018,"fish_oil"
168,2006,10.0756260302568,"fish_oil"
169,2006,145.626923196148,"fish_oil"
171,2006,347063.664460392,"fish_oil"
172,2006,5409.52882685402,"fish_oil"
173,2006,78756.5622650332,"fish_oil"
174,2006,1317013.46446145,"fish_oil"
175,2006,1949385.67081088,"fish_oil"
176,2006,44145.1486886153,"fish_oil"
177,2006,39332,"fish_oil"
178,2006,88156.4519048502,"fish_oil"
179,2006,19472,"fish_oil"
180,2006,16773673.3070902,"fish_oil"
181,2006,15614534.6541832,"fish_oil"
182,2006,13592,"fish_oil"
183,2006,2127,"fish_oil"
184,2006,485,"fish_oil"
185,2006,0,"fish_oil"
186,2006,0,"fish_oil"
187,2006,30.3614839223904,"fish_oil"
188,2006,18,"fish_oil"
189,2006,236050.056548054,"fish_oil"
190,2006,0,"fish_oil"
191,2006,53082.318759774,"fish_oil"
192,2006,0,"fish_oil"
193,2006,66624.5929612836,"fish_oil"
194,2006,54433.228271735,"fish_oil"
195,2006,53576.3844815778,"fish_oil"
196,2006,0,"fish_oil"
197,2006,742.65956875654,"fish_oil"
198,2006,1411.19200695695,"fish_oil"
199,2006,569.117983658012,"fish_oil"
200,2006,9899.75134324464,"fish_oil"
202,2006,193.317721370313,"fish_oil"
203,2006,1784233.98292794,"fish_oil"
204,2006,23545.8793084518,"fish_oil"
205,2006,707096.482611379,"fish_oil"
206,2006,931117.048498341,"fish_oil"
207,2006,1765693.0020052,"fish_oil"
208,2006,3700,"fish_oil"
209,2006,5130537.2086649,"fish_oil"
210,2006,4220980.72327536,"fish_oil"
212,2006,205.339263593571,"fish_oil"
213,2006,0,"fish_oil"
214,2006,0,"fish_oil"
215,2006,0,"fish_oil"
216,2006,534394.647054408,"fish_oil"
218,2006,23922,"fish_oil"
219,2006,1.63262174275254,"fish_oil"
220,2006,0,"fish_oil"
221,2006,0,"fish_oil"
222,2006,3643468.3988861,"fish_oil"
223,2006,17814519.2568538,"fish_oil"
224,2006,11793730.5734133,"fish_oil"
227,2006,6266.38581866804,"fish_oil"
228,2006,6266.38581866804,"fish_oil"
231,2006,0.282918753534608,"fish_oil"
232,2006,0,"fish_oil"
237,2006,0,"fish_oil"
244,2006,6.16438628571429e-05,"fish_oil"
245,2006,0,"fish_oil"
247,2006,697.67342618668,"fish_oil"
248,2006,0,"fish_oil"
249,2006,0,"fish_oil"
250,2006,380.605957601949,"fish_oil"
1,2007,0.604305051006144,"fish_oil"
2,2007,0,"fish_oil"
3,2007,0.25586888685973,"fish_oil"
4,2007,1.60991234485697,"fish_oil"
5,2007,0,"fish_oil"
6,2007,27.5276932436875,"fish_oil"
7,2007,44.8708401756847,"fish_oil"
8,2007,11.0034813742305,"fish_oil"
9,2007,56.2615795304307,"fish_oil"
10,2007,5.81357262532397,"fish_oil"
11,2007,38.1778713165274,"fish_oil"
12,2007,0.00560337516666667,"fish_oil"
13,2007,0,"fish_oil"
14,2007,76800.525882892,"fish_oil"
15,2007,10750.1987931607,"fish_oil"
16,2007,10424.737820806,"fish_oil"
17,2007,98.3254233170464,"fish_oil"
18,2007,29.4682371117794,"fish_oil"
19,2007,13.6025417043285,"fish_oil"
20,2007,1532955.05042565,"fish_oil"
21,2007,160555.637042046,"fish_oil"
24,2007,202016.509356525,"fish_oil"
25,2007,912941.78270513,"fish_oil"
26,2007,16925.2496604315,"fish_oil"
28,2007,0.0985027219241028,"fish_oil"
29,2007,0.0370226238231976,"fish_oil"
30,2007,0,"fish_oil"
31,2007,1512,"fish_oil"
32,2007,0.111298435314771,"fish_oil"
33,2007,0.28406953435,"fish_oil"
34,2007,0.28406953435,"fish_oil"
35,2007,0.28406953435,"fish_oil"
36,2007,0.9831930605,"fish_oil"
37,2007,3,"fish_oil"
38,2007,8.87961567641726,"fish_oil"
39,2007,92.8771721267674,"fish_oil"
40,2007,103416.658999169,"fish_oil"
41,2007,9.1753037533532,"fish_oil"
42,2007,2587.50559496265,"fish_oil"
43,2007,87,"fish_oil"
44,2007,19879.1596511768,"fish_oil"
45,2007,6.63602404334629,"fish_oil"
46,2007,1.28631120251419,"fish_oil"
47,2007,782.701772751383,"fish_oil"
48,2007,140,"fish_oil"
49,2007,0,"fish_oil"
50,2007,71.8811470210567,"fish_oil"
51,2007,0,"fish_oil"
52,2007,0,"fish_oil"
53,2007,2398350.68314785,"fish_oil"
54,2007,101.134856100753,"fish_oil"
55,2007,4.54798364360693,"fish_oil"
56,2007,44.6611395930431,"fish_oil"
57,2007,0.00377532294273545,"fish_oil"
58,2007,180.505647480042,"fish_oil"
59,2007,20887,"fish_oil"
60,2007,0,"fish_oil"
61,2007,20.9397553741159,"fish_oil"
62,2007,62694.5992594025,"fish_oil"
63,2007,94250.4368311034,"fish_oil"
64,2007,366764.391656602,"fish_oil"
65,2007,10261.5474117421,"fish_oil"
66,2007,90483.3960020426,"fish_oil"
67,2007,16.1854375659581,"fish_oil"
68,2007,0,"fish_oil"
69,2007,119483.75453709,"fish_oil"
70,2007,77610.0336710495,"fish_oil"
71,2007,0,"fish_oil"
72,2007,315,"fish_oil"
73,2007,481538.828055435,"fish_oil"
74,2007,88924.4469133917,"fish_oil"
75,2007,43259.2738760296,"fish_oil"
76,2007,1915508.3713759,"fish_oil"
77,2007,0,"fish_oil"
78,2007,1,"fish_oil"
79,2007,0,"fish_oil"
80,2007,1266.74654770551,"fish_oil"
81,2007,0,"fish_oil"
82,2007,0,"fish_oil"
84,2007,5.50898663874486,"fish_oil"
85,2007,0,"fish_oil"
86,2007,0,"fish_oil"
88,2007,0,"fish_oil"
89,2007,43671.4242975006,"fish_oil"
90,2007,0.132730576379352,"fish_oil"
91,2007,56.1911865339767,"fish_oil"
92,2007,12.0111255664167,"fish_oil"
93,2007,778.534166666667,"fish_oil"
94,2007,7.08014147632128,"fish_oil"
95,2007,4424.29867692866,"fish_oil"
96,2007,5751.85317288491,"fish_oil"
97,2007,52637.72502406,"fish_oil"
98,2007,60885.1506401153,"fish_oil"
99,2007,4213.17927836263,"fish_oil"
100,2007,115352.216239468,"fish_oil"
101,2007,2185.37680591899,"fish_oil"
102,2007,149837.469921785,"fish_oil"
103,2007,217.17678315232,"fish_oil"
104,2007,19778.1170509971,"fish_oil"
105,2007,0.137860726021359,"fish_oil"
106,2007,4737.54744239698,"fish_oil"
107,2007,14.9403559258333,"fish_oil"
108,2007,0,"fish_oil"
110,2007,35.161677951,"fish_oil"
111,2007,0,"fish_oil"
112,2007,127.275000458,"fish_oil"
113,2007,13.332610151,"fish_oil"
114,2007,11.8216171257,"fish_oil"
115,2007,0,"fish_oil"
116,2007,0,"fish_oil"
117,2007,0,"fish_oil"
118,2007,0,"fish_oil"
119,2007,0,"fish_oil"
120,2007,0,"fish_oil"
121,2007,0,"fish_oil"
122,2007,0.8817246,"fish_oil"
123,2007,0,"fish_oil"
124,2007,0.1,"fish_oil"
125,2007,0,"fish_oil"
126,2007,4.621790162,"fish_oil"
127,2007,0.0470683602,"fish_oil"
129,2007,67183.8494603388,"fish_oil"
130,2007,0,"fish_oil"
131,2007,0,"fish_oil"
132,2007,323853.425282988,"fish_oil"
133,2007,32,"fish_oil"
134,2007,4613.01833613147,"fish_oil"
135,2007,400043.789408623,"fish_oil"
136,2007,88,"fish_oil"
137,2007,535834.351236406,"fish_oil"
138,2007,69190381.2370725,"fish_oil"
139,2007,1224.77723748898,"fish_oil"
140,2007,0,"fish_oil"
141,2007,2724946.22430393,"fish_oil"
143,2007,2528550.93419213,"fish_oil"
144,2007,6026.00065462292,"fish_oil"
145,2007,19381.5890070223,"fish_oil"
146,2007,0,"fish_oil"
147,2007,0,"fish_oil"
148,2007,748.162816433477,"fish_oil"
149,2007,0,"fish_oil"
150,2007,0,"fish_oil"
151,2007,5.64606131615375,"fish_oil"
152,2007,3.47442704865316,"fish_oil"
153,2007,728.285098989917,"fish_oil"
154,2007,2.78430174526042,"fish_oil"
155,2007,6.16944683702564,"fish_oil"
156,2007,5.734951124603,"fish_oil"
157,2007,257.394963944724,"fish_oil"
158,2007,0,"fish_oil"
159,2007,22.01652425,"fish_oil"
161,2007,0.397554227161233,"fish_oil"
162,2007,5165.48159745129,"fish_oil"
163,2007,1647684.32998899,"fish_oil"
164,2007,0,"fish_oil"
166,2007,0,"fish_oil"
167,2007,0.297876971663932,"fish_oil"
168,2007,56.1816478057991,"fish_oil"
169,2007,269.25811865263,"fish_oil"
171,2007,542818.363758669,"fish_oil"
172,2007,9725.60684281909,"fish_oil"
173,2007,6389.69219820513,"fish_oil"
174,2007,299762.768611388,"fish_oil"
175,2007,324728.227734727,"fish_oil"
176,2007,30413.1004756663,"fish_oil"
177,2007,40212,"fish_oil"
178,2007,100853.700126132,"fish_oil"
179,2007,26185,"fish_oil"
180,2007,2954504.81813888,"fish_oil"
181,2007,2721379.13506105,"fish_oil"
182,2007,22573,"fish_oil"
183,2007,3906,"fish_oil"
184,2007,270,"fish_oil"
185,2007,0,"fish_oil"
186,2007,0,"fish_oil"
187,2007,257,"fish_oil"
188,2007,61,"fish_oil"
189,2007,62710.1643710341,"fish_oil"
190,2007,0,"fish_oil"
191,2007,197440.096929387,"fish_oil"
192,2007,0,"fish_oil"
193,2007,116130.343453775,"fish_oil"
194,2007,132210.471951736,"fish_oil"
195,2007,129230.185303456,"fish_oil"
196,2007,0,"fish_oil"
197,2007,31776.7090773869,"fish_oil"
198,2007,58586.6920612146,"fish_oil"
199,2007,21845.2901448964,"fish_oil"
200,2007,475010.610864992,"fish_oil"
202,2007,2.97272237259423,"fish_oil"
203,2007,7164918.19028871,"fish_oil"
204,2007,86587.7961428057,"fish_oil"
205,2007,1085309.21138079,"fish_oil"
206,2007,2232473.64153393,"fish_oil"
207,2007,2503292.942859,"fish_oil"
208,2007,2984,"fish_oil"
209,2007,8612203.07409748,"fish_oil"
210,2007,7652335.38694669,"fish_oil"
212,2007,22.6468379440859,"fish_oil"
213,2007,0,"fish_oil"
214,2007,0,"fish_oil"
215,2007,0,"fish_oil"
216,2007,694586.842925826,"fish_oil"
218,2007,22342,"fish_oil"
219,2007,1.8043823751861,"fish_oil"
220,2007,0,"fish_oil"
221,2007,0,"fish_oil"
222,2007,744300.849240478,"fish_oil"
223,2007,2998301.20869258,"fish_oil"
224,2007,17303801.0978948,"fish_oil"
227,2007,758.116337913291,"fish_oil"
228,2007,758.116337913291,"fish_oil"
231,2007,0.29586240433877,"fish_oil"
232,2007,0,"fish_oil"
237,2007,0,"fish_oil"
244,2007,3.17119833333333,"fish_oil"
245,2007,3.2310215,"fish_oil"
247,2007,1354.671713017,"fish_oil"
248,2007,0,"fish_oil"
249,2007,0,"fish_oil"
250,2007,30.6227310176667,"fish_oil"
1,2008,0,"fish_oil"
2,2008,0,"fish_oil"
3,2008,0,"fish_oil"
4,2008,1.08075001341014,"fish_oil"
5,2008,0,"fish_oil"
6,2008,13.9403496556577,"fish_oil"
7,2008,22.6393055533646,"fish_oil"
8,2008,1.1223159594056,"fish_oil"
9,2008,28.6668920387255,"fish_oil"
10,2008,2.90727864781632,"fish_oil"
11,2008,19.823138383114,"fish_oil"
12,2008,0.000851774709677419,"fish_oil"
13,2008,0,"fish_oil"
14,2008,96988.3752673073,"fish_oil"
15,2008,2131,"fish_oil"
16,2008,4790.45505662058,"fish_oil"
17,2008,47.8611477889208,"fish_oil"
18,2008,14.1628240161552,"fish_oil"
19,2008,1.81120426580059,"fish_oil"
20,2008,1970583.18126143,"fish_oil"
21,2008,169381.315120685,"fish_oil"
24,2008,54908.6186423793,"fish_oil"
25,2008,769946.646596096,"fish_oil"
26,2008,11565.2565512588,"fish_oil"
28,2008,0.152492207392063,"fish_oil"
29,2008,0.0529357044218357,"fish_oil"
30,2008,0,"fish_oil"
31,2008,3081,"fish_oil"
32,2008,0.170344358194109,"fish_oil"
33,2008,0.676984455266013,"fish_oil"
34,2008,0.676984455266013,"fish_oil"
35,2008,0.676984455266013,"fish_oil"
36,2008,0.146477084500645,"fish_oil"
37,2008,13,"fish_oil"
38,2008,6.6890566917452,"fish_oil"
39,2008,11,"fish_oil"
40,2008,68218.9102981108,"fish_oil"
41,2008,1095,"fish_oil"
42,2008,3821.80035947059,"fish_oil"
43,2008,47,"fish_oil"
44,2008,14989.0441975741,"fish_oil"
45,2008,7.47491100336679,"fish_oil"
46,2008,1.51765580008943,"fish_oil"
47,2008,91.3440912635279,"fish_oil"
48,2008,44,"fish_oil"
49,2008,0,"fish_oil"
50,2008,98,"fish_oil"
51,2008,0,"fish_oil"
52,2008,0,"fish_oil"
53,2008,1615003.89559628,"fish_oil"
54,2008,19.0324734070248,"fish_oil"
55,2008,5.86249279808666,"fish_oil"
56,2008,21.6657048571108,"fish_oil"
57,2008,0.00235536980514826,"fish_oil"
58,2008,186.772129210773,"fish_oil"
59,2008,14873,"fish_oil"
60,2008,0,"fish_oil"
61,2008,20.345912898916,"fish_oil"
62,2008,126568.932512548,"fish_oil"
63,2008,176427.895422884,"fish_oil"
64,2008,218174.362516952,"fish_oil"
65,2008,3238.74749844289,"fish_oil"
66,2008,29852.138609495,"fish_oil"
67,2008,24.1706863121862,"fish_oil"
68,2008,0,"fish_oil"
69,2008,74117.070572701,"fish_oil"
70,2008,61752.5045727533,"fish_oil"
71,2008,0,"fish_oil"
72,2008,128,"fish_oil"
73,2008,491007.868403393,"fish_oil"
74,2008,19827.4422529438,"fish_oil"
75,2008,52170.4663502575,"fish_oil"
76,2008,282660.341418358,"fish_oil"
77,2008,0,"fish_oil"
78,2008,0,"fish_oil"
79,2008,0,"fish_oil"
80,2008,809.437368430242,"fish_oil"
81,2008,0,"fish_oil"
82,2008,0,"fish_oil"
84,2008,6.61588812242441,"fish_oil"
85,2008,0,"fish_oil"
86,2008,0,"fish_oil"
88,2008,0,"fish_oil"
89,2008,147019.882344748,"fish_oil"
90,2008,0.223392365172832,"fish_oil"
91,2008,24.3527779584723,"fish_oil"
92,2008,1.45053863310968,"fish_oil"
93,2008,110.473780645161,"fish_oil"
94,2008,5.01873290028273,"fish_oil"
95,2008,1480.13268271807,"fish_oil"
96,2008,3201.49781327356,"fish_oil"
97,2008,29941.9246486549,"fish_oil"
98,2008,33207.0180630483,"fish_oil"
99,2008,3470.22560189715,"fish_oil"
100,2008,137702.580142856,"fish_oil"
101,2008,4162.54235721491,"fish_oil"
102,2008,305491.704653262,"fish_oil"
103,2008,140.253839121425,"fish_oil"
104,2008,28883.8626540422,"fish_oil"
105,2008,0.0966990747794578,"fish_oil"
106,2008,2307.76035084797,"fish_oil"
107,2008,6.19029387572129,"fish_oil"
108,2008,0,"fish_oil"
110,2008,90.248289544,"fish_oil"
111,2008,0,"fish_oil"
112,2008,383.223597404,"fish_oil"
113,2008,34.2053095706667,"fish_oil"
114,2008,30.1872163370667,"fish_oil"
115,2008,4,"fish_oil"
116,2008,0,"fish_oil"
117,2008,0,"fish_oil"
118,2008,0,"fish_oil"
119,2008,0,"fish_oil"
120,2008,0,"fish_oil"
121,2008,0,"fish_oil"
122,2008,2.15614266666667,"fish_oil"
123,2008,0,"fish_oil"
124,2008,5,"fish_oil"
125,2008,0,"fish_oil"
126,2008,11.6397697384,"fish_oil"
127,2008,0.1,"fish_oil"
129,2008,109266.48223375,"fish_oil"
130,2008,0,"fish_oil"
131,2008,0,"fish_oil"
132,2008,274298.335217363,"fish_oil"
133,2008,0,"fish_oil"
134,2008,6859.78729368012,"fish_oil"
135,2008,718855.470067655,"fish_oil"
136,2008,4.8203075801207,"fish_oil"
137,2008,649587.816045929,"fish_oil"
138,2008,78651863.7499191,"fish_oil"
139,2008,1158.82366517345,"fish_oil"
140,2008,0,"fish_oil"
141,2008,839880.80280547,"fish_oil"
143,2008,869049.078889459,"fish_oil"
144,2008,135.327857496127,"fish_oil"
145,2008,584.493801711874,"fish_oil"
146,2008,0,"fish_oil"
147,2008,0,"fish_oil"
148,2008,235.155316997157,"fish_oil"
149,2008,0,"fish_oil"
150,2008,0,"fish_oil"
151,2008,6.77295390095913,"fish_oil"
152,2008,4.16788592857145,"fish_oil"
153,2008,191.5980150616,"fish_oil"
154,2008,3.34001921081398,"fish_oil"
155,2008,8.83579622037592,"fish_oil"
156,2008,6.85871749196594,"fish_oil"
157,2008,81.292224967893,"fish_oil"
158,2008,0,"fish_oil"
159,2008,5.41522981176774,"fish_oil"
161,2008,0.476901827956736,"fish_oil"
162,2008,6227,"fish_oil"
163,2008,2017231.63852334,"fish_oil"
164,2008,0,"fish_oil"
166,2008,0,"fish_oil"
167,2008,0.588182705724785,"fish_oil"
168,2008,60.8838496110554,"fish_oil"
169,2008,212.299952700282,"fish_oil"
171,2008,825102.874121056,"fish_oil"
172,2008,9285.65445190911,"fish_oil"
173,2008,7320.54955238576,"fish_oil"
174,2008,156607.106478505,"fish_oil"
175,2008,203395,"fish_oil"
176,2008,50618.4405149297,"fish_oil"
177,2008,77481,"fish_oil"
178,2008,77953.6847275469,"fish_oil"
179,2008,39457,"fish_oil"
180,2008,1423991.81844466,"fish_oil"
181,2008,1489809.24278449,"fish_oil"
182,2008,34097,"fish_oil"
183,2008,7991,"fish_oil"
184,2008,432,"fish_oil"
185,2008,0,"fish_oil"
186,2008,0,"fish_oil"
187,2008,476,"fish_oil"
188,2008,241,"fish_oil"
189,2008,19299.7572289996,"fish_oil"
190,2008,0,"fish_oil"
191,2008,150945.303339719,"fish_oil"
192,2008,0,"fish_oil"
193,2008,47434.5318763924,"fish_oil"
194,2008,77512.760373103,"fish_oil"
195,2008,75248.4355490399,"fish_oil"
196,2008,0,"fish_oil"
197,2008,48527.7278283386,"fish_oil"
198,2008,115673.494211683,"fish_oil"
199,2008,31814.9501758624,"fish_oil"
200,2008,652522.310428682,"fish_oil"
202,2008,4.60296810249692,"fish_oil"
203,2008,4797478.55075576,"fish_oil"
204,2008,47925.6456827477,"fish_oil"
205,2008,683238.948434972,"fish_oil"
206,2008,258856.598070678,"fish_oil"
207,2008,2250339.24111599,"fish_oil"
208,2008,1393,"fish_oil"
209,2008,10185690.7879341,"fish_oil"
210,2008,8054741.86723253,"fish_oil"
212,2008,11.7894030185867,"fish_oil"
213,2008,0,"fish_oil"
214,2008,5,"fish_oil"
215,2008,0,"fish_oil"
216,2008,251065.626678844,"fish_oil"
218,2008,28517,"fish_oil"
219,2008,2.52279739438238,"fish_oil"
220,2008,0,"fish_oil"
221,2008,0,"fish_oil"
222,2008,373894.588699648,"fish_oil"
223,2008,1112664.55148183,"fish_oil"
224,2008,15252173.773381,"fish_oil"
227,2008,386.584684890829,"fish_oil"
228,2008,386.584684890829,"fish_oil"
231,2008,0.0755297998797168,"fish_oil"
232,2008,0,"fish_oil"
237,2008,0,"fish_oil"
244,2008,0.424545894193548,"fish_oil"
245,2008,0.432554632258065,"fish_oil"
247,2008,285.284909817941,"fish_oil"
248,2008,0,"fish_oil"
249,2008,0,"fish_oil"
250,2008,4.25820553368774,"fish_oil"
1,2009,0,"fish_oil"
2,2009,0,"fish_oil"
3,2009,0.00934611685966427,"fish_oil"
4,2009,0.562097552894404,"fish_oil"
5,2009,0,"fish_oil"
6,2009,71.199073835369,"fish_oil"
7,2009,150.529479427813,"fish_oil"
8,2009,0.32742721584238,"fish_oil"
9,2009,188.916631282134,"fish_oil"
10,2009,19.8252234237314,"fish_oil"
11,2009,126.859821175826,"fish_oil"
12,2009,0.00170282083202247,"fish_oil"
13,2009,0,"fish_oil"
14,2009,175404.120941664,"fish_oil"
15,2009,1515,"fish_oil"
16,2009,7235.38086570149,"fish_oil"
17,2009,340.661446761344,"fish_oil"
18,2009,105.133086606664,"fish_oil"
19,2009,0.754799539972773,"fish_oil"
20,2009,2638515.9086228,"fish_oil"
21,2009,229953.270770809,"fish_oil"
24,2009,52522.5465190302,"fish_oil"
25,2009,737615.52618673,"fish_oil"
26,2009,10557.0491066201,"fish_oil"
28,2009,0.191284222297832,"fish_oil"
29,2009,0.0711265539249539,"fish_oil"
30,2009,0,"fish_oil"
31,2009,3763,"fish_oil"
32,2009,0.217999386927097,"fish_oil"
33,2009,3.605660800951,"fish_oil"
34,2009,3.605660800951,"fish_oil"
35,2009,3.605660800951,"fish_oil"
36,2009,0.252616302418539,"fish_oil"
37,2009,354,"fish_oil"
38,2009,5.29971743444733,"fish_oil"
39,2009,71,"fish_oil"
40,2009,82628.7837968674,"fish_oil"
41,2009,864,"fish_oil"
42,2009,6258.46234743525,"fish_oil"
43,2009,21.1,"fish_oil"
44,2009,23059.2003811599,"fish_oil"
45,2009,14.3985536758962,"fish_oil"
46,2009,2.32443016936427,"fish_oil"
47,2009,812.790399182458,"fish_oil"
48,2009,89.9865114708821,"fish_oil"
49,2009,0,"fish_oil"
50,2009,142.507115333432,"fish_oil"
51,2009,0,"fish_oil"
52,2009,0,"fish_oil"
53,2009,1465065.13926844,"fish_oil"
54,2009,191.400366822061,"fish_oil"
55,2009,16.68907345603,"fish_oil"
56,2009,27.8599832381592,"fish_oil"
57,2009,0.00169024685054337,"fish_oil"
58,2009,231.969629034317,"fish_oil"
59,2009,25968,"fish_oil"
60,2009,0,"fish_oil"
61,2009,20.96443591083,"fish_oil"
62,2009,182978.105403327,"fish_oil"
63,2009,250103.736211555,"fish_oil"
64,2009,185754.268730636,"fish_oil"
65,2009,1777.75836659768,"fish_oil"
66,2009,45486.6480184816,"fish_oil"
67,2009,28.7952268618012,"fish_oil"
68,2009,0,"fish_oil"
69,2009,88878.1951382581,"fish_oil"
70,2009,62175.6744275189,"fish_oil"
71,2009,1.48071136844993,"fish_oil"
72,2009,46,"fish_oil"
73,2009,1828473.90422458,"fish_oil"
74,2009,184865.106382223,"fish_oil"
75,2009,175804.180449926,"fish_oil"
76,2009,1903351.48595637,"fish_oil"
77,2009,0,"fish_oil"
78,2009,0,"fish_oil"
79,2009,28,"fish_oil"
80,2009,1112.42295004144,"fish_oil"
81,2009,0,"fish_oil"
82,2009,0,"fish_oil"
84,2009,9.35816228634969,"fish_oil"
85,2009,0,"fish_oil"
86,2009,0,"fish_oil"
88,2009,0,"fish_oil"
89,2009,18.7631291893811,"fish_oil"
90,2009,0.153186152304805,"fish_oil"
91,2009,42.7565296414474,"fish_oil"
92,2009,4.26331162987079,"fish_oil"
93,2009,225.30166011236,"fish_oil"
94,2009,4.99948252306552,"fish_oil"
95,2009,674.014684923146,"fish_oil"
96,2009,3395.52468827447,"fish_oil"
97,2009,86.2073471976958,"fish_oil"
98,2009,35943.8316406562,"fish_oil"
99,2009,5047.11306739442,"fish_oil"
100,2009,137910.075342638,"fish_oil"
101,2009,2798.38241608215,"fish_oil"
102,2009,192058.536052981,"fish_oil"
103,2009,186.19158038275,"fish_oil"
104,2009,25646.2947968378,"fish_oil"
105,2009,0.0353295316875599,"fish_oil"
106,2009,2621.15438355037,"fish_oil"
107,2009,8.04038496849438,"fish_oil"
108,2009,0,"fish_oil"
110,2009,34.166518288,"fish_oil"
111,2009,0,"fish_oil"
112,2009,159.4609566853,"fish_oil"
113,2009,12.970785808,"fish_oil"
114,2009,10.160754388,"fish_oil"
115,2009,0.1,"fish_oil"
116,2009,0,"fish_oil"
117,2009,0,"fish_oil"
118,2009,0,"fish_oil"
119,2009,0,"fish_oil"
120,2009,0,"fish_oil"
121,2009,0,"fish_oil"
122,2009,0.5518133,"fish_oil"
123,2009,0,"fish_oil"
124,2009,0,"fish_oil"
125,2009,0,"fish_oil"
126,2009,3.544540248,"fish_oil"
127,2009,0.0478895028,"fish_oil"
129,2009,72116.1319763104,"fish_oil"
130,2009,0,"fish_oil"
131,2009,0,"fish_oil"
132,2009,90153.4272500442,"fish_oil"
133,2009,0,"fish_oil"
134,2009,3295.70195004794,"fish_oil"
135,2009,468792.517754717,"fish_oil"
136,2009,10,"fish_oil"
137,2009,408437.513994062,"fish_oil"
138,2009,43176606.3620736,"fish_oil"
139,2009,808.85706389199,"fish_oil"
140,2009,0,"fish_oil"
141,2009,716934.023115284,"fish_oil"
143,2009,526439.103700512,"fish_oil"
144,2009,130.153620987235,"fish_oil"
145,2009,734.951206782569,"fish_oil"
146,2009,0,"fish_oil"
147,2009,0,"fish_oil"
148,2009,184.237029931797,"fish_oil"
149,2009,0,"fish_oil"
150,2009,0,"fish_oil"
151,2009,22.9155508449926,"fish_oil"
152,2009,9.24004388219895,"fish_oil"
153,2009,144.830309649933,"fish_oil"
154,2009,7.40469872880557,"fish_oil"
155,2009,14.8933921310947,"fish_oil"
156,2009,16.1892696789186,"fish_oil"
157,2009,65.9861925850471,"fish_oil"
158,2009,0,"fish_oil"
159,2009,11.8495601573034,"fish_oil"
161,2009,1.05727308036465,"fish_oil"
162,2009,4625,"fish_oil"
163,2009,3375574.61481391,"fish_oil"
164,2009,0,"fish_oil"
166,2009,0,"fish_oil"
167,2009,0.00528306044368376,"fish_oil"
168,2009,25.422711762796,"fish_oil"
169,2009,110.188843464534,"fish_oil"
171,2009,689192.118158811,"fish_oil"
172,2009,4736.42114505438,"fish_oil"
173,2009,8047.83325010832,"fish_oil"
174,2009,195581.453842609,"fish_oil"
175,2009,151070.1,"fish_oil"
176,2009,42385.880134117,"fish_oil"
177,2009,74584,"fish_oil"
178,2009,268720.11769749,"fish_oil"
179,2009,41742.4535149873,"fish_oil"
180,2009,1216595.95771725,"fish_oil"
181,2009,704922.589974609,"fish_oil"
182,2009,11870,"fish_oil"
183,2009,5404,"fish_oil"
184,2009,606,"fish_oil"
185,2009,0,"fish_oil"
186,2009,0,"fish_oil"
187,2009,334,"fish_oil"
188,2009,1028,"fish_oil"
189,2009,26403.4642622275,"fish_oil"
190,2009,0,"fish_oil"
191,2009,119886.77941814,"fish_oil"
192,2009,0,"fish_oil"
193,2009,53867.4743025996,"fish_oil"
194,2009,86792.3465603879,"fish_oil"
195,2009,93869.1220096395,"fish_oil"
196,2009,0,"fish_oil"
197,2009,42176.9751737202,"fish_oil"
198,2009,113575.0423532,"fish_oil"
199,2009,27557.3671012995,"fish_oil"
200,2009,500947.439902255,"fish_oil"
202,2009,19.5667163853304,"fish_oil"
203,2009,4542468.30798816,"fish_oil"
204,2009,40933.667638774,"fish_oil"
205,2009,531457.165765766,"fish_oil"
206,2009,414037.219907286,"fish_oil"
207,2009,2671605.91474341,"fish_oil"
208,2009,1072.85938383549,"fish_oil"
209,2009,13147099.1366597,"fish_oil"
210,2009,9774461.36615286,"fish_oil"
212,2009,74.4178808396259,"fish_oil"
213,2009,0,"fish_oil"
214,2009,91,"fish_oil"
215,2009,0,"fish_oil"
216,2009,224598.002665066,"fish_oil"
218,2009,19608,"fish_oil"
219,2009,0.301676626112204,"fish_oil"
220,2009,0,"fish_oil"
221,2009,0,"fish_oil"
222,2009,474224.866463383,"fish_oil"
223,2009,1617503.11248657,"fish_oil"
224,2009,7827406.36088871,"fish_oil"
227,2009,461.235747287591,"fish_oil"
228,2009,461.235747287591,"fish_oil"
231,2009,0.249052696276763,"fish_oil"
232,2009,0,"fish_oil"
237,2009,0,"fish_oil"
244,2009,0.557165894382022,"fish_oil"
245,2009,0.567676270786517,"fish_oil"
247,2009,368.062312453704,"fish_oil"
248,2009,0,"fish_oil"
249,2009,0,"fish_oil"
250,2009,7.38642826154101,"fish_oil"
1,2010,0,"fish_oil"
2,2010,0,"fish_oil"
3,2010,0.448283566604327,"fish_oil"
4,2010,0.29680732374982,"fish_oil"
5,2010,0,"fish_oil"
6,2010,252.169135889361,"fish_oil"
7,2010,73.465032109492,"fish_oil"
8,2010,0.785944686753191,"fish_oil"
9,2010,92.0106290708718,"fish_oil"
10,2010,9.58578121878726,"fish_oil"
11,2010,61.6452129060595,"fish_oil"
12,2010,0.00168668245529954,"fish_oil"
13,2010,0,"fish_oil"
14,2010,90945.6088617068,"fish_oil"
15,2010,99989.9081880108,"fish_oil"
16,2010,4191,"fish_oil"
17,2010,163.37009932239,"fish_oil"
18,2010,56.2967218310484,"fish_oil"
19,2010,1.02077945771404,"fish_oil"
20,2010,2109213.74065682,"fish_oil"
21,2010,174454.783612786,"fish_oil"
24,2010,63669.4765445426,"fish_oil"
25,2010,907705.653420893,"fish_oil"
26,2010,6767.52096296902,"fish_oil"
28,2010,0.57045614810484,"fish_oil"
29,2010,0.167257807387381,"fish_oil"
30,2010,0,"fish_oil"
31,2010,3381,"fish_oil"
32,2010,0.560999891371998,"fish_oil"
33,2010,3.97132970300284,"fish_oil"
34,2010,3.97132970300284,"fish_oil"
35,2010,3.97132970300284,"fish_oil"
36,2010,0.253977236025806,"fish_oil"
37,2010,814,"fish_oil"
38,2010,0,"fish_oil"
39,2010,0,"fish_oil"
40,2010,56647.822225527,"fish_oil"
41,2010,38.8249555740897,"fish_oil"
42,2010,14627.2112257428,"fish_oil"
43,2010,3,"fish_oil"
44,2010,67914.3227064187,"fish_oil"
45,2010,51.5430454162403,"fish_oil"
46,2010,9.64311737136184,"fish_oil"
47,2010,988.860948081036,"fish_oil"
48,2010,8,"fish_oil"
49,2010,0,"fish_oil"
50,2010,506.238567258509,"fish_oil"
51,2010,0,"fish_oil"
52,2010,0,"fish_oil"
53,2010,887698.853922926,"fish_oil"
54,2010,254,"fish_oil"
55,2010,19.2840894697994,"fish_oil"
56,2010,12.388114564072,"fish_oil"
57,2010,0.00174308549827911,"fish_oil"
58,2010,112.042540722017,"fish_oil"
59,2010,17523,"fish_oil"
60,2010,0,"fish_oil"
61,2010,13.4954704121245,"fish_oil"
62,2010,133287.675781025,"fish_oil"
63,2010,181110.171106671,"fish_oil"
64,2010,28356.8302493247,"fish_oil"
65,2010,537.299958784649,"fish_oil"
66,2010,4481.40605989018,"fish_oil"
67,2010,17.3566379222323,"fish_oil"
68,2010,0,"fish_oil"
69,2010,55510.9902285249,"fish_oil"
70,2010,39209.1167291493,"fish_oil"
71,2010,0.76076119172793,"fish_oil"
72,2010,1559,"fish_oil"
73,2010,966169.740873428,"fish_oil"
74,2010,129106.611745571,"fish_oil"
75,2010,87827.4829672554,"fish_oil"
76,2010,1586721.4127287,"fish_oil"
77,2010,0,"fish_oil"
78,2010,1,"fish_oil"
79,2010,99,"fish_oil"
80,2010,915.381485207215,"fish_oil"
81,2010,3,"fish_oil"
82,2010,0,"fish_oil"
84,2010,6.27844912883635,"fish_oil"
85,2010,0,"fish_oil"
86,2010,0,"fish_oil"
88,2010,0,"fish_oil"
89,2010,53853.3814899504,"fish_oil"
90,2010,0.295046681214411,"fish_oil"
91,2010,31.8472087004018,"fish_oil"
92,2010,3.56770006178802,"fish_oil"
93,2010,115.731760368664,"fish_oil"
94,2010,5.37197956725163,"fish_oil"
95,2010,453.397045148755,"fish_oil"
96,2010,572.885028784961,"fish_oil"
97,2010,5913.39806635975,"fish_oil"
98,2010,5198.19624971322,"fish_oil"
99,2010,726.291002965005,"fish_oil"
100,2010,143810.310072847,"fish_oil"
101,2010,3266.34656144539,"fish_oil"
102,2010,264504.514810784,"fish_oil"
103,2010,67.035890933,"fish_oil"
104,2010,26618.889933504,"fish_oil"
105,2010,0.384254832568169,"fish_oil"
106,2010,445.789539578608,"fish_oil"
107,2010,6.56560300348756,"fish_oil"
108,2010,0,"fish_oil"
110,2010,431.11592256,"fish_oil"
111,2010,0,"fish_oil"
112,2010,3858.546870298,"fish_oil"
113,2010,164.08155916,"fish_oil"
114,2010,139.397708918,"fish_oil"
115,2010,0,"fish_oil"
116,2010,0,"fish_oil"
117,2010,0,"fish_oil"
118,2010,0,"fish_oil"
119,2010,0,"fish_oil"
120,2010,0,"fish_oil"
121,2010,0,"fish_oil"
122,2010,9.574964,"fish_oil"
123,2010,0,"fish_oil"
124,2010,2,"fish_oil"
125,2010,0,"fish_oil"
126,2010,33.23194829,"fish_oil"
127,2010,0.879812894,"fish_oil"
129,2010,101276.663498705,"fish_oil"
130,2010,1,"fish_oil"
131,2010,0,"fish_oil"
132,2010,48995.1073936217,"fish_oil"
133,2010,146,"fish_oil"
134,2010,7623.96923972604,"fish_oil"
135,2010,916080.536119848,"fish_oil"
136,2010,15,"fish_oil"
137,2010,277795.738024372,"fish_oil"
138,2010,19251014.0217065,"fish_oil"
139,2010,382.731761362333,"fish_oil"
140,2010,0,"fish_oil"
141,2010,518337.990462275,"fish_oil"
143,2010,445071.661807604,"fish_oil"
144,2010,102.732376001961,"fish_oil"
145,2010,484.581689868189,"fish_oil"
146,2010,0,"fish_oil"
147,2010,0,"fish_oil"
148,2010,389.255204936662,"fish_oil"
149,2010,0,"fish_oil"
150,2010,0,"fish_oil"
151,2010,24.3439199543498,"fish_oil"
152,2010,10.7234528244941,"fish_oil"
153,2010,409.149001314227,"fish_oil"
154,2010,8.59345412220944,"fish_oil"
155,2010,17.4091790309992,"fish_oil"
156,2010,17.619196223209,"fish_oil"
157,2010,134.5600986417,"fish_oil"
158,2010,0,"fish_oil"
159,2010,13.9622270938249,"fish_oil"
161,2010,1.22700877971463,"fish_oil"
162,2010,5112,"fish_oil"
163,2010,3074318.06039162,"fish_oil"
164,2010,0,"fish_oil"
166,2010,0,"fish_oil"
167,2010,0,"fish_oil"
168,2010,18.1258028896087,"fish_oil"
169,2010,64.4884752146308,"fish_oil"
171,2010,478761.990503346,"fish_oil"
172,2010,3054.6768547983,"fish_oil"
173,2010,11510.715456363,"fish_oil"
174,2010,147008.82201279,"fish_oil"
175,2010,207094,"fish_oil"
176,2010,59023.6149040088,"fish_oil"
177,2010,75538,"fish_oil"
178,2010,137376.884589027,"fish_oil"
179,2010,32437,"fish_oil"
180,2010,1021356.17287811,"fish_oil"
181,2010,789158.297638966,"fish_oil"
182,2010,9716,"fish_oil"
183,2010,4691,"fish_oil"
184,2010,566.1,"fish_oil"
185,2010,0,"fish_oil"
186,2010,0,"fish_oil"
187,2010,263,"fish_oil"
188,2010,1280,"fish_oil"
189,2010,17991.2555424515,"fish_oil"
190,2010,0,"fish_oil"
191,2010,74000.6140923614,"fish_oil"
192,2010,0,"fish_oil"
193,2010,7839.72251090135,"fish_oil"
194,2010,13052.8482648361,"fish_oil"
195,2010,12801.5598566,"fish_oil"
196,2010,0,"fish_oil"
197,2010,43364.556252091,"fish_oil"
198,2010,113650.440785755,"fish_oil"
199,2010,29086.0355400568,"fish_oil"
200,2010,480983.430895838,"fish_oil"
202,2010,296.256384964283,"fish_oil"
203,2010,3252295.58410455,"fish_oil"
204,2010,26533.2191978111,"fish_oil"
205,2010,960519.308913668,"fish_oil"
206,2010,399552.681588674,"fish_oil"
207,2010,3456572.26995117,"fish_oil"
208,2010,1484,"fish_oil"
209,2010,10825790.7514442,"fish_oil"
210,2010,7960050.17574137,"fish_oil"
212,2010,36.6163750931227,"fish_oil"
213,2010,0,"fish_oil"
214,2010,32,"fish_oil"
215,2010,0,"fish_oil"
216,2010,241813.75560127,"fish_oil"
218,2010,37352,"fish_oil"
219,2010,0.360238709700928,"fish_oil"
220,2010,0,"fish_oil"
221,2010,0,"fish_oil"
222,2010,385379.439497052,"fish_oil"
223,2010,1235858.66242285,"fish_oil"
224,2010,4754631.44817001,"fish_oil"
227,2010,480.872612652761,"fish_oil"
228,2010,480.872612652761,"fish_oil"
231,2010,1.27791358685394,"fish_oil"
232,2010,0,"fish_oil"
237,2010,0,"fish_oil"
244,2010,0.478810514285714,"fish_oil"
245,2010,0.487843126267281,"fish_oil"
247,2010,1611.19420767684,"fish_oil"
248,2010,0,"fish_oil"
249,2010,0,"fish_oil"
250,2010,5.27553139082028,"fish_oil"
1,2011,0,"fish_oil"
2,2011,0,"fish_oil"
3,2011,0.5152335587014,"fish_oil"
4,2011,0.40262873378822,"fish_oil"
5,2011,0,"fish_oil"
6,2011,171.663228192201,"fish_oil"
7,2011,52.610409455541,"fish_oil"
8,2011,0.655933249135404,"fish_oil"
9,2011,66.35661453523,"fish_oil"
10,2011,6.87661615429122,"fish_oil"
11,2011,44.1971017149274,"fish_oil"
12,2011,0.00317286211350638,"fish_oil"
13,2011,0,"fish_oil"
14,2011,121109.197621951,"fish_oil"
15,2011,380518.388708886,"fish_oil"
16,2011,5200,"fish_oil"
17,2011,116.333019374489,"fish_oil"
18,2011,40.6733930863333,"fish_oil"
19,2011,15.6917744016799,"fish_oil"
20,2011,2557161.22681942,"fish_oil"
21,2011,213233.62686756,"fish_oil"
24,2011,101920.918054893,"fish_oil"
25,2011,1358247.92053736,"fish_oil"
26,2011,8664.45835210289,"fish_oil"
28,2011,0.281752852807932,"fish_oil"
29,2011,0.104266069644883,"fish_oil"
30,2011,0.00371890795765027,"fish_oil"
31,2011,2791,"fish_oil"
32,2011,0.320219589222024,"fish_oil"
33,2011,15.6718145934534,"fish_oil"
34,2011,15.6718145934534,"fish_oil"
35,2011,15.6718145934534,"fish_oil"
36,2011,0.650402971839945,"fish_oil"
37,2011,1676,"fish_oil"
38,2011,0,"fish_oil"
39,2011,0,"fish_oil"
40,2011,72924.1927672775,"fish_oil"
41,2011,380,"fish_oil"
42,2011,6720.42708100452,"fish_oil"
43,2011,3,"fish_oil"
44,2011,23893.3602173222,"fish_oil"
45,2011,8.72042293507942,"fish_oil"
46,2011,0.931894954523135,"fish_oil"
47,2011,244.484096394665,"fish_oil"
48,2011,50,"fish_oil"
49,2011,0,"fish_oil"
50,2011,0.619056773244879,"fish_oil"
51,2011,0,"fish_oil"
52,2011,0,"fish_oil"
53,2011,941817.535860229,"fish_oil"
54,2011,328,"fish_oil"
55,2011,22.2392604524199,"fish_oil"
56,2011,7.72579540733227,"fish_oil"
57,2011,0,"fish_oil"
58,2011,184.516856385551,"fish_oil"
59,2011,21182,"fish_oil"
60,2011,0,"fish_oil"
61,2011,47.7365028667409,"fish_oil"
62,2011,309877.304106421,"fish_oil"
63,2011,443470.679821243,"fish_oil"
64,2011,19641.7150233396,"fish_oil"
65,2011,2.46165407472043,"fish_oil"
66,2011,7235.52550879252,"fish_oil"
67,2011,27.1708579184848,"fish_oil"
68,2011,0,"fish_oil"
69,2011,56685.9756714348,"fish_oil"
70,2011,47993.227297097,"fish_oil"
71,2011,0.746401097009803,"fish_oil"
72,2011,4625,"fish_oil"
73,2011,978516.434010509,"fish_oil"
74,2011,40573.3391702672,"fish_oil"
75,2011,103102.691277962,"fish_oil"
76,2011,474281.006099791,"fish_oil"
77,2011,0,"fish_oil"
78,2011,0.1,"fish_oil"
79,2011,738,"fish_oil"
80,2011,823.996775991015,"fish_oil"
81,2011,21,"fish_oil"
82,2011,0,"fish_oil"
84,2011,17.6604604367429,"fish_oil"
85,2011,0,"fish_oil"
86,2011,0,"fish_oil"
88,2011,0,"fish_oil"
89,2011,227605.573756721,"fish_oil"
90,2011,0.340682817523921,"fish_oil"
91,2011,56.9182092459227,"fish_oil"
92,2011,13.5529341613543,"fish_oil"
93,2011,438.365798724954,"fish_oil"
94,2011,7.96144809920342,"fish_oil"
95,2011,572.579252534171,"fish_oil"
96,2011,1508.15807750561,"fish_oil"
97,2011,16954.1771191276,"fish_oil"
98,2011,13712.6333798297,"fish_oil"
99,2011,1907.99908223012,"fish_oil"
100,2011,17958.7538367416,"fish_oil"
101,2011,49898.3746618944,"fish_oil"
102,2011,167680.914689782,"fish_oil"
103,2011,9.02935859062634,"fish_oil"
104,2011,3315.65226320771,"fish_oil"
105,2011,0.446467077527062,"fish_oil"
106,2011,1162.15414915803,"fish_oil"
107,2011,4.73134341426981,"fish_oil"
108,2011,0,"fish_oil"
110,2011,52.71775905,"fish_oil"
111,2011,0,"fish_oil"
112,2011,332.42225331425,"fish_oil"
113,2011,19.88624647225,"fish_oil"
114,2011,11.99934297,"fish_oil"
115,2011,0.1,"fish_oil"
116,2011,0,"fish_oil"
117,2011,0,"fish_oil"
118,2011,0,"fish_oil"
119,2011,0,"fish_oil"
120,2011,0,"fish_oil"
121,2011,0,"fish_oil"
122,2011,0,"fish_oil"
123,2011,0,"fish_oil"
124,2011,4,"fish_oil"
125,2011,0,"fish_oil"
126,2011,3.45702444575,"fish_oil"
127,2011,0.093224695,"fish_oil"
129,2011,67274.8293013162,"fish_oil"
130,2011,196,"fish_oil"
131,2011,5.74281972421431,"fish_oil"
132,2011,60006.2533434785,"fish_oil"
133,2011,88,"fish_oil"
134,2011,1687.53043044364,"fish_oil"
135,2011,643835.207938853,"fish_oil"
136,2011,73,"fish_oil"
137,2011,509076.894881452,"fish_oil"
138,2011,53448216.5191676,"fish_oil"
139,2011,546.287447442465,"fish_oil"
140,2011,0,"fish_oil"
141,2011,185188.757794772,"fish_oil"
143,2011,1272545.61141605,"fish_oil"
144,2011,1.20294989001739,"fish_oil"
145,2011,191741.021827266,"fish_oil"
146,2011,0,"fish_oil"
147,2011,0,"fish_oil"
148,2011,371.050870952473,"fish_oil"
149,2011,0,"fish_oil"
150,2011,0,"fish_oil"
151,2011,18.2038183481584,"fish_oil"
152,2011,9.04804866484171,"fish_oil"
153,2011,415.142476817174,"fish_oil"
154,2011,7.2508344170499,"fish_oil"
155,2011,16.8022079173783,"fish_oil"
156,2011,18.3152403652929,"fish_oil"
157,2011,128.313218241198,"fish_oil"
158,2011,0,"fish_oil"
159,2011,21.2681258374563,"fish_oil"
161,2011,1.03530385724817,"fish_oil"
162,2011,6034,"fish_oil"
163,2011,4207141.90756735,"fish_oil"
164,2011,0,"fish_oil"
166,2011,0,"fish_oil"
167,2011,0.0131588789073851,"fish_oil"
168,2011,5.89468935323659,"fish_oil"
169,2011,79.8542981121692,"fish_oil"
171,2011,482399.064764563,"fish_oil"
172,2011,3498.93211925445,"fish_oil"
173,2011,11604.7100169986,"fish_oil"
174,2011,205583.395813999,"fish_oil"
175,2011,243781,"fish_oil"
176,2011,33919,"fish_oil"
177,2011,76817,"fish_oil"
178,2011,143763.373293473,"fish_oil"
179,2011,39552,"fish_oil"
180,2011,251812.968189462,"fish_oil"
181,2011,129037.668749556,"fish_oil"
182,2011,13445,"fish_oil"
183,2011,6898,"fish_oil"
184,2011,998.1,"fish_oil"
185,2011,0,"fish_oil"
186,2011,0,"fish_oil"
187,2011,225,"fish_oil"
188,2011,863,"fish_oil"
189,2011,25333.9187403086,"fish_oil"
190,2011,0,"fish_oil"
191,2011,105855.611981327,"fish_oil"
192,2011,0,"fish_oil"
193,2011,38602.1127921814,"fish_oil"
194,2011,38498.0949454898,"fish_oil"
195,2011,38575.0374515751,"fish_oil"
196,2011,0,"fish_oil"
197,2011,5216.39714955064,"fish_oil"
198,2011,14150.6144526004,"fish_oil"
199,2011,3622.97285325166,"fish_oil"
200,2011,60368.7092553894,"fish_oil"
202,2011,282.850670079126,"fish_oil"
203,2011,4177795.59328343,"fish_oil"
204,2011,26655.4895370944,"fish_oil"
205,2011,1572380.50167252,"fish_oil"
206,2011,690058.225230174,"fish_oil"
207,2011,4055903.5499355,"fish_oil"
208,2011,1998,"fish_oil"
209,2011,12035214.0345492,"fish_oil"
210,2011,10000880.8075748,"fish_oil"
212,2011,26.1094196890225,"fish_oil"
213,2011,0,"fish_oil"
214,2011,77,"fish_oil"
215,2011,0,"fish_oil"
216,2011,342805.9740079,"fish_oil"
218,2011,50156,"fish_oil"
219,2011,2.136672816746,"fish_oil"
220,2011,0,"fish_oil"
221,2011,0,"fish_oil"
222,2011,400100.509734808,"fish_oil"
223,2011,1116711.08330016,"fish_oil"
224,2011,14100243.2843492,"fish_oil"
227,2011,412.014932977245,"fish_oil"
228,2011,412.014932977245,"fish_oil"
231,2011,0.466503935364051,"fish_oil"
232,2011,0,"fish_oil"
237,2011,0,"fish_oil"
244,2011,62,"fish_oil"
245,2011,0,"fish_oil"
247,2011,3030.85707410264,"fish_oil"
248,2011,0,"fish_oil"
249,2011,0,"fish_oil"
250,2011,7.39870433774953,"fish_oil"
1,2012,0,"fish_oil"
2,2012,0,"fish_oil"
3,2012,0.575835439467722,"fish_oil"
4,2012,0.486843573939606,"fish_oil"
5,2012,0,"fish_oil"
6,2012,122.338281270117,"fish_oil"
7,2012,71.9037441963199,"fish_oil"
8,2012,18.0737626962416,"fish_oil"
9,2012,91.122404008261,"fish_oil"
10,2012,9.49085956819203,"fish_oil"
11,2012,61.6177847831829,"fish_oil"
12,2012,0.00212323732303571,"fish_oil"
13,2012,0,"fish_oil"
14,2012,1795157.2800683,"fish_oil"
15,2012,96911.8113255638,"fish_oil"
16,2012,8990,"fish_oil"
17,2012,161.46370282193,"fish_oil"
18,2012,52.9778039102372,"fish_oil"
19,2012,21.5550973287444,"fish_oil"
20,2012,1700765.42476884,"fish_oil"
21,2012,152794.948645318,"fish_oil"
24,2012,90805.9266728026,"fish_oil"
25,2012,1078254.12795003,"fish_oil"
26,2012,10558.4737686668,"fish_oil"
28,2012,0.52370496224053,"fish_oil"
29,2012,0,"fish_oil"
30,2012,0.00341482710732143,"fish_oil"
31,2012,3157,"fish_oil"
32,2012,0.00414545771577935,"fish_oil"
33,2012,0.915831924661911,"fish_oil"
34,2012,0.915831924661911,"fish_oil"
35,2012,0.915831924661911,"fish_oil"
36,2012,0.00321649029946429,"fish_oil"
37,2012,1237,"fish_oil"
38,2012,0,"fish_oil"
39,2012,0,"fish_oil"
40,2012,107574.180324999,"fish_oil"
41,2012,1487,"fish_oil"
42,2012,10002.7765878291,"fish_oil"
43,2012,4,"fish_oil"
44,2012,37655.0332552413,"fish_oil"
45,2012,12.6843880890526,"fish_oil"
46,2012,1.87164356469953,"fish_oil"
47,2012,675.08339216467,"fish_oil"
48,2012,0,"fish_oil"
49,2012,0,"fish_oil"
50,2012,0.0187972811615951,"fish_oil"
51,2012,0,"fish_oil"
52,2012,0.1,"fish_oil"
53,2012,1129059.61408386,"fish_oil"
54,2012,66,"fish_oil"
55,2012,0.227008171386043,"fish_oil"
56,2012,3.16492262460349,"fish_oil"
57,2012,0.170524468752106,"fish_oil"
58,2012,274.952967726684,"fish_oil"
59,2012,19309,"fish_oil"
60,2012,0,"fish_oil"
61,2012,33.3982069467501,"fish_oil"
62,2012,252533.157453564,"fish_oil"
63,2012,352124.684693902,"fish_oil"
64,2012,7947.1875045782,"fish_oil"
65,2012,1.96653754096159,"fish_oil"
66,2012,1537.62818316281,"fish_oil"
67,2012,28.0224017377538,"fish_oil"
68,2012,1,"fish_oil"
69,2012,68570.2895426528,"fish_oil"
70,2012,54895.0037546813,"fish_oil"
71,2012,3.01151953530553,"fish_oil"
72,2012,336,"fish_oil"
73,2012,3723512.41277985,"fish_oil"
74,2012,37357.8831774749,"fish_oil"
75,2012,228147.085316087,"fish_oil"
76,2012,440722.489595925,"fish_oil"
77,2012,0,"fish_oil"
78,2012,1,"fish_oil"
79,2012,2888,"fish_oil"
80,2012,840.592299851262,"fish_oil"
81,2012,18,"fish_oil"
82,2012,0,"fish_oil"
84,2012,10.5755887297857,"fish_oil"
85,2012,0,"fish_oil"
86,2012,0,"fish_oil"
88,2012,0,"fish_oil"
89,2012,316435.99604628,"fish_oil"
90,2012,0.35120542598399,"fish_oil"
91,2012,45.3827788086964,"fish_oil"
92,2012,8.84789000548036,"fish_oil"
93,2012,270.213133928571,"fish_oil"
94,2012,10.5580332663488,"fish_oil"
95,2012,554.709961141243,"fish_oil"
96,2012,800.610397249553,"fish_oil"
97,2012,7036.86726762955,"fish_oil"
98,2012,5254.88956971412,"fish_oil"
99,2012,729.438489235982,"fish_oil"
100,2012,0.0286358132446376,"fish_oil"
101,2012,16737.9538317736,"fish_oil"
102,2012,454006.27756271,"fish_oil"
103,2012,28.7090191694536,"fish_oil"
104,2012,9596.10517431408,"fish_oil"
105,2012,0.167682884028651,"fish_oil"
106,2012,573.892473291237,"fish_oil"
107,2012,2.48410294726196,"fish_oil"
108,2012,0,"fish_oil"
110,2012,129.09254225,"fish_oil"
111,2012,0,"fish_oil"
112,2012,912.52149173125,"fish_oil"
113,2012,48.644660425,"fish_oil"
114,2012,29.408411713125,"fish_oil"
115,2012,25,"fish_oil"
116,2012,0,"fish_oil"
117,2012,0,"fish_oil"
118,2012,0,"fish_oil"
119,2012,0,"fish_oil"
120,2012,0,"fish_oil"
121,2012,0,"fish_oil"
122,2012,0,"fish_oil"
123,2012,0,"fish_oil"
124,2012,0,"fish_oil"
125,2012,0,"fish_oil"
126,2012,7.703782773125,"fish_oil"
127,2012,0.18166197,"fish_oil"
129,2012,266500.419889212,"fish_oil"
130,2012,243,"fish_oil"
131,2012,0,"fish_oil"
132,2012,25069.1684329469,"fish_oil"
133,2012,356,"fish_oil"
134,2012,3941.67402266233,"fish_oil"
135,2012,1789783.55175404,"fish_oil"
136,2012,1,"fish_oil"
137,2012,221198.767863426,"fish_oil"
138,2012,21472136.9170534,"fish_oil"
139,2012,382.826171215334,"fish_oil"
140,2012,0,"fish_oil"
141,2012,573773.201804847,"fish_oil"
143,2012,2317229.86792911,"fish_oil"
144,2012,628.000421778732,"fish_oil"
145,2012,970.014779165836,"fish_oil"
146,2012,0,"fish_oil"
147,2012,0,"fish_oil"
148,2012,832.254322738224,"fish_oil"
149,2012,0,"fish_oil"
150,2012,0,"fish_oil"
151,2012,22.6181080166482,"fish_oil"
152,2012,11.8918873642571,"fish_oil"
153,2012,878.513808694029,"fish_oil"
154,2012,9.52980307067397,"fish_oil"
155,2012,256.445603555381,"fish_oil"
156,2012,22.7496166555134,"fish_oil"
157,2012,286.818296889362,"fish_oil"
158,2012,0,"fish_oil"
159,2012,14.8807413439464,"fish_oil"
161,2012,1.36070472362844,"fish_oil"
162,2012,9716,"fish_oil"
163,2012,3689244.60533527,"fish_oil"
164,2012,0,"fish_oil"
166,2012,0,"fish_oil"
167,2012,1.4674894962698,"fish_oil"
168,2012,4.10267187869431,"fish_oil"
169,2012,45.3148187524428,"fish_oil"
171,2012,428648.291893829,"fish_oil"
172,2012,4137.4542664771,"fish_oil"
173,2012,8600.94221664885,"fish_oil"
174,2012,261308.453927357,"fish_oil"
175,2012,274338,"fish_oil"
176,2012,67116.5157566741,"fish_oil"
177,2012,74935,"fish_oil"
178,2012,586203.854985122,"fish_oil"
179,2012,50009.1,"fish_oil"
180,2012,692342.860436359,"fish_oil"
181,2012,244934.363706765,"fish_oil"
182,2012,13605,"fish_oil"
183,2012,4998,"fish_oil"
184,2012,457,"fish_oil"
185,2012,0,"fish_oil"
186,2012,1,"fish_oil"
187,2012,235,"fish_oil"
188,2012,651,"fish_oil"
189,2012,21475.1641811773,"fish_oil"
190,2012,0,"fish_oil"
191,2012,123353.987653526,"fish_oil"
192,2012,0,"fish_oil"
193,2012,2892.75556705946,"fish_oil"
194,2012,15863.4880721874,"fish_oil"
195,2012,16173.2530788691,"fish_oil"
196,2012,0,"fish_oil"
197,2012,13341.1345882755,"fish_oil"
198,2012,36092.0628143519,"fish_oil"
199,2012,9201.62957059296,"fish_oil"
200,2012,156019.266601584,"fish_oil"
202,2012,7.67003780522477,"fish_oil"
203,2012,5521695.69787032,"fish_oil"
204,2012,31754.2593984229,"fish_oil"
205,2012,1153947.21574544,"fish_oil"
206,2012,489131.243827258,"fish_oil"
207,2012,3349244.88278078,"fish_oil"
208,2012,1479,"fish_oil"
209,2012,9650610.40271762,"fish_oil"
210,2012,6738679.85390047,"fish_oil"
212,2012,36.0424384500152,"fish_oil"
213,2012,0,"fish_oil"
214,2012,26,"fish_oil"
215,2012,0,"fish_oil"
216,2012,258081.476091608,"fish_oil"
218,2012,36073,"fish_oil"
219,2012,1.60624877251039,"fish_oil"
220,2012,0,"fish_oil"
221,2012,0,"fish_oil"
222,2012,469312.666792719,"fish_oil"
223,2012,978813.000770092,"fish_oil"
224,2012,6041478.62949688,"fish_oil"
227,2012,557.673500625578,"fish_oil"
228,2012,557.673500625578,"fish_oil"
231,2012,1.43894954274724,"fish_oil"
232,2012,0,"fish_oil"
237,2012,0,"fish_oil"
244,2012,11,"fish_oil"
245,2012,0,"fish_oil"
247,2012,2028.21653772571,"fish_oil"
248,2012,0,"fish_oil"
249,2012,0,"fish_oil"
250,2012,4.90050123206143,"fish_oil"
1,2013,0,"fish_oil"
2,2013,0,"fish_oil"
3,2013,0.431522574940909,"fish_oil"
4,2013,0.607015008629839,"fish_oil"
5,2013,0,"fish_oil"
6,2013,71.7978885890111,"fish_oil"
7,2013,44.1251909989123,"fish_oil"
8,2013,0.472786652389526,"fish_oil"
9,2013,55.9375600656712,"fish_oil"
10,2013,5.82347097236951,"fish_oil"
11,2013,37.7902874551096,"fish_oil"
12,2013,0.00117939523121442,"fish_oil"
13,2013,0,"fish_oil"
14,2013,1568197.16098913,"fish_oil"
15,2013,63021.3080637686,"fish_oil"
16,2013,9855,"fish_oil"
17,2013,99.1691387712082,"fish_oil"
18,2013,32.4475964502592,"fish_oil"
19,2013,13.2084122895306,"fish_oil"
20,2013,1664148.78144527,"fish_oil"
21,2013,148330.093716407,"fish_oil"
24,2013,82107.9165145817,"fish_oil"
25,2013,1314561.90854887,"fish_oil"
26,2013,12925.5316280556,"fish_oil"
28,2013,1.68100781568666,"fish_oil"
29,2013,0,"fish_oil"
30,2013,0.00184315702087287,"fish_oil"
31,2013,2326,"fish_oil"
32,2013,0.041841926202116,"fish_oil"
33,2013,0.0171536483100569,"fish_oil"
34,2013,0.0171536483100569,"fish_oil"
35,2013,0.0171536483100569,"fish_oil"
36,2013,0.0213147573318786,"fish_oil"
37,2013,2340,"fish_oil"
38,2013,0,"fish_oil"
39,2013,0,"fish_oil"
40,2013,110574.649753401,"fish_oil"
41,2013,1228,"fish_oil"
42,2013,9352.80564538009,"fish_oil"
43,2013,4.1,"fish_oil"
44,2013,28762.7288475231,"fish_oil"
45,2013,10.9620553844909,"fish_oil"
46,2013,1.31919480922523,"fish_oil"
47,2013,492.996049337368,"fish_oil"
48,2013,21,"fish_oil"
49,2013,1.57742673119752,"fish_oil"
50,2013,0.0127713197304132,"fish_oil"
51,2013,0,"fish_oil"
52,2013,0,"fish_oil"
53,2013,1362058.24912849,"fish_oil"
54,2013,96,"fish_oil"
55,2013,0.0523801909340933,"fish_oil"
56,2013,5.87603637644308,"fish_oil"
57,2013,0.0731904093760558,"fish_oil"
58,2013,55.8653125464511,"fish_oil"
59,2013,10811,"fish_oil"
60,2013,0,"fish_oil"
61,2013,142.562168876808,"fish_oil"
62,2013,1118683.3482977,"fish_oil"
63,2013,1558046.03069635,"fish_oil"
64,2013,14389,"fish_oil"
65,2013,2.02782266495429,"fish_oil"
66,2013,450.817917174927,"fish_oil"
67,2013,104.800070590579,"fish_oil"
68,2013,0.1,"fish_oil"
69,2013,58868.5028971221,"fish_oil"
70,2013,79625.4049514073,"fish_oil"
71,2013,0.579885311446778,"fish_oil"
72,2013,354,"fish_oil"
73,2013,681896.468873505,"fish_oil"
74,2013,52907.5451822691,"fish_oil"
75,2013,44178.009517702,"fish_oil"
76,2013,274405.351646145,"fish_oil"
77,2013,0,"fish_oil"
78,2013,0,"fish_oil"
79,2013,7389,"fish_oil"
80,2013,586,"fish_oil"
81,2013,1.29355226044522,"fish_oil"
82,2013,0,"fish_oil"
84,2013,47.9708391685923,"fish_oil"
85,2013,0,"fish_oil"
86,2013,0,"fish_oil"
88,2013,0,"fish_oil"
89,2013,101976.497157678,"fish_oil"
90,2013,1.21671124398444,"fish_oil"
91,2013,22.7566491906572,"fish_oil"
92,2013,4.74176667475901,"fish_oil"
93,2013,158.953861480076,"fish_oil"
94,2013,8.68774523656131,"fish_oil"
95,2013,789.817392017619,"fish_oil"
96,2013,256.622963732484,"fish_oil"
97,2013,12562.2648771057,"fish_oil"
98,2013,8739.35293312661,"fish_oil"
99,2013,1221.69831610003,"fish_oil"
100,2013,0.26471146448125,"fish_oil"
101,2013,244258.185616392,"fish_oil"
102,2013,201595.396676716,"fish_oil"
103,2013,10.63100765075,"fish_oil"
104,2013,3448.93378491587,"fish_oil"
105,2013,0.135413996052666,"fish_oil"
106,2013,840.890932182353,"fish_oil"
107,2013,1.94877377893065,"fish_oil"
108,2013,0,"fish_oil"
110,2013,173.3511497,"fish_oil"
111,2013,0,"fish_oil"
112,2013,1636.7068266,"fish_oil"
113,2013,65.215235616,"fish_oil"
114,2013,39.44147661,"fish_oil"
115,2013,1,"fish_oil"
116,2013,0,"fish_oil"
117,2013,0,"fish_oil"
118,2013,0,"fish_oil"
119,2013,0,"fish_oil"
120,2013,0,"fish_oil"
121,2013,0,"fish_oil"
122,2013,1.189e-06,"fish_oil"
123,2013,0,"fish_oil"
124,2013,0,"fish_oil"
125,2013,0,"fish_oil"
126,2013,14.381126784,"fish_oil"
127,2013,0.227851222,"fish_oil"
129,2013,182113.703515182,"fish_oil"
130,2013,158,"fish_oil"
131,2013,0,"fish_oil"
132,2013,5941.34130317704,"fish_oil"
133,2013,37,"fish_oil"
134,2013,2660.50630142052,"fish_oil"
135,2013,1315409.07586836,"fish_oil"
136,2013,4,"fish_oil"
137,2013,121501.667092761,"fish_oil"
138,2013,10581117.1140632,"fish_oil"
139,2013,155.544955905222,"fish_oil"
140,2013,0,"fish_oil"
141,2013,1308909.70655427,"fish_oil"
143,2013,2565931.17244544,"fish_oil"
144,2013,886.439148593748,"fish_oil"
145,2013,2163.97692662652,"fish_oil"
146,2013,0,"fish_oil"
147,2013,0,"fish_oil"
148,2013,490.423318430177,"fish_oil"
149,2013,0,"fish_oil"
150,2013,0,"fish_oil"
151,2013,13.92389259362,"fish_oil"
152,2013,6.65378888026267,"fish_oil"
153,2013,517.384834548761,"fish_oil"
154,2013,5.33214784752072,"fish_oil"
155,2013,148.860572807653,"fish_oil"
156,2013,13.991810504203,"fish_oil"
157,2013,169.04840695468,"fish_oil"
158,2013,0,"fish_oil"
159,2013,7.568882656537,"fish_oil"
161,2013,0.761346197730059,"fish_oil"
162,2013,10163,"fish_oil"
163,2013,2853952.66548106,"fish_oil"
164,2013,0,"fish_oil"
166,2013,0,"fish_oil"
167,2013,0.00553523018699781,"fish_oil"
168,2013,1.7357041271046,"fish_oil"
169,2013,15.5190993049335,"fish_oil"
171,2013,185815.59516213,"fish_oil"
172,2013,2607,"fish_oil"
173,2013,3256.29373497147,"fish_oil"
174,2013,374066.777682514,"fish_oil"
175,2013,271153,"fish_oil"
176,2013,53111.2687422988,"fish_oil"
177,2013,55471,"fish_oil"
178,2013,108541.177393187,"fish_oil"
179,2013,46975,"fish_oil"
180,2013,1227888.89270351,"fish_oil"
181,2013,1016364.69135259,"fish_oil"
182,2013,18908,"fish_oil"
183,2013,5665,"fish_oil"
184,2013,556,"fish_oil"
185,2013,0,"fish_oil"
186,2013,0,"fish_oil"
187,2013,327,"fish_oil"
188,2013,91,"fish_oil"
189,2013,29398.4512547647,"fish_oil"
190,2013,0,"fish_oil"
191,2013,192212.792543312,"fish_oil"
192,2013,0,"fish_oil"
193,2013,25200.7833925448,"fish_oil"
194,2013,25414.8138669567,"fish_oil"
195,2013,24436.8333369317,"fish_oil"
196,2013,0,"fish_oil"
197,2013,5209.95142377175,"fish_oil"
198,2013,13851.6725971176,"fish_oil"
199,2013,3510.46709924985,"fish_oil"
200,2013,60953.3758591703,"fish_oil"
202,2013,236.457238376642,"fish_oil"
203,2013,5723786.90617019,"fish_oil"
204,2013,23207.9572607408,"fish_oil"
205,2013,1251714.97703915,"fish_oil"
206,2013,268157.828932121,"fish_oil"
207,2013,4818604.65737458,"fish_oil"
208,2013,1661,"fish_oil"
209,2013,9868883.37327195,"fish_oil"
210,2013,7315185.75101676,"fish_oil"
212,2013,22.0936107610155,"fish_oil"
213,2013,0,"fish_oil"
214,2013,233,"fish_oil"
215,2013,0,"fish_oil"
216,2013,263005.649332399,"fish_oil"
218,2013,30425,"fish_oil"
219,2013,2.5500014743112,"fish_oil"
220,2013,0,"fish_oil"
221,2013,0,"fish_oil"
222,2013,618467.640970233,"fish_oil"
223,2013,821062.6987034,"fish_oil"
224,2013,2375979.85104855,"fish_oil"
227,2013,660.621734178644,"fish_oil"
228,2013,660.621734178644,"fish_oil"
231,2013,4.2254182970147,"fish_oil"
232,2013,0,"fish_oil"
237,2013,0,"fish_oil"
244,2013,21,"fish_oil"
245,2013,0,"fish_oil"
247,2013,1126.61543293983,"fish_oil"
248,2013,0,"fish_oil"
249,2013,0,"fish_oil"
250,2013,2.29373460341755,"fish_oil"
1,2014,0,"fish_oil"
2,2014,0,"fish_oil"
3,2014,0.393437286643786,"fish_oil"
4,2014,0.650359577512573,"fish_oil"
5,2014,0,"fish_oil"
6,2014,31.29257138145,"fish_oil"
7,2014,41.1778987277773,"fish_oil"
8,2014,0.358506172737864,"fish_oil"
9,2014,51.9591402077671,"fish_oil"
10,2014,5.42785805516147,"fish_oil"
11,2014,35.0096297402673,"fish_oil"
12,2014,0.00140988724338691,"fish_oil"
13,2014,0,"fish_oil"
14,2014,1579822.18948347,"fish_oil"
15,2014,1560,"fish_oil"
16,2014,10453,"fish_oil"
17,2014,92.8161086533965,"fish_oil"
18,2014,29.249769734474,"fish_oil"
19,2014,12.219605842631,"fish_oil"
20,2014,1460362.62522019,"fish_oil"
21,2014,133376.949088445,"fish_oil"
24,2014,86844.1687920869,"fish_oil"
25,2014,1146639.58801991,"fish_oil"
26,2014,12884.4464375808,"fish_oil"
28,2014,0.751754115636803,"fish_oil"
29,2014,0,"fish_oil"
30,2014,0.00275421197079525,"fish_oil"
31,2014,2376,"fish_oil"
32,2014,0.0234498174350523,"fish_oil"
33,2014,0.0223376474130476,"fish_oil"
34,2014,0.0223376474130476,"fish_oil"
35,2014,0.0223376474130476,"fish_oil"
36,2014,0.00881908096690829,"fish_oil"
37,2014,2108,"fish_oil"
38,2014,3.13355900363321,"fish_oil"
39,2014,0,"fish_oil"
40,2014,77471.2046329617,"fish_oil"
41,2014,1289,"fish_oil"
42,2014,14405.6945341185,"fish_oil"
43,2014,0,"fish_oil"
44,2014,48302.2601470051,"fish_oil"
45,2014,17.7252035487799,"fish_oil"
46,2014,2.76739967018141,"fish_oil"
47,2014,435.387152583523,"fish_oil"
48,2014,0,"fish_oil"
49,2014,0,"fish_oil"
50,2014,0.0124205831085604,"fish_oil"
51,2014,0,"fish_oil"
52,2014,0,"fish_oil"
53,2014,1340530.84408508,"fish_oil"
54,2014,255,"fish_oil"
55,2014,0.526500735411526,"fish_oil"
56,2014,6.42032785977446,"fish_oil"
57,2014,0.12429573794064,"fish_oil"
58,2014,87.5848214732358,"fish_oil"
59,2014,10264,"fish_oil"
60,2014,0,"fish_oil"
61,2014,131.020248898965,"fish_oil"
62,2014,1069562.76837695,"fish_oil"
63,2014,1472981.21452457,"fish_oil"
64,2014,17786,"fish_oil"
65,2014,1544.13808235897,"fish_oil"
66,2014,770,"fish_oil"
67,2014,62.9350645001428,"fish_oil"
68,2014,0.1,"fish_oil"
69,2014,96568.0002235774,"fish_oil"
70,2014,106302.755131631,"fish_oil"
71,2014,0.638438382570485,"fish_oil"
72,2014,95,"fish_oil"
73,2014,864784.593323011,"fish_oil"
74,2014,57961.6189840021,"fish_oil"
75,2014,19221.3088988483,"fish_oil"
76,2014,224500.902480819,"fish_oil"
77,2014,0,"fish_oil"
78,2014,0,"fish_oil"
79,2014,4804,"fish_oil"
80,2014,276.906533331826,"fish_oil"
81,2014,12.9890141317645,"fish_oil"
82,2014,0,"fish_oil"
84,2014,42.6040428439055,"fish_oil"
85,2014,0,"fish_oil"
86,2014,0,"fish_oil"
88,2014,0,"fish_oil"
89,2014,310751.849506299,"fish_oil"
90,2014,0.756630158031134,"fish_oil"
91,2014,25.6301237352492,"fish_oil"
92,2014,5.54065390946093,"fish_oil"
93,2014,193.807032041181,"fish_oil"
94,2014,10.5215224521953,"fish_oil"
95,2014,1884.75926421877,"fish_oil"
96,2014,365.532852414661,"fish_oil"
97,2014,12025.3734754649,"fish_oil"
98,2014,8108.97730933959,"fish_oil"
99,2014,1131.55257481547,"fish_oil"
100,2014,0.0221076733935559,"fish_oil"
101,2014,88756.4782935497,"fish_oil"
102,2014,390846.752446931,"fish_oil"
103,2014,4.92358996071545,"fish_oil"
104,2014,2309.87579391491,"fish_oil"
105,2014,0.0875391706313645,"fish_oil"
106,2014,578.785082861306,"fish_oil"
107,2014,2.67960314637918,"fish_oil"
108,2014,0,"fish_oil"
110,2014,91.4570150197181,"fish_oil"
111,2014,0,"fish_oil"
112,2014,864.397450109658,"fish_oil"
113,2014,34.4094435566977,"fish_oil"
114,2014,20.9702298399541,"fish_oil"
115,2014,0,"fish_oil"
116,2014,0,"fish_oil"
117,2014,0,"fish_oil"
118,2014,0,"fish_oil"
119,2014,0,"fish_oil"
120,2014,0,"fish_oil"
121,2014,0,"fish_oil"
122,2014,8.01039712099857e-07,"fish_oil"
123,2014,0,"fish_oil"
124,2014,0,"fish_oil"
125,2014,0,"fish_oil"
126,2014,7.39237048069129,"fish_oil"
127,2014,0.356570192204949,"fish_oil"
129,2014,339824.929908602,"fish_oil"
130,2014,425,"fish_oil"
131,2014,128,"fish_oil"
132,2014,32520.5409572828,"fish_oil"
133,2014,94,"fish_oil"
134,2014,5155.80713171459,"fish_oil"
135,2014,2008119.9756491,"fish_oil"
136,2014,2,"fish_oil"
137,2014,257580.4310628,"fish_oil"
138,2014,11929170.3424727,"fish_oil"
139,2014,306.991300259014,"fish_oil"
140,2014,0,"fish_oil"
141,2014,2571282.70048078,"fish_oil"
143,2014,1027095.99986378,"fish_oil"
144,2014,998.944837653645,"fish_oil"
145,2014,89118.5897400807,"fish_oil"
146,2014,0,"fish_oil"
147,2014,982.427802616224,"fish_oil"
148,2014,298.731610935134,"fish_oil"
149,2014,0,"fish_oil"
150,2014,0,"fish_oil"
151,2014,4.08206825207907,"fish_oil"
152,2014,0,"fish_oil"
153,2014,310.785928718318,"fish_oil"
154,2014,0.416853836766979,"fish_oil"
155,2014,71.4988408386694,"fish_oil"
156,2014,4.07405858787247,"fish_oil"
157,2014,103.302414493298,"fish_oil"
158,2014,0,"fish_oil"
159,2014,2.27866034759723,"fish_oil"
161,2014,0,"fish_oil"
162,2014,7116,"fish_oil"
163,2014,2120172.0184065,"fish_oil"
164,2014,0,"fish_oil"
166,2014,0,"fish_oil"
167,2014,0.00331018090171935,"fish_oil"
168,2014,3.50750395120589,"fish_oil"
169,2014,6.7160191811576,"fish_oil"
171,2014,208083.718026244,"fish_oil"
172,2014,4552.38461107879,"fish_oil"
173,2014,6673.66310813172,"fish_oil"
174,2014,474603.064514773,"fish_oil"
175,2014,423364.310331101,"fish_oil"
176,2014,112040.567212202,"fish_oil"
177,2014,57774,"fish_oil"
178,2014,141278.471138217,"fish_oil"
179,2014,51210,"fish_oil"
180,2014,3037068.17297375,"fish_oil"
181,2014,1294969.6824366,"fish_oil"
182,2014,21345,"fish_oil"
183,2014,8794,"fish_oil"
184,2014,623,"fish_oil"
185,2014,0,"fish_oil"
186,2014,0,"fish_oil"
187,2014,157,"fish_oil"
188,2014,1,"fish_oil"
189,2014,45773.8372777134,"fish_oil"
190,2014,0,"fish_oil"
191,2014,233007.446481576,"fish_oil"
192,2014,0,"fish_oil"
193,2014,34374.7657323225,"fish_oil"
194,2014,23720.0409642731,"fish_oil"
195,2014,23084.5062264351,"fish_oil"
196,2014,0,"fish_oil"
197,2014,3521.16145559325,"fish_oil"
198,2014,9411.17243940674,"fish_oil"
199,2014,2418.10471831652,"fish_oil"
200,2014,39962.2211803043,"fish_oil"
202,2014,235.52126767061,"fish_oil"
203,2014,5034530.21714327,"fish_oil"
204,2014,22284.0908083636,"fish_oil"
205,2014,1146414.6916898,"fish_oil"
206,2014,322519.839426972,"fish_oil"
207,2014,3647093.67081874,"fish_oil"
208,2014,665.574860846865,"fish_oil"
209,2014,8078281.12444175,"fish_oil"
210,2014,6001697.92752414,"fish_oil"
212,2014,20.490852522305,"fish_oil"
213,2014,0,"fish_oil"
214,2014,139,"fish_oil"
215,2014,0,"fish_oil"
216,2014,233279.553713687,"fish_oil"
218,2014,16026,"fish_oil"
219,2014,2.38449580742486,"fish_oil"
220,2014,0,"fish_oil"
221,2014,0,"fish_oil"
222,2014,804921.086409877,"fish_oil"
223,2014,563301.907781487,"fish_oil"
224,2014,4660714.25792056,"fish_oil"
227,2014,450.763341753011,"fish_oil"
228,2014,450.763341753011,"fish_oil"
231,2014,2.82206188738088,"fish_oil"
232,2014,0,"fish_oil"
237,2014,0,"fish_oil"
244,2014,17,"fish_oil"
245,2014,0,"fish_oil"
247,2014,1346.78892626765,"fish_oil"
248,2014,0,"fish_oil"
249,2014,0,"fish_oil"
250,2014,2.75268057416033,"fish_oil"
1,2015,0,"fish_oil"
2,2015,0,"fish_oil"
3,2015,0,"fish_oil"
4,2015,0.322888357945546,"fish_oil"
5,2015,0,"fish_oil"
6,2015,27.3406667678208,"fish_oil"
7,2015,37.6293129295379,"fish_oil"
8,2015,0.268472003170896,"fish_oil"
9,2015,47.1795625604883,"fish_oil"
10,2015,4.94777145613364,"fish_oil"
11,2015,31.638315974787,"fish_oil"
12,2015,0.00274957412758865,"fish_oil"
13,2015,0,"fish_oil"
14,2015,743688.16112736,"fish_oil"
15,2015,1063,"fish_oil"
16,2015,12863,"fish_oil"
17,2015,85.4784180719275,"fish_oil"
18,2015,26.8806691058796,"fish_oil"
19,2015,11.0164608569986,"fish_oil"
20,2015,786852.945822848,"fish_oil"
21,2015,67631.6367123573,"fish_oil"
24,2015,73436.1647423578,"fish_oil"
25,2015,981724.501581261,"fish_oil"
26,2015,7842.71540943203,"fish_oil"
28,2015,0.0116078893980219,"fish_oil"
29,2015,0,"fish_oil"
30,2015,0.00608745901503546,"fish_oil"
31,2015,2759,"fish_oil"
32,2015,0,"fish_oil"
33,2015,0.0468963918215603,"fish_oil"
34,2015,0.0468963918215603,"fish_oil"
35,2015,0.0468963918215603,"fish_oil"
36,2015,0,"fish_oil"
37,2015,2716,"fish_oil"
38,2015,0,"fish_oil"
39,2015,0,"fish_oil"
40,2015,51439.1293528172,"fish_oil"
41,2015,1092,"fish_oil"
42,2015,14909.2753848131,"fish_oil"
43,2015,0,"fish_oil"
44,2015,32899.7423728424,"fish_oil"
45,2015,14.3420101318185,"fish_oil"
46,2015,2.04345561171103,"fish_oil"
47,2015,276.912584004115,"fish_oil"
48,2015,3229,"fish_oil"
49,2015,0,"fish_oil"
50,2015,0.00961534681477294,"fish_oil"
51,2015,0,"fish_oil"
52,2015,0,"fish_oil"
53,2015,798376.08312911,"fish_oil"
54,2015,275.1,"fish_oil"
55,2015,0.515449653968826,"fish_oil"
56,2015,9.76260544746163,"fish_oil"
57,2015,0.07006941413948,"fish_oil"
58,2015,53.5700228836614,"fish_oil"
59,2015,15111,"fish_oil"
60,2015,0,"fish_oil"
61,2015,36.3457511990283,"fish_oil"
62,2015,276596.980880049,"fish_oil"
63,2015,372550.483178321,"fish_oil"
64,2015,24074.08,"fish_oil"
65,2015,1628.76979489433,"fish_oil"
66,2015,2502,"fish_oil"
67,2015,17.2055526644469,"fish_oil"
68,2015,0,"fish_oil"
69,2015,92356.4337084188,"fish_oil"
70,2015,101260.572492363,"fish_oil"
71,2015,1.09971405342621,"fish_oil"
72,2015,195,"fish_oil"
73,2015,1152347.12216902,"fish_oil"
74,2015,38229.3884500883,"fish_oil"
75,2015,50913.7526767611,"fish_oil"
76,2015,326731.66808513,"fish_oil"
77,2015,0,"fish_oil"
78,2015,0,"fish_oil"
79,2015,4639,"fish_oil"
80,2015,202.052740450492,"fish_oil"
81,2015,2.5403530890748,"fish_oil"
82,2015,0,"fish_oil"
84,2015,12.1562639813339,"fish_oil"
85,2015,0,"fish_oil"
86,2015,0,"fish_oil"
88,2015,0,"fish_oil"
89,2015,231214.145954169,"fish_oil"
90,2015,0.712620694677719,"fish_oil"
91,2015,58.6292345638298,"fish_oil"
92,2015,9.57728463586078,"fish_oil"
93,2015,256.449403191489,"fish_oil"
94,2015,10.4365207236125,"fish_oil"
95,2015,2756.41688390674,"fish_oil"
96,2015,492.487163960283,"fish_oil"
97,2015,13498.7739967178,"fish_oil"
98,2015,8717.75297744771,"fish_oil"
99,2015,1199.76271719016,"fish_oil"
100,2015,0.0401439140347104,"fish_oil"
101,2015,95235.404147158,"fish_oil"
102,2015,414115.900909387,"fish_oil"
103,2015,2.82114468790115,"fish_oil"
104,2015,904.607740934049,"fish_oil"
105,2015,0.124178987714124,"fish_oil"
106,2015,658.309518181371,"fish_oil"
107,2015,2.45091428599007,"fish_oil"
108,2015,0,"fish_oil"
110,2015,45.618075702,"fish_oil"
111,2015,0,"fish_oil"
112,2015,37.5925319526,"fish_oil"
113,2015,17.202626664,"fish_oil"
114,2015,10.4088899904,"fish_oil"
115,2015,3,"fish_oil"
116,2015,0,"fish_oil"
117,2015,0,"fish_oil"
118,2015,0,"fish_oil"
119,2015,0,"fish_oil"
120,2015,0,"fish_oil"
121,2015,0,"fish_oil"
122,2015,1.215e-07,"fish_oil"
123,2015,0,"fish_oil"
124,2015,0,"fish_oil"
125,2015,0,"fish_oil"
126,2015,3.6753725058,"fish_oil"
127,2015,0.1676534163,"fish_oil"
129,2015,129134.209432672,"fish_oil"
130,2015,514,"fish_oil"
131,2015,0,"fish_oil"
132,2015,47160.7081259685,"fish_oil"
133,2015,0,"fish_oil"
134,2015,5759.39012683312,"fish_oil"
135,2015,813760.721231427,"fish_oil"
136,2015,6.1,"fish_oil"
137,2015,449365.527893212,"fish_oil"
138,2015,22621177.3931899,"fish_oil"
139,2015,583.953636376562,"fish_oil"
140,2015,0,"fish_oil"
141,2015,3358050.02063465,"fish_oil"
143,2015,2718368.39310799,"fish_oil"
144,2015,2574.04585252008,"fish_oil"
145,2015,1202.77820381862,"fish_oil"
146,2015,0,"fish_oil"
147,2015,889.523105310924,"fish_oil"
148,2015,265.463813736574,"fish_oil"
149,2015,42.9980305638156,"fish_oil"
150,2015,0,"fish_oil"
151,2015,1.67825467429402,"fish_oil"
152,2015,0,"fish_oil"
153,2015,276.633915858941,"fish_oil"
154,2015,0.323639217013354,"fish_oil"
155,2015,67.1856328613284,"fish_oil"
156,2015,2.03651033267389,"fish_oil"
157,2015,91.7779241690647,"fish_oil"
158,2015,0,"fish_oil"
159,2015,2.07426688542553,"fish_oil"
161,2015,0,"fish_oil"
162,2015,6620,"fish_oil"
163,2015,3688313.23258145,"fish_oil"
164,2015,0,"fish_oil"
166,2015,0,"fish_oil"
167,2015,0.0789196563471223,"fish_oil"
168,2015,4.97145344320841,"fish_oil"
169,2015,47.1247836013525,"fish_oil"
171,2015,251336.464477474,"fish_oil"
172,2015,4400.35036413586,"fish_oil"
173,2015,9046.17912649541,"fish_oil"
174,2015,430683.190367238,"fish_oil"
175,2015,474504.469913612,"fish_oil"
176,2015,150748.904683399,"fish_oil"
177,2015,112245.207338725,"fish_oil"
178,2015,156199.384906804,"fish_oil"
179,2015,55743,"fish_oil"
180,2015,3028817.01129981,"fish_oil"
181,2015,1243207.12613731,"fish_oil"
182,2015,19830,"fish_oil"
183,2015,7627,"fish_oil"
184,2015,897,"fish_oil"
185,2015,0,"fish_oil"
186,2015,0.00485192983964539,"fish_oil"
187,2015,263,"fish_oil"
188,2015,2.1,"fish_oil"
189,2015,24088.1120330097,"fish_oil"
190,2015,0,"fish_oil"
191,2015,141000.277046386,"fish_oil"
192,2015,0,"fish_oil"
193,2015,63872.8534079853,"fish_oil"
194,2015,25729.8184447507,"fish_oil"
195,2015,25324.8940425374,"fish_oil"
196,2015,0,"fish_oil"
197,2015,1373.32230223492,"fish_oil"
198,2015,3703.46288591655,"fish_oil"
199,2015,936.542555054418,"fish_oil"
200,2015,17102.9976574473,"fish_oil"
202,2015,181.783191734652,"fish_oil"
203,2015,1917234.91056499,"fish_oil"
204,2015,13525.023152997,"fish_oil"
205,2015,1102880.24615248,"fish_oil"
206,2015,633016.392470297,"fish_oil"
207,2015,4526535.8494165,"fish_oil"
208,2015,435.567034144266,"fish_oil"
209,2015,4860813.78487146,"fish_oil"
210,2015,3473384.61443702,"fish_oil"
212,2015,18.5404059308805,"fish_oil"
213,2015,0,"fish_oil"
214,2015,6,"fish_oil"
215,2015,0,"fish_oil"
216,2015,222272.210135867,"fish_oil"
218,2015,16037,"fish_oil"
219,2015,2.28453577862527,"fish_oil"
220,2015,0,"fish_oil"
221,2015,0,"fish_oil"
222,2015,676974.637375556,"fish_oil"
223,2015,1054250.49920148,"fish_oil"
224,2015,2207026.00181343,"fish_oil"
227,2015,455.001075184918,"fish_oil"
228,2015,455.001075184918,"fish_oil"
231,2015,3.3569297377561,"fish_oil"
232,2015,0,"fish_oil"
237,2015,0,"fish_oil"
244,2015,16,"fish_oil"
245,2015,0,"fish_oil"
247,2015,2626.52154834552,"fish_oil"
248,2015,0,"fish_oil"
249,2015,0,"fish_oil"
250,2015,4.79320748143092,"fish_oil"
1,2016,0,"fish_oil"
2,2016,0,"fish_oil"
3,2016,0,"fish_oil"
4,2016,0.592421353874554,"fish_oil"
5,2016,0,"fish_oil"
6,2016,8.32833659879819,"fish_oil"
7,2016,8.89586313681905,"fish_oil"
8,2016,5.04308150788233,"fish_oil"
9,2016,26.3193473923797,"fish_oil"
10,2016,2.67660448014019,"fish_oil"
11,2016,17.0758327025812,"fish_oil"
12,2016,0.000595102737471526,"fish_oil"
13,2016,6.3946840523918e-05,"fish_oil"
14,2016,1628438.86756825,"fish_oil"
15,2016,1435,"fish_oil"
16,2016,27753.6587272654,"fish_oil"
17,2016,38,"fish_oil"
18,2016,6.31229887315364,"fish_oil"
19,2016,5.94747723207411,"fish_oil"
20,2016,1705023.91660888,"fish_oil"
21,2016,164287.407512768,"fish_oil"
24,2016,51850.1247509539,"fish_oil"
25,2016,769937.350598548,"fish_oil"
26,2016,11243.0329996432,"fish_oil"
28,2016,0.0258194951492014,"fish_oil"
29,2016,0,"fish_oil"
30,2016,0.00149191608997722,"fish_oil"
31,2016,3763,"fish_oil"
32,2016,0.0136363742879825,"fish_oil"
33,2016,0.0108843601571754,"fish_oil"
34,2016,0.0108843601571754,"fish_oil"
35,2016,0.0108843601571754,"fish_oil"
36,2016,0.00321829730637813,"fish_oil"
37,2016,3112,"fish_oil"
38,2016,0,"fish_oil"
39,2016,0,"fish_oil"
40,2016,63237.1780560139,"fish_oil"
41,2016,1800,"fish_oil"
42,2016,11503.0684881319,"fish_oil"
43,2016,12.1920850380122,"fish_oil"
44,2016,28979.9218531433,"fish_oil"
45,2016,10.3021563989595,"fish_oil"
46,2016,1.31392034352285,"fish_oil"
47,2016,459.684093667811,"fish_oil"
48,2016,5903,"fish_oil"
49,2016,0,"fish_oil"
50,2016,1,"fish_oil"
51,2016,0,"fish_oil"
52,2016,0,"fish_oil"
53,2016,1087320.34043879,"fish_oil"
54,2016,1658,"fish_oil"
55,2016,0.0674054130840544,"fish_oil"
56,2016,4.8773592406891,"fish_oil"
57,2016,0.0543878090553014,"fish_oil"
58,2016,81.4462617225937,"fish_oil"
59,2016,22871,"fish_oil"
60,2016,0,"fish_oil"
61,2016,120.602989402948,"fish_oil"
62,2016,1053108.59342596,"fish_oil"
63,2016,1430915.98908454,"fish_oil"
64,2016,24517,"fish_oil"
65,2016,1145.01271059621,"fish_oil"
66,2016,1447,"fish_oil"
67,2016,76.3854395332898,"fish_oil"
68,2016,0,"fish_oil"
69,2016,54560.6034590705,"fish_oil"
70,2016,57600.183610351,"fish_oil"
71,2016,0.346768825721669,"fish_oil"
72,2016,156,"fish_oil"
73,2016,445683.171657183,"fish_oil"
74,2016,88351.3449311539,"fish_oil"
75,2016,18175.9994227266,"fish_oil"
76,2016,372490.502513665,"fish_oil"
77,2016,0.00987743928193436,"fish_oil"
78,2016,0,"fish_oil"
79,2016,4031,"fish_oil"
80,2016,250,"fish_oil"
81,2016,45.5474379371957,"fish_oil"
82,2016,0,"fish_oil"
84,2016,42.2213513057896,"fish_oil"
85,2016,0,"fish_oil"
86,2016,0,"fish_oil"
88,2016,0,"fish_oil"
89,2016,266906.776647205,"fish_oil"
90,2016,0.614195656846104,"fish_oil"
91,2016,16.5865563448292,"fish_oil"
92,2016,1.94884097201481,"fish_oil"
93,2016,70.1416742596811,"fish_oil"
94,2016,8.37140431783638,"fish_oil"
95,2016,161.02707657324,"fish_oil"
96,2016,103.842082592839,"fish_oil"
97,2016,10087.8491590533,"fish_oil"
98,2016,6075.07328973027,"fish_oil"
99,2016,840.97569306855,"fish_oil"
100,2016,0.0463601779403914,"fish_oil"
101,2016,102010.632785216,"fish_oil"
102,2016,486033.568394119,"fish_oil"
103,2016,2.39500677754077,"fish_oil"
104,2016,719.796830099779,"fish_oil"
105,2016,0.0859128551557086,"fish_oil"
106,2016,483.892655462478,"fish_oil"
107,2016,0.788835387080296,"fish_oil"
108,2016,0,"fish_oil"
110,2016,132.27000632525,"fish_oil"
111,2016,0,"fish_oil"
112,2016,119.660117188625,"fish_oil"
113,2016,49.9831981622,"fish_oil"
114,2016,30.164951853,"fish_oil"
115,2016,3.1,"fish_oil"
116,2016,1.2823708428246e-05,"fish_oil"
117,2016,0,"fish_oil"
118,2016,0,"fish_oil"
119,2016,0,"fish_oil"
120,2016,0,"fish_oil"
121,2016,0,"fish_oil"
122,2016,1.11848e-05,"fish_oil"
123,2016,0,"fish_oil"
124,2016,5,"fish_oil"
125,2016,0,"fish_oil"
126,2016,13.722147931925,"fish_oil"
127,2016,0.618303227525,"fish_oil"
129,2016,79210.7223020037,"fish_oil"
130,2016,786,"fish_oil"
131,2016,0,"fish_oil"
132,2016,1858.11546357473,"fish_oil"
133,2016,14,"fish_oil"
134,2016,5928.90564376178,"fish_oil"
135,2016,445174.142614595,"fish_oil"
136,2016,46,"fish_oil"
137,2016,491492.992193618,"fish_oil"
138,2016,13834654.112333,"fish_oil"
139,2016,575.736950378815,"fish_oil"
140,2016,0,"fish_oil"
141,2016,1839962.86353983,"fish_oil"
143,2016,610804.737110029,"fish_oil"
144,2016,0.239379899970179,"fish_oil"
145,2016,818.657590052321,"fish_oil"
146,2016,0,"fish_oil"
147,2016,669.972767624745,"fish_oil"
148,2016,184.415008210984,"fish_oil"
149,2016,7.1330037463172,"fish_oil"
150,2016,3.49026884965831e-05,"fish_oil"
151,2016,2.22446636085993,"fish_oil"
152,2016,22.5373302686379,"fish_oil"
153,2016,192.078438001932,"fish_oil"
154,2016,0.000182454680781249,"fish_oil"
155,2016,0.52394702235715,"fish_oil"
156,2016,2.46658651723094,"fish_oil"
157,2016,63.651074134692,"fish_oil"
158,2016,0.000243813618109339,"fish_oil"
159,2016,0.66551374715262,"fish_oil"
161,2016,0.000368537089721282,"fish_oil"
162,2016,7682,"fish_oil"
163,2016,3401087.79523677,"fish_oil"
164,2016,0,"fish_oil"
166,2016,0,"fish_oil"
167,2016,0.0610347116758547,"fish_oil"
168,2016,3.98727056320645,"fish_oil"
169,2016,34.2448486853299,"fish_oil"
171,2016,205214.513121089,"fish_oil"
172,2016,2572.6234187818,"fish_oil"
173,2016,7104.46936110877,"fish_oil"
174,2016,277670.685452359,"fish_oil"
175,2016,279931,"fish_oil"
176,2016,115915.572471171,"fish_oil"
177,2016,77305.566716097,"fish_oil"
178,2016,58433.4005756396,"fish_oil"
179,2016,52769,"fish_oil"
180,2016,1584700.64224839,"fish_oil"
181,2016,1122673.07063508,"fish_oil"
182,2016,26089,"fish_oil"
183,2016,4974,"fish_oil"
184,2016,559,"fish_oil"
185,2016,0,"fish_oil"
186,2016,0.000448128355353075,"fish_oil"
187,2016,237,"fish_oil"
188,2016,4.1,"fish_oil"
189,2016,17979.1995371195,"fish_oil"
190,2016,0,"fish_oil"
191,2016,232133.266055363,"fish_oil"
192,2016,0,"fish_oil"
193,2016,44545.6094266151,"fish_oil"
194,2016,18537.4689653872,"fish_oil"
195,2016,17854.9384471974,"fish_oil"
196,2016,0,"fish_oil"
197,2016,1114.87801252403,"fish_oil"
198,2016,2946.13910958536,"fish_oil"
199,2016,752.595474697438,"fish_oil"
200,2016,13081.2942171663,"fish_oil"
202,2016,172.779819660854,"fish_oil"
203,2016,2907894.98617711,"fish_oil"
204,2016,19689.9962422452,"fish_oil"
205,2016,943320.949996745,"fish_oil"
206,2016,143873.109752386,"fish_oil"
207,2016,3749472.42173128,"fish_oil"
208,2016,1054,"fish_oil"
209,2016,10025927.5389147,"fish_oil"
210,2016,8263049.21140083,"fish_oil"
212,2016,10.0170518099124,"fish_oil"
213,2016,0,"fish_oil"
214,2016,14,"fish_oil"
215,2016,0,"fish_oil"
216,2016,170576.896137641,"fish_oil"
218,2016,13369,"fish_oil"
219,2016,1.87224366206177,"fish_oil"
220,2016,0,"fish_oil"
221,2016,0,"fish_oil"
222,2016,388434.67208917,"fish_oil"
223,2016,284949.303533612,"fish_oil"
224,2016,1572290.84048258,"fish_oil"
227,2016,319.778399580844,"fish_oil"
228,2016,319.778399580844,"fish_oil"
231,2016,2.57402750029416,"fish_oil"
232,2016,0,"fish_oil"
237,2016,0,"fish_oil"
244,2016,15,"fish_oil"
245,2016,0,"fish_oil"
247,2016,568.468693305852,"fish_oil"
248,2016,0,"fish_oil"
249,2016,0,"fish_oil"
250,2016,0.954072068207289,"fish_oil"
1,2017,0,"fish_oil"
2,2017,0,"fish_oil"
3,2017,0,"fish_oil"
4,2017,0.505010239079266,"fish_oil"
5,2017,0,"fish_oil"
6,2017,22.6810601976149,"fish_oil"
7,2017,27.0786904442263,"fish_oil"
8,2017,6.74055328263894,"fish_oil"
9,2017,33.8565381448164,"fish_oil"
10,2017,3.56425405596685,"fish_oil"
11,2017,22.6615287784568,"fish_oil"
12,2017,0.000615152270790546,"fish_oil"
13,2017,1.44950459179495e-05,"fish_oil"
14,2017,1032197.3719074,"fish_oil"
15,2017,2171,"fish_oil"
16,2017,23843.1795678827,"fish_oil"
17,2017,61.5426736818129,"fish_oil"
18,2017,19.3539208260682,"fish_oil"
19,2017,7.8935418285467,"fish_oil"
20,2017,1161270.59174943,"fish_oil"
21,2017,103354.381165777,"fish_oil"
24,2017,54384.6628294142,"fish_oil"
25,2017,787206.95085227,"fish_oil"
26,2017,10333.487062979,"fish_oil"
28,2017,0,"fish_oil"
29,2017,0,"fish_oil"
30,2017,0.00172243492466178,"fish_oil"
31,2017,2564,"fish_oil"
32,2017,0,"fish_oil"
33,2017,0.0120101675426243,"fish_oil"
34,2017,0.0120101675426243,"fish_oil"
35,2017,0.0120101675426243,"fish_oil"
36,2017,0,"fish_oil"
37,2017,4840,"fish_oil"
38,2017,0,"fish_oil"
39,2017,0,"fish_oil"
40,2017,45496.1732774226,"fish_oil"
41,2017,1324,"fish_oil"
42,2017,10728.4364369058,"fish_oil"
43,2017,26,"fish_oil"
44,2017,31166.5673084166,"fish_oil"
45,2017,13.2766037520055,"fish_oil"
46,2017,1.81969692699951,"fish_oil"
47,2017,864.314175100832,"fish_oil"
48,2017,7392,"fish_oil"
49,2017,0,"fish_oil"
50,2017,54,"fish_oil"
51,2017,0,"fish_oil"
52,2017,0,"fish_oil"
53,2017,931078.582010526,"fish_oil"
54,2017,2469,"fish_oil"
55,2017,13.615002682417,"fish_oil"
56,2017,6.86982718481694,"fish_oil"
57,2017,0.439165160072906,"fish_oil"
58,2017,93.1556218922306,"fish_oil"
59,2017,19742,"fish_oil"
60,2017,0,"fish_oil"
61,2017,100.728765169556,"fish_oil"
62,2017,1059974.477776,"fish_oil"
63,2017,1437634.19552297,"fish_oil"
64,2017,34479,"fish_oil"
65,2017,1855.46418531509,"fish_oil"
66,2017,2328,"fish_oil"
67,2017,83.6974100244752,"fish_oil"
68,2017,2.95775796136861e-05,"fish_oil"
69,2017,91933.2860771893,"fish_oil"
70,2017,110974.137542988,"fish_oil"
71,2017,0.319799712983323,"fish_oil"
72,2017,88,"fish_oil"
73,2017,412105.576439878,"fish_oil"
74,2017,82050.0399557859,"fish_oil"
75,2017,15917.8214405747,"fish_oil"
76,2017,1087039.39225396,"fish_oil"
77,2017,0.624572910546401,"fish_oil"
78,2017,1,"fish_oil"
79,2017,1427,"fish_oil"
80,2017,454,"fish_oil"
81,2017,22.7947274444436,"fish_oil"
82,2017,1.03479347273666e-05,"fish_oil"
84,2017,44.0818053126254,"fish_oil"
85,2017,0,"fish_oil"
86,2017,0,"fish_oil"
88,2017,0,"fish_oil"
89,2017,84746.4733688098,"fish_oil"
90,2017,0.273854623585264,"fish_oil"
91,2017,17.1104961799185,"fish_oil"
92,2017,1.95461839695491,"fish_oil"
93,2017,66.953182396088,"fish_oil"
94,2017,10.8908285147719,"fish_oil"
95,2017,550.663303434624,"fish_oil"
96,2017,99.4571818499072,"fish_oil"
97,2017,17140.5634389027,"fish_oil"
98,2017,9790.03224682542,"fish_oil"
99,2017,1363.12693402558,"fish_oil"
100,2017,178,"fish_oil"
101,2017,66043.1758096444,"fish_oil"
102,2017,262310.638207321,"fish_oil"
103,2017,3.39445998083083,"fish_oil"
104,2017,969.946220498542,"fish_oil"
105,2017,0.240669449462393,"fish_oil"
106,2017,934,"fish_oil"
107,2017,0.0240397089835371,"fish_oil"
108,2017,0,"fish_oil"
110,2017,106.3356652449,"fish_oil"
111,2017,0,"fish_oil"
112,2017,95.12748967449,"fish_oil"
113,2017,40.1127027938,"fish_oil"
114,2017,24.2559018611,"fish_oil"
115,2017,1.26,"fish_oil"
116,2017,0.000851980606682966,"fish_oil"
117,2017,0,"fish_oil"
118,2017,0,"fish_oil"
119,2017,0,"fish_oil"
120,2017,0,"fish_oil"
121,2017,0,"fish_oil"
122,2017,0,"fish_oil"
123,2017,0,"fish_oil"
124,2017,2,"fish_oil"
125,2017,0,"fish_oil"
126,2017,12.01388184633,"fish_oil"
127,2017,0.55627908154,"fish_oil"
129,2017,144713.011771151,"fish_oil"
130,2017,1467,"fish_oil"
131,2017,0,"fish_oil"
132,2017,11236.7630999685,"fish_oil"
133,2017,46,"fish_oil"
134,2017,10840.9867934118,"fish_oil"
135,2017,1008754.47099733,"fish_oil"
136,2017,1,"fish_oil"
137,2017,509403.035955474,"fish_oil"
138,2017,29028680.5936833,"fish_oil"
139,2017,1091.90469483888,"fish_oil"
140,2017,0,"fish_oil"
141,2017,3540500.02953838,"fish_oil"
143,2017,1825025.21380079,"fish_oil"
144,2017,1.3606181690504,"fish_oil"
145,2017,39242.8659592601,"fish_oil"
146,2017,0,"fish_oil"
147,2017,787.941125849086,"fish_oil"
148,2017,262.395017092891,"fish_oil"
149,2017,0.0114432021348329,"fish_oil"
150,2017,8.52420761206194e-06,"fish_oil"
151,2017,0.648581993486235,"fish_oil"
152,2017,33.977770690657,"fish_oil"
153,2017,276.506085688007,"fish_oil"
154,2017,0.000196071158750279,"fish_oil"
155,2017,3.09537083238871,"fish_oil"
156,2017,0.421326319813649,"fish_oil"
157,2017,90.4738860482279,"fish_oil"
158,2017,0.000162441507990709,"fish_oil"
159,2017,0.0174429309294213,"fish_oil"
161,2017,0.000392342762754343,"fish_oil"
162,2017,7736,"fish_oil"
163,2017,574993.733838158,"fish_oil"
164,2017,0,"fish_oil"
166,2017,0,"fish_oil"
167,2017,9.57966418801825,"fish_oil"
168,2017,7.37284785882746,"fish_oil"
169,2017,60.3448245293305,"fish_oil"
171,2017,379542.576505523,"fish_oil"
172,2017,5455.12987847967,"fish_oil"
173,2017,13085.7739406575,"fish_oil"
174,2017,439666.646422262,"fish_oil"
175,2017,299183.113016682,"fish_oil"
176,2017,74013.2493398974,"fish_oil"
177,2017,51225,"fish_oil"
178,2017,61944.1729318202,"fish_oil"
179,2017,55310,"fish_oil"
180,2017,2724190.4357155,"fish_oil"
181,2017,2375420.56113245,"fish_oil"
182,2017,20758,"fish_oil"
183,2017,772,"fish_oil"
184,2017,585,"fish_oil"
185,2017,0,"fish_oil"
186,2017,9.66270514914425e-05,"fish_oil"
187,2017,105,"fish_oil"
188,2017,102,"fish_oil"
189,2017,38154.9694472987,"fish_oil"
190,2017,0,"fish_oil"
191,2017,249057.608569533,"fish_oil"
192,2017,0,"fish_oil"
193,2017,82940.3437501728,"fish_oil"
194,2017,30854.407561243,"fish_oil"
195,2017,29470.431332503,"fish_oil"
196,2017,0,"fish_oil"
197,2017,1472.88945614578,"fish_oil"
198,2017,3945.66047413315,"fish_oil"
199,2017,1010.13160381716,"fish_oil"
200,2017,18268.8465528686,"fish_oil"
202,2017,169.454450597461,"fish_oil"
203,2017,3268051.90158771,"fish_oil"
204,2017,16644.0641418669,"fish_oil"
205,2017,1044552.42586646,"fish_oil"
206,2017,137600.282161911,"fish_oil"
207,2017,4167237.6916682,"fish_oil"
208,2017,605,"fish_oil"
209,2017,6330644.55446161,"fish_oil"
210,2017,5827828.97385292,"fish_oil"
212,2017,13.3109470981813,"fish_oil"
213,2017,0,"fish_oil"
214,2017,40,"fish_oil"
215,2017,0,"fish_oil"
216,2017,179061.369983305,"fish_oil"
218,2017,20250,"fish_oil"
219,2017,2.42547585545775,"fish_oil"
220,2017,0,"fish_oil"
221,2017,0,"fish_oil"
222,2017,725095.556697919,"fish_oil"
223,2017,524330.466495271,"fish_oil"
224,2017,3853941.98388015,"fish_oil"
227,2017,449.21084732694,"fish_oil"
228,2017,449.21084732694,"fish_oil"
231,2017,1.78914099430058,"fish_oil"
232,2017,0,"fish_oil"
237,2017,0,"fish_oil"
244,2017,12,"fish_oil"
245,2017,0,"fish_oil"
247,2017,587.621489018432,"fish_oil"
248,2017,0,"fish_oil"
249,2017,0,"fish_oil"
250,2017,1.19133242084292,"fish_oil"
1,2018,0,"fish_oil"
2,2018,0,"fish_oil"
3,2018,0,"fish_oil"
4,2018,0.509144020484691,"fish_oil"
5,2018,0,"fish_oil"
6,2018,18.1005655541888,"fish_oil"
7,2018,25.6654391476964,"fish_oil"
8,2018,6.5073069402281,"fish_oil"
9,2018,32.5579278927147,"fish_oil"
10,2018,3.39940012192488,"fish_oil"
11,2018,21.987110430471,"fish_oil"
12,2018,0.000664889255627769,"fish_oil"
13,2018,0,"fish_oil"
14,2018,1101920.07943191,"fish_oil"
15,2018,4223,"fish_oil"
16,2018,23858.9847434719,"fish_oil"
17,2018,57.969064316799,"fish_oil"
18,2018,18.4449952031024,"fish_oil"
19,2018,7.65864651036383,"fish_oil"
20,2018,1217155.87191717,"fish_oil"
21,2018,110162.169265108,"fish_oil"
24,2018,38617.9979219503,"fish_oil"
25,2018,650688.630708507,"fish_oil"
26,2018,15014.8207750832,"fish_oil"
28,2018,0,"fish_oil"
29,2018,0,"fish_oil"
30,2018,0.00186169917483013,"fish_oil"
31,2018,7954,"fish_oil"
32,2018,1.78653603622038,"fish_oil"
33,2018,0.137978986717941,"fish_oil"
34,2018,0.137978986717941,"fish_oil"
35,2018,0.137978986717941,"fish_oil"
36,2018,0.273900771582275,"fish_oil"
37,2018,5052,"fish_oil"
38,2018,0,"fish_oil"
39,2018,77.1252611988609,"fish_oil"
40,2018,54200.4414460124,"fish_oil"
41,2018,1707,"fish_oil"
42,2018,9120.48649592775,"fish_oil"
43,2018,1,"fish_oil"
44,2018,33236.3698832687,"fish_oil"
45,2018,16.0304450421574,"fish_oil"
46,2018,1.94584926362246,"fish_oil"
47,2018,1221,"fish_oil"
48,2018,15887.75,"fish_oil"
49,2018,0,"fish_oil"
50,2018,6.97722373314752,"fish_oil"
51,2018,0,"fish_oil"
52,2018,0,"fish_oil"
53,2018,1313049.98815934,"fish_oil"
54,2018,2414,"fish_oil"
55,2018,0.0199601852431952,"fish_oil"
56,2018,223,"fish_oil"
57,2018,0.0133007124381045,"fish_oil"
58,2018,23.0879864424024,"fish_oil"
59,2018,36514,"fish_oil"
60,2018,0,"fish_oil"
61,2018,51.7789077105755,"fish_oil"
62,2018,517750.335977324,"fish_oil"
63,2018,701222.069727284,"fish_oil"
64,2018,45502.28,"fish_oil"
65,2018,2011.43615545926,"fish_oil"
66,2018,970,"fish_oil"
67,2018,40.7858172780875,"fish_oil"
68,2018,9.6911186764591e-06,"fish_oil"
69,2018,84443.6644074076,"fish_oil"
70,2018,60772.8391039431,"fish_oil"
71,2018,0.369779078394288,"fish_oil"
72,2018,167,"fish_oil"
73,2018,466388.646249214,"fish_oil"
74,2018,43449.7433382144,"fish_oil"
75,2018,12851.6013595902,"fish_oil"
76,2018,429270.886235267,"fish_oil"
77,2018,0.012226023000215,"fish_oil"
78,2018,0.1,"fish_oil"
79,2018,4406,"fish_oil"
80,2018,558,"fish_oil"
81,2018,46.7090360967035,"fish_oil"
82,2018,4.69910759775593e-06,"fish_oil"
84,2018,18.9273417519415,"fish_oil"
85,2018,0.14484744478582,"fish_oil"
86,2018,0,"fish_oil"
88,2018,0,"fish_oil"
89,2018,63152.6576295542,"fish_oil"
90,2018,0.437935389951123,"fish_oil"
91,2018,18.0863455129127,"fish_oil"
92,2018,2.04965064245854,"fish_oil"
93,2018,60.2444893893713,"fish_oil"
94,2018,7.62327415368451,"fish_oil"
95,2018,328.323353743978,"fish_oil"
96,2018,91.7474923512829,"fish_oil"
97,2018,19520.1343929794,"fish_oil"
98,2018,10623.2877665702,"fish_oil"
99,2018,1482.35375752821,"fish_oil"
100,2018,382,"fish_oil"
101,2018,48176.4027700659,"fish_oil"
102,2018,224051.080703202,"fish_oil"
103,2018,3.39684645844257,"fish_oil"
104,2018,930.378410610507,"fish_oil"
105,2018,0.196614722705089,"fish_oil"
106,2018,1555,"fish_oil"
107,2018,0.0326218477134416,"fish_oil"
108,2018,0,"fish_oil"
110,2018,124.088144489768,"fish_oil"
111,2018,0,"fish_oil"
112,2018,117.271278440988,"fish_oil"
113,2018,46.802408833662,"fish_oil"
114,2018,29.0364864677692,"fish_oil"
115,2018,87.63,"fish_oil"
116,2018,0,"fish_oil"
117,2018,0,"fish_oil"
118,2018,0,"fish_oil"
119,2018,0,"fish_oil"
120,2018,0,"fish_oil"
121,2018,0,"fish_oil"
122,2018,0.551179141116033,"fish_oil"
123,2018,0,"fish_oil"
124,2018,2,"fish_oil"
125,2018,0,"fish_oil"
126,2018,17.6035356513516,"fish_oil"
127,2018,0.846666948887655,"fish_oil"
129,2018,205947.571365014,"fish_oil"
130,2018,1379,"fish_oil"
131,2018,0,"fish_oil"
132,2018,3608.19759557208,"fish_oil"
133,2018,0,"fish_oil"
134,2018,6252.90496859649,"fish_oil"
135,2018,922345.692100863,"fish_oil"
136,2018,9,"fish_oil"
137,2018,75108.5317596921,"fish_oil"
138,2018,11832748.4006488,"fish_oil"
139,2018,245.660664887778,"fish_oil"
140,2018,0,"fish_oil"
141,2018,1209320.51055764,"fish_oil"
143,2018,880649.63265272,"fish_oil"
144,2018,0.89803937646744,"fish_oil"
145,2018,739.961339428006,"fish_oil"
146,2018,0,"fish_oil"
147,2018,618.286551670928,"fish_oil"
148,2018,186.44048933369,"fish_oil"
149,2018,0,"fish_oil"
150,2018,0,"fish_oil"
151,2018,0.871496535699996,"fish_oil"
152,2018,0.264186312234327,"fish_oil"
153,2018,195.079437729998,"fish_oil"
154,2018,0,"fish_oil"
155,2018,5.05882244007493,"fish_oil"
156,2018,0.0597793820165708,"fish_oil"
157,2018,64.7035202461731,"fish_oil"
158,2018,0,"fish_oil"
159,2018,0.0247312317031019,"fish_oil"
161,2018,0,"fish_oil"
162,2018,13755,"fish_oil"
163,2018,417780.31856363,"fish_oil"
164,2018,0,"fish_oil"
166,2018,0,"fish_oil"
167,2018,0,"fish_oil"
168,2018,0.44144396122859,"fish_oil"
169,2018,1.44790122301836,"fish_oil"
171,2018,85756.8548005776,"fish_oil"
172,2018,1182.87983488443,"fish_oil"
173,2018,2655.29189096946,"fish_oil"
174,2018,216683.84559502,"fish_oil"
175,2018,245458,"fish_oil"
176,2018,115165.819025614,"fish_oil"
177,2018,57074,"fish_oil"
178,2018,115475.656563249,"fish_oil"
179,2018,57734,"fish_oil"
180,2018,1758392.36927571,"fish_oil"
181,2018,945932.78512339,"fish_oil"
182,2018,21920,"fish_oil"
183,2018,1335,"fish_oil"
184,2018,631,"fish_oil"
185,2018,0,"fish_oil"
186,2018,0,"fish_oil"
187,2018,14.5004992319951,"fish_oil"
188,2018,32.1,"fish_oil"
189,2018,35154.7889011775,"fish_oil"
190,2018,0,"fish_oil"
191,2018,363098.460546672,"fish_oil"
192,2018,0,"fish_oil"
193,2018,101985.649981694,"fish_oil"
194,2018,34490.7223224122,"fish_oil"
195,2018,32853.3971032027,"fish_oil"
196,2018,0,"fish_oil"
197,2018,1403.68036042677,"fish_oil"
198,2018,3758.90613843756,"fish_oil"
199,2018,961.407107393319,"fish_oil"
200,2018,16615.869109302,"fish_oil"
202,2018,98.498756627993,"fish_oil"
203,2018,3227227.36900386,"fish_oil"
204,2018,25922.7529336649,"fish_oil"
205,2018,631747.811572631,"fish_oil"
206,2018,138661.7994704,"fish_oil"
207,2018,3125201.41943907,"fish_oil"
208,2018,699,"fish_oil"
209,2018,6517781.02213067,"fish_oil"
210,2018,6316546.51393042,"fish_oil"
212,2018,12.8091455452142,"fish_oil"
213,2018,0,"fish_oil"
214,2018,0,"fish_oil"
215,2018,0,"fish_oil"
216,2018,121778.834446709,"fish_oil"
218,2018,21412,"fish_oil"
219,2018,0.693455635296035,"fish_oil"
220,2018,0,"fish_oil"
221,2018,0,"fish_oil"
222,2018,378148.39789556,"fish_oil"
223,2018,350271.106055609,"fish_oil"
224,2018,1066057.45380046,"fish_oil"
227,2018,222.036750325116,"fish_oil"
228,2018,222.036750325116,"fish_oil"
231,2018,2.69015736041647,"fish_oil"
232,2018,0,"fish_oil"
237,2018,0,"fish_oil"
244,2018,15,"fish_oil"
245,2018,0,"fish_oil"
247,2018,635.131256186313,"fish_oil"
248,2018,0,"fish_oil"
249,2018,0,"fish_oil"
250,2018,1.23382104258177,"fish_oil"
1,2019,0,"fish_oil"
2,2019,0,"fish_oil"
3,2019,0,"fish_oil"
4,2019,0.504930889378926,"fish_oil"
5,2019,0,"fish_oil"
6,2019,8.90955316085372,"fish_oil"
7,2019,38.18,"fish_oil"
8,2019,7.56737367249795,"fish_oil"
9,2019,37.8687392868268,"fish_oil"
10,2019,3.92643642480095,"fish_oil"
11,2019,25.6863037849984,"fish_oil"
12,2019,0.00074011903234147,"fish_oil"
13,2019,0,"fish_oil"
14,2019,3234340.20362459,"fish_oil"
15,2019,2376.04,"fish_oil"
16,2019,15544.548070076,"fish_oil"
17,2019,412.14,"fish_oil"
18,2019,60.02,"fish_oil"
19,2019,8.94739999076541,"fish_oil"
20,2019,3638596.22903815,"fish_oil"
21,2019,333066.468407094,"fish_oil"
24,2019,38507.8825934121,"fish_oil"
25,2019,618448.59043638,"fish_oil"
26,2019,13034.2333987935,"fish_oil"
28,2019,0,"fish_oil"
29,2019,0,"fish_oil"
30,2019,0.00237355640556304,"fish_oil"
31,2019,5106.09,"fish_oil"
32,2019,1.01958787474276,"fish_oil"
33,2019,0.104217817038896,"fish_oil"
34,2019,0.104217817038896,"fish_oil"
35,2019,0.104217817038896,"fish_oil"
36,2019,0.174702975549489,"fish_oil"
37,2019,6821.93,"fish_oil"
38,2019,0,"fish_oil"
39,2019,0,"fish_oil"
40,2019,70896.7490812775,"fish_oil"
41,2019,1169.74,"fish_oil"
42,2019,9252.10574233386,"fish_oil"
43,2019,13.41,"fish_oil"
44,2019,31685.4070471788,"fish_oil"
45,2019,15.1142085558176,"fish_oil"
46,2019,1.85257820312836,"fish_oil"
47,2019,1008.09,"fish_oil"
48,2019,8138.11,"fish_oil"
49,2019,0,"fish_oil"
50,2019,109.47957432339,"fish_oil"
51,2019,0,"fish_oil"
52,2019,0,"fish_oil"
53,2019,1269250.74747042,"fish_oil"
54,2019,5407.38,"fish_oil"
55,2019,0.0282982023418209,"fish_oil"
56,2019,199.51,"fish_oil"
57,2019,0.0157132876619943,"fish_oil"
58,2019,34.8747817479296,"fish_oil"
59,2019,34513.38,"fish_oil"
60,2019,0,"fish_oil"
61,2019,83.0774067156969,"fish_oil"
62,2019,441621.81034457,"fish_oil"
63,2019,598803.597899226,"fish_oil"
64,2019,40210.1,"fish_oil"
65,2019,2032.75887278326,"fish_oil"
66,2019,3352.44,"fish_oil"
67,2019,31.149756304835,"fish_oil"
68,2019,5.9265792601443e-07,"fish_oil"
69,2019,63831.1482246536,"fish_oil"
70,2019,47399.1851693799,"fish_oil"
71,2019,12.78,"fish_oil"
72,2019,289.44,"fish_oil"
73,2019,1199820.59465973,"fish_oil"
74,2019,41974.7378631171,"fish_oil"
75,2019,25745.3047462777,"fish_oil"
76,2019,707830.792043154,"fish_oil"
77,2019,0.000557452784192308,"fish_oil"
78,2019,0,"fish_oil"
79,2019,7,"fish_oil"
80,2019,773.05,"fish_oil"
81,2019,2.2574485062669,"fish_oil"
82,2019,4.5543671326918e-06,"fish_oil"
84,2019,15.0110866314624,"fish_oil"
85,2019,0,"fish_oil"
86,2019,0,"fish_oil"
88,2019,0,"fish_oil"
89,2019,289098.995825406,"fish_oil"
90,2019,0.689861581093705,"fish_oil"
91,2019,14.8335583917042,"fish_oil"
92,2019,2.1785715942434,"fish_oil"
93,2019,79.6301924518257,"fish_oil"
94,2019,8.84373659600334,"fish_oil"
95,2019,343.16552335472,"fish_oil"
96,2019,177.523321762528,"fish_oil"
97,2019,20765.3308400064,"fish_oil"
98,2019,10758.7713893864,"fish_oil"
99,2019,1498.24829558877,"fish_oil"
100,2019,177.72,"fish_oil"
101,2019,80371.6501602825,"fish_oil"
102,2019,244365.002469981,"fish_oil"
103,2019,4.30606474143149,"fish_oil"
104,2019,1126.02945993468,"fish_oil"
105,2019,0.247824035091423,"fish_oil"
106,2019,1442.11,"fish_oil"
107,2019,0.0227327344392757,"fish_oil"
108,2019,0,"fish_oil"
110,2019,92.4231864420308,"fish_oil"
111,2019,0,"fish_oil"
112,2019,76.5028968555169,"fish_oil"
113,2019,34.8700227478508,"fish_oil"
114,2019,21.9992839735523,"fish_oil"
115,2019,1.48,"fish_oil"
116,2019,0,"fish_oil"
117,2019,0,"fish_oil"
118,2019,0,"fish_oil"
119,2019,0,"fish_oil"
120,2019,0,"fish_oil"
121,2019,0,"fish_oil"
122,2019,0.436350520307692,"fish_oil"
123,2019,0,"fish_oil"
124,2019,3.66,"fish_oil"
125,2019,0,"fish_oil"
126,2019,13.3127115052292,"fish_oil"
127,2019,3.55325056444615,"fish_oil"
129,2019,177892.8169554,"fish_oil"
130,2019,829.07,"fish_oil"
131,2019,0,"fish_oil"
132,2019,1164.81038106761,"fish_oil"
133,2019,42.7,"fish_oil"
134,2019,3070.34166541984,"fish_oil"
135,2019,585954.868274451,"fish_oil"
136,2019,37.28,"fish_oil"
137,2019,57487.8043882963,"fish_oil"
138,2019,1002912.38422169,"fish_oil"
139,2019,206.546417747665,"fish_oil"
140,2019,0,"fish_oil"
141,2019,1005944.31314701,"fish_oil"
143,2019,84137.12,"fish_oil"
144,2019,1.08433208609246,"fish_oil"
145,2019,782.472734777125,"fish_oil"
146,2019,0,"fish_oil"
147,2019,699.974115029962,"fish_oil"
148,2019,211.329692450142,"fish_oil"
149,2019,0,"fish_oil"
150,2019,0,"fish_oil"
151,2019,0.0340431807068529,"fish_oil"
152,2019,0.329325811205167,"fish_oil"
153,2019,220.495344945811,"fish_oil"
154,2019,0,"fish_oil"
155,2019,5.70717302805528,"fish_oil"
156,2019,0.0331882224483719,"fish_oil"
157,2019,73.4277449870385,"fish_oil"
158,2019,0,"fish_oil"
159,2019,0.0117158608073177,"fish_oil"
161,2019,0,"fish_oil"
162,2019,10687.28,"fish_oil"
163,2019,324111.73002539,"fish_oil"
164,2019,0,"fish_oil"
166,2019,0,"fish_oil"
167,2019,0,"fish_oil"
168,2019,0.540333758401943,"fish_oil"
169,2019,1.23306502072906,"fish_oil"
171,2019,72701.34835169,"fish_oil"
172,2019,1064.43986229774,"fish_oil"
173,2019,2140.10288202965,"fish_oil"
174,2019,174804.752472462,"fish_oil"
175,2019,248694.73,"fish_oil"
176,2019,71603.710694307,"fish_oil"
177,2019,56667.4,"fish_oil"
178,2019,308834.844682407,"fish_oil"
179,2019,49963.78,"fish_oil"
180,2019,717805.131505358,"fish_oil"
181,2019,665152.08950925,"fish_oil"
182,2019,26884.06,"fish_oil"
183,2019,1173.14,"fish_oil"
184,2019,1146.84,"fish_oil"
185,2019,0,"fish_oil"
186,2019,0,"fish_oil"
187,2019,122.079571512332,"fish_oil"
188,2019,1.46,"fish_oil"
189,2019,27710.4662236184,"fish_oil"
190,2019,0,"fish_oil"
191,2019,300985.566267355,"fish_oil"
192,2019,0,"fish_oil"
193,2019,115312.049969559,"fish_oil"
194,2019,35912.2557613048,"fish_oil"
195,2019,34210.768535727,"fish_oil"
196,2019,0,"fish_oil"
197,2019,1687.40791069352,"fish_oil"
198,2019,4520.08489986003,"fish_oil"
199,2019,1157.91801034318,"fish_oil"
200,2019,20390.1606445989,"fish_oil"
202,2019,96.3492592009395,"fish_oil"
203,2019,3584549.24759748,"fish_oil"
204,2019,24128.3349867426,"fish_oil"
205,2019,573213.059021539,"fish_oil"
206,2019,154748.975191581,"fish_oil"
207,2019,3026999.05478682,"fish_oil"
208,2019,432.86,"fish_oil"
209,2019,19836369.1680801,"fish_oil"
210,2019,19678310.4245319,"fish_oil"
212,2019,14.9240663372372,"fish_oil"
213,2019,0,"fish_oil"
214,2019,0,"fish_oil"
215,2019,0,"fish_oil"
216,2019,76009.0629968563,"fish_oil"
218,2019,24001.91,"fish_oil"
219,2019,0.839859710829644,"fish_oil"
220,2019,0,"fish_oil"
221,2019,0,"fish_oil"
222,2019,360006.943089106,"fish_oil"
223,2019,222533.760126407,"fish_oil"
224,2019,732355.24761186,"fish_oil"
227,2019,171.091605308123,"fish_oil"
228,2019,171.091605308123,"fish_oil"
231,2019,0.175352229737495,"fish_oil"
232,2019,0,"fish_oil"
237,2019,0,"fish_oil"
244,2019,0.0188737869025436,"fish_oil"
245,2019,0,"fish_oil"
247,2019,706.992809671021,"fish_oil"
248,2019,0,"fish_oil"
249,2019,0,"fish_oil"
250,2019,1.25886938212515,"fish_oil"
1,2020,0,"fish_oil"
2,2020,0,"fish_oil"
3,2020,0,"fish_oil"
4,2020,0.797192841471978,"fish_oil"
5,2020,0,"fish_oil"
6,2020,6.5161858733779,"fish_oil"
7,2020,97.23,"fish_oil"
8,2020,15.8378605891467,"fish_oil"
9,2020,79.2560060422556,"fish_oil"
10,2020,8.21769287462946,"fish_oil"
11,2020,53.7592189844891,"fish_oil"
12,2020,0.000825327815640414,"fish_oil"
13,2020,0,"fish_oil"
14,2020,2000300.37956758,"fish_oil"
15,2020,7167.72,"fish_oil"
16,2020,24541.9773399563,"fish_oil"
17,2020,361.89,"fish_oil"
18,2020,6.65986756269139,"fish_oil"
19,2020,18.7261366785787,"fish_oil"
20,2020,2250315.35330814,"fish_oil"
21,2020,205987.292996985,"fish_oil"
24,2020,42237.0423341966,"fish_oil"
25,2020,678340.057582247,"fish_oil"
26,2020,20198.2652370849,"fish_oil"
28,2020,0,"fish_oil"
29,2020,0,"fish_oil"
30,2020,0.00264682035983483,"fish_oil"
31,2020,4430.02,"fish_oil"
32,2020,1.06714123709667,"fish_oil"
33,2020,0.116216256478917,"fish_oil"
34,2020,0.116216256478917,"fish_oil"
35,2020,0.116216256478917,"fish_oil"
36,2020,0.194816264540562,"fish_oil"
37,2020,6465.96,"fish_oil"
38,2020,0,"fish_oil"
39,2020,0,"fish_oil"
40,2020,109863.87143591,"fish_oil"
41,2020,1486.73,"fish_oil"
42,2020,9683.62199296881,"fish_oil"
43,2020,0.59,"fish_oil"
44,2020,33163.2077154396,"fish_oil"
45,2020,15.8191320390717,"fish_oil"
46,2020,1.93898205782753,"fish_oil"
47,2020,8481.90444424418,"fish_oil"
48,2020,36310.83,"fish_oil"
49,2020,0,"fish_oil"
50,2020,2056.52907158725,"fish_oil"
51,2020,0,"fish_oil"
52,2020,0.03,"fish_oil"
53,2020,1966871.58081341,"fish_oil"
54,2020,2547.24225754352,"fish_oil"
55,2020,0.102209912733312,"fish_oil"
56,2020,110.18,"fish_oil"
57,2020,0.0567546214167933,"fish_oil"
58,2020,125.963775224735,"fish_oil"
59,2020,38048.12,"fish_oil"
60,2020,0,"fish_oil"
61,2020,57.3773337834006,"fish_oil"
62,2020,305005.69312285,"fish_oil"
63,2020,413563.148702299,"fish_oil"
64,2020,36851.09,"fish_oil"
65,2020,1384.92062827299,"fish_oil"
66,2020,3312.58,"fish_oil"
67,2020,21.5135502591032,"fish_oil"
68,2020,12.38,"fish_oil"
69,2020,57668.5152403699,"fish_oil"
70,2020,42822.9901599319,"fish_oil"
71,2020,0.670064816911558,"fish_oil"
72,2020,379.08,"fish_oil"
73,2020,797978.109313479,"fish_oil"
74,2020,788478.30037015,"fish_oil"
75,2020,17122.7179268084,"fish_oil"
76,2020,13296312.2171217,"fish_oil"
77,2020,0.0104715227823443,"fish_oil"
78,2020,0,"fish_oil"
79,2020,374,"fish_oil"
80,2020,515.4,"fish_oil"
81,2020,42.4052478230838,"fish_oil"
82,2020,1.6449860014604e-05,"fish_oil"
84,2020,10.3673930392705,"fish_oil"
85,2020,0,"fish_oil"
86,2020,0,"fish_oil"
88,2020,0,"fish_oil"
89,2020,605059.270296833,"fish_oil"
90,2020,0.71095817194687,"fish_oil"
91,2020,16.5413235042324,"fish_oil"
92,2020,2.42938724248831,"fish_oil"
93,2020,88.797895910572,"fish_oil"
94,2020,18.5091781318631,"fish_oil"
95,2020,310.034313402931,"fish_oil"
96,2020,120.946814499371,"fish_oil"
97,2020,14147.4404162173,"fish_oil"
98,2020,7329.96157661991,"fish_oil"
99,2020,1020.75804396549,"fish_oil"
100,2020,120.38,"fish_oil"
101,2020,82829.4878861304,"fish_oil"
102,2020,251837.905175722,"fish_oil"
103,2020,4.36961412912714,"fish_oil"
104,2020,1142.64752933285,"fish_oil"
105,2020,0.518674336471893,"fish_oil"
106,2020,498.735065171636,"fish_oil"
107,2020,0.0253499197270268,"fish_oil"
108,2020,0,"fish_oil"
110,2020,32.590454532,"fish_oil"
111,2020,0,"fish_oil"
112,2020,26.9766091986,"fish_oil"
113,2020,12.2959393053,"fish_oil"
114,2020,7.7574328659,"fish_oil"
115,2020,0,"fish_oil"
116,2020,0,"fish_oil"
117,2020,0,"fish_oil"
118,2020,0,"fish_oil"
119,2020,0,"fish_oil"
120,2020,0,"fish_oil"
121,2020,0,"fish_oil"
122,2020,0.15386682,"fish_oil"
123,2020,0,"fish_oil"
124,2020,0,"fish_oil"
125,2020,0,"fish_oil"
126,2020,4.6943557749,"fish_oil"
127,2020,1.252954539,"fish_oil"
129,2020,153278.82543483,"fish_oil"
130,2020,1064.56,"fish_oil"
131,2020,0.01,"fish_oil"
132,2020,1016.22652610475,"fish_oil"
133,2020,99.83,"fish_oil"
134,2020,2645.51639697269,"fish_oil"
135,2020,504879.710738662,"fish_oil"
136,2020,145.85,"fish_oil"
137,2020,50154.628338187,"fish_oil"
138,2020,874980.327073414,"fish_oil"
139,2020,180.19924272542,"fish_oil"
140,2020,0,"fish_oil"
141,2020,908824.556147903,"fish_oil"
143,2020,96525.66,"fish_oil"
144,2020,0.979644314283117,"fish_oil"
145,2020,706.928233091696,"fish_oil"
146,2020,0,"fish_oil"
147,2020,1464.98546650946,"fish_oil"
148,2020,442.294824099489,"fish_oil"
149,2020,0,"fish_oil"
150,2020,0,"fish_oil"
151,2020,0.0712494417985159,"fish_oil"
152,2020,0.689250526273188,"fish_oil"
153,2020,461.477744451703,"fish_oil"
154,2020,0,"fish_oil"
155,2020,11.9446210387336,"fish_oil"
156,2020,0.0694600878834881,"fish_oil"
157,2020,153.677938847739,"fish_oil"
158,2020,0,"fish_oil"
159,2020,0.0130646901186422,"fish_oil"
161,2020,0,"fish_oil"
162,2020,8390.44,"fish_oil"
163,2020,387362.631642927,"fish_oil"
164,2020,0,"fish_oil"
166,2020,0,"fish_oil"
167,2020,0,"fish_oil"
168,2020,0.471408486018686,"fish_oil"
169,2020,1.0757745662674,"fish_oil"
171,2020,63427.5242386263,"fish_oil"
172,2020,928.659326094614,"fish_oil"
173,2020,1867.11017746804,"fish_oil"
174,2020,157928.07763019,"fish_oil"
175,2020,304650.73,"fish_oil"
176,2020,71723.7110187877,"fish_oil"
177,2020,78471.1,"fish_oil"
178,2020,205400.246125698,"fish_oil"
179,2020,56460.49,"fish_oil"
180,2020,648504.019074569,"fish_oil"
181,2020,600934.410204026,"fish_oil"
182,2020,30227.36,"fish_oil"
183,2020,1747.29,"fish_oil"
184,2020,1631.6,"fish_oil"
185,2020,0,"fish_oil"
186,2020,0,"fish_oil"
187,2020,440.937632718637,"fish_oil"
188,2020,3.27,"fish_oil"
189,2020,25035.1354813525,"fish_oil"
190,2020,0,"fish_oil"
191,2020,466416.866569611,"fish_oil"
192,2020,0,"fish_oil"
193,2020,78562.2135657576,"fish_oil"
194,2020,24467.0553293654,"fish_oil"
195,2020,23307.8304016103,"fish_oil"
196,2020,0,"fish_oil"
197,2020,1712.31086639821,"fish_oil"
198,2020,4586.79282112156,"fish_oil"
199,2020,1175.00669455433,"fish_oil"
200,2020,20691.0809283821,"fish_oil"
202,2020,100.842968226725,"fish_oil"
203,2020,5554732.23803626,"fish_oil"
204,2020,37390.0401259176,"fish_oil"
205,2020,628723.851062874,"fish_oil"
206,2020,172564.990341357,"fish_oil"
207,2020,3320138.07595011,"fish_oil"
208,2020,562.02,"fish_oil"
209,2020,12267941.6134663,"fish_oil"
210,2020,12170189.0751405,"fish_oil"
212,2020,31.2347839953192,"fish_oil"
213,2020,0,"fish_oil"
214,2020,12.92,"fish_oil"
215,2020,0,"fish_oil"
216,2020,83369.8919641473,"fish_oil"
218,2020,24471.89,"fish_oil"
219,2020,1.00375962256088,"fish_oil"
220,2020,0,"fish_oil"
221,2020,0,"fish_oil"
222,2020,325249.763816006,"fish_oil"
223,2020,206050.2,"fish_oil"
224,2020,638935.608105632,"fish_oil"
227,2020,154.5734194454,"fish_oil"
228,2020,154.5734194454,"fish_oil"
231,2020,0.19233359644878,"fish_oil"
232,2020,0,"fish_oil"
237,2020,0,"fish_oil"
244,2020,0.0210466974046847,"fish_oil"
245,2020,0,"fish_oil"
247,2020,788.387821122875,"fish_oil"
248,2020,0,"fish_oil"
249,2020,0,"fish_oil"
250,2020,1.40380110755832,"fish_oil"
1,2021,0,"fish_oil"
2,2021,0,"fish_oil"
3,2021,0,"fish_oil"
4,2021,0.766118062117128,"fish_oil"
5,2021,0,"fish_oil"
6,2021,7.02313813767403,"fish_oil"
7,2021,98.73,"fish_oil"
8,2021,17.1881309727736,"fish_oil"
9,2021,86.0130447900742,"fish_oil"
10,2021,8.9182993263593,"fish_oil"
11,2021,58.3425072912072,"fish_oil"
12,2021,0.000885085468757254,"fish_oil"
13,2021,0,"fish_oil"
14,2021,617865.637843961,"fish_oil"
15,2021,8065.65,"fish_oil"
16,2021,23585.3248324367,"fish_oil"
17,2021,770.71,"fish_oil"
18,2021,7.17799810814015,"fish_oil"
19,2021,20.3226495165665,"fish_oil"
20,2021,695091.869863246,"fish_oil"
21,2021,63626.6790105025,"fish_oil"
24,2021,146668.82648556,"fish_oil"
25,2021,2355547.04367128,"fish_oil"
26,2021,16312.1105528608,"fish_oil"
28,2021,0,"fish_oil"
29,2021,0,"fish_oil"
30,2021,0.00283846272293981,"fish_oil"
31,2021,4060.65,"fish_oil"
32,2021,0.893436587602104,"fish_oil"
33,2021,0.124630865328391,"fish_oil"
34,2021,0.124630865328391,"fish_oil"
35,2021,0.124630865328391,"fish_oil"
36,2021,0.20892188722444,"fish_oil"
37,2021,6184.13,"fish_oil"
38,2021,0,"fish_oil"
39,2021,0,"fish_oil"
40,2021,88726.0165955967,"fish_oil"
41,2021,1274.74,"fish_oil"
42,2021,8107.36375680234,"fish_oil"
43,2021,1.54,"fish_oil"
44,2021,27765.0437498163,"fish_oil"
45,2021,13.2441619314305,"fish_oil"
46,2021,1.62336291855827,"fish_oil"
47,2021,9032.12726788875,"fish_oil"
48,2021,44674.66,"fish_oil"
49,2021,0,"fish_oil"
50,2021,2189.93652036413,"fish_oil"
51,2021,0,"fish_oil"
52,2021,0,"fish_oil"
53,2021,1588444.6655647,"fish_oil"
54,2021,2712.48236802407,"fish_oil"
55,2021,0.104419407178291,"fish_oil"
56,2021,108.81,"fish_oil"
57,2021,0.057981498706812,"fish_oil"
58,2021,128.686762205007,"fish_oil"
59,2021,48628.04,"fish_oil"
60,2021,0,"fish_oil"
61,2021,101.385159470591,"fish_oil"
62,2021,538941.927023532,"fish_oil"
63,2021,730761.836034852,"fish_oil"
64,2021,23665.83,"fish_oil"
65,2021,1579.72170093468,"fish_oil"
66,2021,1494.29,"fish_oil"
67,2021,38.0142223413799,"fish_oil"
68,2021,51.36,"fish_oil"
69,2021,38015.5810462352,"fish_oil"
70,2021,28229.2832801669,"fish_oil"
71,2021,27.32,"fish_oil"
72,2021,276,"fish_oil"
73,2021,1274394.40832738,"fish_oil"
74,2021,839627.044106179,"fish_oil"
75,2021,27345.4819456949,"fish_oil"
76,2021,14158846.6279083,"fish_oil"
77,2021,0.011150812542213,"fish_oil"
78,2021,0,"fish_oil"
79,2021,89,"fish_oil"
80,2021,516.537829815941,"fish_oil"
81,2021,45.1560846602516,"fish_oil"
82,2021,1.68054603018069e-05,"fish_oil"
84,2021,18.3190770165208,"fish_oil"
85,2021,0,"fish_oil"
86,2021,0,"fish_oil"
88,2021,0,"fish_oil"
89,2021,656644.117153017,"fish_oil"
90,2021,0.803484283765983,"fish_oil"
91,2021,17.7389938763286,"fish_oil"
92,2021,2.60528641536479,"fish_oil"
93,2021,95.2272852523231,"fish_oil"
94,2021,20.0871939829343,"fish_oil"
95,2021,204.377284886855,"fish_oil"
96,2021,137.959030736538,"fish_oil"
97,2021,16137.4003548841,"fish_oil"
98,2021,8360.98411216781,"fish_oil"
99,2021,1164.3364973679,"fish_oil"
100,2021,0.0359524982913845,"fish_oil"
101,2021,93609.1522327479,"fish_oil"
102,2021,284612.804029154,"fish_oil"
103,2021,4.37200040947382,"fish_oil"
104,2021,1143.27153805807,"fish_oil"
105,2021,0.56289436172993,"fish_oil"
106,2021,568.886468570536,"fish_oil"
107,2021,0.0271853742953573,"fish_oil"
108,2021,0,"fish_oil"
110,2021,32.590454532,"fish_oil"
111,2021,0,"fish_oil"
112,2021,26.9766091986,"fish_oil"
113,2021,12.2959393053,"fish_oil"
114,2021,7.7574328659,"fish_oil"
115,2021,0,"fish_oil"
116,2021,0,"fish_oil"
117,2021,0,"fish_oil"
118,2021,0,"fish_oil"
119,2021,0,"fish_oil"
120,2021,0,"fish_oil"
121,2021,0,"fish_oil"
122,2021,0.15386682,"fish_oil"
123,2021,0,"fish_oil"
124,2021,0,"fish_oil"
125,2021,0,"fish_oil"
126,2021,4.6943557749,"fish_oil"
127,2021,1.252954539,"fish_oil"
129,2021,147022.716707145,"fish_oil"
130,2021,473.95,"fish_oil"
131,2021,0.01,"fish_oil"
132,2021,2835.23627235103,"fish_oil"
133,2021,21.52,"fish_oil"
134,2021,2537.53906759674,"fish_oil"
135,2021,484272.935107242,"fish_oil"
136,2021,262.88,"fish_oil"
137,2021,139929.649382183,"fish_oil"
138,2021,2441164.34395887,"fish_oil"
139,2021,502.749550519637,"fish_oil"
140,2021,0,"fish_oil"
141,2021,599104.960948666,"fish_oil"
143,2021,99832.28,"fish_oil"
144,2021,0.64578995437779,"fish_oil"
145,2021,466.01316900485,"fish_oil"
146,2021,0,"fish_oil"
147,2021,1589.88405850914,"fish_oil"
148,2021,480.003048543785,"fish_oil"
149,2021,0,"fish_oil"
150,2021,0,"fish_oil"
151,2021,0.0773238740470491,"fish_oil"
152,2021,0.748013170841717,"fish_oil"
153,2021,500.821425217721,"fish_oil"
154,2021,0,"fish_oil"
155,2021,12.9629699464958,"fish_oil"
156,2021,0.0753819672298354,"fish_oil"
157,2021,166.779883284927,"fish_oil"
158,2021,0,"fish_oil"
159,2021,0.0140106357240051,"fish_oil"
161,2021,0,"fish_oil"
162,2021,8073.16,"fish_oil"
163,2021,398602.664821816,"fish_oil"
164,2021,0,"fish_oil"
166,2021,0,"fish_oil"
167,2021,0,"fish_oil"
168,2021,1.3152130989705,"fish_oil"
169,2021,3.00137321040528,"fish_oil"
171,2021,176960.562204652,"fish_oil"
172,2021,2590.92686361259,"fish_oil"
173,2021,5209.1717384353,"fish_oil"
174,2021,104107.546546019,"fish_oil"
175,2021,261521.42,"fish_oil"
176,2021,73690.0429488247,"fish_oil"
177,2021,94332.48,"fish_oil"
178,2021,328030.20794249,"fish_oil"
179,2021,67073.95,"fish_oil"
180,2021,427499.424827925,"fish_oil"
181,2021,396141.129685103,"fish_oil"
182,2021,38755.16,"fish_oil"
183,2021,1976.01,"fish_oil"
184,2021,1677.03,"fish_oil"
185,2021,0,"fish_oil"
186,2021,0,"fish_oil"
187,2021,450.469479718801,"fish_oil"
188,2021,6.72,"fish_oil"
189,2021,16503.3765465943,"fish_oil"
190,2021,0,"fish_oil"
191,2021,376678.066254589,"fish_oil"
192,2021,0,"fish_oil"
193,2021,89612.6688487952,"fish_oil"
194,2021,27908.558420396,"fish_oil"
195,2021,26586.2784736218,"fish_oil"
196,2021,0,"fish_oil"
197,2021,1713.24597271358,"fish_oil"
198,2021,4589.29770444532,"fish_oil"
199,2021,1175.64837487198,"fish_oil"
200,2021,20702.3804890096,"fish_oil"
202,2021,84.4281846527413,"fish_oil"
203,2021,4485999.43088303,"fish_oil"
204,2021,30196.180758635,"fish_oil"
205,2021,2183253.94778445,"fish_oil"
206,2021,185059.515107771,"fish_oil"
207,2021,11529234.2564282,"fish_oil"
208,2021,1003.24151314305,"fish_oil"
209,2021,3789400.65575324,"fish_oil"
210,2021,3759206.22342673,"fish_oil"
212,2021,33.8977322849869,"fish_oil"
213,2021,0,"fish_oil"
214,2021,0,"fish_oil"
215,2021,0,"fish_oil"
216,2021,289503.325584646,"fish_oil"
218,2021,25255.51,"fish_oil"
219,2021,1.03288553853621,"fish_oil"
220,2021,0,"fish_oil"
221,2021,0,"fish_oil"
222,2021,214407.440612597,"fish_oil"
223,2021,204619.43,"fish_oil"
224,2021,1782607.87852237,"fish_oil"
227,2021,101.896127029238,"fish_oil"
228,2021,101.896127029238,"fish_oil"
231,2021,0.667881587486313,"fish_oil"
232,2021,0,"fish_oil"
237,2021,0,"fish_oil"
244,2021,0.022570578242008,"fish_oil"
245,2021,0,"fish_oil"
247,2021,845.470843218339,"fish_oil"
248,2021,0,"fish_oil"
249,2021,0,"fish_oil"
250,2021,1.50544297402736,"fish_oil"
1,2022,0,"fish_oil"
2,2022,0,"fish_oil"
3,2022,0,"fish_oil"
4,2022,0.653699013754396,"fish_oil"
5,2022,0,"fish_oil"
6,2022,7.1270810665823,"fish_oil"
7,2022,48.8,"fish_oil"
8,2022,16.5004049460276,"fish_oil"
9,2022,82.5715182136533,"fish_oil"
10,2022,8.56146317176146,"fish_oil"
11,2022,56.008125455664,"fish_oil"
12,2022,0.000856756346213186,"fish_oil"
13,2022,0,"fish_oil"
14,2022,3128108.74536647,"fish_oil"
15,2022,5644.1,"fish_oil"
16,2022,20124.4486253658,"fish_oil"
17,2022,363.88,"fish_oil"
18,2022,7.28423297529387,"fish_oil"
19,2022,19.5095061313364,"fish_oil"
20,2022,3519087.03733654,"fish_oil"
21,2022,322126.946152721,"fish_oil"
24,2022,155677.648111634,"fish_oil"
25,2022,2500231.52541662,"fish_oil"
26,2022,21329.7025924672,"fish_oil"
28,2022,0,"fish_oil"
29,2022,0,"fish_oil"
30,2022,0.00274761143099867,"fish_oil"
31,2022,1916.13,"fish_oil"
32,2022,0.674908625775684,"fish_oil"
33,2022,0.120641778193542,"fish_oil"
34,2022,0.120641778193542,"fish_oil"
35,2022,0.120641778193542,"fish_oil"
36,2022,0.20223487907185,"fish_oil"
37,2022,6247.85,"fish_oil"
38,2022,0,"fish_oil"
39,2022,0,"fish_oil"
40,2022,116018.067684471,"fish_oil"
41,2022,148,"fish_oil"
42,2022,6124.362722208,"fish_oil"
43,2022,0.1,"fish_oil"
44,2022,20973.9200093468,"fish_oil"
45,2022,10.0047381680245,"fish_oil"
46,2022,1.22630039076406,"fish_oil"
47,2022,8509.31020879256,"fish_oil"
48,2022,47188.76,"fish_oil"
49,2022,0,"fish_oil"
50,2022,2063.17389432645,"fish_oil"
51,2022,0,"fish_oil"
52,2022,0,"fish_oil"
53,2022,2077048.96256628,"fish_oil"
54,2022,2555.47261689463,"fish_oil"
55,2022,0.0728019217081239,"fish_oil"
56,2022,133.39,"fish_oil"
57,2022,0.0404250957120029,"fish_oil"
58,2022,89.7212868765326,"fish_oil"
59,2022,72199.14,"fish_oil"
60,2022,0,"fish_oil"
61,2022,449.85,"fish_oil"
62,2022,696329.976906913,"fish_oil"
63,2022,944167.352539978,"fish_oil"
64,2022,25948.94,"fish_oil"
65,2022,2019.41682958577,"fish_oil"
66,2022,2850.8,"fish_oil"
67,2022,49.1155748659197,"fish_oil"
68,2022,55.53,"fish_oil"
69,2022,49982.0591844434,"fish_oil"
70,2022,37115.2477171844,"fish_oil"
71,2022,0.449826983976432,"fish_oil"
72,2022,273.38,"fish_oil"
73,2022,535697.558105153,"fish_oil"
74,2022,791025.941739314,"fish_oil"
75,2022,11494.7992613557,"fish_oil"
76,2022,13339273.7482707,"fish_oil"
77,2022,0.0105053571752831,"fish_oil"
78,2022,0,"fish_oil"
79,2022,475,"fish_oil"
80,2022,360.133692210451,"fish_oil"
81,2022,42.5422628348767,"fish_oil"
82,2022,1.1716881355897e-05,"fish_oil"
84,2022,23.6688255937321,"fish_oil"
85,2022,0,"fish_oil"
86,2022,0,"fish_oil"
88,2022,0,"fish_oil"
89,2022,630370.681699732,"fish_oil"
90,2022,1.0467173626195,"fish_oil"
91,2022,17.1712180523321,"fish_oil"
92,2022,2.52189844806837,"fish_oil"
93,2022,92.1793248816261,"fish_oil"
94,2022,19.2834715695874,"fish_oil"
95,2022,268.710809305972,"fish_oil"
96,2022,176.358144790861,"fish_oil"
97,2022,20629.0372811456,"fish_oil"
98,2022,10688.1560328131,"fish_oil"
99,2022,1488.41452054149,"fish_oil"
100,2022,0.0507944650157377,"fish_oil"
101,2022,121946.784674941,"fish_oil"
102,2022,370771.612613028,"fish_oil"
103,2022,6.17685647456175,"fish_oil"
104,2022,1615.2386872457,"fish_oil"
105,2022,0.54037201165688,"fish_oil"
106,2022,727.228668236453,"fish_oil"
107,2022,0.0263152461246837,"fish_oil"
108,2022,0,"fish_oil"
110,2022,27.6525068756364,"fish_oil"
111,2022,0,"fish_oil"
112,2022,22.8892441685091,"fish_oil"
113,2022,10.4329181984364,"fish_oil"
114,2022,6.58206424985455,"fish_oil"
115,2022,0,"fish_oil"
116,2022,0,"fish_oil"
117,2022,0,"fish_oil"
118,2022,0,"fish_oil"
119,2022,0,"fish_oil"
120,2022,0,"fish_oil"
121,2022,0,"fish_oil"
122,2022,0.130553665454545,"fish_oil"
123,2022,0,"fish_oil"
124,2022,0,"fish_oil"
125,2022,0,"fish_oil"
126,2022,3.9830897484,"fish_oil"
127,2022,1.06311294218182,"fish_oil"
129,2022,224488.755111565,"fish_oil"
130,2022,940.58,"fish_oil"
131,2022,0,"fish_oil"
132,2022,3076.75707076583,"fish_oil"
133,2022,366.14,"fish_oil"
134,2022,3874.56441487502,"fish_oil"
135,2022,739435.583638385,"fish_oil"
136,2022,206.92,"fish_oil"
137,2022,151849.615619305,"fish_oil"
138,2022,2649115.95884343,"fish_oil"
139,2022,545.576483156013,"fish_oil"
140,2022,0,"fish_oil"
141,2022,787690.173126931,"fish_oil"
143,2022,223629.38,"fish_oil"
144,2022,0.849070587167214,"fish_oil"
145,2022,612.703979602519,"fish_oil"
146,2022,0,"fish_oil"
147,2022,1526.27012350496,"fish_oil"
148,2022,460.79731931564,"fish_oil"
149,2022,0,"fish_oil"
150,2022,0,"fish_oil"
151,2022,0.0742300158052647,"fish_oil"
152,2022,0.718083905888389,"fish_oil"
153,2022,480.782717727079,"fish_oil"
154,2022,0,"fish_oil"
155,2022,12.4442997181707,"fish_oil"
156,2022,0.0723658079456532,"fish_oil"
157,2022,160.106739668882,"fish_oil"
158,2022,0,"fish_oil"
159,2022,0.0135621942679467,"fish_oil"
161,2022,0,"fish_oil"
162,2022,8738.34,"fish_oil"
163,2022,628265.263103113,"fish_oil"
164,2022,0,"fish_oil"
166,2022,0,"fish_oil"
167,2022,0,"fish_oil"
168,2022,1.4272500818656,"fish_oil"
169,2022,3.257046454003,"fish_oil"
171,2022,192035.022378709,"fish_oil"
172,2022,2811.63606193813,"fish_oil"
173,2022,5652.91723140032,"fish_oil"
174,2022,136878.338034126,"fish_oil"
175,2022,304046.66,"fish_oil"
176,2022,98074.5138438194,"fish_oil"
177,2022,60450.89,"fish_oil"
178,2022,137889.008482197,"fish_oil"
179,2022,84374.69,"fish_oil"
180,2022,562066.946368058,"fish_oil"
181,2022,520837.741904617,"fish_oil"
182,2022,51042.79,"fish_oil"
183,2022,2190.45,"fish_oil"
184,2022,993.17,"fish_oil"
185,2022,0,"fish_oil"
186,2022,0,"fish_oil"
187,2022,314.070388643287,"fish_oil"
188,2022,2.32,"fish_oil"
189,2022,21698.2805626936,"fish_oil"
190,2022,0,"fish_oil"
191,2022,492543.935395714,"fish_oil"
192,2022,0,"fish_oil"
193,2022,114555.197608718,"fish_oil"
194,2022,35676.5451346771,"fish_oil"
195,2022,33986.2256458966,"fish_oil"
196,2022,0,"fish_oil"
197,2022,2420.51086183369,"fish_oil"
198,2022,6483.85877960294,"fish_oil"
199,2022,1660.98138060559,"fish_oil"
200,2022,29248.7696673775,"fish_oil"
202,2022,63.7776769738629,"fish_oil"
203,2022,5865889.23491147,"fish_oil"
204,2022,39484.5015868965,"fish_oil"
205,2022,2317355.69149718,"fish_oil"
206,2022,179136.275074472,"fish_oil"
207,2022,12237393.0205649,"fish_oil"
208,2022,1064.86349551208,"fish_oil"
209,2022,19184846.3564383,"fish_oil"
210,2022,19031979.0305396,"fish_oil"
212,2022,32.5414270079919,"fish_oil"
213,2022,0,"fish_oil"
214,2022,0,"fish_oil"
215,2022,0,"fish_oil"
216,2022,307285.453408544,"fish_oil"
218,2022,23394.92,"fish_oil"
219,2022,1.62800242420339,"fish_oil"
220,2022,0,"fish_oil"
221,2022,0,"fish_oil"
222,2022,281898.239915108,"fish_oil"
223,2022,231930.86,"fish_oil"
224,2022,1934460.08296818,"fish_oil"
227,2022,133.97081174813,"fish_oil"
228,2022,133.97081174813,"fish_oil"
231,2022,0.708904797620172,"fish_oil"
232,2022,0,"fish_oil"
237,2022,0,"fish_oil"
244,2022,0.0218481568494095,"fish_oil"
245,2022,0,"fish_oil"
247,2022,818.409674584988,"fish_oil"
248,2022,0,"fish_oil"
249,2022,0,"fish_oil"
250,2022,1.45725793427724,"fish_oil"
1,2023,0,"fish_oil"
2,2023,0,"fish_oil"
3,2023,0,"fish_oil"
4,2023,0.849061580980905,"fish_oil"
5,2023,0,"fish_oil"
6,2023,11.4114725451277,"fish_oil"
7,2023,261.2,"fish_oil"
8,2023,12.7865774192601,"fish_oil"
9,2023,63.9867393387156,"fish_oil"
10,2023,6.63449242766777,"fish_oil"
11,2023,43.4021004083835,"fish_oil"
12,2023,0.00289228374702711,"fish_oil"
13,2023,0,"fish_oil"
14,2023,1363975.837617,"fish_oil"
15,2023,6788.81,"fish_oil"
16,2023,26138.7822326467,"fish_oil"
17,2023,246.24,"fish_oil"
18,2023,40.84,"fish_oil"
19,2023,15.118405358889,"fish_oil"
20,2023,1534457.42463659,"fish_oil"
21,2023,140459.749632581,"fish_oil"
24,2023,147804.337172577,"fish_oil"
25,2023,2373783.69903938,"fish_oil"
26,2023,18242.3934161919,"fish_oil"
28,2023,0,"fish_oil"
29,2023,0,"fish_oil"
30,2023,0.00927553314328871,"fish_oil"
31,2023,3227.6,"fish_oil"
32,2023,0.763181638208565,"fish_oil"
33,2023,0.407268946210767,"fish_oil"
34,2023,0.407268946210767,"fish_oil"
35,2023,0.407268946210767,"fish_oil"
36,2023,0.682715285864902,"fish_oil"
37,2023,5647.84,"fish_oil"
38,2023,0,"fish_oil"
39,2023,0,"fish_oil"
40,2023,99225.3513574049,"fish_oil"
41,2023,158.692987782695,"fish_oil"
42,2023,6925.38366945045,"fish_oil"
43,2023,1.49097032378184,"fish_oil"
44,2023,23717.1522500423,"fish_oil"
45,2023,11.3132832702282,"fish_oil"
46,2023,1.38669133185768,"fish_oil"
47,2023,4984.74,"fish_oil"
48,2023,57633.6,"fish_oil"
49,2023,0,"fish_oil"
50,2023,547.634700133732,"fish_oil"
51,2023,0,"fish_oil"
52,2023,0,"fish_oil"
53,2023,1776412.21932502,"fish_oil"
54,2023,3157.69,"fish_oil"
55,2023,0.112587401041307,"fish_oil"
56,2023,336,"fish_oil"
57,2023,0.062516982467959,"fish_oil"
58,2023,138.753020119566,"fish_oil"
59,2023,132559.41,"fish_oil"
60,2023,0,"fish_oil"
61,2023,369.03,"fish_oil"
62,2023,1210808.61153007,"fish_oil"
63,2023,1641758.93483584,"fish_oil"
64,2023,19821.04,"fish_oil"
65,2023,2850.11807348088,"fish_oil"
66,2023,3377.97,"fish_oil"
67,2023,85.4042809876842,"fish_oil"
68,2023,16.17,"fish_oil"
69,2023,89969.7702536294,"fish_oil"
70,2023,66808.9783515951,"fish_oil"
71,2023,4.01,"fish_oil"
72,2023,348.07,"fish_oil"
73,2023,1536834.49610384,"fish_oil"
74,2023,209964.489950972,"fish_oil"
75,2023,32976.8238875802,"fish_oil"
76,2023,3540685.15466595,"fish_oil"
77,2023,0.00278846981454371,"fish_oil"
78,2023,0,"fish_oil"
79,2023,775,"fish_oil"
80,2023,842.54,"fish_oil"
81,2023,11.2921258914019,"fish_oil"
82,2023,1.81200329499349e-05,"fish_oil"
84,2023,41.1563752877544,"fish_oil"
85,2023,0,"fish_oil"
86,2023,0,"fish_oil"
88,2023,0,"fish_oil"
89,2023,488490.043168658,"fish_oil"
90,2023,1.82557732119748,"fish_oil"
91,2023,57.967513294685,"fish_oil"
92,2023,8.51355922280623,"fish_oil"
93,2023,311.183878993665,"fish_oil"
94,2023,14.9432455108316,"fish_oil"
95,2023,483.690551617963,"fish_oil"
96,2023,248.904301732048,"fish_oil"
97,2023,29114.9361202285,"fish_oil"
98,2023,15084.8038082128,"fish_oil"
99,2023,2100.68424887638,"fish_oil"
100,2023,0.051013011587538,"fish_oil"
101,2023,212687.103936434,"fish_oil"
102,2023,646661.908460399,"fish_oil"
103,2023,6.20343281130631,"fish_oil"
104,2023,1622.18835937292,"fish_oil"
105,2023,0.418747817696161,"fish_oil"
106,2023,1026.37926976141,"fish_oil"
107,2023,0.0888364107273297,"fish_oil"
108,2023,0,"fish_oil"
110,2023,47.5277461925,"fish_oil"
111,2023,0,"fish_oil"
112,2023,39.340888414625,"fish_oil"
113,2023,17.9315781535625,"fish_oil"
114,2023,11.3129229294375,"fish_oil"
115,2023,0,"fish_oil"
116,2023,0,"fish_oil"
117,2023,0,"fish_oil"
118,2023,0,"fish_oil"
119,2023,0,"fish_oil"
120,2023,0,"fish_oil"
121,2023,0,"fish_oil"
122,2023,0.2243891125,"fish_oil"
123,2023,0,"fish_oil"
124,2023,0,"fish_oil"
125,2023,0,"fish_oil"
126,2023,6.8459355050625,"fish_oil"
127,2023,1.827225369375,"fish_oil"
129,2023,391283.014852026,"fish_oil"
130,2023,897.61,"fish_oil"
131,2023,241.42,"fish_oil"
132,2023,4121.93527740887,"fish_oil"
133,2023,337.65,"fish_oil"
134,2023,6753.35049516061,"fish_oil"
135,2023,1288833.30619882,"fish_oil"
136,2023,212.1,"fish_oil"
137,2023,203433.119055576,"fish_oil"
138,2023,3549023.94747259,"fish_oil"
139,2023,730.909493574571,"fish_oil"
140,2023,0,"fish_oil"
141,2023,1417874.83476329,"fish_oil"
143,2023,223837.55,"fish_oil"
144,2023,1.52836211438693,"fish_oil"
145,2023,1102.89246137103,"fish_oil"
146,2023,0,"fish_oil"
147,2023,1182.74497872843,"fish_oil"
148,2023,357.083393849399,"fish_oil"
149,2023,0,"fish_oil"
150,2023,0,"fish_oil"
151,2023,0.0575227000204876,"fish_oil"
152,2023,0.556461219357955,"fish_oil"
153,2023,372.570580065646,"fish_oil"
154,2023,0,"fish_oil"
155,2023,9.64339980111659,"fish_oil"
156,2023,0.0560780786187411,"fish_oil"
157,2023,124.07072607114,"fish_oil"
158,2023,0,"fish_oil"
159,2023,0.0457839784071422,"fish_oil"
161,2023,0,"fish_oil"
162,2023,8611.79,"fish_oil"
163,2023,560944.097190573,"fish_oil"
164,2023,0,"fish_oil"
166,2023,0,"fish_oil"
167,2023,0,"fish_oil"
168,2023,1.91208871120338,"fish_oil"
169,2023,4.36346918854166,"fish_oil"
171,2023,257269.558510766,"fish_oil"
172,2023,3766.75233188073,"fish_oil"
173,2023,7573.22025121132,"fish_oil"
174,2023,246386.660065056,"fish_oil"
175,2023,367730.65,"fish_oil"
176,2023,152440.994678025,"fish_oil"
177,2023,105245.69,"fish_oil"
178,2023,395582.510434738,"fish_oil"
179,2023,107224.14,"fish_oil"
180,2023,1011743.71078398,"fish_oil"
181,2023,937529.440426942,"fish_oil"
182,2023,70471.9,"fish_oil"
183,2023,2743.26,"fish_oil"
184,2023,477.16,"fish_oil"
185,2023,0,"fish_oil"
186,2023,0,"fish_oil"
187,2023,485.706530428512,"fish_oil"
188,2023,6.05,"fish_oil"
189,2023,39057.8009185333,"fish_oil"
190,2023,0,"fish_oil"
191,2023,421252.017241968,"fish_oil"
192,2023,0,"fish_oil"
193,2023,161678.279755029,"fish_oil"
194,2023,50352.341625556,"fish_oil"
195,2023,47966.6973869078,"fish_oil"
196,2023,0,"fish_oil"
197,2023,2430.92527117328,"fish_oil"
198,2023,6511.75601423039,"fish_oil"
199,2023,1668.1278637203,"fish_oil"
200,2023,29374.6144486583,"fish_oil"
202,2023,72.1193212460539,"fish_oil"
203,2023,5016847.22021633,"fish_oil"
204,2023,33769.4259293048,"fish_oil"
205,2023,2200156.70926135,"fish_oil"
206,2023,604737.787109373,"fish_oil"
207,2023,11618493.6377501,"fish_oil"
208,2023,1137.01,"fish_oil"
209,2023,8365331.58169049,"fish_oil"
210,2023,8298675.54257553,"fish_oil"
212,2023,25.2171675260044,"fish_oil"
213,2023,0,"fish_oil"
214,2023,0,"fish_oil"
215,2023,0,"fish_oil"
216,2023,291744.661579523,"fish_oil"
218,2023,25937.39,"fish_oil"
219,2023,1.45355537493557,"fish_oil"
220,2023,0,"fish_oil"
221,2023,0,"fish_oil"
222,2023,507428.4712135,"fish_oil"
223,2023,313660.522003836,"fish_oil"
224,2023,2591598.5810154,"fish_oil"
227,2023,241.152992700689,"fish_oil"
228,2023,241.152992700689,"fish_oil"
231,2023,0.67305232961622,"fish_oil"
232,2023,0,"fish_oil"
237,2023,0,"fish_oil"
244,2023,0.15,"fish_oil"
245,2023,0,"fish_oil"
247,2023,2762.83100869253,"fish_oil"
248,2023,0,"fish_oil"
249,2023,0,"fish_oil"
250,2023,4.91948902061309,"fish_oil"
