"rgn_id","year","score","product"
1,2007,1,"fish_oil"
3,2002,0.976298691624599,"fish_oil"
3,2003,0.936659412459238,"fish_oil"
3,2004,0.89419000727442,"fish_oil"
3,2005,0.857381064266466,"fish_oil"
3,2007,0.796230451001048,"fish_oil"
3,2009,0.750364386150628,"fish_oil"
3,2010,0.820778728006303,"fish_oil"
3,2011,0.719493328438339,"fish_oil"
3,2012,0.833852289479019,"fish_oil"
3,2013,0.754155440734424,"fish_oil"
3,2014,0.800280424698035,"fish_oil"
4,2001,1,"fish_oil"
4,2002,1,"fish_oil"
4,2004,1,"fish_oil"
4,2005,1,"fish_oil"
4,2006,1,"fish_oil"
4,2007,1,"fish_oil"
4,2008,1,"fish_oil"
4,2009,1,"fish_oil"
4,2010,1,"fish_oil"
4,2011,1,"fish_oil"
4,2012,1,"fish_oil"
4,2013,1,"fish_oil"
4,2014,1,"fish_oil"
4,2015,1,"fish_oil"
4,2016,1,"fish_oil"
4,2017,1,"fish_oil"
4,2018,0.778966958076745,"fish_oil"
4,2019,1,"fish_oil"
4,2020,1,"fish_oil"
4,2021,1,"fish_oil"
4,2022,1,"fish_oil"
4,2023,1,"fish_oil"
5,2004,0.84078775368715,"fish_oil"
6,2001,0.863388091659731,"fish_oil"
6,2002,0.855184649826392,"fish_oil"
6,2003,0.849767153512702,"fish_oil"
6,2004,0.84078775368715,"fish_oil"
6,2005,0.83837982618415,"fish_oil"
6,2006,0.8318167551155,"fish_oil"
6,2007,0.825099150936255,"fish_oil"
6,2008,0.784496929251817,"fish_oil"
6,2009,0.876988125581552,"fish_oil"
6,2010,0.85898005881385,"fish_oil"
6,2011,0.839253779378304,"fish_oil"
6,2012,0.632003488994314,"fish_oil"
6,2013,0.58228137922251,"fish_oil"
6,2014,0.684497765995786,"fish_oil"
6,2015,0.73115168738462,"fish_oil"
6,2016,0.609226718884816,"fish_oil"
6,2017,1,"fish_oil"
6,2018,0.684694116778285,"fish_oil"
6,2019,0.690846900868725,"fish_oil"
6,2020,0.690846900868725,"fish_oil"
6,2021,0.690846900868725,"fish_oil"
6,2022,0.690846900868725,"fish_oil"
6,2023,0.690846900868725,"fish_oil"
7,2001,1,"fish_oil"
7,2002,0.855184649826392,"fish_oil"
7,2003,0.849767153512702,"fish_oil"
7,2004,0.84078775368715,"fish_oil"
7,2005,0.83837982618415,"fish_oil"
7,2006,1,"fish_oil"
7,2007,0.825099150936255,"fish_oil"
7,2008,0.9308081,"fish_oil"
7,2009,0.961355240092013,"fish_oil"
7,2010,0.942952165512692,"fish_oil"
7,2011,0.922550167573403,"fish_oil"
7,2012,0.899209162466969,"fish_oil"
7,2013,0.875543416455936,"fish_oil"
7,2014,0.851097799826208,"fish_oil"
7,2015,0.822858685792832,"fish_oil"
7,2016,0.801704504024871,"fish_oil"
7,2017,1,"fish_oil"
7,2018,0.782368607355586,"fish_oil"
7,2019,0.681425724185604,"fish_oil"
7,2020,0.681425724185604,"fish_oil"
7,2021,0.681425724185604,"fish_oil"
7,2022,0.681425724185604,"fish_oil"
7,2023,0.681425724185604,"fish_oil"
8,2001,0.863388091659731,"fish_oil"
8,2002,0.855184649826392,"fish_oil"
8,2003,0.849767153512702,"fish_oil"
8,2004,0.84078775368715,"fish_oil"
8,2005,0.83837982618415,"fish_oil"
8,2006,0.8318167551155,"fish_oil"
8,2007,0.825099150936255,"fish_oil"
8,2008,0.820882525432663,"fish_oil"
8,2009,1,"fish_oil"
8,2010,1,"fish_oil"
8,2011,1,"fish_oil"
8,2012,1,"fish_oil"
8,2013,0.804522912421351,"fish_oil"
8,2014,0.800280424698035,"fish_oil"
8,2015,1,"fish_oil"
8,2016,1,"fish_oil"
8,2017,1,"fish_oil"
8,2018,1,"fish_oil"
8,2019,1,"fish_oil"
8,2020,1,"fish_oil"
8,2021,1,"fish_oil"
8,2022,1,"fish_oil"
8,2023,1,"fish_oil"
9,2001,1,"fish_oil"
9,2002,0.855184649826391,"fish_oil"
9,2003,0.849767153512702,"fish_oil"
9,2004,0.84078775368715,"fish_oil"
9,2005,0.83837982618415,"fish_oil"
9,2006,0.8318167551155,"fish_oil"
9,2007,0.825099150936255,"fish_oil"
9,2008,1,"fish_oil"
9,2009,1,"fish_oil"
9,2010,1,"fish_oil"
9,2011,1,"fish_oil"
9,2012,1,"fish_oil"
9,2013,1,"fish_oil"
9,2014,1,"fish_oil"
9,2015,1,"fish_oil"
9,2016,0.833190827776892,"fish_oil"
9,2017,1,"fish_oil"
9,2018,1,"fish_oil"
9,2019,1,"fish_oil"
9,2020,1,"fish_oil"
9,2021,1,"fish_oil"
9,2022,1,"fish_oil"
9,2023,1,"fish_oil"
10,2001,0.863388091659731,"fish_oil"
10,2002,0.855184649826391,"fish_oil"
10,2003,0.849767153512702,"fish_oil"
10,2004,0.84078775368715,"fish_oil"
10,2005,0.838379826184149,"fish_oil"
10,2006,0.8318167551155,"fish_oil"
10,2007,0.825099150936255,"fish_oil"
10,2008,0.9308081,"fish_oil"
10,2009,0.961322150081591,"fish_oil"
10,2010,0.942901758703802,"fish_oil"
10,2011,0.922481733794334,"fish_oil"
10,2012,0.69816666,"fish_oil"
10,2013,0.62729602,"fish_oil"
10,2014,0.55408994,"fish_oil"
10,2015,0.734481225848134,"fish_oil"
10,2016,0.702807351450464,"fish_oil"
10,2017,1,"fish_oil"
10,2018,0.782186792748831,"fish_oil"
10,2019,0.681374627331337,"fish_oil"
10,2020,0.681374627331337,"fish_oil"
10,2021,0.681374627331337,"fish_oil"
10,2022,0.681374627331337,"fish_oil"
10,2023,0.681374627331337,"fish_oil"
11,2001,0.863388091659731,"fish_oil"
11,2002,0.855184649826391,"fish_oil"
11,2003,0.849767153512702,"fish_oil"
11,2004,0.84078775368715,"fish_oil"
11,2005,0.83837982618415,"fish_oil"
11,2006,0.8318167551155,"fish_oil"
11,2007,0.825099150936255,"fish_oil"
11,2008,1,"fish_oil"
11,2009,1,"fish_oil"
11,2010,1,"fish_oil"
11,2011,1,"fish_oil"
11,2012,1,"fish_oil"
11,2013,1,"fish_oil"
11,2014,1,"fish_oil"
11,2015,1,"fish_oil"
11,2016,1,"fish_oil"
11,2017,1,"fish_oil"
11,2018,1,"fish_oil"
11,2019,1,"fish_oil"
11,2020,1,"fish_oil"
11,2021,1,"fish_oil"
11,2022,1,"fish_oil"
11,2023,1,"fish_oil"
12,2001,0.863388091659731,"fish_oil"
12,2002,0.855184649826392,"fish_oil"
12,2003,0.849767153512702,"fish_oil"
12,2004,0.84078775368715,"fish_oil"
12,2005,0.83837982618415,"fish_oil"
12,2006,0.8318167551155,"fish_oil"
12,2007,0.825099150936255,"fish_oil"
12,2008,0.820882525432663,"fish_oil"
12,2009,0.818441024074271,"fish_oil"
12,2010,0.820778728006303,"fish_oil"
12,2011,0.81723996687645,"fish_oil"
12,2012,0.813258247250702,"fish_oil"
12,2013,0.804522912421351,"fish_oil"
12,2014,0.800280424698035,"fish_oil"
12,2015,0.789343780909049,"fish_oil"
12,2016,0.787182897827765,"fish_oil"
12,2017,0.784319533897065,"fish_oil"
12,2018,0.778966958076745,"fish_oil"
12,2019,0.778787695832491,"fish_oil"
12,2020,0.779266698990997,"fish_oil"
12,2021,0.779110671770339,"fish_oil"
12,2022,0.779179754800365,"fish_oil"
12,2023,0.779180564447275,"fish_oil"
13,2001,0.863388091659731,"fish_oil"
13,2002,0.855184649826391,"fish_oil"
13,2003,0.849767153512702,"fish_oil"
13,2005,0.83837982618415,"fish_oil"
13,2006,0.8318167551155,"fish_oil"
13,2016,0.787182897827765,"fish_oil"
13,2017,0.784319533897065,"fish_oil"
14,2001,0.947949545984302,"fish_oil"
14,2002,0.93505417733038,"fish_oil"
14,2003,0.925982639029384,"fish_oil"
14,2004,0.919981360791077,"fish_oil"
14,2005,0.912526040343425,"fish_oil"
14,2006,0.911877851699489,"fish_oil"
14,2007,0.906915398049021,"fish_oil"
14,2008,0.905192839026701,"fish_oil"
14,2009,0.905487511375905,"fish_oil"
14,2010,0.906480914449966,"fish_oil"
14,2011,0.908257824268142,"fish_oil"
14,2012,0.894241856394208,"fish_oil"
14,2013,0.878231971093818,"fish_oil"
14,2014,0.911439980996205,"fish_oil"
14,2015,0.911523109945919,"fish_oil"
14,2016,0.910382911316421,"fish_oil"
14,2017,0.892519512769379,"fish_oil"
14,2018,0.88691439929152,"fish_oil"
14,2019,0.906038263074297,"fish_oil"
14,2020,0.906038263074297,"fish_oil"
14,2021,0.906038263074297,"fish_oil"
14,2022,0.906038263074297,"fish_oil"
14,2023,0.906038263074297,"fish_oil"
15,2002,0.855184649826392,"fish_oil"
15,2003,0.983989798027209,"fish_oil"
15,2004,0.84078775368715,"fish_oil"
15,2006,0.8318167551155,"fish_oil"
15,2007,0.825099150936255,"fish_oil"
15,2010,1,"fish_oil"
15,2011,0.81723996687645,"fish_oil"
15,2012,0.813258247250702,"fish_oil"
15,2013,0.804522912421351,"fish_oil"
15,2017,0.904087872190317,"fish_oil"
15,2018,0.885457806937113,"fish_oil"
15,2019,0.886278795037453,"fish_oil"
15,2020,0.886278795037453,"fish_oil"
15,2021,0.886278795037453,"fish_oil"
15,2022,0.886278795037453,"fish_oil"
15,2023,0.886278795037453,"fish_oil"
16,2001,0.889965327905473,"fish_oil"
16,2002,0.874181787819588,"fish_oil"
16,2003,0.890053777494645,"fish_oil"
16,2004,0.877793535992357,"fish_oil"
16,2005,0.871124155327764,"fish_oil"
16,2006,0.868018486069738,"fish_oil"
16,2007,0.848566729338638,"fish_oil"
16,2008,0.854512450886302,"fish_oil"
16,2009,0.855760753364058,"fish_oil"
16,2010,0.839969747187435,"fish_oil"
16,2011,0.818165736244456,"fish_oil"
16,2012,0.816111873051337,"fish_oil"
16,2013,0.80271169057542,"fish_oil"
16,2014,0.804461123006956,"fish_oil"
16,2015,0.790504812212386,"fish_oil"
16,2016,0.789603474907686,"fish_oil"
16,2017,0.791158362713299,"fish_oil"
16,2018,0.793910028362758,"fish_oil"
16,2019,0.792705760777705,"fish_oil"
16,2020,0.792798840611754,"fish_oil"
16,2021,0.792798840611754,"fish_oil"
16,2022,0.792798840611754,"fish_oil"
16,2023,0.792798840611754,"fish_oil"
17,2001,1,"fish_oil"
17,2002,0.855184649826391,"fish_oil"
17,2003,0.849767153512702,"fish_oil"
17,2004,0.84078775368715,"fish_oil"
17,2005,0.838379826184149,"fish_oil"
17,2006,1,"fish_oil"
17,2007,0.825099150936255,"fish_oil"
17,2008,0.9308081,"fish_oil"
17,2009,0.961392086294921,"fish_oil"
17,2010,0.943005182008292,"fish_oil"
17,2011,0.922622144340566,"fish_oil"
17,2012,0.899301775550777,"fish_oil"
17,2013,0.875657775144526,"fish_oil"
17,2014,0.851234620714708,"fish_oil"
17,2015,1,"fish_oil"
17,2016,0.801925246183169,"fish_oil"
17,2017,1,"fish_oil"
17,2018,0.782610274664963,"fish_oil"
17,2019,0.681513848466906,"fish_oil"
17,2020,0.681513848466906,"fish_oil"
17,2021,0.681513848466906,"fish_oil"
17,2022,0.681513848466906,"fish_oil"
17,2023,0.681513848466906,"fish_oil"
18,2001,0.863388091659731,"fish_oil"
18,2002,0.855184649826391,"fish_oil"
18,2003,0.849767153512702,"fish_oil"
18,2004,0.84078775368715,"fish_oil"
18,2005,0.83837982618415,"fish_oil"
18,2006,0.8318167551155,"fish_oil"
18,2007,0.825099150936255,"fish_oil"
18,2008,0.784511566092823,"fish_oil"
18,2009,0.835885747110843,"fish_oil"
18,2010,0.811872241000237,"fish_oil"
18,2011,0.839472954991911,"fish_oil"
18,2012,0.632001323068636,"fish_oil"
18,2013,0.58227980637813,"fish_oil"
18,2014,0.526894618588353,"fish_oil"
18,2015,0.641728549253552,"fish_oil"
18,2016,0.609401858083192,"fish_oil"
18,2017,1,"fish_oil"
18,2018,0.685470281180361,"fish_oil"
18,2019,0.588021947545652,"fish_oil"
18,2020,0.588021947545652,"fish_oil"
18,2021,0.588021947545652,"fish_oil"
18,2022,0.588021947545652,"fish_oil"
18,2023,0.588021947545652,"fish_oil"
19,2001,0.863388091659731,"fish_oil"
19,2002,0.855184649826391,"fish_oil"
19,2003,0.849767153512702,"fish_oil"
19,2004,0.84078775368715,"fish_oil"
19,2005,0.83837982618415,"fish_oil"
19,2006,0.8318167551155,"fish_oil"
19,2007,0.825099150936255,"fish_oil"
19,2008,0.820882525432663,"fish_oil"
19,2009,1,"fish_oil"
19,2010,1,"fish_oil"
19,2011,0.922128261329352,"fish_oil"
19,2012,0.69816666,"fish_oil"
19,2013,0.62729602,"fish_oil"
19,2014,0.55408994,"fish_oil"
19,2015,0.733743638392854,"fish_oil"
19,2016,0.701367376842549,"fish_oil"
19,2017,1,"fish_oil"
19,2018,0.780536403074487,"fish_oil"
19,2019,0.67997379073032,"fish_oil"
19,2020,0.67997379073032,"fish_oil"
19,2021,0.67997379073032,"fish_oil"
19,2022,0.67997379073032,"fish_oil"
19,2023,0.67997379073032,"fish_oil"
20,2001,0.617962552618543,"fish_oil"
20,2002,0.617309082660224,"fish_oil"
20,2003,0.64576756048755,"fish_oil"
20,2004,0.646342129646054,"fish_oil"
20,2005,0.646416990820129,"fish_oil"
20,2006,0.652414601349987,"fish_oil"
20,2007,0.71387719652417,"fish_oil"
20,2008,0.709953570840308,"fish_oil"
20,2009,0.629126151985813,"fish_oil"
20,2010,0.639087460530682,"fish_oil"
20,2011,0.617638413353444,"fish_oil"
20,2012,0.590948529325515,"fish_oil"
20,2013,0.569331545685802,"fish_oil"
20,2014,0.601132802721584,"fish_oil"
20,2015,0.608823094848802,"fish_oil"
20,2016,0.577076821871986,"fish_oil"
20,2017,0.596716325428014,"fish_oil"
20,2018,0.586024406626061,"fish_oil"
20,2019,0.59137439746617,"fish_oil"
20,2020,0.59137439746617,"fish_oil"
20,2021,0.59137439746617,"fish_oil"
20,2022,0.59137439746617,"fish_oil"
20,2023,0.59137439746617,"fish_oil"
21,2001,0.810084571053374,"fish_oil"
21,2002,0.777687324634933,"fish_oil"
21,2003,0.755797917515788,"fish_oil"
21,2004,0.791360467575108,"fish_oil"
21,2005,0.781947426978885,"fish_oil"
21,2006,0.81161864997868,"fish_oil"
21,2007,0.85550252645931,"fish_oil"
21,2008,0.817526427297282,"fish_oil"
21,2009,0.727756005379034,"fish_oil"
21,2010,0.721132820872483,"fish_oil"
21,2011,0.716045603568527,"fish_oil"
21,2012,0.685960412515514,"fish_oil"
21,2013,0.667945353710367,"fish_oil"
21,2014,0.699572538562424,"fish_oil"
21,2015,0.715356743332894,"fish_oil"
21,2016,0.670602191054716,"fish_oil"
21,2017,0.673909756490483,"fish_oil"
21,2018,0.682560502440991,"fish_oil"
21,2019,0.678005192927883,"fish_oil"
21,2020,0.678005192927883,"fish_oil"
21,2021,0.678005192927883,"fish_oil"
21,2022,0.678005192927883,"fish_oil"
21,2023,0.678005192927883,"fish_oil"
24,2001,0.957429171249633,"fish_oil"
24,2002,0.94552857430577,"fish_oil"
24,2003,0.926472354665654,"fish_oil"
24,2004,0.906242119055735,"fish_oil"
24,2005,0.890614168282085,"fish_oil"
24,2006,0.877035324084817,"fish_oil"
24,2007,0.865177395526174,"fish_oil"
24,2008,0.85859015654525,"fish_oil"
24,2009,0.859270638901406,"fish_oil"
24,2010,0.856474250356145,"fish_oil"
24,2011,0.844822744247009,"fish_oil"
24,2012,0.849050820331228,"fish_oil"
24,2013,0.848381855959876,"fish_oil"
24,2014,0.845927016071943,"fish_oil"
24,2015,0.843994908267513,"fish_oil"
24,2016,0.844035410659713,"fish_oil"
24,2017,0.845427385642834,"fish_oil"
24,2018,0.848752158518139,"fish_oil"
24,2019,0.850453153034377,"fish_oil"
24,2020,0.850453153034377,"fish_oil"
24,2021,0.850453153034377,"fish_oil"
24,2022,0.850453153034377,"fish_oil"
24,2023,0.850453153034377,"fish_oil"
25,2001,0.981610780768925,"fish_oil"
25,2002,0.973432003580959,"fish_oil"
25,2003,0.961262926336456,"fish_oil"
25,2004,0.937224047550941,"fish_oil"
25,2005,0.924672309313814,"fish_oil"
25,2006,0.909853047643597,"fish_oil"
25,2007,0.882128110557276,"fish_oil"
25,2008,0.872431285342069,"fish_oil"
25,2009,0.865336409258814,"fish_oil"
25,2010,0.877295705630111,"fish_oil"
25,2011,0.865246260299815,"fish_oil"
25,2012,0.848671709446523,"fish_oil"
25,2013,0.847948937791801,"fish_oil"
25,2014,0.848613757721876,"fish_oil"
25,2015,0.855039233438579,"fish_oil"
25,2016,0.833714173490864,"fish_oil"
25,2017,0.837419839792449,"fish_oil"
25,2018,0.862262985702481,"fish_oil"
25,2019,0.857166156439403,"fish_oil"
25,2020,0.854091499041064,"fish_oil"
25,2021,0.854091499041064,"fish_oil"
25,2022,0.854091499041064,"fish_oil"
25,2023,0.854091499041064,"fish_oil"
26,2001,0.955003490620662,"fish_oil"
26,2002,0.955003490620662,"fish_oil"
26,2003,0.952613566129818,"fish_oil"
26,2004,0.932088641043925,"fish_oil"
26,2005,0.936873028965975,"fish_oil"
26,2006,0.92780779813863,"fish_oil"
26,2007,0.902438433959232,"fish_oil"
26,2008,0.896149654150064,"fish_oil"
26,2009,0.919678019435813,"fish_oil"
26,2010,0.945678049348573,"fish_oil"
26,2011,0.960440167422183,"fish_oil"
26,2012,0.923706219062243,"fish_oil"
26,2013,0.946964526345904,"fish_oil"
26,2014,0.939113485371632,"fish_oil"
26,2015,0.94158616284186,"fish_oil"
26,2016,0.945481633864239,"fish_oil"
26,2017,0.930767966062034,"fish_oil"
26,2018,0.936951115117992,"fish_oil"
26,2019,0.941278591392928,"fish_oil"
26,2020,0.933860060635896,"fish_oil"
26,2021,0.933860060635896,"fish_oil"
26,2022,0.933860060635896,"fish_oil"
26,2023,0.933860060635896,"fish_oil"
28,2001,1,"fish_oil"
28,2002,1,"fish_oil"
28,2003,1,"fish_oil"
28,2004,1,"fish_oil"
28,2005,1,"fish_oil"
28,2006,1,"fish_oil"
28,2007,1,"fish_oil"
28,2008,1,"fish_oil"
28,2009,1,"fish_oil"
28,2010,1,"fish_oil"
28,2011,1,"fish_oil"
28,2012,1,"fish_oil"
28,2013,1,"fish_oil"
28,2014,1,"fish_oil"
28,2015,1,"fish_oil"
28,2016,1,"fish_oil"
29,2001,1,"fish_oil"
29,2002,1,"fish_oil"
29,2003,1,"fish_oil"
29,2004,1,"fish_oil"
29,2005,1,"fish_oil"
29,2006,1,"fish_oil"
29,2007,1,"fish_oil"
29,2008,1,"fish_oil"
29,2009,1,"fish_oil"
29,2010,1,"fish_oil"
29,2011,1,"fish_oil"
30,2011,0.81723996687645,"fish_oil"
30,2012,1,"fish_oil"
30,2013,0.804522912421351,"fish_oil"
30,2014,0.800280424698035,"fish_oil"
30,2015,0.789343780909049,"fish_oil"
30,2016,0.787182897827765,"fish_oil"
30,2017,0.784319533897065,"fish_oil"
30,2018,0.778966958076745,"fish_oil"
30,2019,0.778787695832491,"fish_oil"
30,2020,0.779266698990997,"fish_oil"
30,2021,0.779110671770339,"fish_oil"
30,2022,0.779179754800365,"fish_oil"
30,2023,0.779180564447275,"fish_oil"
31,2001,1,"fish_oil"
31,2002,1,"fish_oil"
31,2003,1,"fish_oil"
31,2004,1,"fish_oil"
31,2005,1,"fish_oil"
31,2006,1,"fish_oil"
31,2007,1,"fish_oil"
31,2008,1,"fish_oil"
31,2009,1,"fish_oil"
31,2010,1,"fish_oil"
31,2011,1,"fish_oil"
31,2012,1,"fish_oil"
31,2013,1,"fish_oil"
31,2014,1,"fish_oil"
31,2015,1,"fish_oil"
31,2016,1,"fish_oil"
31,2017,1,"fish_oil"
31,2018,1,"fish_oil"
31,2019,1,"fish_oil"
31,2020,1,"fish_oil"
31,2021,1,"fish_oil"
31,2022,1,"fish_oil"
31,2023,1,"fish_oil"
32,2001,1,"fish_oil"
32,2002,1,"fish_oil"
32,2003,1,"fish_oil"
32,2004,1,"fish_oil"
32,2005,1,"fish_oil"
32,2006,1,"fish_oil"
32,2007,1,"fish_oil"
32,2008,1,"fish_oil"
32,2009,1,"fish_oil"
32,2010,1,"fish_oil"
32,2011,1,"fish_oil"
32,2012,1,"fish_oil"
32,2013,1,"fish_oil"
32,2014,1,"fish_oil"
32,2016,1,"fish_oil"
32,2018,1,"fish_oil"
32,2019,1,"fish_oil"
32,2020,1,"fish_oil"
32,2021,1,"fish_oil"
32,2022,1,"fish_oil"
32,2023,1,"fish_oil"
33,2001,1,"fish_oil"
33,2002,1,"fish_oil"
33,2003,1,"fish_oil"
33,2004,1,"fish_oil"
33,2005,1,"fish_oil"
33,2006,1,"fish_oil"
33,2007,1,"fish_oil"
33,2008,1,"fish_oil"
33,2009,1,"fish_oil"
33,2010,1,"fish_oil"
33,2011,1,"fish_oil"
33,2012,1,"fish_oil"
33,2013,0.804522912421351,"fish_oil"
33,2014,0.800280424698035,"fish_oil"
33,2015,0.789343780909049,"fish_oil"
33,2016,0.787182897827765,"fish_oil"
33,2017,0.784319533897065,"fish_oil"
33,2018,1,"fish_oil"
33,2019,1,"fish_oil"
33,2020,1,"fish_oil"
33,2021,1,"fish_oil"
33,2022,1,"fish_oil"
33,2023,1,"fish_oil"
34,2001,1,"fish_oil"
34,2002,1,"fish_oil"
34,2003,1,"fish_oil"
34,2004,1,"fish_oil"
34,2005,1,"fish_oil"
34,2006,1,"fish_oil"
34,2007,1,"fish_oil"
34,2008,1,"fish_oil"
34,2009,1,"fish_oil"
34,2010,1,"fish_oil"
34,2011,1,"fish_oil"
34,2012,1,"fish_oil"
34,2013,0.804522912421351,"fish_oil"
34,2014,0.800280424698035,"fish_oil"
34,2015,0.789343780909049,"fish_oil"
34,2016,0.787182897827765,"fish_oil"
34,2017,0.784319533897065,"fish_oil"
34,2018,1,"fish_oil"
34,2019,1,"fish_oil"
34,2020,1,"fish_oil"
34,2021,1,"fish_oil"
34,2022,1,"fish_oil"
34,2023,1,"fish_oil"
35,2001,1,"fish_oil"
35,2002,1,"fish_oil"
35,2003,1,"fish_oil"
35,2004,1,"fish_oil"
35,2005,1,"fish_oil"
35,2006,1,"fish_oil"
35,2007,1,"fish_oil"
35,2008,1,"fish_oil"
35,2009,1,"fish_oil"
35,2010,1,"fish_oil"
35,2011,1,"fish_oil"
35,2012,1,"fish_oil"
35,2013,0.804522912421351,"fish_oil"
35,2014,0.800280424698035,"fish_oil"
35,2015,0.789343780909049,"fish_oil"
35,2016,0.787182897827765,"fish_oil"
35,2017,0.784319533897065,"fish_oil"
35,2018,1,"fish_oil"
35,2019,1,"fish_oil"
35,2020,1,"fish_oil"
35,2021,1,"fish_oil"
35,2022,1,"fish_oil"
35,2023,1,"fish_oil"
36,2001,1,"fish_oil"
36,2002,1,"fish_oil"
36,2003,1,"fish_oil"
36,2004,1,"fish_oil"
36,2005,1,"fish_oil"
36,2006,1,"fish_oil"
36,2007,1,"fish_oil"
36,2008,1,"fish_oil"
36,2009,1,"fish_oil"
36,2010,1,"fish_oil"
36,2011,1,"fish_oil"
36,2012,1,"fish_oil"
36,2013,1,"fish_oil"
36,2014,1,"fish_oil"
36,2016,1,"fish_oil"
36,2018,1,"fish_oil"
36,2019,1,"fish_oil"
36,2020,1,"fish_oil"
36,2021,1,"fish_oil"
36,2022,1,"fish_oil"
36,2023,1,"fish_oil"
37,2001,1,"fish_oil"
37,2002,1,"fish_oil"
37,2003,1,"fish_oil"
37,2004,1,"fish_oil"
37,2005,1,"fish_oil"
37,2006,1,"fish_oil"
37,2007,1,"fish_oil"
37,2008,1,"fish_oil"
37,2009,1,"fish_oil"
37,2010,1,"fish_oil"
37,2011,1,"fish_oil"
37,2012,1,"fish_oil"
37,2013,1,"fish_oil"
37,2014,0.981235617200149,"fish_oil"
37,2015,1,"fish_oil"
37,2016,0.983900142882804,"fish_oil"
37,2017,1,"fish_oil"
37,2018,1,"fish_oil"
37,2019,1,"fish_oil"
37,2020,1,"fish_oil"
37,2021,1,"fish_oil"
37,2022,1,"fish_oil"
37,2023,1,"fish_oil"
38,2001,1,"fish_oil"
38,2002,1,"fish_oil"
38,2004,1,"fish_oil"
38,2005,1,"fish_oil"
38,2006,1,"fish_oil"
38,2007,1,"fish_oil"
38,2008,1,"fish_oil"
38,2009,1,"fish_oil"
38,2014,1,"fish_oil"
39,2004,0.84078775368715,"fish_oil"
39,2005,1,"fish_oil"
39,2006,0.8318167551155,"fish_oil"
39,2007,1,"fish_oil"
39,2008,1,"fish_oil"
39,2009,1,"fish_oil"
39,2018,0.889131567342113,"fish_oil"
40,2001,1,"fish_oil"
40,2002,1,"fish_oil"
40,2003,1,"fish_oil"
40,2004,1,"fish_oil"
40,2005,1,"fish_oil"
40,2006,1,"fish_oil"
40,2007,1,"fish_oil"
40,2008,1,"fish_oil"
40,2009,1,"fish_oil"
40,2010,1,"fish_oil"
40,2011,1,"fish_oil"
40,2012,1,"fish_oil"
40,2013,0.940360395698015,"fish_oil"
40,2014,0.846012842144438,"fish_oil"
40,2015,0.761561175202642,"fish_oil"
40,2016,0.695799086071761,"fish_oil"
40,2017,0.623930959176789,"fish_oil"
40,2018,0.611237384038092,"fish_oil"
40,2019,0.610370214488999,"fish_oil"
40,2020,0.610370214488999,"fish_oil"
40,2021,0.610370214488999,"fish_oil"
40,2022,0.610370214488999,"fish_oil"
40,2023,0.610370214488999,"fish_oil"
41,2001,0.863388091659731,"fish_oil"
41,2002,0.855184649826392,"fish_oil"
41,2003,1,"fish_oil"
41,2004,1,"fish_oil"
41,2005,1,"fish_oil"
41,2006,1,"fish_oil"
41,2007,1,"fish_oil"
41,2008,1,"fish_oil"
41,2009,1,"fish_oil"
41,2010,1,"fish_oil"
41,2011,1,"fish_oil"
41,2012,1,"fish_oil"
41,2013,0.987542625376912,"fish_oil"
41,2014,1,"fish_oil"
41,2015,1,"fish_oil"
41,2016,1,"fish_oil"
41,2017,1,"fish_oil"
41,2018,1,"fish_oil"
41,2019,1,"fish_oil"
41,2020,1,"fish_oil"
41,2021,1,"fish_oil"
41,2022,1,"fish_oil"
41,2023,1,"fish_oil"
42,2001,0.991478918201898,"fish_oil"
42,2002,0.990459282527501,"fish_oil"
42,2003,0.991414672542787,"fish_oil"
42,2004,0.972127427964523,"fish_oil"
42,2005,0.954465680742656,"fish_oil"
42,2006,0.992862173124016,"fish_oil"
42,2007,0.96635730066802,"fish_oil"
42,2008,0.948949259702055,"fish_oil"
42,2009,0.966369807468389,"fish_oil"
42,2010,0.995900894093825,"fish_oil"
42,2011,0.970637984855361,"fish_oil"
42,2012,0.995609891390287,"fish_oil"
42,2013,0.961408392329869,"fish_oil"
42,2014,0.955077844762484,"fish_oil"
42,2015,0.958271994496838,"fish_oil"
42,2016,0.961900220438067,"fish_oil"
42,2017,0.956452297340009,"fish_oil"
42,2018,0.96109693858155,"fish_oil"
42,2019,0.962563587296143,"fish_oil"
42,2020,0.956714888933755,"fish_oil"
42,2021,0.956714888933755,"fish_oil"
42,2022,0.956714888933755,"fish_oil"
42,2023,0.956714888933755,"fish_oil"
43,2007,1,"fish_oil"
43,2010,1,"fish_oil"
43,2016,1,"fish_oil"
44,2001,1,"fish_oil"
44,2002,1,"fish_oil"
44,2003,1,"fish_oil"
44,2004,1,"fish_oil"
44,2005,1,"fish_oil"
44,2006,1,"fish_oil"
44,2007,0.995963680641847,"fish_oil"
44,2008,0.994864928605086,"fish_oil"
44,2009,0.995617724174687,"fish_oil"
44,2010,1,"fish_oil"
44,2011,1,"fish_oil"
44,2012,1,"fish_oil"
44,2013,0.994192961192642,"fish_oil"
44,2014,0.992991961305329,"fish_oil"
44,2015,0.992729519137762,"fish_oil"
44,2016,0.993068043200874,"fish_oil"
44,2017,1,"fish_oil"
44,2018,1,"fish_oil"
44,2019,1,"fish_oil"
44,2020,1,"fish_oil"
44,2021,1,"fish_oil"
44,2022,1,"fish_oil"
44,2023,1,"fish_oil"
45,2001,0.942911607417259,"fish_oil"
45,2002,0.977883046889429,"fish_oil"
45,2003,0.951414433095043,"fish_oil"
45,2004,1,"fish_oil"
45,2005,0.918366260520099,"fish_oil"
45,2006,0.912419161118738,"fish_oil"
45,2007,0.908360304242668,"fish_oil"
45,2008,0.905729859912208,"fish_oil"
45,2009,0.902867142740019,"fish_oil"
45,2010,0.89926875566089,"fish_oil"
45,2011,0.90520356889535,"fish_oil"
45,2012,0.900128010322581,"fish_oil"
45,2013,0.887459653032425,"fish_oil"
45,2014,0.882401946691961,"fish_oil"
45,2015,0.880677779831675,"fish_oil"
45,2016,0.881726364505582,"fish_oil"
45,2017,0.892662173387202,"fish_oil"
45,2018,0.898820434609715,"fish_oil"
45,2019,0.900525660625115,"fish_oil"
45,2020,0.900525660625115,"fish_oil"
45,2021,0.900525660625115,"fish_oil"
45,2022,0.900525660625115,"fish_oil"
45,2023,0.900525660625115,"fish_oil"
46,2001,0.863388091659731,"fish_oil"
46,2002,0.855184649826391,"fish_oil"
46,2003,0.849767153512702,"fish_oil"
46,2004,0.84078775368715,"fish_oil"
46,2005,0.83837982618415,"fish_oil"
46,2006,0.8318167551155,"fish_oil"
46,2007,0.825099150936255,"fish_oil"
46,2008,0.820882525432663,"fish_oil"
46,2009,0.818441024074271,"fish_oil"
46,2010,0.820778728006303,"fish_oil"
46,2011,1,"fish_oil"
46,2012,1,"fish_oil"
46,2013,1,"fish_oil"
46,2014,1,"fish_oil"
46,2015,1,"fish_oil"
46,2016,1,"fish_oil"
46,2017,1,"fish_oil"
46,2018,1,"fish_oil"
46,2019,1,"fish_oil"
46,2020,1,"fish_oil"
46,2021,1,"fish_oil"
46,2022,1,"fish_oil"
46,2023,1,"fish_oil"
47,2001,0.960583315189171,"fish_oil"
47,2002,0.959653707367218,"fish_oil"
47,2003,0.958344084269098,"fish_oil"
47,2004,0.942354914390564,"fish_oil"
47,2005,0.955191985134622,"fish_oil"
47,2006,0.953573221036287,"fish_oil"
47,2007,0.926362981480232,"fish_oil"
47,2008,0.874091583007074,"fish_oil"
47,2009,0.874696574479621,"fish_oil"
47,2010,0.946616927649209,"fish_oil"
47,2011,0.959292240500072,"fish_oil"
47,2012,0.958993575687628,"fish_oil"
47,2013,0.946853001522427,"fish_oil"
47,2014,0.93714407147957,"fish_oil"
47,2015,0.93588202507557,"fish_oil"
47,2016,0.940990359037049,"fish_oil"
47,2017,0.930343623366409,"fish_oil"
47,2018,0.935069198389801,"fish_oil"
47,2019,0.950857014095122,"fish_oil"
47,2020,0.925986510886782,"fish_oil"
47,2021,0.925986510886782,"fish_oil"
47,2022,0.925986510886782,"fish_oil"
47,2023,0.925986510886782,"fish_oil"
48,2004,0.84078775368715,"fish_oil"
48,2005,0.83837982618415,"fish_oil"
48,2006,0.8318167551155,"fish_oil"
48,2007,0.825099150936255,"fish_oil"
48,2008,0.820882525432664,"fish_oil"
48,2009,0.818441024074271,"fish_oil"
48,2015,1,"fish_oil"
48,2018,1,"fish_oil"
48,2019,1,"fish_oil"
48,2020,1,"fish_oil"
48,2021,1,"fish_oil"
48,2022,1,"fish_oil"
48,2023,1,"fish_oil"
49,2001,0.863388091659731,"fish_oil"
49,2013,0.804522912421351,"fish_oil"
50,2001,1,"fish_oil"
50,2002,1,"fish_oil"
50,2003,1,"fish_oil"
50,2004,1,"fish_oil"
50,2005,1,"fish_oil"
50,2006,1,"fish_oil"
50,2007,1,"fish_oil"
50,2008,1,"fish_oil"
50,2009,1,"fish_oil"
50,2010,1,"fish_oil"
50,2011,0.81723996687645,"fish_oil"
50,2012,0.813258247250702,"fish_oil"
50,2013,0.804522912421351,"fish_oil"
50,2014,0.800280424698035,"fish_oil"
50,2015,0.789343780909049,"fish_oil"
50,2016,0.787182897827765,"fish_oil"
50,2017,1,"fish_oil"
50,2018,1,"fish_oil"
50,2019,0.937577836471171,"fish_oil"
50,2020,0.937577836471171,"fish_oil"
50,2021,0.937577836471171,"fish_oil"
50,2022,0.937577836471171,"fish_oil"
50,2023,0.937577836471171,"fish_oil"
53,2001,0.970449364745134,"fish_oil"
53,2002,0.968715983745353,"fish_oil"
53,2003,0.967296646691433,"fish_oil"
53,2004,0.964926308640132,"fish_oil"
53,2005,0.965610045992444,"fish_oil"
53,2006,0.965932295778285,"fish_oil"
53,2007,0.964459617304297,"fish_oil"
53,2008,0.963622183481622,"fish_oil"
53,2009,0.965509023929974,"fish_oil"
53,2010,0.969708120550754,"fish_oil"
53,2011,0.97026745167308,"fish_oil"
53,2012,0.969649265446556,"fish_oil"
53,2013,0.969104080663992,"fish_oil"
53,2014,0.96867433458542,"fish_oil"
53,2015,0.968437279559726,"fish_oil"
53,2016,0.969163858726288,"fish_oil"
53,2017,0.968190045115834,"fish_oil"
53,2018,0.968626351239431,"fish_oil"
53,2019,0.969334861663619,"fish_oil"
53,2020,0.968767612187385,"fish_oil"
53,2021,0.968767612187385,"fish_oil"
53,2022,0.968767612187385,"fish_oil"
53,2023,0.968767612187385,"fish_oil"
54,2001,0.966452239014339,"fish_oil"
54,2002,0.958181448118607,"fish_oil"
54,2003,0.953411241166987,"fish_oil"
54,2004,0.955390818196783,"fish_oil"
54,2005,0.962288120820125,"fish_oil"
54,2006,0.971424885009777,"fish_oil"
54,2007,0.990311467096379,"fish_oil"
54,2008,0.993063495383941,"fish_oil"
54,2009,0.990291948087842,"fish_oil"
54,2010,0.987949314202811,"fish_oil"
54,2011,0.985446732735695,"fish_oil"
54,2012,0.98547796699454,"fish_oil"
54,2013,0.990089594112479,"fish_oil"
54,2014,0.985312163002415,"fish_oil"
54,2015,0.975709996837047,"fish_oil"
54,2016,0.956943880450647,"fish_oil"
54,2017,0.947387439091431,"fish_oil"
54,2018,0.949488639980614,"fish_oil"
54,2019,0.979200868318423,"fish_oil"
54,2020,0.975540768132663,"fish_oil"
54,2021,0.975540768132663,"fish_oil"
54,2022,0.975540768132663,"fish_oil"
54,2023,0.975540768132663,"fish_oil"
55,2001,0.812213995022029,"fish_oil"
55,2002,1,"fish_oil"
55,2003,0.882713802871925,"fish_oil"
55,2004,0.911810008657423,"fish_oil"
55,2005,0.9222136643876,"fish_oil"
55,2006,0.822152533170096,"fish_oil"
55,2007,0.860308268182785,"fish_oil"
55,2008,0.910594657389968,"fish_oil"
55,2009,0.918521408226599,"fish_oil"
55,2010,0.941528479480222,"fish_oil"
55,2011,0.999138183163448,"fish_oil"
55,2012,1,"fish_oil"
55,2013,0.925983477324183,"fish_oil"
55,2014,0.855242618346641,"fish_oil"
55,2015,0.803852263229394,"fish_oil"
55,2016,1,"fish_oil"
55,2017,0.622190436278543,"fish_oil"
55,2018,0.793206595827052,"fish_oil"
55,2019,0.804005768057094,"fish_oil"
55,2020,0.804005768057094,"fish_oil"
55,2021,0.804005768057094,"fish_oil"
55,2022,0.804005768057094,"fish_oil"
55,2023,0.804005768057094,"fish_oil"
56,2001,0.905897310864404,"fish_oil"
56,2002,0.893430318784166,"fish_oil"
56,2003,0.895067616549209,"fish_oil"
56,2004,0.897588777062018,"fish_oil"
56,2005,0.890697888016364,"fish_oil"
56,2006,0.89787468563719,"fish_oil"
56,2007,0.890295692747517,"fish_oil"
56,2008,0.888733979565271,"fish_oil"
56,2009,0.900881909337028,"fish_oil"
56,2010,0.878193982765068,"fish_oil"
56,2011,0.889474635334537,"fish_oil"
56,2012,0.881582403665089,"fish_oil"
56,2013,0.875188488928406,"fish_oil"
56,2014,0.865916930014109,"fish_oil"
56,2015,0.847764498821885,"fish_oil"
56,2016,0.83466272790506,"fish_oil"
56,2017,0.867132226121923,"fish_oil"
56,2018,0.842259298083295,"fish_oil"
56,2019,0.855488816767794,"fish_oil"
56,2020,0.855488816767794,"fish_oil"
56,2021,0.855488816767794,"fish_oil"
56,2022,0.855488816767794,"fish_oil"
56,2023,0.855488816767794,"fish_oil"
57,2001,0.863388091659731,"fish_oil"
57,2002,0.855184649826391,"fish_oil"
57,2003,0.849767153512702,"fish_oil"
57,2004,0.84078775368715,"fish_oil"
57,2005,0.83837982618415,"fish_oil"
57,2006,0.8318167551155,"fish_oil"
57,2007,0.825099150936255,"fish_oil"
57,2008,0.820882525432663,"fish_oil"
57,2009,0.818441024074271,"fish_oil"
57,2010,0.820778728006303,"fish_oil"
57,2012,1,"fish_oil"
57,2013,1,"fish_oil"
57,2014,0.983499219026464,"fish_oil"
57,2015,0.998861001509496,"fish_oil"
57,2016,1,"fish_oil"
57,2017,1,"fish_oil"
57,2018,0.976644645669905,"fish_oil"
57,2019,0.973369140863922,"fish_oil"
57,2020,0.973369140863922,"fish_oil"
57,2021,0.973369140863922,"fish_oil"
57,2022,0.973369140863922,"fish_oil"
57,2023,0.973369140863922,"fish_oil"
58,2001,0.916055596318772,"fish_oil"
58,2002,0.911194892810385,"fish_oil"
58,2003,0.914372380360941,"fish_oil"
58,2004,0.910180326486663,"fish_oil"
58,2005,0.90415027939261,"fish_oil"
58,2006,0.899683899537753,"fish_oil"
58,2007,0.89887314919061,"fish_oil"
58,2008,0.89712760910954,"fish_oil"
58,2009,0.899997314472423,"fish_oil"
58,2010,0.893249020591582,"fish_oil"
58,2011,0.887568496574638,"fish_oil"
58,2012,0.882111042971065,"fish_oil"
58,2013,0.875744122944299,"fish_oil"
58,2014,0.872418750771913,"fish_oil"
58,2015,0.848516372407952,"fish_oil"
58,2016,0.832115404559666,"fish_oil"
58,2017,0.832341003438341,"fish_oil"
58,2018,0.83370236303401,"fish_oil"
58,2019,0.992134910496596,"fish_oil"
58,2020,0.992134910496596,"fish_oil"
58,2021,0.992134910496596,"fish_oil"
58,2022,0.992134910496596,"fish_oil"
58,2023,0.992134910496596,"fish_oil"
59,2001,0.991269872138617,"fish_oil"
59,2002,0.989948196463424,"fish_oil"
59,2003,0.988228679045824,"fish_oil"
59,2004,0.988398133187514,"fish_oil"
59,2005,0.988980118594246,"fish_oil"
59,2006,0.985577205123217,"fish_oil"
59,2007,0.98701135663377,"fish_oil"
59,2008,0.986532411483616,"fish_oil"
59,2009,0.99083608679574,"fish_oil"
59,2010,0.990816063426608,"fish_oil"
59,2011,0.987291493993285,"fish_oil"
59,2012,0.99140727937965,"fish_oil"
59,2013,0.989852039331854,"fish_oil"
59,2014,0.989717883294033,"fish_oil"
59,2015,0.986678471049389,"fish_oil"
59,2016,0.985508987162913,"fish_oil"
59,2017,0.987588580293158,"fish_oil"
59,2018,0.988376334335882,"fish_oil"
59,2019,0.984340012748807,"fish_oil"
59,2020,0.984954700635117,"fish_oil"
59,2021,0.984954700635117,"fish_oil"
59,2022,0.984954700635117,"fish_oil"
59,2023,0.984954700635117,"fish_oil"
61,2001,0.895778593683859,"fish_oil"
61,2002,0.886728412577759,"fish_oil"
61,2003,0.890955773695521,"fish_oil"
61,2004,0.878831395337569,"fish_oil"
61,2005,0.867580795068043,"fish_oil"
61,2006,0.857748116148373,"fish_oil"
61,2007,0.849281904536358,"fish_oil"
61,2008,0.835423729790541,"fish_oil"
61,2009,0.815093500422465,"fish_oil"
61,2010,0.812223768659103,"fish_oil"
61,2011,0.806704615881522,"fish_oil"
61,2012,0.799421063420549,"fish_oil"
61,2013,0.789727195218949,"fish_oil"
61,2014,0.779975156433453,"fish_oil"
61,2015,0.760684726994429,"fish_oil"
61,2016,0.743556490626909,"fish_oil"
61,2017,0.731868593494824,"fish_oil"
61,2018,0.723839829158377,"fish_oil"
61,2019,0.721816418742117,"fish_oil"
61,2020,0.721816418742117,"fish_oil"
61,2021,0.721816418742117,"fish_oil"
61,2022,0.721816418742117,"fish_oil"
61,2023,0.721816418742117,"fish_oil"
62,2001,0.978837138753656,"fish_oil"
62,2002,0.978105090193975,"fish_oil"
62,2003,0.976188380177404,"fish_oil"
62,2004,0.973193349310788,"fish_oil"
62,2005,0.970284145206215,"fish_oil"
62,2006,0.968525683974137,"fish_oil"
62,2007,0.966068555935178,"fish_oil"
62,2008,0.965487049859254,"fish_oil"
62,2009,0.963146833650849,"fish_oil"
62,2010,0.960400071846745,"fish_oil"
62,2011,0.958858689743321,"fish_oil"
62,2012,0.957363709515713,"fish_oil"
62,2013,0.954196207595257,"fish_oil"
62,2014,0.951990707074561,"fish_oil"
62,2015,0.947874388587168,"fish_oil"
62,2016,0.945236846460519,"fish_oil"
62,2017,0.942034690262965,"fish_oil"
62,2018,0.940728108808757,"fish_oil"
62,2019,0.93780242335765,"fish_oil"
62,2020,0.93780242335765,"fish_oil"
62,2021,0.93780242335765,"fish_oil"
62,2022,0.93780242335765,"fish_oil"
62,2023,0.93780242335765,"fish_oil"
63,2001,0.987994738406251,"fish_oil"
63,2002,0.989497430700266,"fish_oil"
63,2003,0.985372396441394,"fish_oil"
63,2004,0.983090969813203,"fish_oil"
63,2005,0.978548368092016,"fish_oil"
63,2006,0.977528605836708,"fish_oil"
63,2007,0.977640686714257,"fish_oil"
63,2008,0.977536044953562,"fish_oil"
63,2009,0.976317897124095,"fish_oil"
63,2010,0.975042177332452,"fish_oil"
63,2011,0.973505856099861,"fish_oil"
63,2012,0.972068922744306,"fish_oil"
63,2013,0.968941880834946,"fish_oil"
63,2014,0.966407717615817,"fish_oil"
63,2015,0.960883631183306,"fish_oil"
63,2016,0.957400442731643,"fish_oil"
63,2017,0.954070090906055,"fish_oil"
63,2018,0.950851490781094,"fish_oil"
63,2019,0.94734504238807,"fish_oil"
63,2020,0.94734504238807,"fish_oil"
63,2021,0.94734504238807,"fish_oil"
63,2022,0.94734504238807,"fish_oil"
63,2023,0.94734504238807,"fish_oil"
64,2001,0.950567188228045,"fish_oil"
64,2002,0.941135019920524,"fish_oil"
64,2003,0.943344082568782,"fish_oil"
64,2004,0.942321979117773,"fish_oil"
64,2005,0.942216888204803,"fish_oil"
64,2006,0.937545895525963,"fish_oil"
64,2007,0.933162515094174,"fish_oil"
64,2008,0.929406101737996,"fish_oil"
64,2009,0.909258379852387,"fish_oil"
64,2010,0.902760993555244,"fish_oil"
64,2011,0.967989881084794,"fish_oil"
64,2012,0.917567601183195,"fish_oil"
64,2013,0.867914569008944,"fish_oil"
64,2014,0.859771886617525,"fish_oil"
64,2015,0.894324395523901,"fish_oil"
64,2016,0.845585471931553,"fish_oil"
64,2017,0.884645386050006,"fish_oil"
64,2018,0.881649278373118,"fish_oil"
64,2019,0.878260630075349,"fish_oil"
64,2020,0.878260630075349,"fish_oil"
64,2021,0.878260630075349,"fish_oil"
64,2022,0.878260630075349,"fish_oil"
64,2023,0.878260630075349,"fish_oil"
65,2001,0.912021654301464,"fish_oil"
65,2002,0.908585668953934,"fish_oil"
65,2003,0.901371772031639,"fish_oil"
65,2004,0.903274407750064,"fish_oil"
65,2005,0.907567382658523,"fish_oil"
65,2006,0.915039105229871,"fish_oil"
65,2007,0.911281577691732,"fish_oil"
65,2008,0.916144492201513,"fish_oil"
65,2009,0.912910046563941,"fish_oil"
65,2010,0.912431431965741,"fish_oil"
65,2011,0.911722634651511,"fish_oil"
65,2012,0.914243298666491,"fish_oil"
65,2013,0.883611592028617,"fish_oil"
65,2014,0.861901760049403,"fish_oil"
65,2015,0.843389122384428,"fish_oil"
65,2016,0.826090486688824,"fish_oil"
65,2017,0.816645974296283,"fish_oil"
65,2018,0.828914240165467,"fish_oil"
65,2019,0.852044485990775,"fish_oil"
65,2020,0.852044485990775,"fish_oil"
65,2021,0.852044485990775,"fish_oil"
65,2022,0.852044485990775,"fish_oil"
65,2023,0.852044485990775,"fish_oil"
66,2001,0.951308428711507,"fish_oil"
66,2002,0.961870527312622,"fish_oil"
66,2003,0.921626899785251,"fish_oil"
66,2004,0.914877937661934,"fish_oil"
66,2005,0.910780254592123,"fish_oil"
66,2006,0.92782669380173,"fish_oil"
66,2007,0.912633942058793,"fish_oil"
66,2008,0.913375870268602,"fish_oil"
66,2009,0.913428240180235,"fish_oil"
66,2010,0.902443248422735,"fish_oil"
66,2011,0.906843124692554,"fish_oil"
66,2012,0.912514420624487,"fish_oil"
66,2013,0.849678396497697,"fish_oil"
66,2014,0.829515697211039,"fish_oil"
66,2015,0.872773757400554,"fish_oil"
66,2016,0.875430851610384,"fish_oil"
66,2017,0.865687382485779,"fish_oil"
66,2018,0.855880444562537,"fish_oil"
66,2019,0.864426833306561,"fish_oil"
66,2020,0.864426833306561,"fish_oil"
66,2021,0.864426833306561,"fish_oil"
66,2022,0.864426833306561,"fish_oil"
66,2023,0.864426833306561,"fish_oil"
67,2001,0.886466342967605,"fish_oil"
67,2002,0.880452867784261,"fish_oil"
67,2003,0.855455104116563,"fish_oil"
67,2004,0.84884785425608,"fish_oil"
67,2005,0.844435650706736,"fish_oil"
67,2006,0.849928597129409,"fish_oil"
67,2007,0.85901231130026,"fish_oil"
67,2008,0.853689125813467,"fish_oil"
67,2009,0.828714719868942,"fish_oil"
67,2010,0.825222163222583,"fish_oil"
67,2011,0.823073380593246,"fish_oil"
67,2012,0.821749283934896,"fish_oil"
67,2013,0.820462693779613,"fish_oil"
67,2014,0.828019122096061,"fish_oil"
67,2015,0.829271098374136,"fish_oil"
67,2016,0.825049811877889,"fish_oil"
67,2017,0.814609742993924,"fish_oil"
67,2018,0.821590860061985,"fish_oil"
67,2019,0.817451868865744,"fish_oil"
67,2020,0.817451868865744,"fish_oil"
67,2021,0.817451868865744,"fish_oil"
67,2022,0.817451868865744,"fish_oil"
67,2023,0.817451868865744,"fish_oil"
68,2013,0.84664372,"fish_oil"
68,2014,0.832646617498799,"fish_oil"
68,2017,0.784319533897065,"fish_oil"
68,2018,0.778966958076745,"fish_oil"
68,2019,0.778787695832491,"fish_oil"
68,2020,0.779266698990997,"fish_oil"
68,2021,0.779110671770339,"fish_oil"
68,2022,0.779179754800365,"fish_oil"
68,2023,0.779180564447275,"fish_oil"
69,2001,0.999936168036934,"fish_oil"
69,2002,0.999948926200104,"fish_oil"
69,2003,0.999951494392628,"fish_oil"
69,2004,0.999936568975157,"fish_oil"
69,2005,0.99996264569275,"fish_oil"
69,2006,0.99996254623872,"fish_oil"
69,2007,0.999961529160848,"fish_oil"
69,2008,0.999995752832862,"fish_oil"
69,2009,0.999996945630644,"fish_oil"
69,2010,0.999996016259807,"fish_oil"
69,2011,0.999993101247888,"fish_oil"
69,2012,0.999979882918099,"fish_oil"
69,2013,0.999970021029281,"fish_oil"
69,2014,0.999983299780073,"fish_oil"
69,2015,0.999967753344336,"fish_oil"
69,2016,0.99998282492894,"fish_oil"
69,2017,0.999915270503681,"fish_oil"
69,2018,0.999924624843996,"fish_oil"
69,2019,0.999920330379102,"fish_oil"
69,2020,0.999911848979756,"fish_oil"
69,2021,0.99989445492347,"fish_oil"
69,2022,0.99989445492347,"fish_oil"
69,2023,0.99989445492347,"fish_oil"
70,2001,0.999983929213746,"fish_oil"
70,2002,0.999986503278766,"fish_oil"
70,2003,0.999987230577553,"fish_oil"
70,2004,0.99998372620122,"fish_oil"
70,2005,0.999989506444652,"fish_oil"
70,2006,0.999989648849184,"fish_oil"
70,2007,0.999989842427833,"fish_oil"
70,2008,0.999996769321063,"fish_oil"
70,2009,0.999997395294825,"fish_oil"
70,2010,0.999996604668071,"fish_oil"
70,2011,0.999997600509683,"fish_oil"
70,2012,0.999993540428777,"fish_oil"
70,2013,0.999991684132114,"fish_oil"
70,2014,0.999994285237882,"fish_oil"
70,2015,0.999982471097775,"fish_oil"
70,2016,0.999994174642836,"fish_oil"
70,2017,0.999968491074576,"fish_oil"
70,2018,0.999980576648989,"fish_oil"
70,2019,0.999977900081517,"fish_oil"
70,2020,0.999976128025012,"fish_oil"
70,2021,0.999972493807434,"fish_oil"
70,2022,0.999972493807434,"fish_oil"
70,2023,0.999972493807434,"fish_oil"
71,2001,0.863388091659731,"fish_oil"
71,2009,0.818441024074271,"fish_oil"
71,2010,0.820778728006303,"fish_oil"
71,2011,0.81723996687645,"fish_oil"
71,2012,0.813258247250702,"fish_oil"
71,2013,0.804522912421351,"fish_oil"
71,2014,0.800280424698035,"fish_oil"
71,2015,0.789343780909049,"fish_oil"
71,2016,0.787182897827765,"fish_oil"
71,2017,0.784319533897065,"fish_oil"
71,2018,0.778966958076745,"fish_oil"
71,2019,0.778787695832491,"fish_oil"
71,2020,0.779266698990997,"fish_oil"
71,2021,0.779110671770339,"fish_oil"
71,2022,0.779179754800365,"fish_oil"
71,2023,0.779180564447275,"fish_oil"
72,2001,0.827329513644256,"fish_oil"
72,2002,0.823444017718187,"fish_oil"
72,2003,0.820709307800061,"fish_oil"
72,2004,0.816022770004359,"fish_oil"
72,2005,0.801543636668339,"fish_oil"
72,2006,0.827610795697639,"fish_oil"
72,2007,0.837107403568181,"fish_oil"
72,2008,0.825970201889865,"fish_oil"
72,2009,0.825890457144985,"fish_oil"
72,2010,0.824644957671361,"fish_oil"
72,2011,0.745116119797954,"fish_oil"
72,2012,0.745803774857722,"fish_oil"
72,2013,0.819862661713175,"fish_oil"
72,2014,0.824357680425083,"fish_oil"
72,2015,0.93199082658397,"fish_oil"
72,2016,0.932776315899011,"fish_oil"
72,2017,0.934103128266258,"fish_oil"
72,2018,0.935764315980398,"fish_oil"
72,2019,0.843178301477808,"fish_oil"
72,2020,0.843178301477808,"fish_oil"
72,2021,0.843178301477808,"fish_oil"
72,2022,0.843178301477808,"fish_oil"
72,2023,0.843178301477808,"fish_oil"
73,2001,0.670248010802219,"fish_oil"
73,2002,0.681148907583578,"fish_oil"
73,2003,0.666115326230675,"fish_oil"
73,2004,0.66559639025973,"fish_oil"
73,2005,0.662199202818402,"fish_oil"
73,2006,0.650701092431155,"fish_oil"
73,2007,0.66225446336108,"fish_oil"
73,2008,0.64625904208531,"fish_oil"
73,2009,0.644087363054219,"fish_oil"
73,2010,0.666358914553132,"fish_oil"
73,2011,0.684166082845599,"fish_oil"
73,2012,0.686610690613775,"fish_oil"
73,2013,0.704265079126421,"fish_oil"
73,2014,0.779278656482624,"fish_oil"
73,2015,0.826120318802133,"fish_oil"
73,2016,0.840496514763391,"fish_oil"
73,2017,0.834302678091361,"fish_oil"
73,2018,0.822773769522577,"fish_oil"
73,2019,0.820959468430338,"fish_oil"
73,2020,0.821168339051827,"fish_oil"
73,2021,0.820410794310827,"fish_oil"
73,2022,0.819754796738996,"fish_oil"
73,2023,0.819274967336069,"fish_oil"
74,2001,0.999965132487541,"fish_oil"
74,2002,0.999964777966127,"fish_oil"
74,2003,0.999964490373063,"fish_oil"
74,2004,0.999963175152038,"fish_oil"
74,2005,0.999961912315166,"fish_oil"
74,2006,0.999961395996024,"fish_oil"
74,2007,0.999961040313534,"fish_oil"
74,2008,0.999959043503017,"fish_oil"
74,2009,0.999960311856149,"fish_oil"
74,2010,0.999959242389025,"fish_oil"
74,2011,0.999959297633556,"fish_oil"
74,2012,0.999960969975379,"fish_oil"
74,2013,0.999961178546726,"fish_oil"
74,2014,0.999961294944517,"fish_oil"
74,2015,0.999961512439307,"fish_oil"
74,2016,0.999959699767738,"fish_oil"
74,2017,0.999960252567941,"fish_oil"
74,2018,0.999959459481485,"fish_oil"
74,2019,0.999960476520547,"fish_oil"
74,2020,0.999960476520547,"fish_oil"
74,2021,0.999960476520547,"fish_oil"
74,2022,0.999960476520547,"fish_oil"
74,2023,0.999960476520547,"fish_oil"
75,2001,0.93227600086525,"fish_oil"
75,2002,0.931877051160389,"fish_oil"
75,2003,0.931616342251312,"fish_oil"
75,2004,0.928340887306207,"fish_oil"
75,2005,0.924891689163918,"fish_oil"
75,2006,0.921857739805513,"fish_oil"
75,2007,0.917672372233603,"fish_oil"
75,2008,0.91242345502053,"fish_oil"
75,2009,0.904536841370193,"fish_oil"
75,2010,0.90250653747921,"fish_oil"
75,2011,0.90233020370968,"fish_oil"
75,2012,0.90117496610008,"fish_oil"
75,2013,0.899966563247727,"fish_oil"
75,2014,0.898405336117755,"fish_oil"
75,2015,0.897593515087501,"fish_oil"
75,2016,0.901521494893691,"fish_oil"
75,2017,0.901572467071577,"fish_oil"
75,2018,0.891922445920251,"fish_oil"
75,2019,0.890843266759086,"fish_oil"
75,2020,0.890843266759086,"fish_oil"
75,2021,0.890843266759086,"fish_oil"
75,2022,0.890843266759086,"fish_oil"
75,2023,0.890843266759086,"fish_oil"
76,2001,0.951997176883981,"fish_oil"
76,2002,0.951219681363088,"fish_oil"
76,2003,0.950448030144721,"fish_oil"
76,2004,0.949883667896145,"fish_oil"
76,2005,0.949190932189354,"fish_oil"
76,2006,0.94811617258453,"fish_oil"
76,2007,0.946609087895667,"fish_oil"
76,2008,0.945715529627658,"fish_oil"
76,2009,0.944468263030389,"fish_oil"
76,2010,0.943613710475625,"fish_oil"
76,2011,0.900321344395745,"fish_oil"
76,2012,0.921073181591299,"fish_oil"
76,2013,0.942445500172918,"fish_oil"
76,2014,0.941901618083196,"fish_oil"
76,2015,0.941216492915403,"fish_oil"
76,2016,0.940804191047309,"fish_oil"
76,2017,0.94028622265827,"fish_oil"
76,2018,0.939823247407001,"fish_oil"
76,2019,0.939847527272962,"fish_oil"
76,2020,0.939847527272962,"fish_oil"
76,2021,0.939847527272962,"fish_oil"
76,2022,0.939847527272962,"fish_oil"
76,2023,0.939847527272962,"fish_oil"
77,2001,1,"fish_oil"
77,2016,0.784619223578212,"fish_oil"
77,2017,0.766675770197363,"fish_oil"
77,2018,0.71058915168475,"fish_oil"
77,2019,0.662275151161703,"fish_oil"
77,2020,0.662275151161703,"fish_oil"
77,2021,0.662275151161703,"fish_oil"
77,2022,0.662275151161703,"fish_oil"
77,2023,0.662275151161703,"fish_oil"
79,2009,0.818441024074271,"fish_oil"
80,2001,0.825422537124745,"fish_oil"
80,2002,0.808759554700132,"fish_oil"
80,2003,0.807584440361034,"fish_oil"
80,2004,0.801030528476951,"fish_oil"
80,2005,0.795215567769339,"fish_oil"
80,2006,0.773879191003082,"fish_oil"
80,2007,0.748334885581334,"fish_oil"
80,2008,0.726350125684571,"fish_oil"
80,2009,0.700638651513335,"fish_oil"
80,2010,0.705359918723276,"fish_oil"
80,2011,0.675636801302813,"fish_oil"
80,2012,0.665691906462949,"fish_oil"
80,2013,0.656078342174495,"fish_oil"
80,2014,0.664902165353429,"fish_oil"
80,2015,0.648976497696423,"fish_oil"
80,2016,0.631530442240883,"fish_oil"
80,2017,0.634529591738532,"fish_oil"
80,2018,0.63537563544533,"fish_oil"
80,2019,0.632219643134032,"fish_oil"
80,2020,0.632219643134032,"fish_oil"
80,2021,0.632219643134032,"fish_oil"
80,2022,0.632219643134032,"fish_oil"
80,2023,0.632219643134032,"fish_oil"
81,2001,1,"fish_oil"
81,2002,1,"fish_oil"
81,2013,0.84664372,"fish_oil"
81,2014,0.837154310532862,"fish_oil"
81,2015,0.829944686844642,"fish_oil"
81,2016,0.770764436461822,"fish_oil"
81,2017,0.750586370297145,"fish_oil"
81,2018,0.696701965327515,"fish_oil"
81,2019,0.650291514877954,"fish_oil"
81,2020,0.650291514877954,"fish_oil"
81,2021,0.650291514877954,"fish_oil"
81,2022,0.650291514877954,"fish_oil"
81,2023,0.650291514877954,"fish_oil"
82,2017,0.76680086,"fish_oil"
82,2018,0.71069712,"fish_oil"
82,2019,0.66236832,"fish_oil"
82,2020,0.66236832,"fish_oil"
82,2021,0.66236832,"fish_oil"
82,2022,0.66236832,"fish_oil"
82,2023,0.66236832,"fish_oil"
84,2001,1,"fish_oil"
84,2002,1,"fish_oil"
84,2003,1,"fish_oil"
84,2004,1,"fish_oil"
84,2005,1,"fish_oil"
84,2006,1,"fish_oil"
84,2007,1,"fish_oil"
84,2008,1,"fish_oil"
84,2009,1,"fish_oil"
84,2010,1,"fish_oil"
84,2011,1,"fish_oil"
84,2012,1,"fish_oil"
84,2013,1,"fish_oil"
84,2014,1,"fish_oil"
84,2015,0.992953084821032,"fish_oil"
84,2016,0.99145556162624,"fish_oil"
84,2017,0.990529248383203,"fish_oil"
84,2018,0.989610099104433,"fish_oil"
84,2019,0.909725234106791,"fish_oil"
84,2020,0.909725234106791,"fish_oil"
84,2021,0.909725234106791,"fish_oil"
84,2022,0.909725234106791,"fish_oil"
84,2023,0.909725234106791,"fish_oil"
85,2018,0.778966958076745,"fish_oil"
89,2001,0.344301133612062,"fish_oil"
89,2002,0.367934665630583,"fish_oil"
89,2003,0.379419475957673,"fish_oil"
89,2004,0.371769910276938,"fish_oil"
89,2005,0.354438146627299,"fish_oil"
89,2006,0.34701861564796,"fish_oil"
89,2007,0.346859674050581,"fish_oil"
89,2008,0.348755634796313,"fish_oil"
89,2009,0.372386476163409,"fish_oil"
89,2010,0.41462136337178,"fish_oil"
89,2011,0.448305269487979,"fish_oil"
89,2012,0.473763098386787,"fish_oil"
89,2013,0.513380569051697,"fish_oil"
89,2014,0.530780335234359,"fish_oil"
89,2015,0.53365764204536,"fish_oil"
89,2016,0.53157245300449,"fish_oil"
89,2017,0.543520335079184,"fish_oil"
89,2018,0.559755706959056,"fish_oil"
89,2019,0.552901469365804,"fish_oil"
89,2020,0.552901469365804,"fish_oil"
89,2021,0.552901469365804,"fish_oil"
89,2022,0.552901469365804,"fish_oil"
89,2023,0.552901469365804,"fish_oil"
90,2001,1,"fish_oil"
90,2002,0.974850203195021,"fish_oil"
90,2003,1,"fish_oil"
90,2004,0.975181275902618,"fish_oil"
90,2005,1,"fish_oil"
90,2006,1,"fish_oil"
90,2007,1,"fish_oil"
90,2008,1,"fish_oil"
90,2009,1,"fish_oil"
90,2010,1,"fish_oil"
90,2011,1,"fish_oil"
90,2012,1,"fish_oil"
90,2013,1,"fish_oil"
90,2014,1,"fish_oil"
90,2015,1,"fish_oil"
90,2016,1,"fish_oil"
90,2017,1,"fish_oil"
90,2018,1,"fish_oil"
90,2019,1,"fish_oil"
90,2020,1,"fish_oil"
90,2021,1,"fish_oil"
90,2022,1,"fish_oil"
90,2023,1,"fish_oil"
91,2001,0.940742085504497,"fish_oil"
91,2002,0.894926656572086,"fish_oil"
91,2003,0.856042485079376,"fish_oil"
91,2004,0.818428333953123,"fish_oil"
91,2005,0.789407709022294,"fish_oil"
91,2006,0.773432166131269,"fish_oil"
91,2007,0.76760091828778,"fish_oil"
91,2008,0.76010253453893,"fish_oil"
91,2009,0.74970376455189,"fish_oil"
91,2010,0.74395177568405,"fish_oil"
91,2011,0.737287394525548,"fish_oil"
91,2012,0.671374704393586,"fish_oil"
91,2013,0.7204789261491,"fish_oil"
91,2014,0.646488438605408,"fish_oil"
91,2015,0.623599229024591,"fish_oil"
91,2016,0.597636700031195,"fish_oil"
91,2017,0.567859188818572,"fish_oil"
91,2018,0.6196936740667,"fish_oil"
91,2019,0.506245556723986,"fish_oil"
91,2020,0.506245556723986,"fish_oil"
91,2021,0.506245556723986,"fish_oil"
91,2022,0.506245556723986,"fish_oil"
91,2023,0.506245556723986,"fish_oil"
92,2001,0.863388091659731,"fish_oil"
92,2002,0.855184649826391,"fish_oil"
92,2003,0.849767153512702,"fish_oil"
92,2004,0.84078775368715,"fish_oil"
92,2005,0.838379826184149,"fish_oil"
92,2006,0.8318167551155,"fish_oil"
92,2007,0.825099150936255,"fish_oil"
92,2008,0.820882525432663,"fish_oil"
92,2009,0.818441024074271,"fish_oil"
92,2010,0.820778728006303,"fish_oil"
92,2011,0.81723996687645,"fish_oil"
92,2012,0.813258247250702,"fish_oil"
92,2013,0.804522912421351,"fish_oil"
92,2014,0.800280424698035,"fish_oil"
92,2015,0.789343780909049,"fish_oil"
92,2016,0.787182897827765,"fish_oil"
92,2017,0.784319533897065,"fish_oil"
92,2018,0.778966958076745,"fish_oil"
92,2019,0.778787695832491,"fish_oil"
92,2020,0.779266698990997,"fish_oil"
92,2021,0.779110671770339,"fish_oil"
92,2022,0.779179754800365,"fish_oil"
92,2023,0.779180564447275,"fish_oil"
93,2001,0.930945346066312,"fish_oil"
93,2002,0.877555539545341,"fish_oil"
93,2003,0.832242314241291,"fish_oil"
93,2004,0.788409500454544,"fish_oil"
93,2005,0.754590961142082,"fish_oil"
93,2006,0.735974217822952,"fish_oil"
93,2007,0.721244538714004,"fish_oil"
93,2008,0.70849740938622,"fish_oil"
93,2009,0.695861726117982,"fish_oil"
93,2010,0.688875368844038,"fish_oil"
93,2011,0.680778217044004,"fish_oil"
93,2012,0.671374704393586,"fish_oil"
93,2013,0.660367194611977,"fish_oil"
93,2014,0.646488438605408,"fish_oil"
93,2015,0.623599229024591,"fish_oil"
93,2016,0.597636700031195,"fish_oil"
93,2017,0.567859188818572,"fish_oil"
93,2018,0.537890158211132,"fish_oil"
93,2019,0.506245556723986,"fish_oil"
93,2020,0.506245556723986,"fish_oil"
93,2021,0.506245556723986,"fish_oil"
93,2022,0.506245556723986,"fish_oil"
93,2023,0.506245556723986,"fish_oil"
94,2001,0.831818619148041,"fish_oil"
94,2002,0.781747466362042,"fish_oil"
94,2003,0.736394816350889,"fish_oil"
94,2004,0.698394659812259,"fish_oil"
94,2005,0.661685624846901,"fish_oil"
94,2006,0.667502144037956,"fish_oil"
94,2007,0.657391606282715,"fish_oil"
94,2008,0.655728639176451,"fish_oil"
94,2009,0.638665716166511,"fish_oil"
94,2010,0.633129027166772,"fish_oil"
94,2011,0.627551927945971,"fish_oil"
94,2012,0.603085727113699,"fish_oil"
94,2013,0.596585721437155,"fish_oil"
94,2014,0.587767274507021,"fish_oil"
94,2015,0.571521520783406,"fish_oil"
94,2016,0.551154854440244,"fish_oil"
94,2017,0.529950572414781,"fish_oil"
94,2018,0.508729327239502,"fish_oil"
94,2019,0.486412734227822,"fish_oil"
94,2020,0.486412734227822,"fish_oil"
94,2021,0.486412734227822,"fish_oil"
94,2022,0.486412734227822,"fish_oil"
94,2023,0.486412734227822,"fish_oil"
95,2001,0.906439051295945,"fish_oil"
95,2002,0.908750529248306,"fish_oil"
95,2003,0.924837216393735,"fish_oil"
95,2004,0.913485546785459,"fish_oil"
95,2005,0.935982239771818,"fish_oil"
95,2006,0.927928515967826,"fish_oil"
95,2007,0.889892551643722,"fish_oil"
95,2008,0.912027796387847,"fish_oil"
95,2009,0.904288821974222,"fish_oil"
95,2010,0.850113829612764,"fish_oil"
95,2011,0.795936942583638,"fish_oil"
95,2012,0.749113116958565,"fish_oil"
95,2013,0.743609182458147,"fish_oil"
95,2014,0.747724522333026,"fish_oil"
95,2015,0.772592257375072,"fish_oil"
95,2016,0.790663933468985,"fish_oil"
95,2017,0.786529881317339,"fish_oil"
95,2018,0.849242006968362,"fish_oil"
95,2019,0.854434671466926,"fish_oil"
95,2020,0.854434671466926,"fish_oil"
95,2021,0.854434671466926,"fish_oil"
95,2022,0.854434671466926,"fish_oil"
95,2023,0.854434671466926,"fish_oil"
96,2001,0.920600648606008,"fish_oil"
96,2002,0.918389025873447,"fish_oil"
96,2003,0.892330838297092,"fish_oil"
96,2004,0.910586025682956,"fish_oil"
96,2005,0.898084152162735,"fish_oil"
96,2006,0.897493000914034,"fish_oil"
96,2007,0.894273578941042,"fish_oil"
96,2008,0.894146728039635,"fish_oil"
96,2009,0.893791878284998,"fish_oil"
96,2010,0.89268027317011,"fish_oil"
96,2011,0.910203109765746,"fish_oil"
96,2012,0.92020780201879,"fish_oil"
96,2013,0.909743938234992,"fish_oil"
96,2014,0.89685466015072,"fish_oil"
96,2015,0.883445985815806,"fish_oil"
96,2016,0.879990747543958,"fish_oil"
96,2017,0.87364535475797,"fish_oil"
96,2018,0.883481366425448,"fish_oil"
96,2019,0.861401348497179,"fish_oil"
96,2020,0.861401348497179,"fish_oil"
96,2021,0.861401348497179,"fish_oil"
96,2022,0.861401348497179,"fish_oil"
96,2023,0.861401348497179,"fish_oil"
97,2001,0.916352352488374,"fish_oil"
97,2002,0.918314006292421,"fish_oil"
97,2003,0.902013363479037,"fish_oil"
97,2004,0.910510935006924,"fish_oil"
97,2005,0.902430386052603,"fish_oil"
97,2006,0.901867439527002,"fish_oil"
97,2007,0.898989121013875,"fish_oil"
97,2008,0.898874105802058,"fish_oil"
97,2009,0.976852882589484,"fish_oil"
97,2010,0.975067864361647,"fish_oil"
97,2011,0.919060584738155,"fish_oil"
97,2012,0.932051565639607,"fish_oil"
97,2013,0.915186497328734,"fish_oil"
97,2014,0.909661613741613,"fish_oil"
97,2015,0.967919676482742,"fish_oil"
97,2016,0.872355900486653,"fish_oil"
97,2017,0.869709105073466,"fish_oil"
97,2018,0.875794059204429,"fish_oil"
97,2019,0.847936509645283,"fish_oil"
97,2020,0.847936509645283,"fish_oil"
97,2021,0.847936509645283,"fish_oil"
97,2022,0.847936509645283,"fish_oil"
97,2023,0.847936509645283,"fish_oil"
98,2001,0.893737593888826,"fish_oil"
98,2002,0.891083386353294,"fish_oil"
98,2003,0.886545037812812,"fish_oil"
98,2004,0.88815749395961,"fish_oil"
98,2005,0.887789253607258,"fish_oil"
98,2006,0.893698746301088,"fish_oil"
98,2007,0.888876389883465,"fish_oil"
98,2008,0.88874830185076,"fish_oil"
98,2009,0.89849680547396,"fish_oil"
98,2010,0.913244295195156,"fish_oil"
98,2011,0.879685692644124,"fish_oil"
98,2012,0.889443554078621,"fish_oil"
98,2013,0.891412047356209,"fish_oil"
98,2014,0.868578506095098,"fish_oil"
98,2015,0.869340736588894,"fish_oil"
98,2016,0.854436932141547,"fish_oil"
98,2017,0.843066284432931,"fish_oil"
98,2018,0.816629356181834,"fish_oil"
98,2019,0.81980307636922,"fish_oil"
98,2020,0.81980307636922,"fish_oil"
98,2021,0.81980307636922,"fish_oil"
98,2022,0.81980307636922,"fish_oil"
98,2023,0.81980307636922,"fish_oil"
99,2001,0.893728995635808,"fish_oil"
99,2002,0.891081483509755,"fish_oil"
99,2003,0.886536307968399,"fish_oil"
99,2004,0.88815581506792,"fish_oil"
99,2005,0.8877910219379,"fish_oil"
99,2006,0.893703844515886,"fish_oil"
99,2007,0.888883794501499,"fish_oil"
99,2008,0.888757694750791,"fish_oil"
99,2009,0.888179029898931,"fish_oil"
99,2010,0.930151436087074,"fish_oil"
99,2011,0.873371241596085,"fish_oil"
99,2012,0.881813959795145,"fish_oil"
99,2013,0.955269157115545,"fish_oil"
99,2014,0.922379734168006,"fish_oil"
99,2015,0.775106429725688,"fish_oil"
99,2016,0.81330240290785,"fish_oil"
99,2017,0.817820395669367,"fish_oil"
99,2018,1,"fish_oil"
99,2019,1,"fish_oil"
99,2020,1,"fish_oil"
99,2021,1,"fish_oil"
99,2022,1,"fish_oil"
99,2023,1,"fish_oil"
100,2001,1,"fish_oil"
100,2002,0.855184649826391,"fish_oil"
100,2003,0.849767153512702,"fish_oil"
100,2004,0.84078775368715,"fish_oil"
100,2005,0.83837982618415,"fish_oil"
100,2006,0.8318167551155,"fish_oil"
100,2007,1,"fish_oil"
100,2008,1,"fish_oil"
100,2009,1,"fish_oil"
100,2010,1,"fish_oil"
100,2011,0.974421895325298,"fish_oil"
100,2012,0.961421340490636,"fish_oil"
100,2013,0.948459963739641,"fish_oil"
100,2014,0.929095703565022,"fish_oil"
100,2015,0.885841173678182,"fish_oil"
100,2016,0.787182897827765,"fish_oil"
100,2017,0.773603373448249,"fish_oil"
100,2018,0.836036442786138,"fish_oil"
100,2019,0.753638769904382,"fish_oil"
100,2020,0.753638769904382,"fish_oil"
100,2021,0.753638769904382,"fish_oil"
100,2022,0.753638769904382,"fish_oil"
100,2023,0.753638769904382,"fish_oil"
101,2001,0.741444789023214,"fish_oil"
101,2002,0.712020808254939,"fish_oil"
101,2003,0.7233854645476,"fish_oil"
101,2004,0.716715731192644,"fish_oil"
101,2005,0.707235386670576,"fish_oil"
101,2006,0.700323966095304,"fish_oil"
101,2007,0.6749860877106,"fish_oil"
101,2008,0.649414475429439,"fish_oil"
101,2009,0.595820573271607,"fish_oil"
101,2010,0.599333625791951,"fish_oil"
101,2011,0.659009567480537,"fish_oil"
101,2012,0.676800153555487,"fish_oil"
101,2013,0.632850319277705,"fish_oil"
101,2014,0.685488404410229,"fish_oil"
101,2015,0.682572365953021,"fish_oil"
101,2016,0.68098685389471,"fish_oil"
101,2017,0.638971770798404,"fish_oil"
101,2018,0.647369486055144,"fish_oil"
101,2019,0.593749183914226,"fish_oil"
101,2020,0.593749183914226,"fish_oil"
101,2021,0.593749183914226,"fish_oil"
101,2022,0.593749183914226,"fish_oil"
101,2023,0.593749183914226,"fish_oil"
102,2001,0.940744394596948,"fish_oil"
102,2002,0.941558426044848,"fish_oil"
102,2003,0.928189413535649,"fish_oil"
102,2004,0.886910280494029,"fish_oil"
102,2005,0.884259689069969,"fish_oil"
102,2006,0.870229961776928,"fish_oil"
102,2007,0.849215518748211,"fish_oil"
102,2008,0.840734511634624,"fish_oil"
102,2009,0.867464647260858,"fish_oil"
102,2010,0.8529161562787,"fish_oil"
102,2011,0.85804515097399,"fish_oil"
102,2012,0.853637673909134,"fish_oil"
102,2013,0.849757016760343,"fish_oil"
102,2014,0.831735914720613,"fish_oil"
102,2015,0.820717192983573,"fish_oil"
102,2016,0.814737127950891,"fish_oil"
102,2017,0.804960432775764,"fish_oil"
102,2018,0.789905812150693,"fish_oil"
102,2019,0.790491709281475,"fish_oil"
102,2020,0.786902671702402,"fish_oil"
102,2021,0.786902671702402,"fish_oil"
102,2022,0.786902671702402,"fish_oil"
102,2023,0.786902671702402,"fish_oil"
103,2001,0.983374513307461,"fish_oil"
103,2002,0.974401408783532,"fish_oil"
103,2003,0.978765574676741,"fish_oil"
103,2004,0.932963453712712,"fish_oil"
103,2005,0.931463846656881,"fish_oil"
103,2006,0.940800637092084,"fish_oil"
103,2007,0.933038883815507,"fish_oil"
103,2008,0.934101393106803,"fish_oil"
103,2009,0.930427692405601,"fish_oil"
103,2010,0.92997249890296,"fish_oil"
103,2011,0.929182327675528,"fish_oil"
103,2012,0.93006629926487,"fish_oil"
103,2013,0.929917331521084,"fish_oil"
103,2014,0.921145172648318,"fish_oil"
103,2015,0.907934397708247,"fish_oil"
103,2016,0.902004289387472,"fish_oil"
103,2017,0.890298071585618,"fish_oil"
103,2018,0.876224308774149,"fish_oil"
103,2019,0.881031361933182,"fish_oil"
103,2020,0.881031361933182,"fish_oil"
103,2021,0.881031361933182,"fish_oil"
103,2022,0.881031361933182,"fish_oil"
103,2023,0.881031361933182,"fish_oil"
104,2001,0.981714006264248,"fish_oil"
104,2002,1,"fish_oil"
104,2003,1,"fish_oil"
104,2004,1,"fish_oil"
104,2005,1,"fish_oil"
104,2006,1,"fish_oil"
104,2007,1,"fish_oil"
104,2008,1,"fish_oil"
104,2009,1,"fish_oil"
104,2010,1,"fish_oil"
104,2011,0.895472856732587,"fish_oil"
104,2012,0.901859381800506,"fish_oil"
104,2013,1,"fish_oil"
104,2014,1,"fish_oil"
104,2015,0.792525034799745,"fish_oil"
104,2016,1,"fish_oil"
104,2017,1,"fish_oil"
104,2018,1,"fish_oil"
104,2019,1,"fish_oil"
104,2020,1,"fish_oil"
104,2021,1,"fish_oil"
104,2022,1,"fish_oil"
104,2023,1,"fish_oil"
105,2004,0.84078775368715,"fish_oil"
105,2005,0.83837982618415,"fish_oil"
105,2006,0.8318167551155,"fish_oil"
105,2007,0.825099150936255,"fish_oil"
105,2008,0.820882525432664,"fish_oil"
105,2009,0.818441024074271,"fish_oil"
105,2010,0.820778728006303,"fish_oil"
105,2011,0.81723996687645,"fish_oil"
105,2012,0.813258247250702,"fish_oil"
105,2013,0.804522912421351,"fish_oil"
105,2014,0.800280424698035,"fish_oil"
105,2015,0.789343780909049,"fish_oil"
105,2016,0.787182897827765,"fish_oil"
105,2017,0.784319533897065,"fish_oil"
105,2018,0.778966958076745,"fish_oil"
105,2019,0.778787695832491,"fish_oil"
105,2020,0.779266698990997,"fish_oil"
105,2021,0.779110671770339,"fish_oil"
105,2022,0.779179754800365,"fish_oil"
105,2023,0.779180564447275,"fish_oil"
106,2001,1,"fish_oil"
106,2002,1,"fish_oil"
106,2003,1,"fish_oil"
106,2004,0.84078775368715,"fish_oil"
106,2005,1,"fish_oil"
106,2006,1,"fish_oil"
106,2007,1,"fish_oil"
106,2008,1,"fish_oil"
106,2009,1,"fish_oil"
106,2010,1,"fish_oil"
106,2011,0.860628119013202,"fish_oil"
106,2012,0.877322883079328,"fish_oil"
106,2013,1,"fish_oil"
106,2014,1,"fish_oil"
106,2015,0.792519910042363,"fish_oil"
106,2016,1,"fish_oil"
106,2017,1,"fish_oil"
106,2018,1,"fish_oil"
106,2019,1,"fish_oil"
106,2020,1,"fish_oil"
106,2021,1,"fish_oil"
106,2022,1,"fish_oil"
106,2023,1,"fish_oil"
107,2001,0.863388091659731,"fish_oil"
107,2002,0.855184649826391,"fish_oil"
107,2003,0.849767153512702,"fish_oil"
107,2004,0.84078775368715,"fish_oil"
107,2005,0.83837982618415,"fish_oil"
107,2006,0.8318167551155,"fish_oil"
107,2007,0.825099150936255,"fish_oil"
107,2008,0.820882525432663,"fish_oil"
107,2009,0.818441024074271,"fish_oil"
107,2010,0.820778728006303,"fish_oil"
107,2011,0.81723996687645,"fish_oil"
107,2012,0.813258247250702,"fish_oil"
107,2013,0.804522912421351,"fish_oil"
107,2014,0.800280424698035,"fish_oil"
107,2015,0.789343780909049,"fish_oil"
107,2016,0.787182897827765,"fish_oil"
107,2017,0.784319533897065,"fish_oil"
107,2018,0.778966958076745,"fish_oil"
107,2019,0.778787695832491,"fish_oil"
107,2020,0.779266698990997,"fish_oil"
107,2021,0.779110671770339,"fish_oil"
107,2022,0.779179754800365,"fish_oil"
107,2023,0.779180564447275,"fish_oil"
108,2002,0.855184649826391,"fish_oil"
110,2001,0.756195910291024,"fish_oil"
110,2002,0.76981625049823,"fish_oil"
110,2003,0.784798624726155,"fish_oil"
110,2004,0.831107781430654,"fish_oil"
110,2005,1,"fish_oil"
110,2006,1,"fish_oil"
110,2007,1,"fish_oil"
110,2008,1,"fish_oil"
110,2009,1,"fish_oil"
110,2010,1,"fish_oil"
110,2011,1,"fish_oil"
110,2012,1,"fish_oil"
110,2013,0.804522912421351,"fish_oil"
110,2014,0.800280424698035,"fish_oil"
110,2015,1,"fish_oil"
110,2016,1,"fish_oil"
110,2017,1,"fish_oil"
110,2018,1,"fish_oil"
110,2019,1,"fish_oil"
110,2020,1,"fish_oil"
110,2021,1,"fish_oil"
110,2022,1,"fish_oil"
110,2023,1,"fish_oil"
112,2001,0.815082880343734,"fish_oil"
112,2002,0.781599068801188,"fish_oil"
112,2003,0.758002395647205,"fish_oil"
112,2004,0.738152039061626,"fish_oil"
112,2005,0.726405545594717,"fish_oil"
112,2006,0.713585668763101,"fish_oil"
112,2007,0.70282420139641,"fish_oil"
112,2008,0.691831441425623,"fish_oil"
112,2009,0.692369287801757,"fish_oil"
112,2010,0.686693048302626,"fish_oil"
112,2011,0.71350839478409,"fish_oil"
112,2012,0.711214639753185,"fish_oil"
112,2013,0.709388700411017,"fish_oil"
112,2014,0.709807424702064,"fish_oil"
112,2015,0.675230803538011,"fish_oil"
112,2016,0.674935267762725,"fish_oil"
112,2017,0.677922338203443,"fish_oil"
112,2018,0.683524369675379,"fish_oil"
112,2019,0.690687978675369,"fish_oil"
112,2020,0.690687978675369,"fish_oil"
112,2021,0.690687978675369,"fish_oil"
112,2022,0.690687978675369,"fish_oil"
112,2023,0.690687978675369,"fish_oil"
113,2001,0.859441568820353,"fish_oil"
113,2002,0.848573716921153,"fish_oil"
113,2003,0.837224139946722,"fish_oil"
113,2004,0.823061964737381,"fish_oil"
113,2005,0.864252366985437,"fish_oil"
113,2006,0.861853325271379,"fish_oil"
113,2007,0.859084078927373,"fish_oil"
113,2008,0.853900266762728,"fish_oil"
113,2009,0.839874336741737,"fish_oil"
113,2010,0.822771472799904,"fish_oil"
113,2011,0.804359362117893,"fish_oil"
113,2012,0.783782978310147,"fish_oil"
113,2013,0.563634846437189,"fish_oil"
113,2014,0.537390977421771,"fish_oil"
113,2015,0.736652602866765,"fish_oil"
113,2016,0.728099486971761,"fish_oil"
113,2017,0.723045261451573,"fish_oil"
113,2018,0.720592405114005,"fish_oil"
113,2019,0.720527326294284,"fish_oil"
113,2020,0.720527326294284,"fish_oil"
113,2021,0.720527326294284,"fish_oil"
113,2022,0.720527326294284,"fish_oil"
113,2023,0.720527326294284,"fish_oil"
114,2001,0.896479988759949,"fish_oil"
114,2002,0.890736033122476,"fish_oil"
114,2003,0.881165590043921,"fish_oil"
114,2004,0.865390756622243,"fish_oil"
114,2005,1,"fish_oil"
114,2006,1,"fish_oil"
114,2007,1,"fish_oil"
114,2008,1,"fish_oil"
114,2009,1,"fish_oil"
114,2010,1,"fish_oil"
114,2011,1,"fish_oil"
114,2012,1,"fish_oil"
114,2013,0.804522912421351,"fish_oil"
114,2014,0.800280424698035,"fish_oil"
114,2015,1,"fish_oil"
114,2016,1,"fish_oil"
114,2017,1,"fish_oil"
114,2018,0.740890316924684,"fish_oil"
114,2019,0.740837044206961,"fish_oil"
114,2020,0.740837044206961,"fish_oil"
114,2021,0.740837044206961,"fish_oil"
114,2022,0.740837044206961,"fish_oil"
114,2023,0.740837044206961,"fish_oil"
116,2016,0.48278684,"fish_oil"
116,2017,0.886258719835779,"fish_oil"
118,2006,0.8318167551155,"fish_oil"
122,2003,0.849767153512702,"fish_oil"
122,2004,0.84078775368715,"fish_oil"
122,2005,0.83837982618415,"fish_oil"
122,2007,0.825099150936255,"fish_oil"
122,2008,0.820882525432663,"fish_oil"
122,2009,0.818441024074271,"fish_oil"
122,2010,0.820778728006303,"fish_oil"
122,2013,0.45732174,"fish_oil"
122,2014,0.4659341,"fish_oil"
122,2015,0.49757302998571,"fish_oil"
122,2016,0.48278684,"fish_oil"
122,2018,0.486365509376633,"fish_oil"
122,2019,0.486245875096716,"fish_oil"
122,2020,0.486245875096716,"fish_oil"
122,2021,0.486245875096716,"fish_oil"
122,2022,0.486245875096716,"fish_oil"
122,2023,0.486245875096716,"fish_oil"
124,2002,1,"fish_oil"
126,2001,0.863388091659731,"fish_oil"
126,2002,0.855184649826391,"fish_oil"
126,2003,0.849767153512702,"fish_oil"
126,2004,0.84078775368715,"fish_oil"
126,2005,0.83837982618415,"fish_oil"
126,2006,0.8318167551155,"fish_oil"
126,2007,0.825099150936255,"fish_oil"
126,2008,1,"fish_oil"
126,2009,1,"fish_oil"
126,2010,1,"fish_oil"
126,2011,0.797621554539731,"fish_oil"
126,2012,0.809381513917196,"fish_oil"
126,2013,0.8191096616755,"fish_oil"
126,2014,0.82375622899582,"fish_oil"
126,2015,0.824045694724784,"fish_oil"
126,2016,0.822734398449367,"fish_oil"
126,2017,0.814150261037233,"fish_oil"
126,2018,0.738685571662402,"fish_oil"
126,2019,0.738639694194931,"fish_oil"
126,2020,0.738639694194931,"fish_oil"
126,2021,0.738639694194931,"fish_oil"
126,2022,0.738639694194931,"fish_oil"
126,2023,0.738639694194931,"fish_oil"
127,2001,0.863388091659731,"fish_oil"
127,2002,0.855184649826391,"fish_oil"
127,2003,0.849767153512702,"fish_oil"
127,2004,0.84078775368715,"fish_oil"
127,2005,0.838379826184149,"fish_oil"
127,2006,0.8318167551155,"fish_oil"
127,2007,0.825099150936255,"fish_oil"
127,2008,0.820882525432663,"fish_oil"
127,2009,0.818441024074271,"fish_oil"
127,2010,0.820778728006302,"fish_oil"
127,2011,0.81723996687645,"fish_oil"
127,2012,0.813258247250702,"fish_oil"
127,2013,0.80452291242135,"fish_oil"
127,2014,0.688044934533877,"fish_oil"
127,2015,0.687733725030267,"fish_oil"
127,2016,0.684247279893305,"fish_oil"
127,2017,0.680533234088808,"fish_oil"
127,2018,0.673920033214124,"fish_oil"
127,2019,0.895470307376914,"fish_oil"
127,2020,0.895470307376914,"fish_oil"
127,2021,0.895470307376914,"fish_oil"
127,2022,0.895470307376914,"fish_oil"
127,2023,0.895470307376914,"fish_oil"
129,2001,0.962849471005252,"fish_oil"
129,2002,0.960997239100426,"fish_oil"
129,2003,0.959686249043091,"fish_oil"
129,2004,0.950647148792524,"fish_oil"
129,2005,0.94615387187515,"fish_oil"
129,2006,0.947199806603414,"fish_oil"
129,2007,0.94364139941606,"fish_oil"
129,2008,0.940143170030276,"fish_oil"
129,2009,0.933250244900716,"fish_oil"
129,2010,0.9261164230758,"fish_oil"
129,2011,0.918793749312872,"fish_oil"
129,2012,0.919784821920149,"fish_oil"
129,2013,0.900752427562163,"fish_oil"
129,2014,0.908045584163311,"fish_oil"
129,2015,0.891206438639151,"fish_oil"
129,2016,0.904062773995627,"fish_oil"
129,2017,0.920934964953605,"fish_oil"
129,2018,0.924179283319669,"fish_oil"
129,2019,0.927790432574724,"fish_oil"
129,2020,0.927790432574724,"fish_oil"
129,2021,0.927790432574724,"fish_oil"
129,2022,0.927790432574724,"fish_oil"
129,2023,0.927790432574724,"fish_oil"
130,2002,0.855184649826391,"fish_oil"
130,2003,0.849767153512702,"fish_oil"
130,2004,0.84078775368715,"fish_oil"
130,2005,0.83837982618415,"fish_oil"
130,2006,0.8318167551155,"fish_oil"
130,2011,1,"fish_oil"
130,2018,0.778966958076745,"fish_oil"
130,2019,0.778787695832491,"fish_oil"
130,2020,0.779266698990997,"fish_oil"
130,2021,0.779110671770339,"fish_oil"
130,2022,0.779179754800365,"fish_oil"
130,2023,0.779180564447275,"fish_oil"
131,2011,1,"fish_oil"
132,2001,0.866248591761359,"fish_oil"
132,2002,0.84970718054243,"fish_oil"
132,2003,0.828766625561006,"fish_oil"
132,2004,0.846200464157114,"fish_oil"
132,2005,0.831050622295485,"fish_oil"
132,2006,0.800252445826643,"fish_oil"
132,2007,0.786487816959637,"fish_oil"
132,2008,0.793762920862154,"fish_oil"
132,2009,0.790294537938616,"fish_oil"
132,2010,0.850718999672622,"fish_oil"
132,2011,0.817818394288804,"fish_oil"
132,2012,0.907257354601354,"fish_oil"
132,2013,0.862481438945683,"fish_oil"
132,2014,0.846795019041739,"fish_oil"
132,2015,0.828386305528872,"fish_oil"
132,2016,0.837772919229773,"fish_oil"
132,2017,0.820178939774966,"fish_oil"
132,2018,0.820201316577761,"fish_oil"
132,2019,0.797180361756845,"fish_oil"
132,2020,0.797180361756845,"fish_oil"
132,2021,0.797180361756845,"fish_oil"
132,2022,0.797180361756845,"fish_oil"
132,2023,0.797180361756845,"fish_oil"
134,2001,0.986923503830882,"fish_oil"
134,2002,0.982453814909669,"fish_oil"
134,2003,0.977584078961458,"fish_oil"
134,2004,0.955010616000144,"fish_oil"
134,2005,0.93478930929936,"fish_oil"
134,2006,0.916746004057918,"fish_oil"
134,2007,0.901606312333043,"fish_oil"
134,2008,0.887751210897142,"fish_oil"
134,2009,0.873510256167508,"fish_oil"
134,2010,0.861842945479426,"fish_oil"
134,2011,0.757657885466345,"fish_oil"
134,2012,0.752487259684711,"fish_oil"
134,2013,0.748752669340689,"fish_oil"
134,2014,0.748375030132266,"fish_oil"
134,2015,0.720999496984013,"fish_oil"
134,2016,0.723257306253805,"fish_oil"
134,2017,0.727206207104406,"fish_oil"
134,2018,0.75999584895551,"fish_oil"
134,2019,0.766401177452116,"fish_oil"
134,2020,0.766401177452116,"fish_oil"
134,2021,0.766401177452116,"fish_oil"
134,2022,0.766401177452116,"fish_oil"
134,2023,0.766401177452116,"fish_oil"
135,2001,0.994475590540338,"fish_oil"
135,2002,0.993882484053995,"fish_oil"
135,2003,0.992772513560117,"fish_oil"
135,2004,0.992448270094059,"fish_oil"
135,2005,0.95559915413465,"fish_oil"
135,2006,0.927788432534362,"fish_oil"
135,2007,0.914834464849057,"fish_oil"
135,2008,0.894973412352671,"fish_oil"
135,2009,0.867653605127699,"fish_oil"
135,2010,0.824912760782347,"fish_oil"
135,2011,0.765906619125193,"fish_oil"
135,2012,0.707231078729094,"fish_oil"
135,2013,0.657701853003248,"fish_oil"
135,2014,0.621406345078918,"fish_oil"
135,2015,0.604540273289145,"fish_oil"
135,2016,0.602996112132757,"fish_oil"
135,2017,0.611428479736368,"fish_oil"
135,2018,0.620195858147294,"fish_oil"
135,2019,0.641378143410645,"fish_oil"
135,2020,0.641442320325407,"fish_oil"
135,2021,0.642306997290302,"fish_oil"
135,2022,0.642833247991351,"fish_oil"
135,2023,0.643348374693842,"fish_oil"
136,2003,0.849767153512702,"fish_oil"
136,2004,0.84078775368715,"fish_oil"
136,2005,0.83837982618415,"fish_oil"
136,2006,0.8318167551155,"fish_oil"
136,2007,0.825099150936255,"fish_oil"
136,2008,1,"fish_oil"
137,2001,0.922631535743618,"fish_oil"
137,2002,0.933326101987353,"fish_oil"
137,2003,0.976703805686185,"fish_oil"
137,2004,0.9733044953373,"fish_oil"
137,2005,0.934047607257174,"fish_oil"
137,2006,0.930514309052653,"fish_oil"
137,2007,0.876994774561633,"fish_oil"
137,2008,0.809623109908962,"fish_oil"
137,2009,0.811684520621794,"fish_oil"
137,2010,0.785693581409721,"fish_oil"
137,2011,0.816577456261425,"fish_oil"
137,2012,0.815942977192295,"fish_oil"
137,2013,0.818885919919023,"fish_oil"
137,2014,0.796820023235808,"fish_oil"
137,2015,0.824609141920677,"fish_oil"
137,2016,0.848300842856543,"fish_oil"
137,2017,0.92962878711865,"fish_oil"
137,2018,0.945488032442012,"fish_oil"
137,2019,0.946190295321363,"fish_oil"
137,2020,0.946190295321363,"fish_oil"
137,2021,0.946190295321363,"fish_oil"
137,2022,0.946190295321363,"fish_oil"
137,2023,0.946190295321363,"fish_oil"
138,2001,0.981928484973032,"fish_oil"
138,2002,0.982136396922513,"fish_oil"
138,2003,0.980279695172156,"fish_oil"
138,2004,0.979171931755024,"fish_oil"
138,2005,0.980608545096242,"fish_oil"
138,2006,0.970393803039016,"fish_oil"
138,2007,0.954468416251768,"fish_oil"
138,2008,0.944479428747941,"fish_oil"
138,2009,0.941730124643673,"fish_oil"
138,2010,0.939971995907579,"fish_oil"
138,2011,0.939491656886193,"fish_oil"
138,2012,0.941107130272784,"fish_oil"
138,2013,0.942430657283282,"fish_oil"
138,2014,0.945317598453468,"fish_oil"
138,2015,0.949894522300374,"fish_oil"
138,2016,0.901576293221104,"fish_oil"
138,2017,0.971226838470245,"fish_oil"
138,2018,0.977179849113806,"fish_oil"
138,2019,0.971112675556041,"fish_oil"
138,2020,0.971112675556041,"fish_oil"
138,2021,0.971112675556041,"fish_oil"
138,2022,0.971112675556041,"fish_oil"
138,2023,0.971112675556041,"fish_oil"
139,2001,0.911910801164861,"fish_oil"
139,2002,0.898051891640366,"fish_oil"
139,2003,0.892775282158039,"fish_oil"
139,2004,0.875024297134786,"fish_oil"
139,2005,0.821648970132853,"fish_oil"
139,2006,0.779984255029118,"fish_oil"
139,2007,0.763065456277405,"fish_oil"
139,2008,0.778716656792592,"fish_oil"
139,2009,0.761587849610401,"fish_oil"
139,2010,0.745004085329668,"fish_oil"
139,2011,0.792388752472453,"fish_oil"
139,2012,0.787839992736413,"fish_oil"
139,2013,0.790692880426466,"fish_oil"
139,2014,0.793363424574782,"fish_oil"
139,2015,0.790629413419733,"fish_oil"
139,2016,0.804515525106605,"fish_oil"
139,2017,0.806262723682045,"fish_oil"
139,2018,0.812963257833174,"fish_oil"
139,2019,0.814641308903311,"fish_oil"
139,2020,0.814641308903311,"fish_oil"
139,2021,0.814641308903311,"fish_oil"
139,2022,0.814641308903311,"fish_oil"
139,2023,0.814641308903311,"fish_oil"
141,2001,0.995699148048075,"fish_oil"
141,2002,0.993986039742775,"fish_oil"
141,2003,0.993369825058252,"fish_oil"
141,2004,0.994326379749056,"fish_oil"
141,2005,0.991159791627897,"fish_oil"
141,2006,0.991411095162967,"fish_oil"
141,2007,0.991462550336716,"fish_oil"
141,2008,0.991577046453125,"fish_oil"
141,2009,0.991681383400973,"fish_oil"
141,2010,0.991048309721653,"fish_oil"
141,2011,0.990983013111495,"fish_oil"
141,2012,0.991682751461596,"fish_oil"
141,2013,0.991293806170404,"fish_oil"
141,2014,0.991799751528235,"fish_oil"
141,2015,0.991006448226169,"fish_oil"
141,2016,0.992727726592845,"fish_oil"
141,2017,0.991327274859441,"fish_oil"
141,2018,0.992197567364497,"fish_oil"
141,2019,0.990361944504408,"fish_oil"
141,2020,0.990476408644864,"fish_oil"
141,2021,0.99048581789532,"fish_oil"
141,2022,0.99048581789532,"fish_oil"
141,2023,0.99048581789532,"fish_oil"
143,2001,0.999762093391927,"fish_oil"
143,2002,0.999800695764469,"fish_oil"
143,2003,0.999941448988065,"fish_oil"
143,2004,0.999915014969686,"fish_oil"
143,2005,0.999885052197384,"fish_oil"
143,2006,0.998956012656582,"fish_oil"
143,2007,0.999837375552076,"fish_oil"
143,2008,0.999816086334362,"fish_oil"
143,2009,0.999602747121746,"fish_oil"
143,2010,0.999612135388102,"fish_oil"
143,2011,0.999609875016159,"fish_oil"
143,2012,0.999611067823643,"fish_oil"
143,2013,0.999610941709223,"fish_oil"
143,2014,0.999619343074597,"fish_oil"
143,2015,0.999633597218327,"fish_oil"
143,2016,0.999626805438335,"fish_oil"
143,2017,0.998647736077343,"fish_oil"
143,2018,0.999625205569359,"fish_oil"
143,2019,0.99963760946982,"fish_oil"
143,2020,0.999640226491823,"fish_oil"
143,2021,0.99964088996219,"fish_oil"
143,2022,0.99964088996219,"fish_oil"
143,2023,0.99964088996219,"fish_oil"
144,2001,0.999934507914933,"fish_oil"
144,2002,1,"fish_oil"
144,2003,1,"fish_oil"
144,2004,1,"fish_oil"
144,2005,0.999901731190097,"fish_oil"
144,2006,0.959203928749632,"fish_oil"
144,2007,0.999886384329986,"fish_oil"
144,2008,1,"fish_oil"
144,2009,1,"fish_oil"
144,2010,1,"fish_oil"
144,2011,1,"fish_oil"
144,2012,0.999947616557921,"fish_oil"
144,2013,0.999944988602883,"fish_oil"
144,2014,0.999950650048548,"fish_oil"
144,2015,0.999942918394709,"fish_oil"
144,2016,1,"fish_oil"
144,2017,1,"fish_oil"
144,2018,1,"fish_oil"
144,2019,1,"fish_oil"
144,2020,1,"fish_oil"
144,2021,1,"fish_oil"
144,2022,1,"fish_oil"
144,2023,1,"fish_oil"
145,2001,0.753973969372802,"fish_oil"
145,2002,0.758483334942933,"fish_oil"
145,2003,0.7526499589921,"fish_oil"
145,2004,0.72224388786844,"fish_oil"
145,2005,0.741448792350115,"fish_oil"
145,2006,0.716556922418149,"fish_oil"
145,2007,0.712191489780648,"fish_oil"
145,2008,0.687724662572049,"fish_oil"
145,2009,0.701561447404399,"fish_oil"
145,2010,0.739443026490626,"fish_oil"
145,2011,0.730947295986509,"fish_oil"
145,2012,0.743154694655779,"fish_oil"
145,2013,0.728984200376548,"fish_oil"
145,2014,0.723142429968874,"fish_oil"
145,2015,0.680708229108035,"fish_oil"
145,2016,0.688985290271331,"fish_oil"
145,2017,0.719291129351768,"fish_oil"
145,2018,0.676665017453774,"fish_oil"
145,2019,0.696701944530779,"fish_oil"
145,2020,0.698857705277335,"fish_oil"
145,2021,0.699404236170829,"fish_oil"
145,2022,0.699404236170829,"fish_oil"
145,2023,0.699404236170829,"fish_oil"
146,2001,0.863388091659731,"fish_oil"
146,2002,0.855184649826392,"fish_oil"
146,2003,0.849767153512702,"fish_oil"
146,2004,0.84078775368715,"fish_oil"
146,2005,0.83837982618415,"fish_oil"
146,2006,0.804304923576801,"fish_oil"
147,2014,0.538836571371887,"fish_oil"
147,2015,0.464431633296872,"fish_oil"
147,2016,0.436910475344961,"fish_oil"
147,2017,0.784319533897065,"fish_oil"
147,2018,0.38997761027214,"fish_oil"
147,2019,0.396474262347164,"fish_oil"
147,2020,0.396474262347164,"fish_oil"
147,2021,0.396474262347164,"fish_oil"
147,2022,0.396474262347164,"fish_oil"
147,2023,0.396474262347164,"fish_oil"
148,2001,0.863388091659731,"fish_oil"
148,2002,0.855184649826392,"fish_oil"
148,2003,0.849767153512702,"fish_oil"
148,2004,0.84078775368715,"fish_oil"
148,2005,0.83837982618415,"fish_oil"
148,2006,0.8318167551155,"fish_oil"
148,2007,0.825099150936255,"fish_oil"
148,2008,0.83837824,"fish_oil"
148,2009,0.824415174691102,"fish_oil"
148,2010,0.802780904901365,"fish_oil"
148,2011,0.779594351101587,"fish_oil"
148,2012,0.69049134,"fish_oil"
148,2013,0.63785992,"fish_oil"
148,2014,0.57775108,"fish_oil"
148,2015,0.468722335334797,"fish_oil"
148,2016,0.45187178,"fish_oil"
148,2017,0.784319533897065,"fish_oil"
148,2018,0.389418608165221,"fish_oil"
148,2019,0.394418211560138,"fish_oil"
148,2020,0.394418211560138,"fish_oil"
148,2021,0.394418211560138,"fish_oil"
148,2022,0.394418211560138,"fish_oil"
148,2023,0.394418211560138,"fish_oil"
149,2001,0.863388091659731,"fish_oil"
149,2002,0.855184649826392,"fish_oil"
149,2003,0.849767153512702,"fish_oil"
149,2005,0.83837982618415,"fish_oil"
149,2006,0.8318167551155,"fish_oil"
149,2015,0.468706746371051,"fish_oil"
149,2016,0.45187178,"fish_oil"
149,2017,0.784319533897065,"fish_oil"
150,2001,0.863388091659731,"fish_oil"
150,2002,0.855184649826391,"fish_oil"
150,2003,0.849767153512702,"fish_oil"
150,2005,0.83837982618415,"fish_oil"
150,2006,0.8318167551155,"fish_oil"
150,2016,0.787182897827765,"fish_oil"
150,2017,0.784319533897065,"fish_oil"
151,2001,0.863388091659731,"fish_oil"
151,2002,0.855184649826391,"fish_oil"
151,2003,0.849767153512702,"fish_oil"
151,2004,0.84078775368715,"fish_oil"
151,2005,0.83837982618415,"fish_oil"
151,2006,0.8318167551155,"fish_oil"
151,2007,0.825099150936255,"fish_oil"
151,2008,0.820882525432663,"fish_oil"
151,2009,0.818441024074271,"fish_oil"
151,2010,0.820778728006303,"fish_oil"
151,2011,0.81723996687645,"fish_oil"
151,2012,0.813258247250702,"fish_oil"
151,2013,0.804522912421351,"fish_oil"
151,2014,0.800280424698035,"fish_oil"
151,2015,0.789343780909049,"fish_oil"
151,2016,0.787182897827765,"fish_oil"
151,2017,0.784319533897065,"fish_oil"
151,2018,0.778966958076745,"fish_oil"
151,2019,0.778787695832491,"fish_oil"
151,2020,0.779266698990997,"fish_oil"
151,2021,0.779110671770339,"fish_oil"
151,2022,0.779179754800365,"fish_oil"
151,2023,0.779180564447275,"fish_oil"
152,2001,0.863388091659731,"fish_oil"
152,2002,0.855184649826391,"fish_oil"
152,2003,0.849767153512702,"fish_oil"
152,2004,0.84078775368715,"fish_oil"
152,2005,0.838379826184149,"fish_oil"
152,2006,0.8318167551155,"fish_oil"
152,2007,0.825099150936255,"fish_oil"
152,2008,0.820882525432663,"fish_oil"
152,2009,0.818441024074271,"fish_oil"
152,2010,0.820778728006303,"fish_oil"
152,2011,0.81723996687645,"fish_oil"
152,2012,0.813258247250702,"fish_oil"
152,2013,0.804522912421351,"fish_oil"
152,2016,0.45187178,"fish_oil"
152,2017,0.784319533897065,"fish_oil"
152,2018,0.778966958076745,"fish_oil"
152,2019,0.778787695832491,"fish_oil"
152,2020,0.779266698990997,"fish_oil"
152,2021,0.779110671770339,"fish_oil"
152,2022,0.779179754800365,"fish_oil"
152,2023,0.779180564447275,"fish_oil"
153,2001,0.863388091659731,"fish_oil"
153,2002,0.855184649826391,"fish_oil"
153,2003,0.849767153512702,"fish_oil"
153,2004,0.84078775368715,"fish_oil"
153,2005,0.838379826184149,"fish_oil"
153,2006,0.8318167551155,"fish_oil"
153,2007,0.825099150936255,"fish_oil"
153,2008,0.739353579320738,"fish_oil"
153,2009,0.699588870082297,"fish_oil"
153,2010,0.672198444118102,"fish_oil"
153,2011,0.732020919495033,"fish_oil"
153,2012,0.628856455414391,"fish_oil"
153,2013,0.588130680224546,"fish_oil"
153,2014,0.539175695327519,"fish_oil"
153,2015,0.464776585715785,"fish_oil"
153,2016,0.437041601975548,"fish_oil"
153,2017,0.408081412716007,"fish_oil"
153,2018,0.390042397708088,"fish_oil"
153,2019,0.396509173818514,"fish_oil"
153,2020,0.396509173818514,"fish_oil"
153,2021,0.396509173818514,"fish_oil"
153,2022,0.396509173818514,"fish_oil"
153,2023,0.396509173818514,"fish_oil"
154,2001,0.863388091659731,"fish_oil"
154,2002,0.855184649826391,"fish_oil"
154,2003,0.849767153512702,"fish_oil"
154,2004,0.84078775368715,"fish_oil"
154,2005,0.838379826184149,"fish_oil"
154,2006,0.8318167551155,"fish_oil"
154,2007,0.825099150936255,"fish_oil"
154,2008,0.820882525432663,"fish_oil"
154,2009,0.818441024074271,"fish_oil"
154,2010,0.820778728006303,"fish_oil"
154,2011,0.81723996687645,"fish_oil"
154,2012,0.813258247250702,"fish_oil"
154,2013,0.804522912421351,"fish_oil"
154,2014,0.800280424698035,"fish_oil"
154,2015,0.789343780909049,"fish_oil"
154,2016,0.787182897827765,"fish_oil"
154,2017,0.784319533897065,"fish_oil"
155,2001,0.863388091659731,"fish_oil"
155,2002,0.855184649826391,"fish_oil"
155,2003,0.849767153512702,"fish_oil"
155,2004,0.84078775368715,"fish_oil"
155,2005,0.83837982618415,"fish_oil"
155,2006,0.8318167551155,"fish_oil"
155,2007,0.825099150936255,"fish_oil"
155,2008,0.820882525432663,"fish_oil"
155,2009,0.818441024074271,"fish_oil"
155,2010,0.820778728006303,"fish_oil"
155,2011,0.901440516937264,"fish_oil"
155,2012,0.651587841644656,"fish_oil"
155,2013,0.600881615000605,"fish_oil"
155,2014,0.543905958456485,"fish_oil"
155,2015,0.572159844217147,"fish_oil"
155,2016,0.700010650217858,"fish_oil"
155,2017,0.69215587752739,"fish_oil"
155,2018,0.846698790481928,"fish_oil"
155,2019,0.778787695832491,"fish_oil"
155,2020,0.779266698990997,"fish_oil"
155,2021,0.779110671770339,"fish_oil"
155,2022,0.779179754800365,"fish_oil"
155,2023,0.779180564447275,"fish_oil"
156,2001,0.863388091659731,"fish_oil"
156,2002,0.855184649826391,"fish_oil"
156,2003,0.849767153512702,"fish_oil"
156,2004,0.84078775368715,"fish_oil"
156,2005,0.838379826184149,"fish_oil"
156,2006,0.8318167551155,"fish_oil"
156,2007,0.825099150936255,"fish_oil"
156,2008,0.820882525432663,"fish_oil"
156,2009,0.831025043990359,"fish_oil"
156,2010,0.820778728006302,"fish_oil"
156,2011,0.81723996687645,"fish_oil"
156,2012,0.813258247250702,"fish_oil"
156,2013,0.804522912421351,"fish_oil"
156,2014,0.800280424698035,"fish_oil"
156,2015,0.714419722050252,"fish_oil"
156,2016,0.699611932590305,"fish_oil"
156,2017,0.691746719370188,"fish_oil"
156,2018,0.778966958076745,"fish_oil"
156,2019,0.778787695832491,"fish_oil"
156,2020,0.779266698990997,"fish_oil"
156,2021,0.779110671770339,"fish_oil"
156,2022,0.779179754800365,"fish_oil"
156,2023,0.779180564447275,"fish_oil"
157,2001,0.863388091659731,"fish_oil"
157,2002,0.855184649826391,"fish_oil"
157,2003,0.849767153512702,"fish_oil"
157,2004,0.84078775368715,"fish_oil"
157,2005,0.83837982618415,"fish_oil"
157,2006,0.8318167551155,"fish_oil"
157,2007,0.825099150936255,"fish_oil"
157,2008,0.884467168026728,"fish_oil"
157,2009,0.838901733171696,"fish_oil"
157,2010,0.808835868209245,"fish_oil"
157,2011,0.776109391939551,"fish_oil"
157,2012,0.694318547571184,"fish_oil"
157,2013,0.632592355863901,"fish_oil"
157,2014,0.565952731616996,"fish_oil"
157,2015,0.601158235655539,"fish_oil"
157,2016,0.563933295123633,"fish_oil"
157,2017,0.692050598732664,"fish_oil"
157,2018,0.531093963393839,"fish_oil"
157,2019,0.537351849813623,"fish_oil"
157,2020,0.537351849813623,"fish_oil"
157,2021,0.537351849813623,"fish_oil"
157,2022,0.537351849813623,"fish_oil"
157,2023,0.537351849813623,"fish_oil"
158,2001,0.863388091659731,"fish_oil"
158,2002,0.855184649826391,"fish_oil"
158,2003,0.849767153512702,"fish_oil"
158,2005,0.83837982618415,"fish_oil"
158,2006,0.8318167551155,"fish_oil"
158,2016,0.787182897827765,"fish_oil"
158,2017,0.784319533897065,"fish_oil"
159,2001,0.863388091659731,"fish_oil"
159,2002,0.855184649826391,"fish_oil"
159,2003,0.849767153512702,"fish_oil"
159,2004,0.84078775368715,"fish_oil"
159,2005,0.83837982618415,"fish_oil"
159,2006,0.8318167551155,"fish_oil"
159,2007,0.825099150936255,"fish_oil"
159,2008,0.820882525432663,"fish_oil"
159,2009,0.818441024074271,"fish_oil"
159,2010,0.820778728006302,"fish_oil"
159,2011,0.81723996687645,"fish_oil"
159,2012,0.813258247250702,"fish_oil"
159,2013,0.804522912421351,"fish_oil"
159,2014,0.800280424698035,"fish_oil"
159,2015,0.789343780909049,"fish_oil"
159,2016,0.787182897827765,"fish_oil"
159,2017,0.784319533897065,"fish_oil"
159,2018,0.778966958076745,"fish_oil"
159,2019,0.778787695832491,"fish_oil"
159,2020,0.779266698990997,"fish_oil"
159,2021,0.779110671770339,"fish_oil"
159,2022,0.779179754800365,"fish_oil"
159,2023,0.779180564447275,"fish_oil"
161,2001,0.863388091659731,"fish_oil"
161,2002,0.855184649826391,"fish_oil"
161,2003,0.849767153512702,"fish_oil"
161,2004,0.84078775368715,"fish_oil"
161,2005,0.83837982618415,"fish_oil"
161,2006,0.8318167551155,"fish_oil"
161,2007,0.825099150936255,"fish_oil"
161,2008,0.820882525432664,"fish_oil"
161,2009,0.818441024074271,"fish_oil"
161,2010,0.820778728006303,"fish_oil"
161,2011,0.81723996687645,"fish_oil"
161,2012,0.813258247250702,"fish_oil"
161,2013,0.804522912421351,"fish_oil"
161,2016,0.787182897827765,"fish_oil"
161,2017,0.784319533897065,"fish_oil"
162,2001,0.953993857736927,"fish_oil"
162,2002,0.926601934510645,"fish_oil"
162,2003,0.887987043426047,"fish_oil"
162,2004,0.861841229830138,"fish_oil"
162,2005,0.853905386792685,"fish_oil"
162,2006,0.864409779286512,"fish_oil"
162,2007,0.877102176149883,"fish_oil"
162,2008,0.895670040498674,"fish_oil"
162,2009,0.922506349443106,"fish_oil"
162,2010,0.924662242174282,"fish_oil"
162,2011,0.918761162275438,"fish_oil"
162,2012,0.918717304894666,"fish_oil"
162,2013,0.918719081794553,"fish_oil"
162,2014,0.91662450330223,"fish_oil"
162,2015,0.910301710681336,"fish_oil"
162,2016,0.910164987651609,"fish_oil"
162,2017,0.909595701108271,"fish_oil"
162,2018,0.916746364773056,"fish_oil"
162,2019,0.909211654243946,"fish_oil"
162,2020,0.910005929583525,"fish_oil"
162,2021,0.910438542985485,"fish_oil"
162,2022,0.910299037275776,"fish_oil"
162,2023,0.91016581432065,"fish_oil"
163,2001,0.999440222895861,"fish_oil"
163,2002,0.999272010789817,"fish_oil"
163,2003,0.941010675199445,"fish_oil"
163,2004,0.940916833055435,"fish_oil"
163,2005,0.965424651261009,"fish_oil"
163,2006,0.934872506280161,"fish_oil"
163,2007,0.998527700268611,"fish_oil"
163,2008,0.998245729866353,"fish_oil"
163,2009,0.99775120515649,"fish_oil"
163,2010,0.963738239690088,"fish_oil"
163,2011,0.998961017694072,"fish_oil"
163,2012,0.99897259107243,"fish_oil"
163,2013,0.998997004449784,"fish_oil"
163,2014,0.998970452795833,"fish_oil"
163,2015,0.998171977354923,"fish_oil"
163,2016,0.998503135452371,"fish_oil"
163,2017,0.949287812894335,"fish_oil"
163,2018,0.934910291298169,"fish_oil"
163,2019,0.933679657875655,"fish_oil"
163,2020,0.946279337031087,"fish_oil"
163,2021,0.997194271458364,"fish_oil"
163,2022,0.997333156994612,"fish_oil"
163,2023,0.997333156994612,"fish_oil"
167,2001,0.863388091659731,"fish_oil"
167,2002,0.855184649826392,"fish_oil"
167,2003,0.849767153512702,"fish_oil"
167,2004,0.84078775368715,"fish_oil"
167,2005,0.83837982618415,"fish_oil"
167,2006,0.8318167551155,"fish_oil"
167,2007,0.825099150936255,"fish_oil"
167,2008,0.820882525432663,"fish_oil"
167,2009,0.818441024074271,"fish_oil"
167,2011,0.81723996687645,"fish_oil"
167,2012,0.813258247250702,"fish_oil"
167,2013,0.804522912421351,"fish_oil"
167,2014,0.800280424698035,"fish_oil"
167,2015,0.789343780909049,"fish_oil"
167,2016,0.787182897827765,"fish_oil"
167,2017,0.784319533897065,"fish_oil"
168,2001,0.770041754288949,"fish_oil"
168,2002,0.739815625139021,"fish_oil"
168,2003,0.731910532378413,"fish_oil"
168,2004,0.71585587481594,"fish_oil"
168,2005,0.70078077159244,"fish_oil"
168,2006,0.677443973780197,"fish_oil"
168,2007,0.671304467989738,"fish_oil"
168,2008,0.65625055131692,"fish_oil"
168,2009,0.635450694024836,"fish_oil"
168,2010,0.615000713636239,"fish_oil"
168,2011,0.578419986042217,"fish_oil"
168,2012,0.651643335741054,"fish_oil"
168,2013,0.533370422128004,"fish_oil"
168,2014,0.521306703090245,"fish_oil"
168,2015,0.514246809931078,"fish_oil"
168,2016,0.509821775165773,"fish_oil"
168,2017,0.513313924220763,"fish_oil"
168,2018,0.681356216033402,"fish_oil"
168,2019,0.7107155020331,"fish_oil"
168,2020,0.7107155020331,"fish_oil"
168,2021,0.7107155020331,"fish_oil"
168,2022,0.7107155020331,"fish_oil"
168,2023,0.7107155020331,"fish_oil"
169,2001,0.578424128640015,"fish_oil"
169,2002,0.542050098454561,"fish_oil"
169,2003,0.527438552253345,"fish_oil"
169,2004,0.497249199178336,"fish_oil"
169,2005,0.463228939196326,"fish_oil"
169,2006,0.405477007053985,"fish_oil"
169,2007,0.391207394090853,"fish_oil"
169,2008,0.359950435861742,"fish_oil"
169,2009,0.332983075988791,"fish_oil"
169,2010,0.31193379690286,"fish_oil"
169,2011,0.272015280453464,"fish_oil"
169,2012,0.287563445573605,"fish_oil"
169,2013,0.261328366833151,"fish_oil"
169,2014,0.266623549278479,"fish_oil"
169,2015,0.800643640765391,"fish_oil"
169,2016,0.794168854746994,"fish_oil"
169,2017,0.790342760358274,"fish_oil"
169,2018,0.325726542228593,"fish_oil"
169,2019,0.375916816541075,"fish_oil"
169,2020,0.375916816541075,"fish_oil"
169,2021,0.375916816541075,"fish_oil"
169,2022,0.375916816541075,"fish_oil"
169,2023,0.375916816541075,"fish_oil"
171,2001,0.875074902019157,"fish_oil"
171,2002,0.864439023217405,"fish_oil"
171,2003,0.853213134262395,"fish_oil"
171,2004,0.841823691051198,"fish_oil"
171,2005,0.830098566728649,"fish_oil"
171,2006,0.816141333009933,"fish_oil"
171,2007,0.80961907076018,"fish_oil"
171,2008,0.790928297858779,"fish_oil"
171,2009,0.791244726814623,"fish_oil"
171,2010,0.779256872624828,"fish_oil"
171,2011,0.772527452535893,"fish_oil"
171,2012,0.763204356498752,"fish_oil"
171,2013,0.758658135113821,"fish_oil"
171,2014,0.754660348854025,"fish_oil"
171,2015,0.750709243658216,"fish_oil"
171,2016,0.749158674850187,"fish_oil"
171,2017,0.749580457359146,"fish_oil"
171,2018,0.753735330485958,"fish_oil"
171,2019,0.753532397722331,"fish_oil"
171,2020,0.753532397722331,"fish_oil"
171,2021,0.753532397722331,"fish_oil"
171,2022,0.753532397722331,"fish_oil"
171,2023,0.753532397722331,"fish_oil"
172,2001,0.726832079411881,"fish_oil"
172,2002,0.740546962456556,"fish_oil"
172,2003,0.724717842617921,"fish_oil"
172,2004,0.728516077292063,"fish_oil"
172,2005,0.732168172144534,"fish_oil"
172,2006,0.767978761443225,"fish_oil"
172,2007,0.734265387035745,"fish_oil"
172,2008,0.667926010699268,"fish_oil"
172,2009,0.651432871334742,"fish_oil"
172,2010,0.639946269870875,"fish_oil"
172,2011,0.620341300317012,"fish_oil"
172,2012,0.595021360218366,"fish_oil"
172,2013,0.615771236943835,"fish_oil"
172,2014,0.611134068098484,"fish_oil"
172,2015,0.608582911617126,"fish_oil"
172,2016,0.65084933734948,"fish_oil"
172,2017,0.65627453736558,"fish_oil"
172,2018,0.680927421432936,"fish_oil"
172,2019,0.692442982534891,"fish_oil"
172,2020,0.692442982534891,"fish_oil"
172,2021,0.692442982534891,"fish_oil"
172,2022,0.692442982534891,"fish_oil"
172,2023,0.692442982534891,"fish_oil"
173,2001,0.925996730167823,"fish_oil"
173,2002,0.925091051948881,"fish_oil"
173,2003,0.92698596197905,"fish_oil"
173,2004,0.91414332254647,"fish_oil"
173,2005,0.836578015452489,"fish_oil"
173,2006,0.76720187861637,"fish_oil"
173,2007,0.792855237731236,"fish_oil"
173,2008,0.764953671114041,"fish_oil"
173,2009,0.747179273931862,"fish_oil"
173,2010,0.744431281956287,"fish_oil"
173,2011,0.811145263583617,"fish_oil"
173,2012,0.750439399921872,"fish_oil"
173,2013,0.864148606466249,"fish_oil"
173,2014,0.722843307840517,"fish_oil"
173,2015,0.851511385559248,"fish_oil"
173,2016,0.843918669514966,"fish_oil"
173,2017,0.703803043264884,"fish_oil"
173,2018,0.633411935630269,"fish_oil"
173,2019,0.799302623518968,"fish_oil"
173,2020,0.799302623518968,"fish_oil"
173,2021,0.799302623518968,"fish_oil"
173,2022,0.799302623518968,"fish_oil"
173,2023,0.799302623518968,"fish_oil"
174,2001,0.838239962125386,"fish_oil"
174,2002,0.840904975516606,"fish_oil"
174,2003,0.870106000779879,"fish_oil"
174,2004,0.855991851625159,"fish_oil"
174,2005,0.856952840002383,"fish_oil"
174,2006,0.848052395541674,"fish_oil"
174,2007,0.849065032611895,"fish_oil"
174,2008,0.866072255303658,"fish_oil"
174,2009,0.902141964337851,"fish_oil"
174,2010,0.901934932384921,"fish_oil"
174,2011,0.892979527200076,"fish_oil"
174,2012,0.88536244238176,"fish_oil"
174,2013,0.88456116985605,"fish_oil"
174,2014,0.870832814396819,"fish_oil"
174,2015,0.851588555082685,"fish_oil"
174,2016,0.851845063178851,"fish_oil"
174,2017,0.803716315303512,"fish_oil"
174,2018,0.76620588052817,"fish_oil"
174,2019,0.70829940801304,"fish_oil"
174,2020,0.705032392751781,"fish_oil"
174,2021,0.6983322428092,"fish_oil"
174,2022,0.6983322428092,"fish_oil"
174,2023,0.6983322428092,"fish_oil"
175,2001,0.973041707283273,"fish_oil"
175,2002,0.971809662746529,"fish_oil"
175,2003,0.958762701825234,"fish_oil"
175,2004,0.928151448041966,"fish_oil"
175,2005,0.958055409802178,"fish_oil"
175,2006,0.941858217392994,"fish_oil"
175,2007,0.957369589721821,"fish_oil"
175,2008,0.956406621505249,"fish_oil"
175,2009,0.954632527109859,"fish_oil"
175,2010,0.95320069818236,"fish_oil"
175,2011,0.963462122777391,"fish_oil"
175,2012,0.962995687555173,"fish_oil"
175,2013,0.962870579101629,"fish_oil"
175,2014,0.962841071561162,"fish_oil"
175,2015,0.963020615987078,"fish_oil"
175,2016,0.963313089799862,"fish_oil"
175,2017,0.96398165128088,"fish_oil"
175,2018,0.965036983792323,"fish_oil"
175,2019,0.96655232427673,"fish_oil"
175,2020,0.966583231521717,"fish_oil"
175,2021,0.966573816060108,"fish_oil"
175,2022,0.966573816060108,"fish_oil"
175,2023,0.966573816060108,"fish_oil"
176,2001,0.943231817851518,"fish_oil"
176,2002,0.941311739013158,"fish_oil"
176,2003,0.938828699578055,"fish_oil"
176,2004,0.937148058984901,"fish_oil"
176,2005,0.934197283016336,"fish_oil"
176,2006,0.937172485365809,"fish_oil"
176,2007,0.930280847026045,"fish_oil"
176,2008,0.936521826635491,"fish_oil"
176,2009,0.934829188470004,"fish_oil"
176,2010,0.935114100044375,"fish_oil"
176,2011,0.998144237618764,"fish_oil"
176,2012,0.998138181753603,"fish_oil"
176,2013,0.99814023106377,"fish_oil"
176,2014,0.998042921796961,"fish_oil"
176,2015,0.998015802549602,"fish_oil"
176,2016,0.997903343703115,"fish_oil"
176,2017,0.997808271042456,"fish_oil"
176,2018,0.997726498947626,"fish_oil"
176,2019,0.997751888063623,"fish_oil"
176,2020,0.997851523900679,"fish_oil"
176,2021,0.997851523900679,"fish_oil"
176,2022,0.997851523900679,"fish_oil"
176,2023,0.997851523900679,"fish_oil"
177,2001,0.982253556994385,"fish_oil"
177,2002,0.979092155417863,"fish_oil"
177,2003,0.980380343328438,"fish_oil"
177,2004,0.976297482201456,"fish_oil"
177,2005,0.976892031368149,"fish_oil"
177,2006,0.978288380431302,"fish_oil"
177,2007,0.976370955471577,"fish_oil"
177,2008,0.977463001341801,"fish_oil"
177,2009,0.977012068994444,"fish_oil"
177,2010,0.980867113651665,"fish_oil"
177,2011,0.995030984874968,"fish_oil"
177,2012,0.994876932632819,"fish_oil"
177,2013,0.998400767810876,"fish_oil"
177,2014,0.998249525583811,"fish_oil"
177,2015,0.99471552031478,"fish_oil"
177,2016,0.994501448877122,"fish_oil"
177,2017,0.994128400762053,"fish_oil"
177,2018,0.993938865406675,"fish_oil"
177,2019,0.993926909668118,"fish_oil"
177,2020,0.99403863467407,"fish_oil"
177,2021,0.99403863467407,"fish_oil"
177,2022,0.99403863467407,"fish_oil"
177,2023,0.99403863467407,"fish_oil"
178,2001,0.999617098505398,"fish_oil"
178,2002,0.999851449337839,"fish_oil"
178,2003,0.999850020588862,"fish_oil"
178,2004,0.999822589543406,"fish_oil"
178,2005,0.999886227043415,"fish_oil"
178,2006,0.999889890779123,"fish_oil"
178,2007,0.999889895904613,"fish_oil"
178,2008,0.999762160307858,"fish_oil"
178,2009,0.999966591633683,"fish_oil"
178,2010,0.924331584243106,"fish_oil"
178,2011,0.936089900826135,"fish_oil"
178,2012,0.936046333504534,"fish_oil"
178,2013,0.936015501628734,"fish_oil"
178,2014,0.936047494375467,"fish_oil"
178,2015,0.936060323785182,"fish_oil"
178,2016,0.936023207323603,"fish_oil"
178,2017,0.93591397531841,"fish_oil"
178,2018,0.935888335285923,"fish_oil"
178,2019,0.935885930502795,"fish_oil"
178,2020,0.935873040427537,"fish_oil"
178,2021,0.935830425137743,"fish_oil"
178,2022,0.935830425137743,"fish_oil"
178,2023,0.935830425137743,"fish_oil"
179,2001,0.654536300471,"fish_oil"
179,2002,0.627231248839001,"fish_oil"
179,2003,0.610937266382433,"fish_oil"
179,2004,0.602875832305852,"fish_oil"
179,2005,0.673344438016763,"fish_oil"
179,2006,0.667237906240557,"fish_oil"
179,2007,0.665175328433948,"fish_oil"
179,2008,0.608917331623597,"fish_oil"
179,2009,0.671266364104248,"fish_oil"
179,2010,0.672498953456635,"fish_oil"
179,2011,0.667404119847199,"fish_oil"
179,2012,0.647270896853825,"fish_oil"
179,2013,0.597043760748505,"fish_oil"
179,2014,0.568183969501123,"fish_oil"
179,2015,0.559999681110956,"fish_oil"
179,2016,0.553648832263547,"fish_oil"
179,2017,0.547269712001532,"fish_oil"
179,2018,0.522695980436993,"fish_oil"
179,2019,0.55293675055396,"fish_oil"
179,2020,0.553164600062833,"fish_oil"
179,2021,0.553164600062833,"fish_oil"
179,2022,0.553164600062833,"fish_oil"
179,2023,0.553164600062833,"fish_oil"
180,2001,0.940261917408764,"fish_oil"
180,2002,0.946314927965044,"fish_oil"
180,2003,0.936172201134948,"fish_oil"
180,2004,0.941938827140831,"fish_oil"
180,2005,0.94215983022559,"fish_oil"
180,2006,0.941188350088066,"fish_oil"
180,2007,0.940238517220688,"fish_oil"
180,2008,0.938706986622175,"fish_oil"
180,2009,0.937683828722679,"fish_oil"
180,2010,0.941759981953709,"fish_oil"
180,2011,0.947385969944628,"fish_oil"
180,2012,0.945252822914146,"fish_oil"
180,2013,0.939781497501252,"fish_oil"
180,2014,0.940574966621321,"fish_oil"
180,2015,0.937287195548336,"fish_oil"
180,2016,0.929575078354087,"fish_oil"
180,2017,0.910412257553098,"fish_oil"
180,2018,0.90643701681873,"fish_oil"
180,2019,0.906929832529551,"fish_oil"
180,2020,0.90307955549151,"fish_oil"
180,2021,0.908353100329252,"fish_oil"
180,2022,0.908207107024141,"fish_oil"
180,2023,0.904806321799205,"fish_oil"
181,2001,0.99655825696271,"fish_oil"
181,2002,0.996334119869452,"fish_oil"
181,2003,0.996192117214664,"fish_oil"
181,2004,0.995971255444409,"fish_oil"
181,2005,0.996956384172348,"fish_oil"
181,2006,0.99569694668779,"fish_oil"
181,2007,0.996810645208644,"fish_oil"
181,2008,0.987201662225203,"fish_oil"
181,2009,0.987066664343116,"fish_oil"
181,2010,0.988343772720217,"fish_oil"
181,2011,0.987830487998459,"fish_oil"
181,2012,0.983220490692692,"fish_oil"
181,2013,0.97213413390046,"fish_oil"
181,2014,0.963534035849686,"fish_oil"
181,2015,0.961541832428192,"fish_oil"
181,2016,0.960454671312853,"fish_oil"
181,2017,0.955734010168332,"fish_oil"
181,2018,0.953248827527011,"fish_oil"
181,2019,0.950800071898387,"fish_oil"
181,2020,0.950871206124532,"fish_oil"
181,2021,0.950882529231322,"fish_oil"
181,2022,0.950882529231322,"fish_oil"
181,2023,0.950882529231322,"fish_oil"
182,2001,0.957893138496154,"fish_oil"
182,2002,0.955837836145876,"fish_oil"
182,2003,0.953629182141281,"fish_oil"
182,2004,0.951431884154557,"fish_oil"
182,2005,0.950299929086083,"fish_oil"
182,2006,0.951179027621887,"fish_oil"
182,2007,0.950892907799528,"fish_oil"
182,2008,0.951242944514085,"fish_oil"
182,2009,0.774097781510745,"fish_oil"
182,2010,0.634583623093748,"fish_oil"
182,2011,0.566203972076717,"fish_oil"
182,2012,0.451481848223695,"fish_oil"
182,2013,0.452381363947138,"fish_oil"
182,2014,0.393852466166448,"fish_oil"
182,2015,0.494296393597224,"fish_oil"
182,2016,0.563498098709272,"fish_oil"
182,2017,0.54891615992757,"fish_oil"
182,2018,0.564761468575638,"fish_oil"
182,2019,0.554965738788517,"fish_oil"
182,2020,0.554966499978814,"fish_oil"
182,2021,0.55496772959391,"fish_oil"
182,2022,0.55496772959391,"fish_oil"
182,2023,0.55496772959391,"fish_oil"
183,2001,0.830735477311138,"fish_oil"
183,2002,1,"fish_oil"
183,2003,0.846635197643281,"fish_oil"
183,2004,0.8921517005669,"fish_oil"
183,2005,0.908583185345085,"fish_oil"
183,2006,0.908795878091608,"fish_oil"
183,2007,0.937762685833018,"fish_oil"
183,2008,0.932265674235511,"fish_oil"
183,2009,0.732641150260017,"fish_oil"
183,2010,0.820778728006303,"fish_oil"
183,2011,0.999009481640793,"fish_oil"
183,2012,0.965858227494327,"fish_oil"
183,2013,0.97257013597073,"fish_oil"
183,2014,0.962713916891886,"fish_oil"
183,2015,0.885927281547111,"fish_oil"
183,2016,0.986103185266988,"fish_oil"
183,2017,1,"fish_oil"
183,2018,0.879405330219459,"fish_oil"
183,2019,0.859754161520614,"fish_oil"
183,2020,0.859754161520614,"fish_oil"
183,2021,0.859754161520614,"fish_oil"
183,2022,0.859754161520614,"fish_oil"
183,2023,0.859754161520614,"fish_oil"
184,2006,0.83997123126063,"fish_oil"
184,2007,0.825099150936255,"fish_oil"
184,2009,0.732485646123967,"fish_oil"
184,2010,0.803897349102146,"fish_oil"
184,2011,0.855929635477958,"fish_oil"
184,2012,0.908547283212979,"fish_oil"
184,2013,0.881586532391359,"fish_oil"
184,2014,0.852729280064707,"fish_oil"
184,2015,0.762768473795902,"fish_oil"
184,2016,0.701155822069342,"fish_oil"
184,2017,0.822464931030538,"fish_oil"
184,2018,0.815936627764385,"fish_oil"
184,2019,0.590083854515679,"fish_oil"
184,2020,0.590083854515679,"fish_oil"
184,2021,0.590083854515679,"fish_oil"
184,2022,0.590083854515679,"fish_oil"
184,2023,0.590083854515679,"fish_oil"
186,2015,0.784903336902776,"fish_oil"
186,2016,0.724078157088252,"fish_oil"
186,2017,0.696370147962984,"fish_oil"
187,2001,0.917338470368178,"fish_oil"
187,2002,0.964706669650227,"fish_oil"
187,2003,0.9725922324145,"fish_oil"
187,2004,0.972050384494093,"fish_oil"
187,2005,0.976152518517607,"fish_oil"
187,2006,0.973447135611925,"fish_oil"
187,2007,0.967168024376098,"fish_oil"
187,2008,0.868121146824933,"fish_oil"
187,2009,0.876289372911141,"fish_oil"
187,2010,0.859715010906327,"fish_oil"
187,2011,0.847350008149595,"fish_oil"
187,2012,0.842393234562194,"fish_oil"
187,2013,0.839726899773398,"fish_oil"
187,2014,0.81556724251701,"fish_oil"
187,2015,0.797152846176159,"fish_oil"
187,2016,0.781230836786254,"fish_oil"
187,2017,0.772796793501368,"fish_oil"
187,2018,0.730473806889927,"fish_oil"
187,2019,0.822921084547792,"fish_oil"
187,2020,0.788550123576594,"fish_oil"
187,2021,0.754902266498659,"fish_oil"
187,2022,0.732136081314001,"fish_oil"
187,2023,0.732136081314001,"fish_oil"
189,2001,0.999844259937753,"fish_oil"
189,2002,0.999875377321876,"fish_oil"
189,2003,0.999881399772935,"fish_oil"
189,2004,0.999848109565736,"fish_oil"
189,2005,0.99991035831739,"fish_oil"
189,2006,0.999910324044394,"fish_oil"
189,2007,0.999908171874419,"fish_oil"
189,2008,0.999989674847485,"fish_oil"
189,2009,0.999993155365312,"fish_oil"
189,2010,0.999990817069898,"fish_oil"
189,2011,0.999985308759429,"fish_oil"
189,2012,0.999952079031411,"fish_oil"
189,2013,0.999929023483022,"fish_oil"
189,2014,0.999959217399566,"fish_oil"
189,2015,0.999964884616122,"fish_oil"
189,2016,0.999963911044484,"fish_oil"
189,2017,0.999852465707381,"fish_oil"
189,2018,0.999823848383588,"fish_oil"
189,2019,0.999817932905281,"fish_oil"
189,2020,0.999797797273754,"fish_oil"
189,2021,0.999756502165029,"fish_oil"
189,2022,0.999756502165029,"fish_oil"
189,2023,0.999756502165029,"fish_oil"
191,2001,0.97481827712802,"fish_oil"
191,2002,0.971912861456972,"fish_oil"
191,2003,0.969022439518987,"fish_oil"
191,2004,0.96660509805979,"fish_oil"
191,2005,0.964367636914913,"fish_oil"
191,2006,0.962806060001248,"fish_oil"
191,2007,0.962910075667451,"fish_oil"
191,2008,0.961534706295991,"fish_oil"
191,2009,0.960610017563385,"fish_oil"
191,2010,0.960179430136717,"fish_oil"
191,2011,0.963017232486051,"fish_oil"
191,2012,0.961029164347216,"fish_oil"
191,2013,0.961288880856552,"fish_oil"
191,2014,0.961879803544771,"fish_oil"
191,2015,0.962626209202044,"fish_oil"
191,2016,0.963166626667945,"fish_oil"
191,2017,0.962951054764323,"fish_oil"
191,2018,0.962842249750079,"fish_oil"
191,2019,0.965107928027017,"fish_oil"
191,2020,0.96459899811407,"fish_oil"
191,2021,0.96459899811407,"fish_oil"
191,2022,0.96459899811407,"fish_oil"
191,2023,0.96459899811407,"fish_oil"
193,2001,0.887387881917857,"fish_oil"
193,2002,0.884638091679092,"fish_oil"
193,2003,0.871112869586117,"fish_oil"
193,2004,0.887825220606133,"fish_oil"
193,2005,0.873261512895311,"fish_oil"
193,2006,0.878674483051222,"fish_oil"
193,2007,0.87004143495362,"fish_oil"
193,2008,0.870824067833871,"fish_oil"
193,2009,0.876646982418665,"fish_oil"
193,2010,0.876451560793066,"fish_oil"
193,2011,0.863855708765306,"fish_oil"
193,2012,0.879872279351564,"fish_oil"
193,2013,0.914605494306707,"fish_oil"
193,2014,0.896061441834595,"fish_oil"
193,2015,0.860716635910628,"fish_oil"
193,2016,0.868246232205605,"fish_oil"
193,2017,0.858375410812533,"fish_oil"
193,2018,0.863060652277132,"fish_oil"
193,2019,0.849536230424856,"fish_oil"
193,2020,0.849536230424856,"fish_oil"
193,2021,0.849536230424856,"fish_oil"
193,2022,0.849536230424856,"fish_oil"
193,2023,0.849536230424856,"fish_oil"
194,2001,0.924334319461777,"fish_oil"
194,2002,0.922221028694926,"fish_oil"
194,2003,0.897372582544406,"fish_oil"
194,2004,0.910525149173279,"fish_oil"
194,2005,0.902446033528957,"fish_oil"
194,2006,0.901881399585957,"fish_oil"
194,2007,0.899003279441247,"fish_oil"
194,2008,0.898886411479372,"fish_oil"
194,2009,0.893518336400943,"fish_oil"
194,2010,0.892615317986688,"fish_oil"
194,2011,0.894274903521869,"fish_oil"
194,2012,0.910727074095592,"fish_oil"
194,2013,0.906401083265022,"fish_oil"
194,2014,0.892899916750439,"fish_oil"
194,2015,0.878999499211602,"fish_oil"
194,2016,0.859156730210165,"fish_oil"
194,2017,0.869239478125557,"fish_oil"
194,2018,0.875797596529095,"fish_oil"
194,2019,0.854861278670261,"fish_oil"
194,2020,0.854861278670261,"fish_oil"
194,2021,0.854861278670261,"fish_oil"
194,2022,0.854861278670261,"fish_oil"
194,2023,0.854861278670261,"fish_oil"
195,2001,0.981834650790192,"fish_oil"
195,2002,0.974477992514821,"fish_oil"
195,2003,0.925728688684125,"fish_oil"
195,2004,0.886896011490842,"fish_oil"
195,2005,0.891576091038517,"fish_oil"
195,2006,0.897925738475139,"fish_oil"
195,2007,0.892782973406363,"fish_oil"
195,2008,0.892971223348366,"fish_oil"
195,2009,0.892823116864713,"fish_oil"
195,2010,0.886345423047393,"fish_oil"
195,2011,0.884965790813842,"fish_oil"
195,2012,0.899868150845079,"fish_oil"
195,2013,0.900386329387731,"fish_oil"
195,2014,0.87343779899081,"fish_oil"
195,2015,0.87547471119416,"fish_oil"
195,2016,0.888066469087439,"fish_oil"
195,2017,0.877663068402331,"fish_oil"
195,2018,0.867235119910091,"fish_oil"
195,2019,0.851478169353477,"fish_oil"
195,2020,0.851478169353477,"fish_oil"
195,2021,0.851478169353477,"fish_oil"
195,2022,0.851478169353477,"fish_oil"
195,2023,0.851478169353477,"fish_oil"
196,2002,0.855184649826391,"fish_oil"
196,2005,0.83837982618415,"fish_oil"
197,2001,0.945157143218864,"fish_oil"
197,2002,0.951800143688572,"fish_oil"
197,2003,0.950666875494035,"fish_oil"
197,2004,0.943761538870721,"fish_oil"
197,2005,0.95449939595066,"fish_oil"
197,2006,0.955654201777183,"fish_oil"
197,2007,0.970460349784596,"fish_oil"
197,2008,0.971635206258991,"fish_oil"
197,2009,0.972681341216818,"fish_oil"
197,2010,0.975101535510647,"fish_oil"
197,2011,0.940077173159403,"fish_oil"
197,2012,0.938837730473591,"fish_oil"
197,2013,0.974454536798255,"fish_oil"
197,2014,0.971711530193181,"fish_oil"
197,2015,0.914829121681666,"fish_oil"
197,2016,1,"fish_oil"
197,2017,1,"fish_oil"
197,2018,1,"fish_oil"
197,2019,1,"fish_oil"
197,2020,1,"fish_oil"
197,2021,1,"fish_oil"
197,2022,1,"fish_oil"
197,2023,1,"fish_oil"
198,2001,0.958322445445333,"fish_oil"
198,2002,0.95306124441427,"fish_oil"
198,2003,0.934596276632833,"fish_oil"
198,2004,0.927586849613537,"fish_oil"
198,2005,0.913692510700889,"fish_oil"
198,2006,0.916517722635587,"fish_oil"
198,2007,0.908802848330379,"fish_oil"
198,2008,0.906057574666573,"fish_oil"
198,2009,0.904743818455072,"fish_oil"
198,2010,0.907927911209312,"fish_oil"
198,2011,0.889998348538554,"fish_oil"
198,2012,0.877450684984374,"fish_oil"
198,2013,0.865627267400308,"fish_oil"
198,2014,0.848801741542654,"fish_oil"
198,2015,0.838136267761356,"fish_oil"
198,2016,0.825772670262962,"fish_oil"
198,2017,0.815777735066759,"fish_oil"
198,2018,0.785548551853183,"fish_oil"
198,2019,0.776461255697945,"fish_oil"
198,2020,0.776461255697945,"fish_oil"
198,2021,0.776461255697945,"fish_oil"
198,2022,0.776461255697945,"fish_oil"
198,2023,0.776461255697945,"fish_oil"
199,2001,0.855364188870904,"fish_oil"
199,2002,0.880007741479428,"fish_oil"
199,2003,1,"fish_oil"
199,2004,0.84078775368715,"fish_oil"
199,2005,1,"fish_oil"
199,2006,1,"fish_oil"
199,2007,1,"fish_oil"
199,2008,1,"fish_oil"
199,2009,1,"fish_oil"
199,2010,1,"fish_oil"
199,2011,0.89591442851343,"fish_oil"
199,2012,0.919372012096497,"fish_oil"
199,2013,0.948459427399205,"fish_oil"
199,2014,0.911368730411237,"fish_oil"
199,2015,0.885841055691335,"fish_oil"
199,2016,0.855391944715282,"fish_oil"
199,2017,0.802568279984762,"fish_oil"
199,2018,0.795921105456881,"fish_oil"
199,2019,0.747295444129044,"fish_oil"
199,2020,0.747295444129044,"fish_oil"
199,2021,0.747295444129044,"fish_oil"
199,2022,0.747295444129044,"fish_oil"
199,2023,0.747295444129044,"fish_oil"
200,2001,0.866386348888744,"fish_oil"
200,2002,0.82708967877672,"fish_oil"
200,2003,0.846658266417614,"fish_oil"
200,2004,0.841595453650297,"fish_oil"
200,2005,0.844120279734624,"fish_oil"
200,2006,0.866692930033423,"fish_oil"
200,2007,0.860447635673447,"fish_oil"
200,2008,0.851092586586507,"fish_oil"
200,2009,0.841052945602865,"fish_oil"
200,2010,0.835549760493139,"fish_oil"
200,2011,0.836987914379773,"fish_oil"
200,2012,0.833535208198618,"fish_oil"
200,2013,0.805166633477383,"fish_oil"
200,2014,0.799246009898477,"fish_oil"
200,2015,0.781970655927932,"fish_oil"
200,2016,0.771351147768211,"fish_oil"
200,2017,0.780965177225289,"fish_oil"
200,2018,0.754234542643206,"fish_oil"
200,2019,0.737916909103165,"fish_oil"
200,2020,0.737916909103165,"fish_oil"
200,2021,0.737916909103165,"fish_oil"
200,2022,0.737916909103165,"fish_oil"
200,2023,0.737916909103165,"fish_oil"
202,2001,0.863388091659731,"fish_oil"
202,2002,0.855184649826391,"fish_oil"
202,2004,0.84078775368715,"fish_oil"
202,2005,0.83837982618415,"fish_oil"
202,2006,0.8318167551155,"fish_oil"
202,2007,0.825099150936255,"fish_oil"
202,2008,0.820882525432664,"fish_oil"
202,2009,0.818441024074271,"fish_oil"
202,2010,1,"fish_oil"
202,2011,1,"fish_oil"
202,2012,1,"fish_oil"
202,2013,1,"fish_oil"
202,2014,1,"fish_oil"
202,2015,1,"fish_oil"
202,2016,1,"fish_oil"
202,2017,1,"fish_oil"
202,2018,1,"fish_oil"
202,2019,1,"fish_oil"
202,2020,1,"fish_oil"
202,2021,1,"fish_oil"
202,2022,1,"fish_oil"
202,2023,1,"fish_oil"
203,2001,0.999089331137559,"fish_oil"
203,2002,0.997750340432163,"fish_oil"
203,2003,0.996365295086188,"fish_oil"
203,2004,0.990456932884897,"fish_oil"
203,2005,0.993265130259862,"fish_oil"
203,2006,0.991227627331539,"fish_oil"
203,2007,0.982507572703506,"fish_oil"
203,2008,0.976452242603168,"fish_oil"
203,2009,0.978008643377859,"fish_oil"
203,2010,0.983923242521689,"fish_oil"
203,2011,0.979235159828071,"fish_oil"
203,2012,0.976792018923802,"fish_oil"
203,2013,0.955603627456086,"fish_oil"
203,2014,0.921888163758982,"fish_oil"
203,2015,0.892967445424237,"fish_oil"
203,2016,0.871576194904134,"fish_oil"
203,2017,0.852433418993728,"fish_oil"
203,2018,0.847409323317163,"fish_oil"
203,2019,0.844716020894715,"fish_oil"
203,2020,0.842892438447238,"fish_oil"
203,2021,0.842892438447238,"fish_oil"
203,2022,0.842892438447238,"fish_oil"
203,2023,0.842892438447238,"fish_oil"
204,2001,0.995294113158313,"fish_oil"
204,2002,0.988375236737717,"fish_oil"
204,2003,0.981218371263417,"fish_oil"
204,2004,0.970732080976872,"fish_oil"
204,2005,0.966110636704404,"fish_oil"
204,2006,0.953508933932178,"fish_oil"
204,2007,0.947205612739432,"fish_oil"
204,2008,0.940924291676835,"fish_oil"
204,2009,0.930296118197174,"fish_oil"
204,2010,0.921520780500591,"fish_oil"
204,2011,0.914942810137594,"fish_oil"
204,2012,0.910200265550742,"fish_oil"
204,2013,0.907572187691545,"fish_oil"
204,2014,0.906545259214019,"fish_oil"
204,2015,0.906235442495255,"fish_oil"
204,2016,0.901374440193198,"fish_oil"
204,2017,0.905772332934601,"fish_oil"
204,2018,0.905266261224322,"fish_oil"
204,2019,0.904221038491556,"fish_oil"
204,2020,0.904221038491556,"fish_oil"
204,2021,0.904221038491556,"fish_oil"
204,2022,0.904221038491556,"fish_oil"
204,2023,0.904221038491556,"fish_oil"
205,2001,0.994831995470157,"fish_oil"
205,2002,0.98723344804824,"fish_oil"
205,2003,0.979373566232828,"fish_oil"
205,2004,0.956860267701243,"fish_oil"
205,2005,0.959398918178331,"fish_oil"
205,2006,0.948826572302867,"fish_oil"
205,2007,0.92499398435189,"fish_oil"
205,2008,0.913934290117159,"fish_oil"
205,2009,0.915740488596215,"fish_oil"
205,2010,0.917727911332379,"fish_oil"
205,2011,0.910831561809303,"fish_oil"
205,2012,0.89620414297858,"fish_oil"
205,2013,0.889958644503874,"fish_oil"
205,2014,0.892580106162768,"fish_oil"
205,2015,0.893238442840256,"fish_oil"
205,2016,0.891164220635867,"fish_oil"
205,2017,0.890778659702772,"fish_oil"
205,2018,0.895719703581087,"fish_oil"
205,2019,0.894568806720547,"fish_oil"
205,2020,0.894568806720547,"fish_oil"
205,2021,0.894568806720547,"fish_oil"
205,2022,0.894568806720547,"fish_oil"
205,2023,0.894568806720547,"fish_oil"
206,2001,0.935229908299401,"fish_oil"
206,2002,0.928329399871062,"fish_oil"
206,2003,0.918479220554794,"fish_oil"
206,2004,0.906363771448907,"fish_oil"
206,2005,0.918803045034277,"fish_oil"
206,2006,0.909763936618664,"fish_oil"
206,2007,0.899719962323799,"fish_oil"
206,2008,0.890659298411548,"fish_oil"
206,2009,0.882831391238369,"fish_oil"
206,2010,0.878279930611408,"fish_oil"
206,2011,0.875928931465723,"fish_oil"
206,2012,0.873466806000192,"fish_oil"
206,2013,0.872063264586264,"fish_oil"
206,2014,0.871206942847166,"fish_oil"
206,2015,0.871341810164562,"fish_oil"
206,2016,0.870052961659708,"fish_oil"
206,2017,0.870094211261147,"fish_oil"
206,2018,0.87727377071616,"fish_oil"
206,2019,0.875362419945432,"fish_oil"
206,2020,0.875362419945432,"fish_oil"
206,2021,0.875362419945432,"fish_oil"
206,2022,0.875362419945432,"fish_oil"
206,2023,0.875362419945432,"fish_oil"
207,2001,0.965940144441421,"fish_oil"
207,2002,0.955710599732241,"fish_oil"
207,2003,0.951231592925291,"fish_oil"
207,2004,0.935177512383705,"fish_oil"
207,2005,0.931980385516365,"fish_oil"
207,2006,0.931264000284294,"fish_oil"
207,2007,0.931214267304797,"fish_oil"
207,2008,0.927804295562878,"fish_oil"
207,2009,0.943901289303325,"fish_oil"
207,2010,0.939347241763414,"fish_oil"
207,2011,0.919235868428004,"fish_oil"
207,2012,0.922957386650743,"fish_oil"
207,2013,0.937666376037513,"fish_oil"
207,2014,0.911563458672044,"fish_oil"
207,2015,0.927193180030903,"fish_oil"
207,2016,0.917091399040838,"fish_oil"
207,2017,0.893626620475192,"fish_oil"
207,2018,0.902752346348357,"fish_oil"
207,2019,0.887584500440353,"fish_oil"
207,2020,0.887584500440353,"fish_oil"
207,2021,0.887584500440353,"fish_oil"
207,2022,0.887584500440353,"fish_oil"
207,2023,0.887584500440353,"fish_oil"
208,2001,1,"fish_oil"
208,2002,1,"fish_oil"
208,2003,1,"fish_oil"
208,2004,1,"fish_oil"
208,2005,1,"fish_oil"
208,2006,1,"fish_oil"
208,2007,1,"fish_oil"
208,2008,0.820882525432663,"fish_oil"
208,2009,0.818441024074271,"fish_oil"
208,2010,0.820778728006303,"fish_oil"
208,2011,0.81723996687645,"fish_oil"
208,2012,0.813258247250702,"fish_oil"
208,2013,0.804522912421351,"fish_oil"
208,2014,0.800280424698035,"fish_oil"
208,2015,1,"fish_oil"
208,2016,1,"fish_oil"
208,2017,1,"fish_oil"
208,2018,1,"fish_oil"
208,2019,0.816674778974069,"fish_oil"
208,2020,0.816674778974069,"fish_oil"
208,2021,0.816674778974069,"fish_oil"
208,2022,0.816674778974069,"fish_oil"
208,2023,0.816674778974069,"fish_oil"
209,2001,0.793331552060758,"fish_oil"
209,2002,0.779707443639488,"fish_oil"
209,2003,0.780239109802087,"fish_oil"
209,2004,0.778951516549777,"fish_oil"
209,2005,0.772944872917781,"fish_oil"
209,2006,0.772878801221055,"fish_oil"
209,2007,0.800377943941848,"fish_oil"
209,2008,0.79681969330118,"fish_oil"
209,2009,0.762534622519829,"fish_oil"
209,2010,0.768559638034411,"fish_oil"
209,2011,0.758086304225009,"fish_oil"
209,2012,0.748325689475666,"fish_oil"
209,2013,0.735885327827175,"fish_oil"
209,2014,0.765187667042837,"fish_oil"
209,2015,0.766343595867236,"fish_oil"
209,2016,0.750025202088112,"fish_oil"
209,2017,0.762071486276212,"fish_oil"
209,2018,0.748864848560011,"fish_oil"
209,2019,0.755379802352646,"fish_oil"
209,2020,0.755379802352646,"fish_oil"
209,2021,0.755379802352646,"fish_oil"
209,2022,0.755379802352646,"fish_oil"
209,2023,0.755379802352646,"fish_oil"
210,2001,0.578274626482915,"fish_oil"
210,2002,0.55662774335067,"fish_oil"
210,2003,0.564659944686758,"fish_oil"
210,2004,0.571878097515534,"fish_oil"
210,2005,0.56617331327039,"fish_oil"
210,2006,0.567091578464579,"fish_oil"
210,2007,0.565685789656275,"fish_oil"
210,2008,0.564511056376517,"fish_oil"
210,2009,0.560067132039294,"fish_oil"
210,2010,0.589795180479158,"fish_oil"
210,2011,0.581071552007557,"fish_oil"
210,2012,0.583826802243999,"fish_oil"
210,2013,0.618729979635239,"fish_oil"
210,2014,0.681096557839971,"fish_oil"
210,2015,0.728538830463706,"fish_oil"
210,2016,0.779668845633285,"fish_oil"
210,2017,0.858979382117749,"fish_oil"
210,2018,0.880036499656808,"fish_oil"
210,2019,0.880850051748442,"fish_oil"
210,2020,0.880850051748442,"fish_oil"
210,2021,0.880850051748442,"fish_oil"
210,2022,0.880850051748442,"fish_oil"
210,2023,0.880850051748442,"fish_oil"
212,2001,0.863388091659731,"fish_oil"
212,2002,0.855184649826391,"fish_oil"
212,2003,0.849767153512702,"fish_oil"
212,2004,0.84078775368715,"fish_oil"
212,2005,0.83837982618415,"fish_oil"
212,2006,0.8318167551155,"fish_oil"
212,2007,0.825099150936255,"fish_oil"
212,2008,0.9308081,"fish_oil"
212,2009,0.961257042878714,"fish_oil"
212,2010,0.94280597826594,"fish_oil"
212,2011,0.922351699430561,"fish_oil"
212,2012,0.69816666,"fish_oil"
212,2013,0.62729602,"fish_oil"
212,2014,0.55408994,"fish_oil"
212,2015,0.734278131817705,"fish_oil"
212,2016,0.702471987754597,"fish_oil"
212,2017,1,"fish_oil"
212,2018,0.7816606260567,"fish_oil"
212,2019,0.681030952569047,"fish_oil"
212,2020,0.681030952569047,"fish_oil"
212,2021,0.681030952569047,"fish_oil"
212,2022,0.681030952569047,"fish_oil"
212,2023,0.681030952569047,"fish_oil"
216,2001,0.985923186488341,"fish_oil"
216,2002,0.980288705566948,"fish_oil"
216,2003,0.960831237157648,"fish_oil"
216,2004,0.950559822750817,"fish_oil"
216,2005,0.94186792643167,"fish_oil"
216,2006,0.933257493679725,"fish_oil"
216,2007,0.927499392928402,"fish_oil"
216,2008,0.917189714562909,"fish_oil"
216,2009,0.91129365069491,"fish_oil"
216,2010,0.897355866519802,"fish_oil"
216,2011,0.894387603784656,"fish_oil"
216,2012,0.894272700049209,"fish_oil"
216,2013,0.890100148474442,"fish_oil"
216,2014,0.887232342283766,"fish_oil"
216,2015,0.887304773051836,"fish_oil"
216,2016,0.886557401071409,"fish_oil"
216,2017,0.882069707298756,"fish_oil"
216,2018,0.879317654718642,"fish_oil"
216,2019,0.877239992274603,"fish_oil"
216,2020,0.877239992274603,"fish_oil"
216,2021,0.877239992274603,"fish_oil"
216,2022,0.877239992274603,"fish_oil"
216,2023,0.877239992274603,"fish_oil"
218,2001,0.925246878002355,"fish_oil"
218,2002,0.862133281506338,"fish_oil"
218,2003,0.820985766823667,"fish_oil"
218,2004,0.922090046949137,"fish_oil"
218,2005,0.92009903104038,"fish_oil"
218,2006,0.919952895395261,"fish_oil"
218,2007,0.879524237743092,"fish_oil"
218,2008,0.921741363899567,"fish_oil"
218,2009,0.911768241686001,"fish_oil"
218,2010,0.903622270746782,"fish_oil"
218,2011,0.886088281727154,"fish_oil"
218,2012,0.882940346766664,"fish_oil"
218,2013,0.883606831475355,"fish_oil"
218,2014,0.884720932519476,"fish_oil"
218,2015,0.799437727776522,"fish_oil"
218,2016,0.704090347507779,"fish_oil"
218,2017,0.635903735487601,"fish_oil"
218,2018,0.59050069424279,"fish_oil"
218,2019,0.586093065993292,"fish_oil"
218,2020,0.575056333324796,"fish_oil"
218,2021,0.568300339828968,"fish_oil"
218,2022,0.577518714141898,"fish_oil"
218,2023,0.577518714141898,"fish_oil"
219,2001,0.545158512244192,"fish_oil"
219,2002,0.459023748104,"fish_oil"
219,2003,0.58877533172624,"fish_oil"
219,2004,0.602664300722164,"fish_oil"
219,2005,0.540793715487288,"fish_oil"
219,2006,0.486432226832504,"fish_oil"
219,2007,0.449063803742353,"fish_oil"
219,2008,0.497844015355442,"fish_oil"
219,2009,1,"fish_oil"
219,2010,1,"fish_oil"
219,2011,0.767989882832409,"fish_oil"
219,2012,0.697109153811633,"fish_oil"
219,2013,0.780166849479964,"fish_oil"
219,2014,0.763019503940579,"fish_oil"
219,2015,0.621749173484261,"fish_oil"
219,2016,0.6546848602054,"fish_oil"
219,2017,0.874817508941572,"fish_oil"
219,2018,0.732343022402228,"fish_oil"
219,2019,0.860711687109145,"fish_oil"
219,2020,0.860711687109145,"fish_oil"
219,2021,0.860711687109145,"fish_oil"
219,2022,0.860711687109145,"fish_oil"
219,2023,0.860711687109145,"fish_oil"
222,2001,0.992884943954738,"fish_oil"
222,2002,0.992497044320812,"fish_oil"
222,2003,0.991974591610739,"fish_oil"
222,2004,0.99140078060363,"fish_oil"
222,2005,0.998071815745054,"fish_oil"
222,2006,0.990643581658703,"fish_oil"
222,2007,0.990568577131297,"fish_oil"
222,2008,0.99101190677754,"fish_oil"
222,2009,0.997296030536637,"fish_oil"
222,2010,0.990455489019193,"fish_oil"
222,2011,0.991516736426341,"fish_oil"
222,2012,0.991711310937,"fish_oil"
222,2013,0.991867564926886,"fish_oil"
222,2014,0.992036070325079,"fish_oil"
222,2015,0.991804077772359,"fish_oil"
222,2016,0.991490689004651,"fish_oil"
222,2017,0.991182612125674,"fish_oil"
222,2018,0.991185714591323,"fish_oil"
222,2019,0.991082830823586,"fish_oil"
222,2020,0.991089726597472,"fish_oil"
222,2021,0.99101432107248,"fish_oil"
222,2022,0.99101432107248,"fish_oil"
222,2023,0.99101432107248,"fish_oil"
223,2001,0.932184787137747,"fish_oil"
223,2002,0.927325706844619,"fish_oil"
223,2003,0.908404172559796,"fish_oil"
223,2004,0.869269054445558,"fish_oil"
223,2005,0.834745779280419,"fish_oil"
223,2006,0.936951448688225,"fish_oil"
223,2007,0.911664056761257,"fish_oil"
223,2008,0.914482827121198,"fish_oil"
223,2009,0.914645944171027,"fish_oil"
223,2010,0.910098890034902,"fish_oil"
223,2011,0.915404271070823,"fish_oil"
223,2012,0.909326888942057,"fish_oil"
223,2013,0.910251414884921,"fish_oil"
223,2014,0.909653795528242,"fish_oil"
223,2015,0.90774430190147,"fish_oil"
223,2016,0.906576178710245,"fish_oil"
223,2017,0.907984846772489,"fish_oil"
223,2018,0.908398091192608,"fish_oil"
223,2019,0.90912889546103,"fish_oil"
223,2020,0.909880275154867,"fish_oil"
223,2021,0.909942017156427,"fish_oil"
223,2022,0.909942017156427,"fish_oil"
223,2023,0.909942017156427,"fish_oil"
224,2001,0.866797216460342,"fish_oil"
224,2002,0.954633431808369,"fish_oil"
224,2003,0.985951769366748,"fish_oil"
224,2004,0.985311052974955,"fish_oil"
224,2005,0.985586935672394,"fish_oil"
224,2006,0.912239827713099,"fish_oil"
224,2007,0.808020834942042,"fish_oil"
224,2008,0.738222348024388,"fish_oil"
224,2009,0.653733378639724,"fish_oil"
224,2010,0.700490751792975,"fish_oil"
224,2011,0.69651005955011,"fish_oil"
224,2012,0.628847198174067,"fish_oil"
224,2013,0.67812398054631,"fish_oil"
224,2014,0.66473275678987,"fish_oil"
224,2015,0.58279172193525,"fish_oil"
224,2016,0.60589559606825,"fish_oil"
224,2017,0.92075061072795,"fish_oil"
224,2018,0.952477240630865,"fish_oil"
224,2019,0.955329672885349,"fish_oil"
224,2020,0.957247135675197,"fish_oil"
224,2021,0.957247135675197,"fish_oil"
224,2022,0.957247135675197,"fish_oil"
224,2023,0.957247135675197,"fish_oil"
227,2001,0.559147762958372,"fish_oil"
227,2002,0.529575863739214,"fish_oil"
227,2003,0.512400892174679,"fish_oil"
227,2004,0.500301204684191,"fish_oil"
227,2005,0.460864343144144,"fish_oil"
227,2006,0.48026981140907,"fish_oil"
227,2007,0.475610784870418,"fish_oil"
227,2008,0.470989905284465,"fish_oil"
227,2009,0.464792786247307,"fish_oil"
227,2010,0.462274271006118,"fish_oil"
227,2011,0.451391835201436,"fish_oil"
227,2012,0.443089148678101,"fish_oil"
227,2013,0.432488009317202,"fish_oil"
227,2014,0.427738322270996,"fish_oil"
227,2015,0.428057686327187,"fish_oil"
227,2016,0.432921010854802,"fish_oil"
227,2017,0.439696757517002,"fish_oil"
227,2018,0.451873011141484,"fish_oil"
227,2019,0.474707872521703,"fish_oil"
227,2020,0.474891755257296,"fish_oil"
227,2021,0.474891755257296,"fish_oil"
227,2022,0.474891755257296,"fish_oil"
227,2023,0.474891755257296,"fish_oil"
228,2001,0.559147762958372,"fish_oil"
228,2002,0.529575863739214,"fish_oil"
228,2003,0.512400892174679,"fish_oil"
228,2004,0.500301204684191,"fish_oil"
228,2005,0.460864343144144,"fish_oil"
228,2006,0.48026981140907,"fish_oil"
228,2007,0.475610784870418,"fish_oil"
228,2008,0.470989905284465,"fish_oil"
228,2009,0.464792786247307,"fish_oil"
228,2010,0.462274271006118,"fish_oil"
228,2011,0.451391835201436,"fish_oil"
228,2012,0.443089148678101,"fish_oil"
228,2013,0.432488009317202,"fish_oil"
228,2014,0.427738322270996,"fish_oil"
228,2015,0.428057686327187,"fish_oil"
228,2016,0.432921010854802,"fish_oil"
228,2017,0.439696757517002,"fish_oil"
228,2018,0.451873011141484,"fish_oil"
228,2019,0.474707872521703,"fish_oil"
228,2020,0.474891755257296,"fish_oil"
228,2021,0.474891755257296,"fish_oil"
228,2022,0.474891755257296,"fish_oil"
228,2023,0.474891755257296,"fish_oil"
231,2001,1,"fish_oil"
231,2004,0.84078775368715,"fish_oil"
231,2005,1,"fish_oil"
231,2006,0.8318167551155,"fish_oil"
231,2007,0.825099150936255,"fish_oil"
231,2008,0.820882525432664,"fish_oil"
231,2009,0.818441024074271,"fish_oil"
231,2010,0.820778728006303,"fish_oil"
231,2011,0.81723996687645,"fish_oil"
231,2012,0.813258247250702,"fish_oil"
231,2013,0.804522912421351,"fish_oil"
231,2014,0.800280424698035,"fish_oil"
231,2015,0.789343780909049,"fish_oil"
231,2016,0.703317167295504,"fish_oil"
231,2017,0.683140951686938,"fish_oil"
231,2018,0.778966958076745,"fish_oil"
231,2019,0.778787695832491,"fish_oil"
231,2020,0.779266698990997,"fish_oil"
231,2021,0.779110671770339,"fish_oil"
231,2022,0.779179754800365,"fish_oil"
231,2023,0.779180564447275,"fish_oil"
244,2003,0.890612186869011,"fish_oil"
244,2004,0.72207788,"fish_oil"
244,2005,0.83837982618415,"fish_oil"
244,2006,0.58502338,"fish_oil"
244,2007,0.825099150936255,"fish_oil"
244,2008,0.820882525432663,"fish_oil"
244,2009,0.818441024074271,"fish_oil"
244,2010,0.820778728006303,"fish_oil"
244,2013,0.45732174,"fish_oil"
244,2014,0.4659341,"fish_oil"
244,2015,0.729680439768307,"fish_oil"
244,2016,0.48278684,"fish_oil"
244,2017,0.927944403999635,"fish_oil"
244,2018,0.922685432579409,"fish_oil"
244,2019,0.916190346938401,"fish_oil"
244,2020,0.916190346938401,"fish_oil"
244,2021,0.916190346938401,"fish_oil"
244,2022,0.916190346938401,"fish_oil"
244,2023,0.916190346938401,"fish_oil"
245,2003,0.849767153512702,"fish_oil"
245,2004,0.84078775368715,"fish_oil"
245,2005,0.83837982618415,"fish_oil"
245,2007,0.825099150936255,"fish_oil"
245,2008,0.820882525432663,"fish_oil"
245,2009,0.818441024074271,"fish_oil"
245,2010,0.820778728006303,"fish_oil"
247,2001,1,"fish_oil"
247,2002,1,"fish_oil"
247,2003,0.852071724986173,"fish_oil"
247,2004,0.850070865472773,"fish_oil"
247,2005,0.811875786522929,"fish_oil"
247,2006,0.813422375900462,"fish_oil"
247,2007,0.814531220798643,"fish_oil"
247,2008,0.81526761237045,"fish_oil"
247,2009,1,"fish_oil"
247,2010,0.817273155224248,"fish_oil"
247,2011,0.818707316274306,"fish_oil"
247,2012,0.820477014894579,"fish_oil"
247,2013,0.822907568683718,"fish_oil"
247,2014,0.825577393867117,"fish_oil"
247,2015,0.828609858198006,"fish_oil"
247,2016,0.800390830662651,"fish_oil"
247,2017,0.786276160092552,"fish_oil"
247,2018,0.774642235324146,"fish_oil"
247,2019,0.764196607784714,"fish_oil"
247,2020,0.764196607784714,"fish_oil"
247,2021,0.764196607784714,"fish_oil"
247,2022,0.764196607784714,"fish_oil"
247,2023,0.764196607784714,"fish_oil"
250,2001,0.851350119266927,"fish_oil"
250,2002,0.831550300235067,"fish_oil"
250,2003,0.813958455824921,"fish_oil"
250,2004,0.795879634351149,"fish_oil"
250,2005,0.779986629462733,"fish_oil"
250,2006,0.761873817256333,"fish_oil"
250,2007,0.747169045156536,"fish_oil"
250,2008,0.748620510794667,"fish_oil"
250,2009,0.731856063388589,"fish_oil"
250,2010,0.758102764491214,"fish_oil"
250,2011,0.721922240590524,"fish_oil"
250,2012,0.699944428471396,"fish_oil"
250,2013,0.677823678347631,"fish_oil"
250,2014,0.663370842647072,"fish_oil"
250,2015,0.650418872926312,"fish_oil"
250,2016,0.641077905868801,"fish_oil"
250,2017,0.635097202243644,"fish_oil"
250,2018,0.629973367323094,"fish_oil"
250,2019,0.627971036625488,"fish_oil"
250,2020,0.627971036625488,"fish_oil"
250,2021,0.627971036625488,"fish_oil"
250,2022,0.627971036625488,"fish_oil"
250,2023,0.627971036625488,"fish_oil"
