"rgn_id","year","usd_weight","product"
1,1990,0,"ornamentals"
2,1990,0,"ornamentals"
3,1990,0,"ornamentals"
4,1990,0,"ornamentals"
5,1990,0,"ornamentals"
6,1990,0,"ornamentals"
7,1990,0,"ornamentals"
8,1990,0,"ornamentals"
9,1990,0,"ornamentals"
10,1990,0,"ornamentals"
11,1990,170,"ornamentals"
12,1990,0,"ornamentals"
13,1990,0,"ornamentals"
14,1990,507,"ornamentals"
15,1990,0,"ornamentals"
16,1990,304,"ornamentals"
17,1990,0,"ornamentals"
18,1990,164,"ornamentals"
19,1990,0,"ornamentals"
20,1990,0,"ornamentals"
21,1990,0,"ornamentals"
24,1990,0,"ornamentals"
25,1990,218,"ornamentals"
26,1990,0,"ornamentals"
28,1990,0,"ornamentals"
29,1990,0,"ornamentals"
30,1990,0,"ornamentals"
31,1990,0,"ornamentals"
32,1990,0,"ornamentals"
33,1990,0,"ornamentals"
34,1990,0,"ornamentals"
35,1990,0,"ornamentals"
36,1990,0,"ornamentals"
37,1990,0,"ornamentals"
38,1990,0,"ornamentals"
39,1990,132,"ornamentals"
40,1990,1425,"ornamentals"
41,1990,0,"ornamentals"
42,1990,0,"ornamentals"
43,1990,0,"ornamentals"
44,1990,0,"ornamentals"
45,1990,0,"ornamentals"
46,1990,0,"ornamentals"
47,1990,0,"ornamentals"
48,1990,0,"ornamentals"
49,1990,0,"ornamentals"
50,1990,0,"ornamentals"
51,1990,0,"ornamentals"
52,1990,0,"ornamentals"
53,1990,0,"ornamentals"
54,1990,0,"ornamentals"
55,1990,0,"ornamentals"
56,1990,0,"ornamentals"
57,1990,0,"ornamentals"
58,1990,0,"ornamentals"
59,1990,117,"ornamentals"
60,1990,0,"ornamentals"
61,1990,215,"ornamentals"
62,1990,0,"ornamentals"
63,1990,0,"ornamentals"
64,1990,0,"ornamentals"
65,1990,0,"ornamentals"
66,1990,0,"ornamentals"
67,1990,0,"ornamentals"
68,1990,0,"ornamentals"
69,1990,0,"ornamentals"
70,1990,0,"ornamentals"
71,1990,0,"ornamentals"
72,1990,0,"ornamentals"
73,1990,0,"ornamentals"
74,1990,0,"ornamentals"
75,1990,0,"ornamentals"
76,1990,0,"ornamentals"
77,1990,0,"ornamentals"
78,1990,0,"ornamentals"
79,1990,4569,"ornamentals"
80,1990,0,"ornamentals"
81,1990,0,"ornamentals"
82,1990,0,"ornamentals"
84,1990,0,"ornamentals"
85,1990,0,"ornamentals"
86,1990,0,"ornamentals"
88,1990,0,"ornamentals"
89,1990,0,"ornamentals"
90,1990,0,"ornamentals"
91,1990,0,"ornamentals"
92,1990,0,"ornamentals"
93,1990,0,"ornamentals"
94,1990,0,"ornamentals"
95,1990,0,"ornamentals"
96,1990,0,"ornamentals"
97,1990,0,"ornamentals"
98,1990,0,"ornamentals"
99,1990,0,"ornamentals"
100,1990,0,"ornamentals"
101,1990,0,"ornamentals"
102,1990,227,"ornamentals"
103,1990,0,"ornamentals"
104,1990,0,"ornamentals"
105,1990,0,"ornamentals"
106,1990,1,"ornamentals"
107,1990,0,"ornamentals"
108,1990,0,"ornamentals"
110,1990,0,"ornamentals"
111,1990,0,"ornamentals"
112,1990,0,"ornamentals"
113,1990,0,"ornamentals"
114,1990,0,"ornamentals"
115,1990,0,"ornamentals"
116,1990,0,"ornamentals"
117,1990,0,"ornamentals"
118,1990,0,"ornamentals"
119,1990,0,"ornamentals"
120,1990,0,"ornamentals"
121,1990,0,"ornamentals"
122,1990,0,"ornamentals"
123,1990,0,"ornamentals"
124,1990,0,"ornamentals"
125,1990,0,"ornamentals"
126,1990,157,"ornamentals"
127,1990,0,"ornamentals"
129,1990,2,"ornamentals"
130,1990,330,"ornamentals"
131,1990,0,"ornamentals"
132,1990,1723,"ornamentals"
133,1990,0,"ornamentals"
134,1990,0,"ornamentals"
135,1990,0,"ornamentals"
136,1990,1,"ornamentals"
137,1990,29,"ornamentals"
138,1990,172,"ornamentals"
139,1990,121,"ornamentals"
140,1990,63,"ornamentals"
141,1990,0,"ornamentals"
143,1990,0,"ornamentals"
144,1990,0,"ornamentals"
145,1990,0,"ornamentals"
146,1990,0,"ornamentals"
147,1990,3,"ornamentals"
148,1990,0,"ornamentals"
149,1990,0,"ornamentals"
150,1990,0,"ornamentals"
151,1990,0,"ornamentals"
152,1990,0,"ornamentals"
153,1990,0,"ornamentals"
154,1990,0,"ornamentals"
155,1990,0,"ornamentals"
156,1990,0,"ornamentals"
157,1990,0,"ornamentals"
158,1990,0,"ornamentals"
159,1990,0,"ornamentals"
161,1990,0,"ornamentals"
162,1990,0,"ornamentals"
163,1990,12512,"ornamentals"
164,1990,16,"ornamentals"
166,1990,0,"ornamentals"
167,1990,285,"ornamentals"
168,1990,0,"ornamentals"
169,1990,0,"ornamentals"
171,1990,1393,"ornamentals"
172,1990,3,"ornamentals"
173,1990,0,"ornamentals"
174,1990,0,"ornamentals"
175,1990,27,"ornamentals"
176,1990,27,"ornamentals"
177,1990,1785,"ornamentals"
178,1990,0,"ornamentals"
179,1990,21,"ornamentals"
180,1990,116,"ornamentals"
181,1990,0,"ornamentals"
182,1990,21,"ornamentals"
183,1990,0,"ornamentals"
184,1990,108,"ornamentals"
185,1990,0,"ornamentals"
186,1990,0,"ornamentals"
187,1990,0,"ornamentals"
188,1990,0,"ornamentals"
189,1990,0,"ornamentals"
190,1990,0,"ornamentals"
191,1990,0,"ornamentals"
192,1990,0,"ornamentals"
193,1990,0,"ornamentals"
194,1990,0,"ornamentals"
195,1990,0,"ornamentals"
196,1990,0,"ornamentals"
197,1990,0,"ornamentals"
198,1990,0,"ornamentals"
199,1990,0,"ornamentals"
200,1990,0,"ornamentals"
202,1990,0,"ornamentals"
203,1990,89,"ornamentals"
204,1990,0,"ornamentals"
205,1990,0,"ornamentals"
206,1990,1369,"ornamentals"
207,1990,0,"ornamentals"
208,1990,3134,"ornamentals"
209,1990,0,"ornamentals"
210,1990,5495,"ornamentals"
212,1990,0,"ornamentals"
213,1990,0,"ornamentals"
214,1990,0,"ornamentals"
215,1990,0,"ornamentals"
216,1990,2489,"ornamentals"
218,1990,9,"ornamentals"
219,1990,0,"ornamentals"
220,1990,0,"ornamentals"
221,1990,0,"ornamentals"
222,1990,675,"ornamentals"
223,1990,0,"ornamentals"
224,1990,0,"ornamentals"
227,1990,0,"ornamentals"
228,1990,0,"ornamentals"
231,1990,0,"ornamentals"
232,1990,0,"ornamentals"
237,1990,0,"ornamentals"
244,1990,0,"ornamentals"
245,1990,0,"ornamentals"
247,1990,0,"ornamentals"
248,1990,0,"ornamentals"
249,1990,0,"ornamentals"
250,1990,0,"ornamentals"
1,1991,0,"ornamentals"
2,1991,0,"ornamentals"
3,1991,0,"ornamentals"
4,1991,0,"ornamentals"
5,1991,0,"ornamentals"
6,1991,0,"ornamentals"
7,1991,0,"ornamentals"
8,1991,0,"ornamentals"
9,1991,40,"ornamentals"
10,1991,0,"ornamentals"
11,1991,0,"ornamentals"
12,1991,0,"ornamentals"
13,1991,0,"ornamentals"
14,1991,620,"ornamentals"
15,1991,5530,"ornamentals"
16,1991,469,"ornamentals"
17,1991,0,"ornamentals"
18,1991,218,"ornamentals"
19,1991,0,"ornamentals"
20,1991,0,"ornamentals"
21,1991,0,"ornamentals"
24,1991,0,"ornamentals"
25,1991,222,"ornamentals"
26,1991,0,"ornamentals"
28,1991,0,"ornamentals"
29,1991,0,"ornamentals"
30,1991,0,"ornamentals"
31,1991,0,"ornamentals"
32,1991,0,"ornamentals"
33,1991,0,"ornamentals"
34,1991,0,"ornamentals"
35,1991,0,"ornamentals"
36,1991,0,"ornamentals"
37,1991,0,"ornamentals"
38,1991,0,"ornamentals"
39,1991,337,"ornamentals"
40,1991,1059,"ornamentals"
41,1991,0,"ornamentals"
42,1991,0,"ornamentals"
43,1991,0,"ornamentals"
44,1991,0,"ornamentals"
45,1991,0,"ornamentals"
46,1991,0,"ornamentals"
47,1991,0,"ornamentals"
48,1991,0,"ornamentals"
49,1991,0,"ornamentals"
50,1991,0,"ornamentals"
51,1991,0,"ornamentals"
52,1991,0,"ornamentals"
53,1991,0,"ornamentals"
54,1991,0,"ornamentals"
55,1991,0,"ornamentals"
56,1991,0,"ornamentals"
57,1991,0,"ornamentals"
58,1991,0,"ornamentals"
59,1991,71,"ornamentals"
60,1991,0,"ornamentals"
61,1991,0,"ornamentals"
62,1991,0,"ornamentals"
63,1991,0,"ornamentals"
64,1991,0,"ornamentals"
65,1991,0,"ornamentals"
66,1991,0,"ornamentals"
67,1991,0,"ornamentals"
68,1991,0,"ornamentals"
69,1991,0,"ornamentals"
70,1991,0,"ornamentals"
71,1991,0,"ornamentals"
72,1991,0,"ornamentals"
73,1991,0,"ornamentals"
74,1991,0,"ornamentals"
75,1991,0,"ornamentals"
76,1991,0,"ornamentals"
77,1991,0,"ornamentals"
78,1991,0,"ornamentals"
79,1991,4977,"ornamentals"
80,1991,1,"ornamentals"
81,1991,0,"ornamentals"
82,1991,0,"ornamentals"
84,1991,0,"ornamentals"
85,1991,0,"ornamentals"
86,1991,0,"ornamentals"
88,1991,0,"ornamentals"
89,1991,0,"ornamentals"
90,1991,0,"ornamentals"
91,1991,0,"ornamentals"
92,1991,0,"ornamentals"
93,1991,0,"ornamentals"
94,1991,0,"ornamentals"
95,1991,0,"ornamentals"
96,1991,0,"ornamentals"
97,1991,0,"ornamentals"
98,1991,0,"ornamentals"
99,1991,0,"ornamentals"
100,1991,0,"ornamentals"
101,1991,0,"ornamentals"
102,1991,223,"ornamentals"
103,1991,0,"ornamentals"
104,1991,0,"ornamentals"
105,1991,0,"ornamentals"
106,1991,1,"ornamentals"
107,1991,0,"ornamentals"
108,1991,0,"ornamentals"
110,1991,0,"ornamentals"
111,1991,0,"ornamentals"
112,1991,0,"ornamentals"
113,1991,0,"ornamentals"
114,1991,0,"ornamentals"
115,1991,2,"ornamentals"
116,1991,0,"ornamentals"
117,1991,0,"ornamentals"
118,1991,0,"ornamentals"
119,1991,0,"ornamentals"
120,1991,0,"ornamentals"
121,1991,0,"ornamentals"
122,1991,0,"ornamentals"
123,1991,0,"ornamentals"
124,1991,0,"ornamentals"
125,1991,0,"ornamentals"
126,1991,42,"ornamentals"
127,1991,0,"ornamentals"
129,1991,1,"ornamentals"
130,1991,549,"ornamentals"
131,1991,0,"ornamentals"
132,1991,5339,"ornamentals"
133,1991,0,"ornamentals"
134,1991,0,"ornamentals"
135,1991,13,"ornamentals"
136,1991,0,"ornamentals"
137,1991,21,"ornamentals"
138,1991,131,"ornamentals"
139,1991,123,"ornamentals"
140,1991,65,"ornamentals"
141,1991,0,"ornamentals"
143,1991,0,"ornamentals"
144,1991,0,"ornamentals"
145,1991,0,"ornamentals"
146,1991,0,"ornamentals"
147,1991,0,"ornamentals"
148,1991,0,"ornamentals"
149,1991,0,"ornamentals"
150,1991,0,"ornamentals"
151,1991,0,"ornamentals"
152,1991,0,"ornamentals"
153,1991,0,"ornamentals"
154,1991,0,"ornamentals"
155,1991,0,"ornamentals"
156,1991,0,"ornamentals"
157,1991,0,"ornamentals"
158,1991,0,"ornamentals"
159,1991,0,"ornamentals"
161,1991,0,"ornamentals"
162,1991,1,"ornamentals"
163,1991,13261,"ornamentals"
164,1991,28,"ornamentals"
166,1991,58,"ornamentals"
167,1991,0,"ornamentals"
168,1991,0,"ornamentals"
169,1991,0,"ornamentals"
171,1991,1848,"ornamentals"
172,1991,24,"ornamentals"
173,1991,0,"ornamentals"
174,1991,0,"ornamentals"
175,1991,182,"ornamentals"
176,1991,195,"ornamentals"
177,1991,2123,"ornamentals"
178,1991,0,"ornamentals"
179,1991,9,"ornamentals"
180,1991,885,"ornamentals"
181,1991,0,"ornamentals"
182,1991,2,"ornamentals"
183,1991,0,"ornamentals"
184,1991,193,"ornamentals"
185,1991,0,"ornamentals"
186,1991,0,"ornamentals"
187,1991,0,"ornamentals"
188,1991,0,"ornamentals"
189,1991,0,"ornamentals"
190,1991,0,"ornamentals"
191,1991,0,"ornamentals"
192,1991,0,"ornamentals"
193,1991,0,"ornamentals"
194,1991,0,"ornamentals"
195,1991,0,"ornamentals"
196,1991,0,"ornamentals"
197,1991,0,"ornamentals"
198,1991,0,"ornamentals"
199,1991,0,"ornamentals"
200,1991,0,"ornamentals"
202,1991,30,"ornamentals"
203,1991,289,"ornamentals"
204,1991,0,"ornamentals"
205,1991,0,"ornamentals"
206,1991,1555,"ornamentals"
207,1991,0,"ornamentals"
208,1991,3183,"ornamentals"
209,1991,183,"ornamentals"
210,1991,5838,"ornamentals"
212,1991,262,"ornamentals"
213,1991,0,"ornamentals"
214,1991,0,"ornamentals"
215,1991,0,"ornamentals"
216,1991,3559,"ornamentals"
218,1991,36,"ornamentals"
219,1991,0,"ornamentals"
220,1991,0,"ornamentals"
221,1991,0,"ornamentals"
222,1991,596,"ornamentals"
223,1991,0,"ornamentals"
224,1991,0,"ornamentals"
227,1991,0,"ornamentals"
228,1991,0,"ornamentals"
231,1991,0,"ornamentals"
232,1991,0,"ornamentals"
237,1991,0,"ornamentals"
244,1991,0,"ornamentals"
245,1991,0,"ornamentals"
247,1991,0,"ornamentals"
248,1991,0,"ornamentals"
249,1991,0,"ornamentals"
250,1991,0,"ornamentals"
1,1992,0,"ornamentals"
2,1992,0,"ornamentals"
3,1992,0,"ornamentals"
4,1992,0,"ornamentals"
5,1992,0,"ornamentals"
6,1992,0,"ornamentals"
7,1992,0,"ornamentals"
8,1992,0,"ornamentals"
9,1992,40,"ornamentals"
10,1992,0,"ornamentals"
11,1992,0,"ornamentals"
12,1992,0,"ornamentals"
13,1992,0,"ornamentals"
14,1992,547,"ornamentals"
15,1992,6198,"ornamentals"
16,1992,567,"ornamentals"
17,1992,0,"ornamentals"
18,1992,0,"ornamentals"
19,1992,0,"ornamentals"
20,1992,0,"ornamentals"
21,1992,0,"ornamentals"
24,1992,0,"ornamentals"
25,1992,322,"ornamentals"
26,1992,0,"ornamentals"
28,1992,0,"ornamentals"
29,1992,0,"ornamentals"
30,1992,0,"ornamentals"
31,1992,0,"ornamentals"
32,1992,0,"ornamentals"
33,1992,0,"ornamentals"
34,1992,0,"ornamentals"
35,1992,0,"ornamentals"
36,1992,0,"ornamentals"
37,1992,69,"ornamentals"
38,1992,0,"ornamentals"
39,1992,300,"ornamentals"
40,1992,1477,"ornamentals"
41,1992,0,"ornamentals"
42,1992,0,"ornamentals"
43,1992,0,"ornamentals"
44,1992,0,"ornamentals"
45,1992,0,"ornamentals"
46,1992,0,"ornamentals"
47,1992,0,"ornamentals"
48,1992,0,"ornamentals"
49,1992,0,"ornamentals"
50,1992,0,"ornamentals"
51,1992,0,"ornamentals"
52,1992,0,"ornamentals"
53,1992,0,"ornamentals"
54,1992,0,"ornamentals"
55,1992,0,"ornamentals"
56,1992,0,"ornamentals"
57,1992,0,"ornamentals"
58,1992,0,"ornamentals"
59,1992,129,"ornamentals"
60,1992,0,"ornamentals"
61,1992,0,"ornamentals"
62,1992,0,"ornamentals"
63,1992,0,"ornamentals"
64,1992,0,"ornamentals"
65,1992,0,"ornamentals"
66,1992,0,"ornamentals"
67,1992,0,"ornamentals"
68,1992,0,"ornamentals"
69,1992,0,"ornamentals"
70,1992,0,"ornamentals"
71,1992,0,"ornamentals"
72,1992,0,"ornamentals"
73,1992,0,"ornamentals"
74,1992,0,"ornamentals"
75,1992,0,"ornamentals"
76,1992,0,"ornamentals"
77,1992,0,"ornamentals"
78,1992,0,"ornamentals"
79,1992,5087,"ornamentals"
80,1992,0,"ornamentals"
81,1992,0,"ornamentals"
82,1992,0,"ornamentals"
84,1992,0,"ornamentals"
85,1992,0,"ornamentals"
86,1992,0,"ornamentals"
88,1992,0,"ornamentals"
89,1992,0,"ornamentals"
90,1992,0,"ornamentals"
91,1992,0,"ornamentals"
92,1992,0,"ornamentals"
93,1992,0,"ornamentals"
94,1992,0,"ornamentals"
95,1992,0,"ornamentals"
96,1992,0,"ornamentals"
97,1992,0,"ornamentals"
98,1992,0,"ornamentals"
99,1992,0,"ornamentals"
100,1992,0,"ornamentals"
101,1992,0,"ornamentals"
102,1992,309,"ornamentals"
103,1992,0,"ornamentals"
104,1992,0,"ornamentals"
105,1992,0,"ornamentals"
106,1992,1,"ornamentals"
107,1992,0,"ornamentals"
108,1992,0,"ornamentals"
110,1992,0,"ornamentals"
111,1992,0,"ornamentals"
112,1992,0,"ornamentals"
113,1992,0,"ornamentals"
114,1992,0,"ornamentals"
115,1992,48,"ornamentals"
116,1992,0,"ornamentals"
117,1992,0,"ornamentals"
118,1992,0,"ornamentals"
119,1992,0,"ornamentals"
120,1992,0,"ornamentals"
121,1992,0,"ornamentals"
122,1992,0,"ornamentals"
123,1992,0,"ornamentals"
124,1992,1,"ornamentals"
125,1992,0,"ornamentals"
126,1992,129,"ornamentals"
127,1992,0,"ornamentals"
129,1992,28,"ornamentals"
130,1992,501,"ornamentals"
131,1992,0,"ornamentals"
132,1992,3583,"ornamentals"
133,1992,0,"ornamentals"
134,1992,0,"ornamentals"
135,1992,10,"ornamentals"
136,1992,0,"ornamentals"
137,1992,18,"ornamentals"
138,1992,0,"ornamentals"
139,1992,123,"ornamentals"
140,1992,54,"ornamentals"
141,1992,0,"ornamentals"
143,1992,0,"ornamentals"
144,1992,0,"ornamentals"
145,1992,0,"ornamentals"
146,1992,0,"ornamentals"
147,1992,0,"ornamentals"
148,1992,0,"ornamentals"
149,1992,0,"ornamentals"
150,1992,0,"ornamentals"
151,1992,0,"ornamentals"
152,1992,0,"ornamentals"
153,1992,111,"ornamentals"
154,1992,0,"ornamentals"
155,1992,0,"ornamentals"
156,1992,0,"ornamentals"
157,1992,0,"ornamentals"
158,1992,0,"ornamentals"
159,1992,0,"ornamentals"
161,1992,0,"ornamentals"
162,1992,4,"ornamentals"
163,1992,15337,"ornamentals"
164,1992,30,"ornamentals"
166,1992,164,"ornamentals"
167,1992,0,"ornamentals"
168,1992,0,"ornamentals"
169,1992,0,"ornamentals"
171,1992,2396,"ornamentals"
172,1992,8,"ornamentals"
173,1992,0,"ornamentals"
174,1992,0,"ornamentals"
175,1992,87,"ornamentals"
176,1992,69,"ornamentals"
177,1992,2133,"ornamentals"
178,1992,0,"ornamentals"
179,1992,62,"ornamentals"
180,1992,103,"ornamentals"
181,1992,4,"ornamentals"
182,1992,125,"ornamentals"
183,1992,0,"ornamentals"
184,1992,61,"ornamentals"
185,1992,0,"ornamentals"
186,1992,0,"ornamentals"
187,1992,0,"ornamentals"
188,1992,0,"ornamentals"
189,1992,0,"ornamentals"
190,1992,0,"ornamentals"
191,1992,0,"ornamentals"
192,1992,0,"ornamentals"
193,1992,0,"ornamentals"
194,1992,0,"ornamentals"
195,1992,0,"ornamentals"
196,1992,450,"ornamentals"
197,1992,0,"ornamentals"
198,1992,0,"ornamentals"
199,1992,0,"ornamentals"
200,1992,0,"ornamentals"
202,1992,26,"ornamentals"
203,1992,145,"ornamentals"
204,1992,0,"ornamentals"
205,1992,0,"ornamentals"
206,1992,2191,"ornamentals"
207,1992,0,"ornamentals"
208,1992,3449,"ornamentals"
209,1992,17594,"ornamentals"
210,1992,6198,"ornamentals"
212,1992,190,"ornamentals"
213,1992,0,"ornamentals"
214,1992,0,"ornamentals"
215,1992,0,"ornamentals"
216,1992,4269,"ornamentals"
218,1992,9,"ornamentals"
219,1992,0,"ornamentals"
220,1992,0,"ornamentals"
221,1992,0,"ornamentals"
222,1992,626,"ornamentals"
223,1992,0,"ornamentals"
224,1992,0,"ornamentals"
227,1992,0,"ornamentals"
228,1992,0,"ornamentals"
231,1992,0,"ornamentals"
232,1992,0,"ornamentals"
237,1992,0,"ornamentals"
244,1992,0,"ornamentals"
245,1992,0,"ornamentals"
247,1992,0,"ornamentals"
248,1992,0,"ornamentals"
249,1992,0,"ornamentals"
250,1992,0,"ornamentals"
1,1993,0,"ornamentals"
2,1993,0,"ornamentals"
3,1993,0,"ornamentals"
4,1993,0,"ornamentals"
5,1993,0,"ornamentals"
6,1993,0,"ornamentals"
7,1993,0,"ornamentals"
8,1993,0,"ornamentals"
9,1993,0,"ornamentals"
10,1993,0,"ornamentals"
11,1993,0,"ornamentals"
12,1993,0,"ornamentals"
13,1993,0,"ornamentals"
14,1993,781,"ornamentals"
15,1993,7404,"ornamentals"
16,1993,893,"ornamentals"
17,1993,0,"ornamentals"
18,1993,0,"ornamentals"
19,1993,0,"ornamentals"
20,1993,12,"ornamentals"
21,1993,0,"ornamentals"
24,1993,0,"ornamentals"
25,1993,373,"ornamentals"
26,1993,0,"ornamentals"
28,1993,0,"ornamentals"
29,1993,0,"ornamentals"
30,1993,0,"ornamentals"
31,1993,0,"ornamentals"
32,1993,0,"ornamentals"
33,1993,0,"ornamentals"
34,1993,0,"ornamentals"
35,1993,0,"ornamentals"
36,1993,0,"ornamentals"
37,1993,72,"ornamentals"
38,1993,0,"ornamentals"
39,1993,341,"ornamentals"
40,1993,861,"ornamentals"
41,1993,0,"ornamentals"
42,1993,0,"ornamentals"
43,1993,0,"ornamentals"
44,1993,0,"ornamentals"
45,1993,0,"ornamentals"
46,1993,0,"ornamentals"
47,1993,0,"ornamentals"
48,1993,0,"ornamentals"
49,1993,0,"ornamentals"
50,1993,92,"ornamentals"
51,1993,0,"ornamentals"
52,1993,0,"ornamentals"
53,1993,0,"ornamentals"
54,1993,0,"ornamentals"
55,1993,0,"ornamentals"
56,1993,0,"ornamentals"
57,1993,0,"ornamentals"
58,1993,0,"ornamentals"
59,1993,197,"ornamentals"
60,1993,0,"ornamentals"
61,1993,0,"ornamentals"
62,1993,0,"ornamentals"
63,1993,0,"ornamentals"
64,1993,0,"ornamentals"
65,1993,0,"ornamentals"
66,1993,0,"ornamentals"
67,1993,0,"ornamentals"
68,1993,0,"ornamentals"
69,1993,0,"ornamentals"
70,1993,0,"ornamentals"
71,1993,0,"ornamentals"
72,1993,0,"ornamentals"
73,1993,0,"ornamentals"
74,1993,0,"ornamentals"
75,1993,0,"ornamentals"
76,1993,0,"ornamentals"
77,1993,0,"ornamentals"
78,1993,0,"ornamentals"
79,1993,5605,"ornamentals"
80,1993,177,"ornamentals"
81,1993,0,"ornamentals"
82,1993,0,"ornamentals"
84,1993,0,"ornamentals"
85,1993,0,"ornamentals"
86,1993,0,"ornamentals"
88,1993,0,"ornamentals"
89,1993,0,"ornamentals"
90,1993,0,"ornamentals"
91,1993,0,"ornamentals"
92,1993,0,"ornamentals"
93,1993,0,"ornamentals"
94,1993,0,"ornamentals"
95,1993,0,"ornamentals"
96,1993,0,"ornamentals"
97,1993,0,"ornamentals"
98,1993,0,"ornamentals"
99,1993,0,"ornamentals"
100,1993,0,"ornamentals"
101,1993,0,"ornamentals"
102,1993,320,"ornamentals"
103,1993,0,"ornamentals"
104,1993,0,"ornamentals"
105,1993,0,"ornamentals"
106,1993,26,"ornamentals"
107,1993,0,"ornamentals"
108,1993,0,"ornamentals"
110,1993,0,"ornamentals"
111,1993,0,"ornamentals"
112,1993,0,"ornamentals"
113,1993,0,"ornamentals"
114,1993,0,"ornamentals"
115,1993,13,"ornamentals"
116,1993,0,"ornamentals"
117,1993,0,"ornamentals"
118,1993,0,"ornamentals"
119,1993,0,"ornamentals"
120,1993,0,"ornamentals"
121,1993,0,"ornamentals"
122,1993,0,"ornamentals"
123,1993,0,"ornamentals"
124,1993,0,"ornamentals"
125,1993,0,"ornamentals"
126,1993,200,"ornamentals"
127,1993,0,"ornamentals"
129,1993,135,"ornamentals"
130,1993,951,"ornamentals"
131,1993,27,"ornamentals"
132,1993,4558,"ornamentals"
133,1993,0,"ornamentals"
134,1993,0,"ornamentals"
135,1993,22,"ornamentals"
136,1993,0,"ornamentals"
137,1993,21,"ornamentals"
138,1993,0,"ornamentals"
139,1993,36,"ornamentals"
140,1993,52,"ornamentals"
141,1993,0,"ornamentals"
143,1993,0,"ornamentals"
144,1993,0,"ornamentals"
145,1993,0,"ornamentals"
146,1993,0,"ornamentals"
147,1993,0,"ornamentals"
148,1993,0,"ornamentals"
149,1993,0,"ornamentals"
150,1993,0,"ornamentals"
151,1993,0,"ornamentals"
152,1993,0,"ornamentals"
153,1993,89,"ornamentals"
154,1993,0,"ornamentals"
155,1993,0,"ornamentals"
156,1993,0,"ornamentals"
157,1993,0,"ornamentals"
158,1993,0,"ornamentals"
159,1993,0,"ornamentals"
161,1993,0,"ornamentals"
162,1993,0,"ornamentals"
163,1993,17467,"ornamentals"
164,1993,27,"ornamentals"
166,1993,198,"ornamentals"
167,1993,0,"ornamentals"
168,1993,0,"ornamentals"
169,1993,0,"ornamentals"
171,1993,3277,"ornamentals"
172,1993,22,"ornamentals"
173,1993,0,"ornamentals"
174,1993,0,"ornamentals"
175,1993,13,"ornamentals"
176,1993,92,"ornamentals"
177,1993,278,"ornamentals"
178,1993,0,"ornamentals"
179,1993,1577,"ornamentals"
180,1993,55,"ornamentals"
181,1993,0,"ornamentals"
182,1993,1922,"ornamentals"
183,1993,1,"ornamentals"
184,1993,194,"ornamentals"
185,1993,0,"ornamentals"
186,1993,0,"ornamentals"
187,1993,0,"ornamentals"
188,1993,0,"ornamentals"
189,1993,0,"ornamentals"
190,1993,0,"ornamentals"
191,1993,0,"ornamentals"
192,1993,0,"ornamentals"
193,1993,0,"ornamentals"
194,1993,0,"ornamentals"
195,1993,0,"ornamentals"
196,1993,530,"ornamentals"
197,1993,0,"ornamentals"
198,1993,0,"ornamentals"
199,1993,0,"ornamentals"
200,1993,0,"ornamentals"
202,1993,72,"ornamentals"
203,1993,756,"ornamentals"
204,1993,0,"ornamentals"
205,1993,0,"ornamentals"
206,1993,4058,"ornamentals"
207,1993,0,"ornamentals"
208,1993,3672,"ornamentals"
209,1993,17491,"ornamentals"
210,1993,6380,"ornamentals"
212,1993,362,"ornamentals"
213,1993,0,"ornamentals"
214,1993,0,"ornamentals"
215,1993,0,"ornamentals"
216,1993,5489,"ornamentals"
218,1993,23,"ornamentals"
219,1993,0,"ornamentals"
220,1993,0,"ornamentals"
221,1993,0,"ornamentals"
222,1993,433,"ornamentals"
223,1993,1,"ornamentals"
224,1993,19,"ornamentals"
227,1993,0,"ornamentals"
228,1993,0,"ornamentals"
231,1993,0,"ornamentals"
232,1993,0,"ornamentals"
237,1993,0,"ornamentals"
244,1993,0,"ornamentals"
245,1993,0,"ornamentals"
247,1993,0,"ornamentals"
248,1993,0,"ornamentals"
249,1993,0,"ornamentals"
250,1993,0,"ornamentals"
1,1994,0,"ornamentals"
2,1994,0,"ornamentals"
3,1994,0,"ornamentals"
4,1994,0,"ornamentals"
5,1994,0,"ornamentals"
6,1994,0,"ornamentals"
7,1994,0,"ornamentals"
8,1994,0,"ornamentals"
9,1994,0,"ornamentals"
10,1994,0,"ornamentals"
11,1994,0,"ornamentals"
12,1994,0,"ornamentals"
13,1994,0,"ornamentals"
14,1994,1139.1,"ornamentals"
15,1994,8178,"ornamentals"
16,1994,1142,"ornamentals"
17,1994,0,"ornamentals"
18,1994,0,"ornamentals"
19,1994,0,"ornamentals"
20,1994,10,"ornamentals"
21,1994,0,"ornamentals"
24,1994,0,"ornamentals"
25,1994,555,"ornamentals"
26,1994,0,"ornamentals"
28,1994,0,"ornamentals"
29,1994,0,"ornamentals"
30,1994,0,"ornamentals"
31,1994,0,"ornamentals"
32,1994,0,"ornamentals"
33,1994,0,"ornamentals"
34,1994,0,"ornamentals"
35,1994,0,"ornamentals"
36,1994,0,"ornamentals"
37,1994,74,"ornamentals"
38,1994,0,"ornamentals"
39,1994,604,"ornamentals"
40,1994,945,"ornamentals"
41,1994,0,"ornamentals"
42,1994,0,"ornamentals"
43,1994,0,"ornamentals"
44,1994,0,"ornamentals"
45,1994,0,"ornamentals"
46,1994,0,"ornamentals"
47,1994,0,"ornamentals"
48,1994,0,"ornamentals"
49,1994,0,"ornamentals"
50,1994,0,"ornamentals"
51,1994,0,"ornamentals"
52,1994,5,"ornamentals"
53,1994,0,"ornamentals"
54,1994,0,"ornamentals"
55,1994,0,"ornamentals"
56,1994,0,"ornamentals"
57,1994,0,"ornamentals"
58,1994,0,"ornamentals"
59,1994,283,"ornamentals"
60,1994,0,"ornamentals"
61,1994,0,"ornamentals"
62,1994,0,"ornamentals"
63,1994,0,"ornamentals"
64,1994,0,"ornamentals"
65,1994,0,"ornamentals"
66,1994,0,"ornamentals"
67,1994,0,"ornamentals"
68,1994,0,"ornamentals"
69,1994,25,"ornamentals"
70,1994,0,"ornamentals"
71,1994,0,"ornamentals"
72,1994,0,"ornamentals"
73,1994,0,"ornamentals"
74,1994,0,"ornamentals"
75,1994,0,"ornamentals"
76,1994,0,"ornamentals"
77,1994,0,"ornamentals"
78,1994,0,"ornamentals"
79,1994,7156,"ornamentals"
80,1994,24,"ornamentals"
81,1994,0,"ornamentals"
82,1994,0,"ornamentals"
84,1994,0,"ornamentals"
85,1994,0,"ornamentals"
86,1994,0,"ornamentals"
88,1994,0,"ornamentals"
89,1994,0,"ornamentals"
90,1994,0,"ornamentals"
91,1994,0,"ornamentals"
92,1994,0,"ornamentals"
93,1994,0,"ornamentals"
94,1994,0,"ornamentals"
95,1994,0,"ornamentals"
96,1994,0,"ornamentals"
97,1994,0,"ornamentals"
98,1994,0,"ornamentals"
99,1994,0,"ornamentals"
100,1994,0,"ornamentals"
101,1994,0,"ornamentals"
102,1994,269,"ornamentals"
103,1994,0,"ornamentals"
104,1994,0,"ornamentals"
105,1994,0,"ornamentals"
106,1994,0,"ornamentals"
107,1994,0,"ornamentals"
108,1994,0,"ornamentals"
110,1994,0,"ornamentals"
111,1994,0,"ornamentals"
112,1994,0,"ornamentals"
113,1994,0,"ornamentals"
114,1994,0,"ornamentals"
115,1994,150,"ornamentals"
116,1994,0,"ornamentals"
117,1994,0,"ornamentals"
118,1994,0,"ornamentals"
119,1994,0,"ornamentals"
120,1994,0,"ornamentals"
121,1994,0,"ornamentals"
122,1994,0,"ornamentals"
123,1994,0,"ornamentals"
124,1994,0,"ornamentals"
125,1994,0,"ornamentals"
126,1994,330,"ornamentals"
127,1994,0,"ornamentals"
129,1994,16,"ornamentals"
130,1994,876,"ornamentals"
131,1994,14,"ornamentals"
132,1994,4770,"ornamentals"
133,1994,0,"ornamentals"
134,1994,0.1,"ornamentals"
135,1994,1,"ornamentals"
136,1994,0,"ornamentals"
137,1994,39,"ornamentals"
138,1994,2494,"ornamentals"
139,1994,27,"ornamentals"
140,1994,63,"ornamentals"
141,1994,0,"ornamentals"
143,1994,0,"ornamentals"
144,1994,0,"ornamentals"
145,1994,0,"ornamentals"
146,1994,0,"ornamentals"
147,1994,0,"ornamentals"
148,1994,0,"ornamentals"
149,1994,0,"ornamentals"
150,1994,0,"ornamentals"
151,1994,0,"ornamentals"
152,1994,0,"ornamentals"
153,1994,157,"ornamentals"
154,1994,0,"ornamentals"
155,1994,0,"ornamentals"
156,1994,0,"ornamentals"
157,1994,0,"ornamentals"
158,1994,0,"ornamentals"
159,1994,0,"ornamentals"
161,1994,0,"ornamentals"
162,1994,3,"ornamentals"
163,1994,19203,"ornamentals"
164,1994,36,"ornamentals"
166,1994,176,"ornamentals"
167,1994,0,"ornamentals"
168,1994,0,"ornamentals"
169,1994,0,"ornamentals"
171,1994,3833,"ornamentals"
172,1994,2,"ornamentals"
173,1994,0,"ornamentals"
174,1994,0,"ornamentals"
175,1994,1,"ornamentals"
176,1994,36,"ornamentals"
177,1994,164,"ornamentals"
178,1994,0,"ornamentals"
179,1994,1568,"ornamentals"
180,1994,465,"ornamentals"
181,1994,0,"ornamentals"
182,1994,461,"ornamentals"
183,1994,0,"ornamentals"
184,1994,264,"ornamentals"
185,1994,0,"ornamentals"
186,1994,0,"ornamentals"
187,1994,0,"ornamentals"
188,1994,0,"ornamentals"
189,1994,0,"ornamentals"
190,1994,0,"ornamentals"
191,1994,0,"ornamentals"
192,1994,0,"ornamentals"
193,1994,0,"ornamentals"
194,1994,0,"ornamentals"
195,1994,0,"ornamentals"
196,1994,1207,"ornamentals"
197,1994,0,"ornamentals"
198,1994,0,"ornamentals"
199,1994,0,"ornamentals"
200,1994,0,"ornamentals"
202,1994,45,"ornamentals"
203,1994,238,"ornamentals"
204,1994,0,"ornamentals"
205,1994,0,"ornamentals"
206,1994,4488,"ornamentals"
207,1994,0,"ornamentals"
208,1994,3910,"ornamentals"
209,1994,18195,"ornamentals"
210,1994,7251,"ornamentals"
212,1994,403,"ornamentals"
213,1994,0,"ornamentals"
214,1994,238,"ornamentals"
215,1994,0,"ornamentals"
216,1994,4852,"ornamentals"
218,1994,4,"ornamentals"
219,1994,0,"ornamentals"
220,1994,0,"ornamentals"
221,1994,0,"ornamentals"
222,1994,706,"ornamentals"
223,1994,0,"ornamentals"
224,1994,0,"ornamentals"
227,1994,0,"ornamentals"
228,1994,0,"ornamentals"
231,1994,0,"ornamentals"
232,1994,0,"ornamentals"
237,1994,0,"ornamentals"
244,1994,0,"ornamentals"
245,1994,0,"ornamentals"
247,1994,0,"ornamentals"
248,1994,0,"ornamentals"
249,1994,0,"ornamentals"
250,1994,0,"ornamentals"
1,1995,0,"ornamentals"
2,1995,0,"ornamentals"
3,1995,0,"ornamentals"
4,1995,0,"ornamentals"
5,1995,0,"ornamentals"
6,1995,0,"ornamentals"
7,1995,0,"ornamentals"
8,1995,19,"ornamentals"
9,1995,0,"ornamentals"
10,1995,0,"ornamentals"
11,1995,478,"ornamentals"
12,1995,0,"ornamentals"
13,1995,0,"ornamentals"
14,1995,1037,"ornamentals"
15,1995,8808,"ornamentals"
16,1995,1480,"ornamentals"
17,1995,0,"ornamentals"
18,1995,0,"ornamentals"
19,1995,0,"ornamentals"
20,1995,25,"ornamentals"
21,1995,0,"ornamentals"
24,1995,0,"ornamentals"
25,1995,642,"ornamentals"
26,1995,0,"ornamentals"
28,1995,0,"ornamentals"
29,1995,0,"ornamentals"
30,1995,0,"ornamentals"
31,1995,0,"ornamentals"
32,1995,0,"ornamentals"
33,1995,0,"ornamentals"
34,1995,0,"ornamentals"
35,1995,0,"ornamentals"
36,1995,0,"ornamentals"
37,1995,52,"ornamentals"
38,1995,0,"ornamentals"
39,1995,375,"ornamentals"
40,1995,3378,"ornamentals"
41,1995,0,"ornamentals"
42,1995,0,"ornamentals"
43,1995,0,"ornamentals"
44,1995,0,"ornamentals"
45,1995,53,"ornamentals"
46,1995,0,"ornamentals"
47,1995,0,"ornamentals"
48,1995,10.2055238321116,"ornamentals"
49,1995,0,"ornamentals"
50,1995,628,"ornamentals"
51,1995,0,"ornamentals"
52,1995,56,"ornamentals"
53,1995,0,"ornamentals"
54,1995,9,"ornamentals"
55,1995,0,"ornamentals"
56,1995,0,"ornamentals"
57,1995,0,"ornamentals"
58,1995,0,"ornamentals"
59,1995,285,"ornamentals"
60,1995,0,"ornamentals"
61,1995,0,"ornamentals"
62,1995,0,"ornamentals"
63,1995,0,"ornamentals"
64,1995,0,"ornamentals"
65,1995,0,"ornamentals"
66,1995,0,"ornamentals"
67,1995,0,"ornamentals"
68,1995,0,"ornamentals"
69,1995,48.8634111532338,"ornamentals"
70,1995,0,"ornamentals"
71,1995,0,"ornamentals"
72,1995,0,"ornamentals"
73,1995,0,"ornamentals"
74,1995,0,"ornamentals"
75,1995,0,"ornamentals"
76,1995,0,"ornamentals"
77,1995,0,"ornamentals"
78,1995,0,"ornamentals"
79,1995,8385,"ornamentals"
80,1995,0,"ornamentals"
81,1995,0,"ornamentals"
82,1995,0,"ornamentals"
84,1995,0,"ornamentals"
85,1995,0,"ornamentals"
86,1995,0,"ornamentals"
88,1995,0,"ornamentals"
89,1995,0,"ornamentals"
90,1995,0,"ornamentals"
91,1995,0,"ornamentals"
92,1995,0,"ornamentals"
93,1995,0,"ornamentals"
94,1995,0,"ornamentals"
95,1995,0,"ornamentals"
96,1995,50,"ornamentals"
97,1995,0,"ornamentals"
98,1995,0,"ornamentals"
99,1995,0,"ornamentals"
100,1995,3,"ornamentals"
101,1995,0,"ornamentals"
102,1995,298,"ornamentals"
103,1995,0,"ornamentals"
104,1995,9,"ornamentals"
105,1995,0,"ornamentals"
106,1995,2,"ornamentals"
107,1995,0,"ornamentals"
108,1995,0,"ornamentals"
110,1995,0,"ornamentals"
111,1995,0,"ornamentals"
112,1995,0,"ornamentals"
113,1995,0,"ornamentals"
114,1995,0,"ornamentals"
115,1995,234,"ornamentals"
116,1995,0,"ornamentals"
117,1995,0,"ornamentals"
118,1995,0,"ornamentals"
119,1995,0,"ornamentals"
120,1995,0,"ornamentals"
121,1995,0,"ornamentals"
122,1995,0,"ornamentals"
123,1995,0,"ornamentals"
124,1995,0,"ornamentals"
125,1995,0,"ornamentals"
126,1995,292,"ornamentals"
127,1995,0,"ornamentals"
129,1995,0,"ornamentals"
130,1995,541,"ornamentals"
131,1995,4,"ornamentals"
132,1995,4713,"ornamentals"
133,1995,0,"ornamentals"
134,1995,0.1,"ornamentals"
135,1995,1,"ornamentals"
136,1995,0.842223169361546,"ornamentals"
137,1995,33,"ornamentals"
138,1995,1236,"ornamentals"
139,1995,22,"ornamentals"
140,1995,71,"ornamentals"
141,1995,0,"ornamentals"
143,1995,0,"ornamentals"
144,1995,0,"ornamentals"
145,1995,0,"ornamentals"
146,1995,0,"ornamentals"
147,1995,0,"ornamentals"
148,1995,0,"ornamentals"
149,1995,0,"ornamentals"
150,1995,0,"ornamentals"
151,1995,0,"ornamentals"
152,1995,18,"ornamentals"
153,1995,111,"ornamentals"
154,1995,0,"ornamentals"
155,1995,0,"ornamentals"
156,1995,0,"ornamentals"
157,1995,0,"ornamentals"
158,1995,0,"ornamentals"
159,1995,0,"ornamentals"
161,1995,0,"ornamentals"
162,1995,3,"ornamentals"
163,1995,19943,"ornamentals"
164,1995,32,"ornamentals"
166,1995,134,"ornamentals"
167,1995,553,"ornamentals"
168,1995,0,"ornamentals"
169,1995,0,"ornamentals"
171,1995,4252,"ornamentals"
172,1995,32,"ornamentals"
173,1995,0,"ornamentals"
174,1995,0,"ornamentals"
175,1995,47,"ornamentals"
176,1995,287,"ornamentals"
177,1995,81,"ornamentals"
178,1995,0,"ornamentals"
179,1995,208,"ornamentals"
180,1995,974,"ornamentals"
181,1995,0,"ornamentals"
182,1995,572,"ornamentals"
183,1995,0,"ornamentals"
184,1995,216,"ornamentals"
185,1995,0,"ornamentals"
186,1995,0,"ornamentals"
187,1995,0,"ornamentals"
188,1995,0,"ornamentals"
189,1995,0,"ornamentals"
190,1995,0,"ornamentals"
191,1995,0,"ornamentals"
192,1995,0,"ornamentals"
193,1995,1,"ornamentals"
194,1995,0,"ornamentals"
195,1995,0,"ornamentals"
196,1995,1882,"ornamentals"
197,1995,0,"ornamentals"
198,1995,0,"ornamentals"
199,1995,549,"ornamentals"
200,1995,0,"ornamentals"
202,1995,16,"ornamentals"
203,1995,342,"ornamentals"
204,1995,0,"ornamentals"
205,1995,0,"ornamentals"
206,1995,6673,"ornamentals"
207,1995,29,"ornamentals"
208,1995,59411,"ornamentals"
209,1995,19362,"ornamentals"
210,1995,8414,"ornamentals"
212,1995,606,"ornamentals"
213,1995,0,"ornamentals"
214,1995,163,"ornamentals"
215,1995,0,"ornamentals"
216,1995,5264,"ornamentals"
218,1995,28,"ornamentals"
219,1995,0,"ornamentals"
220,1995,0,"ornamentals"
221,1995,0,"ornamentals"
222,1995,1,"ornamentals"
223,1995,0,"ornamentals"
224,1995,0,"ornamentals"
227,1995,0,"ornamentals"
228,1995,0,"ornamentals"
231,1995,0,"ornamentals"
232,1995,0,"ornamentals"
237,1995,0,"ornamentals"
244,1995,0,"ornamentals"
245,1995,0,"ornamentals"
247,1995,4,"ornamentals"
248,1995,0,"ornamentals"
249,1995,0,"ornamentals"
250,1995,0,"ornamentals"
1,1996,0,"ornamentals"
2,1996,0,"ornamentals"
3,1996,0,"ornamentals"
4,1996,0,"ornamentals"
5,1996,0,"ornamentals"
6,1996,0,"ornamentals"
7,1996,50,"ornamentals"
8,1996,1,"ornamentals"
9,1996,19,"ornamentals"
10,1996,0,"ornamentals"
11,1996,278,"ornamentals"
12,1996,0,"ornamentals"
13,1996,0,"ornamentals"
14,1996,1068,"ornamentals"
15,1996,7705,"ornamentals"
16,1996,3477,"ornamentals"
17,1996,0,"ornamentals"
18,1996,0,"ornamentals"
19,1996,0,"ornamentals"
20,1996,13,"ornamentals"
21,1996,0,"ornamentals"
24,1996,0,"ornamentals"
25,1996,1328,"ornamentals"
26,1996,0,"ornamentals"
28,1996,0,"ornamentals"
29,1996,3,"ornamentals"
30,1996,0,"ornamentals"
31,1996,0,"ornamentals"
32,1996,0,"ornamentals"
33,1996,0,"ornamentals"
34,1996,0,"ornamentals"
35,1996,0,"ornamentals"
36,1996,0,"ornamentals"
37,1996,83,"ornamentals"
38,1996,0,"ornamentals"
39,1996,481,"ornamentals"
40,1996,4973,"ornamentals"
41,1996,0,"ornamentals"
42,1996,0,"ornamentals"
43,1996,0,"ornamentals"
44,1996,0,"ornamentals"
45,1996,119,"ornamentals"
46,1996,0,"ornamentals"
47,1996,0,"ornamentals"
48,1996,0,"ornamentals"
49,1996,0,"ornamentals"
50,1996,0,"ornamentals"
51,1996,0,"ornamentals"
52,1996,37,"ornamentals"
53,1996,0,"ornamentals"
54,1996,63,"ornamentals"
55,1996,0,"ornamentals"
56,1996,0,"ornamentals"
57,1996,0,"ornamentals"
58,1996,0,"ornamentals"
59,1996,194,"ornamentals"
60,1996,0,"ornamentals"
61,1996,0,"ornamentals"
62,1996,0,"ornamentals"
63,1996,0,"ornamentals"
64,1996,0,"ornamentals"
65,1996,0,"ornamentals"
66,1996,0,"ornamentals"
67,1996,0,"ornamentals"
68,1996,0,"ornamentals"
69,1996,0,"ornamentals"
70,1996,0,"ornamentals"
71,1996,0,"ornamentals"
72,1996,0,"ornamentals"
73,1996,0,"ornamentals"
74,1996,0,"ornamentals"
75,1996,0,"ornamentals"
76,1996,0,"ornamentals"
77,1996,0,"ornamentals"
78,1996,0,"ornamentals"
79,1996,8238,"ornamentals"
80,1996,76,"ornamentals"
81,1996,0,"ornamentals"
82,1996,0,"ornamentals"
84,1996,0,"ornamentals"
85,1996,0,"ornamentals"
86,1996,0,"ornamentals"
88,1996,0,"ornamentals"
89,1996,0,"ornamentals"
90,1996,0,"ornamentals"
91,1996,0,"ornamentals"
92,1996,0,"ornamentals"
93,1996,0,"ornamentals"
94,1996,0,"ornamentals"
95,1996,0,"ornamentals"
96,1996,42,"ornamentals"
97,1996,0,"ornamentals"
98,1996,0,"ornamentals"
99,1996,0,"ornamentals"
100,1996,85,"ornamentals"
101,1996,0,"ornamentals"
102,1996,223,"ornamentals"
103,1996,0,"ornamentals"
104,1996,0,"ornamentals"
105,1996,0,"ornamentals"
106,1996,3,"ornamentals"
107,1996,0,"ornamentals"
108,1996,0,"ornamentals"
110,1996,0,"ornamentals"
111,1996,0,"ornamentals"
112,1996,0,"ornamentals"
113,1996,0,"ornamentals"
114,1996,81,"ornamentals"
115,1996,28,"ornamentals"
116,1996,0,"ornamentals"
117,1996,0,"ornamentals"
118,1996,0,"ornamentals"
119,1996,0,"ornamentals"
120,1996,0,"ornamentals"
121,1996,0,"ornamentals"
122,1996,0,"ornamentals"
123,1996,0,"ornamentals"
124,1996,0,"ornamentals"
125,1996,0,"ornamentals"
126,1996,349,"ornamentals"
127,1996,0,"ornamentals"
129,1996,0,"ornamentals"
130,1996,458,"ornamentals"
131,1996,3,"ornamentals"
132,1996,4819,"ornamentals"
133,1996,0,"ornamentals"
134,1996,1,"ornamentals"
135,1996,4,"ornamentals"
136,1996,0,"ornamentals"
137,1996,35,"ornamentals"
138,1996,1643,"ornamentals"
139,1996,46,"ornamentals"
140,1996,0,"ornamentals"
141,1996,0,"ornamentals"
143,1996,0,"ornamentals"
144,1996,0,"ornamentals"
145,1996,0,"ornamentals"
146,1996,0,"ornamentals"
147,1996,0,"ornamentals"
148,1996,0,"ornamentals"
149,1996,0,"ornamentals"
150,1996,0,"ornamentals"
151,1996,0,"ornamentals"
152,1996,2,"ornamentals"
153,1996,105,"ornamentals"
154,1996,0,"ornamentals"
155,1996,0,"ornamentals"
156,1996,0,"ornamentals"
157,1996,0,"ornamentals"
158,1996,0,"ornamentals"
159,1996,0,"ornamentals"
161,1996,0,"ornamentals"
162,1996,1,"ornamentals"
163,1996,15522,"ornamentals"
164,1996,36,"ornamentals"
166,1996,139,"ornamentals"
167,1996,400,"ornamentals"
168,1996,0,"ornamentals"
169,1996,0,"ornamentals"
171,1996,4249,"ornamentals"
172,1996,30,"ornamentals"
173,1996,0,"ornamentals"
174,1996,0,"ornamentals"
175,1996,10,"ornamentals"
176,1996,22,"ornamentals"
177,1996,100,"ornamentals"
178,1996,0,"ornamentals"
179,1996,976,"ornamentals"
180,1996,720,"ornamentals"
181,1996,220,"ornamentals"
182,1996,3343,"ornamentals"
183,1996,0,"ornamentals"
184,1996,908,"ornamentals"
185,1996,0,"ornamentals"
186,1996,0,"ornamentals"
187,1996,0,"ornamentals"
188,1996,0,"ornamentals"
189,1996,0,"ornamentals"
190,1996,0,"ornamentals"
191,1996,44,"ornamentals"
192,1996,0,"ornamentals"
193,1996,0,"ornamentals"
194,1996,2,"ornamentals"
195,1996,3,"ornamentals"
196,1996,71,"ornamentals"
197,1996,0,"ornamentals"
198,1996,0,"ornamentals"
199,1996,458,"ornamentals"
200,1996,0,"ornamentals"
202,1996,100,"ornamentals"
203,1996,243,"ornamentals"
204,1996,0,"ornamentals"
205,1996,0,"ornamentals"
206,1996,9835,"ornamentals"
207,1996,62,"ornamentals"
208,1996,58574,"ornamentals"
209,1996,17889,"ornamentals"
210,1996,9493,"ornamentals"
212,1996,280,"ornamentals"
213,1996,0,"ornamentals"
214,1996,0,"ornamentals"
215,1996,0,"ornamentals"
216,1996,5260,"ornamentals"
218,1996,9,"ornamentals"
219,1996,0,"ornamentals"
220,1996,6.10232264750276,"ornamentals"
221,1996,0,"ornamentals"
222,1996,1,"ornamentals"
223,1996,0,"ornamentals"
224,1996,0,"ornamentals"
227,1996,0,"ornamentals"
228,1996,0,"ornamentals"
231,1996,0,"ornamentals"
232,1996,0,"ornamentals"
237,1996,0,"ornamentals"
244,1996,0,"ornamentals"
245,1996,6.10232264750276,"ornamentals"
247,1996,14,"ornamentals"
248,1996,6.10232264750276,"ornamentals"
249,1996,6.10232264750276,"ornamentals"
250,1996,6.10232264750276,"ornamentals"
1,1997,0,"ornamentals"
2,1997,0,"ornamentals"
3,1997,0,"ornamentals"
4,1997,0,"ornamentals"
5,1997,131,"ornamentals"
6,1997,0,"ornamentals"
7,1997,22,"ornamentals"
8,1997,0,"ornamentals"
9,1997,13,"ornamentals"
10,1997,0,"ornamentals"
11,1997,109,"ornamentals"
12,1997,0,"ornamentals"
13,1997,0,"ornamentals"
14,1997,823,"ornamentals"
15,1997,7315,"ornamentals"
16,1997,2087,"ornamentals"
17,1997,0,"ornamentals"
18,1997,0,"ornamentals"
19,1997,0,"ornamentals"
20,1997,22,"ornamentals"
21,1997,0,"ornamentals"
24,1997,0,"ornamentals"
25,1997,2483,"ornamentals"
26,1997,0,"ornamentals"
28,1997,0,"ornamentals"
29,1997,0,"ornamentals"
30,1997,0,"ornamentals"
31,1997,0,"ornamentals"
32,1997,0,"ornamentals"
33,1997,0,"ornamentals"
34,1997,0,"ornamentals"
35,1997,0,"ornamentals"
36,1997,0,"ornamentals"
37,1997,53,"ornamentals"
38,1997,0,"ornamentals"
39,1997,479,"ornamentals"
40,1997,7773,"ornamentals"
41,1997,0,"ornamentals"
42,1997,0,"ornamentals"
43,1997,0,"ornamentals"
44,1997,0,"ornamentals"
45,1997,98,"ornamentals"
46,1997,0,"ornamentals"
47,1997,0,"ornamentals"
48,1997,8,"ornamentals"
49,1997,0,"ornamentals"
50,1997,0,"ornamentals"
51,1997,0,"ornamentals"
52,1997,8,"ornamentals"
53,1997,0,"ornamentals"
54,1997,4,"ornamentals"
55,1997,0,"ornamentals"
56,1997,0,"ornamentals"
57,1997,0,"ornamentals"
58,1997,0,"ornamentals"
59,1997,121,"ornamentals"
60,1997,0,"ornamentals"
61,1997,0,"ornamentals"
62,1997,0,"ornamentals"
63,1997,0,"ornamentals"
64,1997,0,"ornamentals"
65,1997,0,"ornamentals"
66,1997,0,"ornamentals"
67,1997,6,"ornamentals"
68,1997,0,"ornamentals"
69,1997,0,"ornamentals"
70,1997,0,"ornamentals"
71,1997,0,"ornamentals"
72,1997,0,"ornamentals"
73,1997,0,"ornamentals"
74,1997,0,"ornamentals"
75,1997,0,"ornamentals"
76,1997,0,"ornamentals"
77,1997,0,"ornamentals"
78,1997,0,"ornamentals"
79,1997,8369,"ornamentals"
80,1997,354,"ornamentals"
81,1997,0,"ornamentals"
82,1997,0,"ornamentals"
84,1997,0,"ornamentals"
85,1997,0,"ornamentals"
86,1997,0,"ornamentals"
88,1997,0,"ornamentals"
89,1997,0,"ornamentals"
90,1997,0,"ornamentals"
91,1997,0,"ornamentals"
92,1997,0,"ornamentals"
93,1997,0,"ornamentals"
94,1997,0,"ornamentals"
95,1997,0,"ornamentals"
96,1997,0,"ornamentals"
97,1997,0,"ornamentals"
98,1997,0,"ornamentals"
99,1997,0,"ornamentals"
100,1997,77,"ornamentals"
101,1997,0,"ornamentals"
102,1997,253,"ornamentals"
103,1997,2,"ornamentals"
104,1997,3,"ornamentals"
105,1997,0,"ornamentals"
106,1997,1,"ornamentals"
107,1997,0,"ornamentals"
108,1997,0,"ornamentals"
110,1997,0,"ornamentals"
111,1997,0,"ornamentals"
112,1997,0,"ornamentals"
113,1997,0,"ornamentals"
114,1997,205,"ornamentals"
115,1997,23,"ornamentals"
116,1997,0,"ornamentals"
117,1997,0,"ornamentals"
118,1997,0,"ornamentals"
119,1997,0,"ornamentals"
120,1997,0,"ornamentals"
121,1997,0,"ornamentals"
122,1997,0,"ornamentals"
123,1997,0,"ornamentals"
124,1997,0,"ornamentals"
125,1997,0,"ornamentals"
126,1997,450,"ornamentals"
127,1997,0,"ornamentals"
129,1997,0,"ornamentals"
130,1997,368,"ornamentals"
131,1997,5,"ornamentals"
132,1997,4423,"ornamentals"
133,1997,12,"ornamentals"
134,1997,1,"ornamentals"
135,1997,69,"ornamentals"
136,1997,0,"ornamentals"
137,1997,88,"ornamentals"
138,1997,2089,"ornamentals"
139,1997,36,"ornamentals"
140,1997,0,"ornamentals"
141,1997,0,"ornamentals"
143,1997,0,"ornamentals"
144,1997,0,"ornamentals"
145,1997,0,"ornamentals"
146,1997,0,"ornamentals"
147,1997,0,"ornamentals"
148,1997,0,"ornamentals"
149,1997,0,"ornamentals"
150,1997,0,"ornamentals"
151,1997,0,"ornamentals"
152,1997,6,"ornamentals"
153,1997,60,"ornamentals"
154,1997,0,"ornamentals"
155,1997,0,"ornamentals"
156,1997,0,"ornamentals"
157,1997,0,"ornamentals"
158,1997,0,"ornamentals"
159,1997,0,"ornamentals"
161,1997,0,"ornamentals"
162,1997,0,"ornamentals"
163,1997,14717,"ornamentals"
164,1997,47,"ornamentals"
166,1997,233,"ornamentals"
167,1997,273,"ornamentals"
168,1997,1,"ornamentals"
169,1997,0,"ornamentals"
171,1997,3921,"ornamentals"
172,1997,8,"ornamentals"
173,1997,0,"ornamentals"
174,1997,0,"ornamentals"
175,1997,6,"ornamentals"
176,1997,26,"ornamentals"
177,1997,82,"ornamentals"
178,1997,0,"ornamentals"
179,1997,855,"ornamentals"
180,1997,452,"ornamentals"
181,1997,964,"ornamentals"
182,1997,845,"ornamentals"
183,1997,0,"ornamentals"
184,1997,813,"ornamentals"
185,1997,0,"ornamentals"
186,1997,0,"ornamentals"
187,1997,0,"ornamentals"
188,1997,0,"ornamentals"
189,1997,0,"ornamentals"
190,1997,0,"ornamentals"
191,1997,38,"ornamentals"
192,1997,0,"ornamentals"
193,1997,0,"ornamentals"
194,1997,1,"ornamentals"
195,1997,57,"ornamentals"
196,1997,1264,"ornamentals"
197,1997,0,"ornamentals"
198,1997,0,"ornamentals"
199,1997,360,"ornamentals"
200,1997,0,"ornamentals"
202,1997,153,"ornamentals"
203,1997,515,"ornamentals"
204,1997,0,"ornamentals"
205,1997,0,"ornamentals"
206,1997,8819,"ornamentals"
207,1997,0,"ornamentals"
208,1997,52757,"ornamentals"
209,1997,4508,"ornamentals"
210,1997,8903,"ornamentals"
212,1997,519,"ornamentals"
213,1997,0,"ornamentals"
214,1997,113,"ornamentals"
215,1997,0,"ornamentals"
216,1997,2041,"ornamentals"
218,1997,11,"ornamentals"
219,1997,0,"ornamentals"
220,1997,9.28061569307711,"ornamentals"
221,1997,0,"ornamentals"
222,1997,1,"ornamentals"
223,1997,0,"ornamentals"
224,1997,5,"ornamentals"
227,1997,0,"ornamentals"
228,1997,0,"ornamentals"
231,1997,0,"ornamentals"
232,1997,0,"ornamentals"
237,1997,0,"ornamentals"
244,1997,0,"ornamentals"
245,1997,9.28061569307711,"ornamentals"
247,1997,0,"ornamentals"
248,1997,9.28061569307711,"ornamentals"
249,1997,9.28061569307711,"ornamentals"
250,1997,9.28061569307711,"ornamentals"
1,1998,0,"ornamentals"
2,1998,0,"ornamentals"
3,1998,0,"ornamentals"
4,1998,0,"ornamentals"
5,1998,111,"ornamentals"
6,1998,0,"ornamentals"
7,1998,36,"ornamentals"
8,1998,3,"ornamentals"
9,1998,33,"ornamentals"
10,1998,0,"ornamentals"
11,1998,65,"ornamentals"
12,1998,0,"ornamentals"
13,1998,0,"ornamentals"
14,1998,904,"ornamentals"
15,1998,6403,"ornamentals"
16,1998,782,"ornamentals"
17,1998,130,"ornamentals"
18,1998,176,"ornamentals"
19,1998,0,"ornamentals"
20,1998,88,"ornamentals"
21,1998,0,"ornamentals"
24,1998,0,"ornamentals"
25,1998,1663,"ornamentals"
26,1998,0,"ornamentals"
28,1998,0,"ornamentals"
29,1998,0,"ornamentals"
30,1998,0,"ornamentals"
31,1998,0,"ornamentals"
32,1998,0,"ornamentals"
33,1998,0,"ornamentals"
34,1998,0,"ornamentals"
35,1998,0,"ornamentals"
36,1998,0,"ornamentals"
37,1998,56,"ornamentals"
38,1998,0,"ornamentals"
39,1998,296,"ornamentals"
40,1998,7883,"ornamentals"
41,1998,0,"ornamentals"
42,1998,0,"ornamentals"
43,1998,0,"ornamentals"
44,1998,0,"ornamentals"
45,1998,14,"ornamentals"
46,1998,0,"ornamentals"
47,1998,0,"ornamentals"
48,1998,28,"ornamentals"
49,1998,1,"ornamentals"
50,1998,428,"ornamentals"
51,1998,0,"ornamentals"
52,1998,3,"ornamentals"
53,1998,0,"ornamentals"
54,1998,15,"ornamentals"
55,1998,0,"ornamentals"
56,1998,0,"ornamentals"
57,1998,0,"ornamentals"
58,1998,0,"ornamentals"
59,1998,20,"ornamentals"
60,1998,0,"ornamentals"
61,1998,0,"ornamentals"
62,1998,0,"ornamentals"
63,1998,0,"ornamentals"
64,1998,0,"ornamentals"
65,1998,0,"ornamentals"
66,1998,0,"ornamentals"
67,1998,0,"ornamentals"
68,1998,0,"ornamentals"
69,1998,0,"ornamentals"
70,1998,0,"ornamentals"
71,1998,0,"ornamentals"
72,1998,0,"ornamentals"
73,1998,0,"ornamentals"
74,1998,0,"ornamentals"
75,1998,0,"ornamentals"
76,1998,0,"ornamentals"
77,1998,0,"ornamentals"
78,1998,8.30969274354493,"ornamentals"
79,1998,7086,"ornamentals"
80,1998,1279,"ornamentals"
81,1998,0,"ornamentals"
82,1998,0,"ornamentals"
84,1998,0,"ornamentals"
85,1998,0,"ornamentals"
86,1998,0,"ornamentals"
88,1998,0,"ornamentals"
89,1998,0,"ornamentals"
90,1998,0,"ornamentals"
91,1998,0,"ornamentals"
92,1998,0,"ornamentals"
93,1998,0,"ornamentals"
94,1998,0,"ornamentals"
95,1998,0,"ornamentals"
96,1998,7,"ornamentals"
97,1998,0,"ornamentals"
98,1998,0,"ornamentals"
99,1998,0,"ornamentals"
100,1998,77,"ornamentals"
101,1998,0,"ornamentals"
102,1998,86,"ornamentals"
103,1998,1,"ornamentals"
104,1998,0,"ornamentals"
105,1998,0,"ornamentals"
106,1998,0,"ornamentals"
107,1998,0,"ornamentals"
108,1998,0,"ornamentals"
110,1998,0,"ornamentals"
111,1998,0,"ornamentals"
112,1998,0,"ornamentals"
113,1998,0,"ornamentals"
114,1998,1200,"ornamentals"
115,1998,10,"ornamentals"
116,1998,0,"ornamentals"
117,1998,0,"ornamentals"
118,1998,0,"ornamentals"
119,1998,0,"ornamentals"
120,1998,0,"ornamentals"
121,1998,0,"ornamentals"
122,1998,0,"ornamentals"
123,1998,0,"ornamentals"
124,1998,1,"ornamentals"
125,1998,0,"ornamentals"
126,1998,414,"ornamentals"
127,1998,0,"ornamentals"
129,1998,0,"ornamentals"
130,1998,365,"ornamentals"
131,1998,9,"ornamentals"
132,1998,3705,"ornamentals"
133,1998,41,"ornamentals"
134,1998,0,"ornamentals"
135,1998,22,"ornamentals"
136,1998,12,"ornamentals"
137,1998,44,"ornamentals"
138,1998,1628,"ornamentals"
139,1998,7,"ornamentals"
140,1998,0,"ornamentals"
141,1998,0,"ornamentals"
143,1998,0,"ornamentals"
144,1998,0,"ornamentals"
145,1998,0,"ornamentals"
146,1998,0,"ornamentals"
147,1998,29,"ornamentals"
148,1998,0,"ornamentals"
149,1998,0,"ornamentals"
150,1998,0,"ornamentals"
151,1998,0,"ornamentals"
152,1998,11,"ornamentals"
153,1998,115,"ornamentals"
154,1998,0,"ornamentals"
155,1998,0,"ornamentals"
156,1998,0,"ornamentals"
157,1998,0,"ornamentals"
158,1998,0,"ornamentals"
159,1998,0,"ornamentals"
161,1998,0,"ornamentals"
162,1998,12,"ornamentals"
163,1998,10609,"ornamentals"
164,1998,0,"ornamentals"
166,1998,86,"ornamentals"
167,1998,123,"ornamentals"
168,1998,0,"ornamentals"
169,1998,0,"ornamentals"
171,1998,3345,"ornamentals"
172,1998,10,"ornamentals"
173,1998,0,"ornamentals"
174,1998,0,"ornamentals"
175,1998,127,"ornamentals"
176,1998,47,"ornamentals"
177,1998,133,"ornamentals"
178,1998,0,"ornamentals"
179,1998,2045,"ornamentals"
180,1998,851,"ornamentals"
181,1998,0,"ornamentals"
182,1998,827,"ornamentals"
183,1998,0,"ornamentals"
184,1998,590,"ornamentals"
185,1998,0,"ornamentals"
186,1998,0,"ornamentals"
187,1998,0,"ornamentals"
188,1998,0,"ornamentals"
189,1998,0,"ornamentals"
190,1998,0,"ornamentals"
191,1998,31,"ornamentals"
192,1998,0,"ornamentals"
193,1998,0,"ornamentals"
194,1998,0,"ornamentals"
195,1998,83,"ornamentals"
196,1998,434,"ornamentals"
197,1998,0,"ornamentals"
198,1998,0,"ornamentals"
199,1998,360,"ornamentals"
200,1998,0,"ornamentals"
202,1998,148,"ornamentals"
203,1998,601,"ornamentals"
204,1998,0,"ornamentals"
205,1998,0,"ornamentals"
206,1998,6541,"ornamentals"
207,1998,0,"ornamentals"
208,1998,43156,"ornamentals"
209,1998,3049,"ornamentals"
210,1998,7306,"ornamentals"
212,1998,584,"ornamentals"
213,1998,0,"ornamentals"
214,1998,96,"ornamentals"
215,1998,0,"ornamentals"
216,1998,906,"ornamentals"
218,1998,24,"ornamentals"
219,1998,0,"ornamentals"
220,1998,6.99224470026358,"ornamentals"
221,1998,0,"ornamentals"
222,1998,4,"ornamentals"
223,1998,0,"ornamentals"
224,1998,30,"ornamentals"
227,1998,0,"ornamentals"
228,1998,0,"ornamentals"
231,1998,0,"ornamentals"
232,1998,0,"ornamentals"
237,1998,0,"ornamentals"
244,1998,0,"ornamentals"
245,1998,6.99224470026358,"ornamentals"
247,1998,0,"ornamentals"
248,1998,6.99224470026358,"ornamentals"
249,1998,6.99224470026358,"ornamentals"
250,1998,6.99224470026358,"ornamentals"
1,1999,0,"ornamentals"
2,1999,0,"ornamentals"
3,1999,0,"ornamentals"
4,1999,0,"ornamentals"
5,1999,20,"ornamentals"
6,1999,0,"ornamentals"
7,1999,49,"ornamentals"
8,1999,0,"ornamentals"
9,1999,18,"ornamentals"
10,1999,0,"ornamentals"
11,1999,47,"ornamentals"
12,1999,0,"ornamentals"
13,1999,0,"ornamentals"
14,1999,1089,"ornamentals"
15,1999,6475,"ornamentals"
16,1999,1077,"ornamentals"
17,1999,1,"ornamentals"
18,1999,178,"ornamentals"
19,1999,0,"ornamentals"
20,1999,76,"ornamentals"
21,1999,0,"ornamentals"
24,1999,0,"ornamentals"
25,1999,2084,"ornamentals"
26,1999,0,"ornamentals"
28,1999,0,"ornamentals"
29,1999,0,"ornamentals"
30,1999,0,"ornamentals"
31,1999,0,"ornamentals"
32,1999,0,"ornamentals"
33,1999,0,"ornamentals"
34,1999,0,"ornamentals"
35,1999,0,"ornamentals"
36,1999,0,"ornamentals"
37,1999,55,"ornamentals"
38,1999,0,"ornamentals"
39,1999,296,"ornamentals"
40,1999,7921,"ornamentals"
41,1999,0,"ornamentals"
42,1999,0,"ornamentals"
43,1999,0,"ornamentals"
44,1999,0,"ornamentals"
45,1999,5,"ornamentals"
46,1999,0,"ornamentals"
47,1999,0,"ornamentals"
48,1999,4,"ornamentals"
49,1999,0,"ornamentals"
50,1999,654,"ornamentals"
51,1999,0,"ornamentals"
52,1999,11,"ornamentals"
53,1999,0,"ornamentals"
54,1999,0,"ornamentals"
55,1999,0,"ornamentals"
56,1999,0,"ornamentals"
57,1999,0,"ornamentals"
58,1999,0,"ornamentals"
59,1999,33,"ornamentals"
60,1999,0,"ornamentals"
61,1999,0,"ornamentals"
62,1999,0,"ornamentals"
63,1999,0,"ornamentals"
64,1999,0,"ornamentals"
65,1999,0,"ornamentals"
66,1999,0,"ornamentals"
67,1999,14,"ornamentals"
68,1999,0,"ornamentals"
69,1999,0,"ornamentals"
70,1999,0,"ornamentals"
71,1999,1,"ornamentals"
72,1999,0,"ornamentals"
73,1999,0,"ornamentals"
74,1999,0,"ornamentals"
75,1999,0,"ornamentals"
76,1999,0,"ornamentals"
77,1999,0,"ornamentals"
78,1999,0,"ornamentals"
79,1999,6083,"ornamentals"
80,1999,2018,"ornamentals"
81,1999,0,"ornamentals"
82,1999,0,"ornamentals"
84,1999,0,"ornamentals"
85,1999,0,"ornamentals"
86,1999,0,"ornamentals"
88,1999,0,"ornamentals"
89,1999,0,"ornamentals"
90,1999,0,"ornamentals"
91,1999,0,"ornamentals"
92,1999,0,"ornamentals"
93,1999,0,"ornamentals"
94,1999,0,"ornamentals"
95,1999,0,"ornamentals"
96,1999,5,"ornamentals"
97,1999,0,"ornamentals"
98,1999,0,"ornamentals"
99,1999,0,"ornamentals"
100,1999,82,"ornamentals"
101,1999,0,"ornamentals"
102,1999,46,"ornamentals"
103,1999,0,"ornamentals"
104,1999,0,"ornamentals"
105,1999,0,"ornamentals"
106,1999,0,"ornamentals"
107,1999,0,"ornamentals"
108,1999,0,"ornamentals"
110,1999,0,"ornamentals"
111,1999,0,"ornamentals"
112,1999,74,"ornamentals"
113,1999,0,"ornamentals"
114,1999,800,"ornamentals"
115,1999,7,"ornamentals"
116,1999,0,"ornamentals"
117,1999,0,"ornamentals"
118,1999,0,"ornamentals"
119,1999,0,"ornamentals"
120,1999,0,"ornamentals"
121,1999,0,"ornamentals"
122,1999,0,"ornamentals"
123,1999,0,"ornamentals"
124,1999,2,"ornamentals"
125,1999,0,"ornamentals"
126,1999,383,"ornamentals"
127,1999,0,"ornamentals"
129,1999,0,"ornamentals"
130,1999,282,"ornamentals"
131,1999,1,"ornamentals"
132,1999,4265,"ornamentals"
133,1999,0,"ornamentals"
134,1999,0,"ornamentals"
135,1999,20,"ornamentals"
136,1999,1,"ornamentals"
137,1999,36,"ornamentals"
138,1999,2140,"ornamentals"
139,1999,11,"ornamentals"
140,1999,0,"ornamentals"
141,1999,0,"ornamentals"
143,1999,0,"ornamentals"
144,1999,0,"ornamentals"
145,1999,0,"ornamentals"
146,1999,0,"ornamentals"
147,1999,72,"ornamentals"
148,1999,0,"ornamentals"
149,1999,0,"ornamentals"
150,1999,0,"ornamentals"
151,1999,0,"ornamentals"
152,1999,26,"ornamentals"
153,1999,74,"ornamentals"
154,1999,0,"ornamentals"
155,1999,20,"ornamentals"
156,1999,0,"ornamentals"
157,1999,0,"ornamentals"
158,1999,0,"ornamentals"
159,1999,0,"ornamentals"
161,1999,0,"ornamentals"
162,1999,1,"ornamentals"
163,1999,11007,"ornamentals"
164,1999,0,"ornamentals"
166,1999,19,"ornamentals"
167,1999,118,"ornamentals"
168,1999,0,"ornamentals"
169,1999,0,"ornamentals"
171,1999,3371,"ornamentals"
172,1999,0,"ornamentals"
173,1999,0,"ornamentals"
174,1999,0,"ornamentals"
175,1999,57,"ornamentals"
176,1999,265,"ornamentals"
177,1999,123,"ornamentals"
178,1999,0,"ornamentals"
179,1999,1312,"ornamentals"
180,1999,891,"ornamentals"
181,1999,498,"ornamentals"
182,1999,914,"ornamentals"
183,1999,0,"ornamentals"
184,1999,466,"ornamentals"
185,1999,0,"ornamentals"
186,1999,0,"ornamentals"
187,1999,0,"ornamentals"
188,1999,0,"ornamentals"
189,1999,0,"ornamentals"
190,1999,0,"ornamentals"
191,1999,24,"ornamentals"
192,1999,0,"ornamentals"
193,1999,0,"ornamentals"
194,1999,0,"ornamentals"
195,1999,0,"ornamentals"
196,1999,580,"ornamentals"
197,1999,0,"ornamentals"
198,1999,0,"ornamentals"
199,1999,255,"ornamentals"
200,1999,0,"ornamentals"
202,1999,83,"ornamentals"
203,1999,525,"ornamentals"
204,1999,0,"ornamentals"
205,1999,0,"ornamentals"
206,1999,7769,"ornamentals"
207,1999,0,"ornamentals"
208,1999,42417,"ornamentals"
209,1999,11027,"ornamentals"
210,1999,6832,"ornamentals"
212,1999,1143,"ornamentals"
213,1999,0,"ornamentals"
214,1999,58,"ornamentals"
215,1999,0,"ornamentals"
216,1999,5606,"ornamentals"
218,1999,26,"ornamentals"
219,1999,0,"ornamentals"
220,1999,7.11937642208655,"ornamentals"
221,1999,0,"ornamentals"
222,1999,1,"ornamentals"
223,1999,0,"ornamentals"
224,1999,2,"ornamentals"
227,1999,0,"ornamentals"
228,1999,0,"ornamentals"
231,1999,0,"ornamentals"
232,1999,0,"ornamentals"
237,1999,0,"ornamentals"
244,1999,0,"ornamentals"
245,1999,7.11937642208655,"ornamentals"
247,1999,3,"ornamentals"
248,1999,7.11937642208655,"ornamentals"
249,1999,7.11937642208655,"ornamentals"
250,1999,7.11937642208655,"ornamentals"
1,2000,0,"ornamentals"
2,2000,0,"ornamentals"
3,2000,0,"ornamentals"
4,2000,0,"ornamentals"
5,2000,96,"ornamentals"
6,2000,0,"ornamentals"
7,2000,3,"ornamentals"
8,2000,0,"ornamentals"
9,2000,10,"ornamentals"
10,2000,0,"ornamentals"
11,2000,53,"ornamentals"
12,2000,0,"ornamentals"
13,2000,0,"ornamentals"
14,2000,1427,"ornamentals"
15,2000,6737,"ornamentals"
16,2000,912,"ornamentals"
17,2000,0,"ornamentals"
18,2000,736,"ornamentals"
19,2000,0,"ornamentals"
20,2000,155,"ornamentals"
21,2000,0,"ornamentals"
24,2000,2327,"ornamentals"
25,2000,2446,"ornamentals"
26,2000,0,"ornamentals"
28,2000,0,"ornamentals"
29,2000,0,"ornamentals"
30,2000,0,"ornamentals"
31,2000,0,"ornamentals"
32,2000,0,"ornamentals"
33,2000,0,"ornamentals"
34,2000,0,"ornamentals"
35,2000,0,"ornamentals"
36,2000,0,"ornamentals"
37,2000,61,"ornamentals"
38,2000,0,"ornamentals"
39,2000,411,"ornamentals"
40,2000,7714,"ornamentals"
41,2000,0,"ornamentals"
42,2000,0.1,"ornamentals"
43,2000,0,"ornamentals"
44,2000,0,"ornamentals"
45,2000,0,"ornamentals"
46,2000,0,"ornamentals"
47,2000,0,"ornamentals"
48,2000,1,"ornamentals"
49,2000,0.1,"ornamentals"
50,2000,25,"ornamentals"
51,2000,0,"ornamentals"
52,2000,0,"ornamentals"
53,2000,0,"ornamentals"
54,2000,0,"ornamentals"
55,2000,0,"ornamentals"
56,2000,0,"ornamentals"
57,2000,0,"ornamentals"
58,2000,0,"ornamentals"
59,2000,18,"ornamentals"
60,2000,0,"ornamentals"
61,2000,0,"ornamentals"
62,2000,0,"ornamentals"
63,2000,0,"ornamentals"
64,2000,0,"ornamentals"
65,2000,0,"ornamentals"
66,2000,0,"ornamentals"
67,2000,72,"ornamentals"
68,2000,0,"ornamentals"
69,2000,36.178086114156,"ornamentals"
70,2000,0,"ornamentals"
71,2000,4,"ornamentals"
72,2000,0,"ornamentals"
73,2000,0,"ornamentals"
74,2000,0,"ornamentals"
75,2000,0,"ornamentals"
76,2000,0,"ornamentals"
77,2000,0,"ornamentals"
78,2000,0,"ornamentals"
79,2000,5399,"ornamentals"
80,2000,370,"ornamentals"
81,2000,0,"ornamentals"
82,2000,1,"ornamentals"
84,2000,0,"ornamentals"
85,2000,0,"ornamentals"
86,2000,0,"ornamentals"
88,2000,0,"ornamentals"
89,2000,0,"ornamentals"
90,2000,0,"ornamentals"
91,2000,0,"ornamentals"
92,2000,0,"ornamentals"
93,2000,0,"ornamentals"
94,2000,0,"ornamentals"
95,2000,0,"ornamentals"
96,2000,0,"ornamentals"
97,2000,1,"ornamentals"
98,2000,0,"ornamentals"
99,2000,0,"ornamentals"
100,2000,96,"ornamentals"
101,2000,5,"ornamentals"
102,2000,27,"ornamentals"
103,2000,0,"ornamentals"
104,2000,0,"ornamentals"
105,2000,0,"ornamentals"
106,2000,0,"ornamentals"
107,2000,0,"ornamentals"
108,2000,0,"ornamentals"
110,2000,0,"ornamentals"
111,2000,0,"ornamentals"
112,2000,83,"ornamentals"
113,2000,0,"ornamentals"
114,2000,423,"ornamentals"
115,2000,11,"ornamentals"
116,2000,0,"ornamentals"
117,2000,0,"ornamentals"
118,2000,0,"ornamentals"
119,2000,0,"ornamentals"
120,2000,0,"ornamentals"
121,2000,0,"ornamentals"
122,2000,0,"ornamentals"
123,2000,0,"ornamentals"
124,2000,89,"ornamentals"
125,2000,0,"ornamentals"
126,2000,346,"ornamentals"
127,2000,0,"ornamentals"
129,2000,0,"ornamentals"
130,2000,268,"ornamentals"
131,2000,4,"ornamentals"
132,2000,3162,"ornamentals"
133,2000,34,"ornamentals"
134,2000,46,"ornamentals"
135,2000,73,"ornamentals"
136,2000,0,"ornamentals"
137,2000,30,"ornamentals"
138,2000,4753,"ornamentals"
139,2000,52,"ornamentals"
140,2000,0,"ornamentals"
141,2000,0,"ornamentals"
143,2000,0,"ornamentals"
144,2000,0,"ornamentals"
145,2000,0,"ornamentals"
146,2000,0,"ornamentals"
147,2000,111,"ornamentals"
148,2000,0,"ornamentals"
149,2000,0,"ornamentals"
150,2000,0,"ornamentals"
151,2000,0,"ornamentals"
152,2000,0,"ornamentals"
153,2000,115,"ornamentals"
154,2000,0,"ornamentals"
155,2000,0,"ornamentals"
156,2000,0,"ornamentals"
157,2000,0,"ornamentals"
158,2000,0,"ornamentals"
159,2000,0,"ornamentals"
161,2000,0,"ornamentals"
162,2000,0,"ornamentals"
163,2000,8289,"ornamentals"
164,2000,43,"ornamentals"
166,2000,49,"ornamentals"
167,2000,81,"ornamentals"
168,2000,0,"ornamentals"
169,2000,0,"ornamentals"
171,2000,3235,"ornamentals"
172,2000,17,"ornamentals"
173,2000,0,"ornamentals"
174,2000,0,"ornamentals"
175,2000,38,"ornamentals"
176,2000,794,"ornamentals"
177,2000,57,"ornamentals"
178,2000,0,"ornamentals"
179,2000,1645,"ornamentals"
180,2000,577,"ornamentals"
181,2000,40,"ornamentals"
182,2000,1094,"ornamentals"
183,2000,0,"ornamentals"
184,2000,485,"ornamentals"
185,2000,0,"ornamentals"
186,2000,0,"ornamentals"
187,2000,0,"ornamentals"
188,2000,0,"ornamentals"
189,2000,0,"ornamentals"
190,2000,0,"ornamentals"
191,2000,21,"ornamentals"
192,2000,0,"ornamentals"
193,2000,0,"ornamentals"
194,2000,0,"ornamentals"
195,2000,0,"ornamentals"
196,2000,800,"ornamentals"
197,2000,0,"ornamentals"
198,2000,0,"ornamentals"
199,2000,305,"ornamentals"
200,2000,0,"ornamentals"
202,2000,146,"ornamentals"
203,2000,824,"ornamentals"
204,2000,0,"ornamentals"
205,2000,0,"ornamentals"
206,2000,8219,"ornamentals"
207,2000,0,"ornamentals"
208,2000,43502,"ornamentals"
209,2000,2238,"ornamentals"
210,2000,8109,"ornamentals"
212,2000,763,"ornamentals"
213,2000,0,"ornamentals"
214,2000,97,"ornamentals"
215,2000,0,"ornamentals"
216,2000,8924,"ornamentals"
218,2000,24,"ornamentals"
219,2000,0,"ornamentals"
220,2000,6.35658609114871,"ornamentals"
221,2000,0,"ornamentals"
222,2000,18,"ornamentals"
223,2000,0,"ornamentals"
224,2000,2,"ornamentals"
227,2000,0,"ornamentals"
228,2000,0,"ornamentals"
231,2000,0,"ornamentals"
232,2000,0,"ornamentals"
237,2000,0,"ornamentals"
244,2000,0,"ornamentals"
245,2000,6.35658609114871,"ornamentals"
247,2000,0,"ornamentals"
248,2000,6.35658609114871,"ornamentals"
249,2000,6.35658609114871,"ornamentals"
250,2000,6.35658609114871,"ornamentals"
1,2001,0,"ornamentals"
2,2001,0,"ornamentals"
3,2001,0,"ornamentals"
4,2001,0,"ornamentals"
5,2001,112,"ornamentals"
6,2001,0,"ornamentals"
7,2001,194,"ornamentals"
8,2001,0,"ornamentals"
9,2001,3,"ornamentals"
10,2001,0,"ornamentals"
11,2001,104,"ornamentals"
12,2001,0,"ornamentals"
13,2001,0,"ornamentals"
14,2001,1573,"ornamentals"
15,2001,6497,"ornamentals"
16,2001,1372,"ornamentals"
17,2001,0,"ornamentals"
18,2001,659,"ornamentals"
19,2001,0,"ornamentals"
20,2001,217,"ornamentals"
21,2001,0,"ornamentals"
24,2001,3237,"ornamentals"
25,2001,3370,"ornamentals"
26,2001,0,"ornamentals"
28,2001,0,"ornamentals"
29,2001,4,"ornamentals"
30,2001,0,"ornamentals"
31,2001,0,"ornamentals"
32,2001,0,"ornamentals"
33,2001,0,"ornamentals"
34,2001,0,"ornamentals"
35,2001,0,"ornamentals"
36,2001,0,"ornamentals"
37,2001,62,"ornamentals"
38,2001,0,"ornamentals"
39,2001,524,"ornamentals"
40,2001,5761,"ornamentals"
41,2001,0,"ornamentals"
42,2001,3,"ornamentals"
43,2001,0,"ornamentals"
44,2001,0,"ornamentals"
45,2001,0,"ornamentals"
46,2001,0,"ornamentals"
47,2001,0,"ornamentals"
48,2001,31,"ornamentals"
49,2001,0,"ornamentals"
50,2001,261,"ornamentals"
51,2001,0,"ornamentals"
52,2001,0,"ornamentals"
53,2001,0,"ornamentals"
54,2001,0,"ornamentals"
55,2001,0,"ornamentals"
56,2001,0,"ornamentals"
57,2001,0,"ornamentals"
58,2001,0,"ornamentals"
59,2001,415,"ornamentals"
60,2001,0,"ornamentals"
61,2001,0,"ornamentals"
62,2001,0,"ornamentals"
63,2001,0,"ornamentals"
64,2001,0,"ornamentals"
65,2001,0,"ornamentals"
66,2001,0,"ornamentals"
67,2001,24,"ornamentals"
68,2001,0,"ornamentals"
69,2001,33.6410211063412,"ornamentals"
70,2001,0,"ornamentals"
71,2001,3,"ornamentals"
72,2001,0,"ornamentals"
73,2001,0,"ornamentals"
74,2001,0,"ornamentals"
75,2001,0,"ornamentals"
76,2001,0,"ornamentals"
77,2001,2,"ornamentals"
78,2001,2,"ornamentals"
79,2001,5540,"ornamentals"
80,2001,382,"ornamentals"
81,2001,0,"ornamentals"
82,2001,0.1,"ornamentals"
84,2001,3,"ornamentals"
85,2001,0,"ornamentals"
86,2001,0,"ornamentals"
88,2001,0,"ornamentals"
89,2001,0,"ornamentals"
90,2001,0,"ornamentals"
91,2001,0,"ornamentals"
92,2001,0,"ornamentals"
93,2001,0,"ornamentals"
94,2001,0,"ornamentals"
95,2001,0,"ornamentals"
96,2001,2,"ornamentals"
97,2001,0,"ornamentals"
98,2001,0,"ornamentals"
99,2001,0,"ornamentals"
100,2001,132,"ornamentals"
101,2001,0,"ornamentals"
102,2001,31,"ornamentals"
103,2001,0,"ornamentals"
104,2001,0,"ornamentals"
105,2001,0,"ornamentals"
106,2001,0,"ornamentals"
107,2001,0,"ornamentals"
108,2001,0,"ornamentals"
110,2001,0,"ornamentals"
111,2001,0,"ornamentals"
112,2001,102,"ornamentals"
113,2001,0,"ornamentals"
114,2001,409,"ornamentals"
115,2001,16,"ornamentals"
116,2001,0,"ornamentals"
117,2001,0,"ornamentals"
118,2001,0,"ornamentals"
119,2001,0,"ornamentals"
120,2001,0,"ornamentals"
121,2001,0,"ornamentals"
122,2001,0,"ornamentals"
123,2001,0,"ornamentals"
124,2001,26,"ornamentals"
125,2001,0,"ornamentals"
126,2001,338,"ornamentals"
127,2001,0,"ornamentals"
129,2001,0,"ornamentals"
130,2001,252,"ornamentals"
131,2001,3,"ornamentals"
132,2001,3636,"ornamentals"
133,2001,72,"ornamentals"
134,2001,0,"ornamentals"
135,2001,24,"ornamentals"
136,2001,0,"ornamentals"
137,2001,42,"ornamentals"
138,2001,9776,"ornamentals"
139,2001,57,"ornamentals"
140,2001,0,"ornamentals"
141,2001,0,"ornamentals"
143,2001,0,"ornamentals"
144,2001,0,"ornamentals"
145,2001,0,"ornamentals"
146,2001,0,"ornamentals"
147,2001,194,"ornamentals"
148,2001,0,"ornamentals"
149,2001,0,"ornamentals"
150,2001,0,"ornamentals"
151,2001,0,"ornamentals"
152,2001,0.1,"ornamentals"
153,2001,40,"ornamentals"
154,2001,0,"ornamentals"
155,2001,0,"ornamentals"
156,2001,0,"ornamentals"
157,2001,0,"ornamentals"
158,2001,0,"ornamentals"
159,2001,0,"ornamentals"
161,2001,0,"ornamentals"
162,2001,0,"ornamentals"
163,2001,7045,"ornamentals"
164,2001,20,"ornamentals"
166,2001,50,"ornamentals"
167,2001,107,"ornamentals"
168,2001,0,"ornamentals"
169,2001,0,"ornamentals"
171,2001,3226,"ornamentals"
172,2001,25,"ornamentals"
173,2001,0,"ornamentals"
174,2001,0,"ornamentals"
175,2001,37,"ornamentals"
176,2001,566,"ornamentals"
177,2001,63,"ornamentals"
178,2001,0,"ornamentals"
179,2001,2498,"ornamentals"
180,2001,369,"ornamentals"
181,2001,0,"ornamentals"
182,2001,1688,"ornamentals"
183,2001,0,"ornamentals"
184,2001,464,"ornamentals"
185,2001,0,"ornamentals"
186,2001,0,"ornamentals"
187,2001,0,"ornamentals"
188,2001,0,"ornamentals"
189,2001,0,"ornamentals"
190,2001,0,"ornamentals"
191,2001,19,"ornamentals"
192,2001,0,"ornamentals"
193,2001,3,"ornamentals"
194,2001,0,"ornamentals"
195,2001,0,"ornamentals"
196,2001,1031,"ornamentals"
197,2001,0,"ornamentals"
198,2001,0,"ornamentals"
199,2001,127,"ornamentals"
200,2001,0,"ornamentals"
202,2001,127,"ornamentals"
203,2001,1285,"ornamentals"
204,2001,4,"ornamentals"
205,2001,0,"ornamentals"
206,2001,10583,"ornamentals"
207,2001,452,"ornamentals"
208,2001,41581,"ornamentals"
209,2001,2039,"ornamentals"
210,2001,7149,"ornamentals"
212,2001,875,"ornamentals"
213,2001,0,"ornamentals"
214,2001,87,"ornamentals"
215,2001,0,"ornamentals"
216,2001,7886,"ornamentals"
218,2001,10,"ornamentals"
219,2001,0,"ornamentals"
220,2001,4.83100542927302,"ornamentals"
221,2001,0,"ornamentals"
222,2001,4,"ornamentals"
223,2001,0.1,"ornamentals"
224,2001,2,"ornamentals"
227,2001,0,"ornamentals"
228,2001,0,"ornamentals"
231,2001,0,"ornamentals"
232,2001,0,"ornamentals"
237,2001,0,"ornamentals"
244,2001,0,"ornamentals"
245,2001,4.83100542927302,"ornamentals"
247,2001,19,"ornamentals"
248,2001,4.83100542927302,"ornamentals"
249,2001,4.83100542927302,"ornamentals"
250,2001,4.83100542927302,"ornamentals"
1,2002,0,"ornamentals"
2,2002,0,"ornamentals"
3,2002,0,"ornamentals"
4,2002,0,"ornamentals"
5,2002,87,"ornamentals"
6,2002,0,"ornamentals"
7,2002,43,"ornamentals"
8,2002,57,"ornamentals"
9,2002,2,"ornamentals"
10,2002,0,"ornamentals"
11,2002,98,"ornamentals"
12,2002,0,"ornamentals"
13,2002,0,"ornamentals"
14,2002,1733,"ornamentals"
15,2002,6439,"ornamentals"
16,2002,955,"ornamentals"
17,2002,1,"ornamentals"
18,2002,556,"ornamentals"
19,2002,0,"ornamentals"
20,2002,394,"ornamentals"
21,2002,0,"ornamentals"
24,2002,2435,"ornamentals"
25,2002,5245,"ornamentals"
26,2002,0,"ornamentals"
28,2002,0,"ornamentals"
29,2002,4,"ornamentals"
30,2002,0,"ornamentals"
31,2002,0,"ornamentals"
32,2002,0,"ornamentals"
33,2002,0,"ornamentals"
34,2002,0,"ornamentals"
35,2002,0,"ornamentals"
36,2002,0,"ornamentals"
37,2002,87,"ornamentals"
38,2002,0,"ornamentals"
39,2002,508,"ornamentals"
40,2002,5517,"ornamentals"
41,2002,0,"ornamentals"
42,2002,3,"ornamentals"
43,2002,0,"ornamentals"
44,2002,0,"ornamentals"
45,2002,0,"ornamentals"
46,2002,0,"ornamentals"
47,2002,0,"ornamentals"
48,2002,5,"ornamentals"
49,2002,0,"ornamentals"
50,2002,268,"ornamentals"
51,2002,0,"ornamentals"
52,2002,0,"ornamentals"
53,2002,1,"ornamentals"
54,2002,0,"ornamentals"
55,2002,0,"ornamentals"
56,2002,0,"ornamentals"
57,2002,0,"ornamentals"
58,2002,0,"ornamentals"
59,2002,617,"ornamentals"
60,2002,0,"ornamentals"
61,2002,0,"ornamentals"
62,2002,644,"ornamentals"
63,2002,0,"ornamentals"
64,2002,0,"ornamentals"
65,2002,0,"ornamentals"
66,2002,0,"ornamentals"
67,2002,20,"ornamentals"
68,2002,0,"ornamentals"
69,2002,0,"ornamentals"
70,2002,0,"ornamentals"
71,2002,4,"ornamentals"
72,2002,0,"ornamentals"
73,2002,0,"ornamentals"
74,2002,0,"ornamentals"
75,2002,0,"ornamentals"
76,2002,0,"ornamentals"
77,2002,0,"ornamentals"
78,2002,0,"ornamentals"
79,2002,5603,"ornamentals"
80,2002,978,"ornamentals"
81,2002,0,"ornamentals"
82,2002,0,"ornamentals"
84,2002,2,"ornamentals"
85,2002,0,"ornamentals"
86,2002,0,"ornamentals"
88,2002,0,"ornamentals"
89,2002,0,"ornamentals"
90,2002,0,"ornamentals"
91,2002,0,"ornamentals"
92,2002,0,"ornamentals"
93,2002,0,"ornamentals"
94,2002,0,"ornamentals"
95,2002,0,"ornamentals"
96,2002,19,"ornamentals"
97,2002,16,"ornamentals"
98,2002,0,"ornamentals"
99,2002,0,"ornamentals"
100,2002,187,"ornamentals"
101,2002,7,"ornamentals"
102,2002,6,"ornamentals"
103,2002,0,"ornamentals"
104,2002,0,"ornamentals"
105,2002,0,"ornamentals"
106,2002,0,"ornamentals"
107,2002,0,"ornamentals"
108,2002,0,"ornamentals"
110,2002,0,"ornamentals"
111,2002,0,"ornamentals"
112,2002,56,"ornamentals"
113,2002,0,"ornamentals"
114,2002,335,"ornamentals"
115,2002,88,"ornamentals"
116,2002,0,"ornamentals"
117,2002,0,"ornamentals"
118,2002,0,"ornamentals"
119,2002,0,"ornamentals"
120,2002,0,"ornamentals"
121,2002,0,"ornamentals"
122,2002,0,"ornamentals"
123,2002,0,"ornamentals"
124,2002,22,"ornamentals"
125,2002,0,"ornamentals"
126,2002,299,"ornamentals"
127,2002,0,"ornamentals"
129,2002,0,"ornamentals"
130,2002,330,"ornamentals"
131,2002,0,"ornamentals"
132,2002,4284,"ornamentals"
133,2002,0.1,"ornamentals"
134,2002,0,"ornamentals"
135,2002,66,"ornamentals"
136,2002,0,"ornamentals"
137,2002,40,"ornamentals"
138,2002,6439,"ornamentals"
139,2002,46,"ornamentals"
140,2002,0,"ornamentals"
141,2002,0,"ornamentals"
143,2002,0,"ornamentals"
144,2002,0,"ornamentals"
145,2002,0,"ornamentals"
146,2002,0,"ornamentals"
147,2002,248,"ornamentals"
148,2002,0,"ornamentals"
149,2002,0,"ornamentals"
150,2002,0,"ornamentals"
151,2002,0,"ornamentals"
152,2002,1,"ornamentals"
153,2002,98,"ornamentals"
154,2002,0,"ornamentals"
155,2002,0,"ornamentals"
156,2002,0,"ornamentals"
157,2002,0,"ornamentals"
158,2002,0,"ornamentals"
159,2002,0,"ornamentals"
161,2002,0,"ornamentals"
162,2002,6,"ornamentals"
163,2002,8381,"ornamentals"
164,2002,23,"ornamentals"
166,2002,27,"ornamentals"
167,2002,91,"ornamentals"
168,2002,8,"ornamentals"
169,2002,0,"ornamentals"
171,2002,3250,"ornamentals"
172,2002,23,"ornamentals"
173,2002,0,"ornamentals"
174,2002,0,"ornamentals"
175,2002,44,"ornamentals"
176,2002,246,"ornamentals"
177,2002,78,"ornamentals"
178,2002,1,"ornamentals"
179,2002,2012,"ornamentals"
180,2002,395,"ornamentals"
181,2002,0,"ornamentals"
182,2002,969,"ornamentals"
183,2002,0,"ornamentals"
184,2002,741,"ornamentals"
185,2002,0,"ornamentals"
186,2002,0,"ornamentals"
187,2002,0,"ornamentals"
188,2002,0,"ornamentals"
189,2002,0,"ornamentals"
190,2002,0,"ornamentals"
191,2002,13,"ornamentals"
192,2002,0,"ornamentals"
193,2002,0,"ornamentals"
194,2002,2,"ornamentals"
195,2002,0,"ornamentals"
196,2002,1100,"ornamentals"
197,2002,0,"ornamentals"
198,2002,0,"ornamentals"
199,2002,268,"ornamentals"
200,2002,0,"ornamentals"
202,2002,117,"ornamentals"
203,2002,1363,"ornamentals"
204,2002,6,"ornamentals"
205,2002,0,"ornamentals"
206,2002,17559,"ornamentals"
207,2002,1738,"ornamentals"
208,2002,41460,"ornamentals"
209,2002,2215,"ornamentals"
210,2002,7918,"ornamentals"
212,2002,584,"ornamentals"
213,2002,0,"ornamentals"
214,2002,56,"ornamentals"
215,2002,0,"ornamentals"
216,2002,8024,"ornamentals"
218,2002,13,"ornamentals"
219,2002,0,"ornamentals"
220,2002,4.83100542927302,"ornamentals"
221,2002,0,"ornamentals"
222,2002,623,"ornamentals"
223,2002,0,"ornamentals"
224,2002,2,"ornamentals"
227,2002,0,"ornamentals"
228,2002,0,"ornamentals"
231,2002,0,"ornamentals"
232,2002,0,"ornamentals"
237,2002,0,"ornamentals"
244,2002,0,"ornamentals"
245,2002,4.83100542927302,"ornamentals"
247,2002,8,"ornamentals"
248,2002,4.83100542927302,"ornamentals"
249,2002,4.83100542927302,"ornamentals"
250,2002,4.83100542927302,"ornamentals"
1,2003,0,"ornamentals"
2,2003,0,"ornamentals"
3,2003,0,"ornamentals"
4,2003,0,"ornamentals"
5,2003,105,"ornamentals"
6,2003,366,"ornamentals"
7,2003,55,"ornamentals"
8,2003,105,"ornamentals"
9,2003,27,"ornamentals"
10,2003,0,"ornamentals"
11,2003,102,"ornamentals"
12,2003,0,"ornamentals"
13,2003,0,"ornamentals"
14,2003,1958,"ornamentals"
15,2003,6729,"ornamentals"
16,2003,1040,"ornamentals"
17,2003,0,"ornamentals"
18,2003,691,"ornamentals"
19,2003,0,"ornamentals"
20,2003,268,"ornamentals"
21,2003,0,"ornamentals"
24,2003,1147,"ornamentals"
25,2003,7392,"ornamentals"
26,2003,0,"ornamentals"
28,2003,0,"ornamentals"
29,2003,0,"ornamentals"
30,2003,0,"ornamentals"
31,2003,0,"ornamentals"
32,2003,0,"ornamentals"
33,2003,0,"ornamentals"
34,2003,0,"ornamentals"
35,2003,0,"ornamentals"
36,2003,0,"ornamentals"
37,2003,79,"ornamentals"
38,2003,0,"ornamentals"
39,2003,548,"ornamentals"
40,2003,6450,"ornamentals"
41,2003,0,"ornamentals"
42,2003,0,"ornamentals"
43,2003,141,"ornamentals"
44,2003,0,"ornamentals"
45,2003,0,"ornamentals"
46,2003,0,"ornamentals"
47,2003,0,"ornamentals"
48,2003,10,"ornamentals"
49,2003,1,"ornamentals"
50,2003,270,"ornamentals"
51,2003,0,"ornamentals"
52,2003,0,"ornamentals"
53,2003,0,"ornamentals"
54,2003,0,"ornamentals"
55,2003,0,"ornamentals"
56,2003,0,"ornamentals"
57,2003,0,"ornamentals"
58,2003,0,"ornamentals"
59,2003,241,"ornamentals"
60,2003,0,"ornamentals"
61,2003,0,"ornamentals"
62,2003,6475,"ornamentals"
63,2003,0,"ornamentals"
64,2003,0,"ornamentals"
65,2003,0,"ornamentals"
66,2003,0,"ornamentals"
67,2003,0,"ornamentals"
68,2003,0,"ornamentals"
69,2003,0,"ornamentals"
70,2003,0,"ornamentals"
71,2003,1,"ornamentals"
72,2003,0,"ornamentals"
73,2003,0,"ornamentals"
74,2003,0,"ornamentals"
75,2003,0,"ornamentals"
76,2003,0,"ornamentals"
77,2003,0,"ornamentals"
78,2003,0,"ornamentals"
79,2003,8525,"ornamentals"
80,2003,150,"ornamentals"
81,2003,0,"ornamentals"
82,2003,0,"ornamentals"
84,2003,12,"ornamentals"
85,2003,0,"ornamentals"
86,2003,0,"ornamentals"
88,2003,0,"ornamentals"
89,2003,0,"ornamentals"
90,2003,0,"ornamentals"
91,2003,0,"ornamentals"
92,2003,0,"ornamentals"
93,2003,0,"ornamentals"
94,2003,0,"ornamentals"
95,2003,0,"ornamentals"
96,2003,14,"ornamentals"
97,2003,1,"ornamentals"
98,2003,0,"ornamentals"
99,2003,0,"ornamentals"
100,2003,180,"ornamentals"
101,2003,19,"ornamentals"
102,2003,75,"ornamentals"
103,2003,0,"ornamentals"
104,2003,3,"ornamentals"
105,2003,0,"ornamentals"
106,2003,0,"ornamentals"
107,2003,0,"ornamentals"
108,2003,0,"ornamentals"
110,2003,0,"ornamentals"
111,2003,0,"ornamentals"
112,2003,100,"ornamentals"
113,2003,0,"ornamentals"
114,2003,259,"ornamentals"
115,2003,88,"ornamentals"
116,2003,0,"ornamentals"
117,2003,0,"ornamentals"
118,2003,0,"ornamentals"
119,2003,0,"ornamentals"
120,2003,0,"ornamentals"
121,2003,0,"ornamentals"
122,2003,0,"ornamentals"
123,2003,0,"ornamentals"
124,2003,24,"ornamentals"
125,2003,0,"ornamentals"
126,2003,257,"ornamentals"
127,2003,0,"ornamentals"
129,2003,0,"ornamentals"
130,2003,346,"ornamentals"
131,2003,0,"ornamentals"
132,2003,4599,"ornamentals"
133,2003,0,"ornamentals"
134,2003,0,"ornamentals"
135,2003,30,"ornamentals"
136,2003,0,"ornamentals"
137,2003,28,"ornamentals"
138,2003,3102,"ornamentals"
139,2003,28,"ornamentals"
140,2003,0,"ornamentals"
141,2003,0,"ornamentals"
143,2003,0,"ornamentals"
144,2003,0,"ornamentals"
145,2003,0,"ornamentals"
146,2003,0,"ornamentals"
147,2003,249,"ornamentals"
148,2003,0,"ornamentals"
149,2003,0,"ornamentals"
150,2003,0,"ornamentals"
151,2003,0,"ornamentals"
152,2003,0.1,"ornamentals"
153,2003,163,"ornamentals"
154,2003,0,"ornamentals"
155,2003,0,"ornamentals"
156,2003,0,"ornamentals"
157,2003,0,"ornamentals"
158,2003,0,"ornamentals"
159,2003,0,"ornamentals"
161,2003,0,"ornamentals"
162,2003,20,"ornamentals"
163,2003,8561,"ornamentals"
164,2003,44,"ornamentals"
166,2003,18,"ornamentals"
167,2003,87,"ornamentals"
168,2003,3,"ornamentals"
169,2003,0,"ornamentals"
171,2003,2379,"ornamentals"
172,2003,38,"ornamentals"
173,2003,0,"ornamentals"
174,2003,0,"ornamentals"
175,2003,19,"ornamentals"
176,2003,425,"ornamentals"
177,2003,705,"ornamentals"
178,2003,0,"ornamentals"
179,2003,2207,"ornamentals"
180,2003,407,"ornamentals"
181,2003,127,"ornamentals"
182,2003,9646,"ornamentals"
183,2003,1,"ornamentals"
184,2003,691,"ornamentals"
185,2003,0,"ornamentals"
186,2003,0,"ornamentals"
187,2003,0,"ornamentals"
188,2003,0,"ornamentals"
189,2003,0,"ornamentals"
190,2003,0,"ornamentals"
191,2003,0,"ornamentals"
192,2003,0,"ornamentals"
193,2003,4,"ornamentals"
194,2003,0,"ornamentals"
195,2003,0,"ornamentals"
196,2003,1200,"ornamentals"
197,2003,0,"ornamentals"
198,2003,0,"ornamentals"
199,2003,290,"ornamentals"
200,2003,0,"ornamentals"
202,2003,263,"ornamentals"
203,2003,2369,"ornamentals"
204,2003,3,"ornamentals"
205,2003,0,"ornamentals"
206,2003,14147,"ornamentals"
207,2003,42287,"ornamentals"
208,2003,41427,"ornamentals"
209,2003,3030,"ornamentals"
210,2003,12170,"ornamentals"
212,2003,902,"ornamentals"
213,2003,0,"ornamentals"
214,2003,41,"ornamentals"
215,2003,0,"ornamentals"
216,2003,8728,"ornamentals"
218,2003,4,"ornamentals"
219,2003,0,"ornamentals"
220,2003,5.33953231656491,"ornamentals"
221,2003,0,"ornamentals"
222,2003,143,"ornamentals"
223,2003,0,"ornamentals"
224,2003,0.1,"ornamentals"
227,2003,0,"ornamentals"
228,2003,0,"ornamentals"
231,2003,0,"ornamentals"
232,2003,0,"ornamentals"
237,2003,0,"ornamentals"
244,2003,0,"ornamentals"
245,2003,5.33953231656491,"ornamentals"
247,2003,35,"ornamentals"
248,2003,5.33953231656491,"ornamentals"
249,2003,5.33953231656491,"ornamentals"
250,2003,5.33953231656491,"ornamentals"
1,2004,0,"ornamentals"
2,2004,0,"ornamentals"
3,2004,0,"ornamentals"
4,2004,0,"ornamentals"
5,2004,120,"ornamentals"
6,2004,475,"ornamentals"
7,2004,66,"ornamentals"
8,2004,90,"ornamentals"
9,2004,21,"ornamentals"
10,2004,0,"ornamentals"
11,2004,174,"ornamentals"
12,2004,0,"ornamentals"
13,2004,0,"ornamentals"
14,2004,2149,"ornamentals"
15,2004,7346,"ornamentals"
16,2004,1425,"ornamentals"
17,2004,0,"ornamentals"
18,2004,741,"ornamentals"
19,2004,0,"ornamentals"
20,2004,214,"ornamentals"
21,2004,0,"ornamentals"
24,2004,502,"ornamentals"
25,2004,9864,"ornamentals"
26,2004,0,"ornamentals"
28,2004,0,"ornamentals"
29,2004,0,"ornamentals"
30,2004,0,"ornamentals"
31,2004,0,"ornamentals"
32,2004,0,"ornamentals"
33,2004,0,"ornamentals"
34,2004,0,"ornamentals"
35,2004,0,"ornamentals"
36,2004,0,"ornamentals"
37,2004,63,"ornamentals"
38,2004,0,"ornamentals"
39,2004,566,"ornamentals"
40,2004,7337,"ornamentals"
41,2004,1,"ornamentals"
42,2004,0,"ornamentals"
43,2004,1106,"ornamentals"
44,2004,0,"ornamentals"
45,2004,0,"ornamentals"
46,2004,0,"ornamentals"
47,2004,8,"ornamentals"
48,2004,0,"ornamentals"
49,2004,0,"ornamentals"
50,2004,787,"ornamentals"
51,2004,0,"ornamentals"
52,2004,0,"ornamentals"
53,2004,0,"ornamentals"
54,2004,11,"ornamentals"
55,2004,0,"ornamentals"
56,2004,0,"ornamentals"
57,2004,0,"ornamentals"
58,2004,0,"ornamentals"
59,2004,123,"ornamentals"
60,2004,0,"ornamentals"
61,2004,0,"ornamentals"
62,2004,7090,"ornamentals"
63,2004,0,"ornamentals"
64,2004,0,"ornamentals"
65,2004,0,"ornamentals"
66,2004,0,"ornamentals"
67,2004,0,"ornamentals"
68,2004,0,"ornamentals"
69,2004,0,"ornamentals"
70,2004,0,"ornamentals"
71,2004,20,"ornamentals"
72,2004,0,"ornamentals"
73,2004,0,"ornamentals"
74,2004,0,"ornamentals"
75,2004,0,"ornamentals"
76,2004,7,"ornamentals"
77,2004,2,"ornamentals"
78,2004,0,"ornamentals"
79,2004,10790,"ornamentals"
80,2004,388,"ornamentals"
81,2004,0,"ornamentals"
82,2004,4,"ornamentals"
84,2004,8,"ornamentals"
85,2004,0,"ornamentals"
86,2004,0,"ornamentals"
88,2004,0,"ornamentals"
89,2004,0,"ornamentals"
90,2004,0,"ornamentals"
91,2004,0,"ornamentals"
92,2004,0,"ornamentals"
93,2004,0,"ornamentals"
94,2004,0,"ornamentals"
95,2004,0,"ornamentals"
96,2004,6,"ornamentals"
97,2004,10,"ornamentals"
98,2004,0,"ornamentals"
99,2004,0,"ornamentals"
100,2004,83,"ornamentals"
101,2004,117,"ornamentals"
102,2004,13,"ornamentals"
103,2004,0,"ornamentals"
104,2004,0,"ornamentals"
105,2004,0,"ornamentals"
106,2004,0,"ornamentals"
107,2004,0,"ornamentals"
108,2004,0,"ornamentals"
110,2004,0,"ornamentals"
111,2004,0,"ornamentals"
112,2004,108,"ornamentals"
113,2004,0,"ornamentals"
114,2004,351,"ornamentals"
115,2004,49,"ornamentals"
116,2004,0,"ornamentals"
117,2004,0,"ornamentals"
118,2004,0,"ornamentals"
119,2004,0,"ornamentals"
120,2004,0,"ornamentals"
121,2004,0,"ornamentals"
122,2004,0,"ornamentals"
123,2004,0,"ornamentals"
124,2004,20,"ornamentals"
125,2004,0,"ornamentals"
126,2004,245,"ornamentals"
127,2004,0,"ornamentals"
129,2004,0,"ornamentals"
130,2004,418,"ornamentals"
131,2004,12,"ornamentals"
132,2004,7272,"ornamentals"
133,2004,0,"ornamentals"
134,2004,0.1,"ornamentals"
135,2004,47,"ornamentals"
136,2004,0,"ornamentals"
137,2004,21,"ornamentals"
138,2004,2967,"ornamentals"
139,2004,122,"ornamentals"
140,2004,0,"ornamentals"
141,2004,0,"ornamentals"
143,2004,0,"ornamentals"
144,2004,0,"ornamentals"
145,2004,0,"ornamentals"
146,2004,0,"ornamentals"
147,2004,198,"ornamentals"
148,2004,0,"ornamentals"
149,2004,0,"ornamentals"
150,2004,0,"ornamentals"
151,2004,0,"ornamentals"
152,2004,0.1,"ornamentals"
153,2004,90,"ornamentals"
154,2004,0,"ornamentals"
155,2004,0,"ornamentals"
156,2004,0,"ornamentals"
157,2004,0,"ornamentals"
158,2004,0,"ornamentals"
159,2004,0,"ornamentals"
161,2004,0,"ornamentals"
162,2004,276,"ornamentals"
163,2004,8664,"ornamentals"
164,2004,90,"ornamentals"
166,2004,3,"ornamentals"
167,2004,97,"ornamentals"
168,2004,3,"ornamentals"
169,2004,0,"ornamentals"
171,2004,2664,"ornamentals"
172,2004,30,"ornamentals"
173,2004,0,"ornamentals"
174,2004,0,"ornamentals"
175,2004,0,"ornamentals"
176,2004,714,"ornamentals"
177,2004,1358,"ornamentals"
178,2004,0,"ornamentals"
179,2004,3016,"ornamentals"
180,2004,505,"ornamentals"
181,2004,316,"ornamentals"
182,2004,14539,"ornamentals"
183,2004,0.1,"ornamentals"
184,2004,653,"ornamentals"
185,2004,0,"ornamentals"
186,2004,0,"ornamentals"
187,2004,0,"ornamentals"
188,2004,0,"ornamentals"
189,2004,0,"ornamentals"
190,2004,0,"ornamentals"
191,2004,0,"ornamentals"
192,2004,0,"ornamentals"
193,2004,4,"ornamentals"
194,2004,0,"ornamentals"
195,2004,0,"ornamentals"
196,2004,1866,"ornamentals"
197,2004,0,"ornamentals"
198,2004,0,"ornamentals"
199,2004,228,"ornamentals"
200,2004,0,"ornamentals"
202,2004,167,"ornamentals"
203,2004,1360,"ornamentals"
204,2004,3,"ornamentals"
205,2004,0,"ornamentals"
206,2004,13799,"ornamentals"
207,2004,21248,"ornamentals"
208,2004,49528,"ornamentals"
209,2004,3294,"ornamentals"
210,2004,18408,"ornamentals"
212,2004,837,"ornamentals"
213,2004,0,"ornamentals"
214,2004,28,"ornamentals"
215,2004,0,"ornamentals"
216,2004,6798,"ornamentals"
218,2004,49,"ornamentals"
219,2004,0,"ornamentals"
220,2004,0.889922052760819,"ornamentals"
221,2004,0,"ornamentals"
222,2004,0,"ornamentals"
223,2004,0,"ornamentals"
224,2004,1,"ornamentals"
227,2004,0,"ornamentals"
228,2004,0,"ornamentals"
231,2004,0,"ornamentals"
232,2004,0,"ornamentals"
237,2004,0,"ornamentals"
244,2004,0,"ornamentals"
245,2004,0.889922052760819,"ornamentals"
247,2004,159,"ornamentals"
248,2004,0.889922052760819,"ornamentals"
249,2004,0.889922052760819,"ornamentals"
250,2004,9.40774741490009,"ornamentals"
1,2005,0,"ornamentals"
2,2005,0,"ornamentals"
3,2005,0,"ornamentals"
4,2005,0,"ornamentals"
5,2005,106,"ornamentals"
6,2005,662,"ornamentals"
7,2005,73,"ornamentals"
8,2005,62,"ornamentals"
9,2005,4,"ornamentals"
10,2005,0,"ornamentals"
11,2005,245,"ornamentals"
12,2005,0,"ornamentals"
13,2005,0,"ornamentals"
14,2005,2163,"ornamentals"
15,2005,7132,"ornamentals"
16,2005,1120,"ornamentals"
17,2005,0,"ornamentals"
18,2005,613,"ornamentals"
19,2005,0,"ornamentals"
20,2005,308,"ornamentals"
21,2005,0,"ornamentals"
24,2005,318,"ornamentals"
25,2005,12534,"ornamentals"
26,2005,0,"ornamentals"
28,2005,0,"ornamentals"
29,2005,0,"ornamentals"
30,2005,0,"ornamentals"
31,2005,0,"ornamentals"
32,2005,0,"ornamentals"
33,2005,0,"ornamentals"
34,2005,0,"ornamentals"
35,2005,0,"ornamentals"
36,2005,0,"ornamentals"
37,2005,96,"ornamentals"
38,2005,0,"ornamentals"
39,2005,630,"ornamentals"
40,2005,7432,"ornamentals"
41,2005,1,"ornamentals"
42,2005,0,"ornamentals"
43,2005,50,"ornamentals"
44,2005,0,"ornamentals"
45,2005,0,"ornamentals"
46,2005,0,"ornamentals"
47,2005,27,"ornamentals"
48,2005,0,"ornamentals"
49,2005,0,"ornamentals"
50,2005,761,"ornamentals"
51,2005,0,"ornamentals"
52,2005,0,"ornamentals"
53,2005,0,"ornamentals"
54,2005,0,"ornamentals"
55,2005,0,"ornamentals"
56,2005,0,"ornamentals"
57,2005,0,"ornamentals"
58,2005,0,"ornamentals"
59,2005,97,"ornamentals"
60,2005,0,"ornamentals"
61,2005,0,"ornamentals"
62,2005,7629,"ornamentals"
63,2005,0,"ornamentals"
64,2005,0,"ornamentals"
65,2005,0,"ornamentals"
66,2005,0,"ornamentals"
67,2005,3,"ornamentals"
68,2005,0,"ornamentals"
69,2005,0,"ornamentals"
70,2005,0,"ornamentals"
71,2005,13,"ornamentals"
72,2005,0,"ornamentals"
73,2005,0,"ornamentals"
74,2005,0,"ornamentals"
75,2005,0,"ornamentals"
76,2005,4,"ornamentals"
77,2005,33,"ornamentals"
78,2005,2,"ornamentals"
79,2005,10975,"ornamentals"
80,2005,346,"ornamentals"
81,2005,0,"ornamentals"
82,2005,1,"ornamentals"
84,2005,5,"ornamentals"
85,2005,0,"ornamentals"
86,2005,0,"ornamentals"
88,2005,0,"ornamentals"
89,2005,0,"ornamentals"
90,2005,0,"ornamentals"
91,2005,0,"ornamentals"
92,2005,0,"ornamentals"
93,2005,0,"ornamentals"
94,2005,0,"ornamentals"
95,2005,0,"ornamentals"
96,2005,0,"ornamentals"
97,2005,3,"ornamentals"
98,2005,0,"ornamentals"
99,2005,0,"ornamentals"
100,2005,0,"ornamentals"
101,2005,107,"ornamentals"
102,2005,3,"ornamentals"
103,2005,0,"ornamentals"
104,2005,0,"ornamentals"
105,2005,0,"ornamentals"
106,2005,0.1,"ornamentals"
107,2005,0,"ornamentals"
108,2005,0,"ornamentals"
110,2005,0,"ornamentals"
111,2005,0,"ornamentals"
112,2005,97,"ornamentals"
113,2005,0,"ornamentals"
114,2005,231,"ornamentals"
115,2005,518,"ornamentals"
116,2005,0,"ornamentals"
117,2005,0,"ornamentals"
118,2005,0,"ornamentals"
119,2005,0,"ornamentals"
120,2005,0,"ornamentals"
121,2005,0,"ornamentals"
122,2005,0,"ornamentals"
123,2005,0,"ornamentals"
124,2005,9,"ornamentals"
125,2005,0,"ornamentals"
126,2005,252,"ornamentals"
127,2005,0,"ornamentals"
129,2005,0,"ornamentals"
130,2005,277,"ornamentals"
131,2005,0,"ornamentals"
132,2005,6258,"ornamentals"
133,2005,27,"ornamentals"
134,2005,0,"ornamentals"
135,2005,79,"ornamentals"
136,2005,0,"ornamentals"
137,2005,41,"ornamentals"
138,2005,3247,"ornamentals"
139,2005,164,"ornamentals"
140,2005,0,"ornamentals"
141,2005,0,"ornamentals"
143,2005,0,"ornamentals"
144,2005,0,"ornamentals"
145,2005,0,"ornamentals"
146,2005,0,"ornamentals"
147,2005,856,"ornamentals"
148,2005,0,"ornamentals"
149,2005,0,"ornamentals"
150,2005,0,"ornamentals"
151,2005,0,"ornamentals"
152,2005,0.1,"ornamentals"
153,2005,78,"ornamentals"
154,2005,0,"ornamentals"
155,2005,0,"ornamentals"
156,2005,0,"ornamentals"
157,2005,0,"ornamentals"
158,2005,0,"ornamentals"
159,2005,0,"ornamentals"
161,2005,0,"ornamentals"
162,2005,50,"ornamentals"
163,2005,9793,"ornamentals"
164,2005,95,"ornamentals"
166,2005,1,"ornamentals"
167,2005,38,"ornamentals"
168,2005,1,"ornamentals"
169,2005,0,"ornamentals"
171,2005,4350,"ornamentals"
172,2005,50,"ornamentals"
173,2005,0,"ornamentals"
174,2005,0,"ornamentals"
175,2005,0,"ornamentals"
176,2005,630,"ornamentals"
177,2005,2538,"ornamentals"
178,2005,0,"ornamentals"
179,2005,3045,"ornamentals"
180,2005,817,"ornamentals"
181,2005,0,"ornamentals"
182,2005,15992,"ornamentals"
183,2005,247,"ornamentals"
184,2005,559,"ornamentals"
185,2005,0,"ornamentals"
186,2005,0,"ornamentals"
187,2005,0,"ornamentals"
188,2005,0,"ornamentals"
189,2005,0,"ornamentals"
190,2005,0,"ornamentals"
191,2005,0,"ornamentals"
192,2005,0,"ornamentals"
193,2005,0,"ornamentals"
194,2005,0,"ornamentals"
195,2005,0,"ornamentals"
196,2005,1213,"ornamentals"
197,2005,0,"ornamentals"
198,2005,0,"ornamentals"
199,2005,259,"ornamentals"
200,2005,0,"ornamentals"
202,2005,156,"ornamentals"
203,2005,1170,"ornamentals"
204,2005,86,"ornamentals"
205,2005,144,"ornamentals"
206,2005,15373,"ornamentals"
207,2005,409,"ornamentals"
208,2005,54162,"ornamentals"
209,2005,3468,"ornamentals"
210,2005,16669,"ornamentals"
212,2005,0,"ornamentals"
213,2005,0,"ornamentals"
214,2005,0.1,"ornamentals"
215,2005,0,"ornamentals"
216,2005,6378,"ornamentals"
218,2005,87,"ornamentals"
219,2005,0,"ornamentals"
220,2005,5.33953231656491,"ornamentals"
221,2005,0,"ornamentals"
222,2005,0,"ornamentals"
223,2005,0,"ornamentals"
224,2005,2,"ornamentals"
227,2005,0,"ornamentals"
228,2005,0,"ornamentals"
231,2005,0,"ornamentals"
232,2005,0,"ornamentals"
237,2005,0,"ornamentals"
244,2005,0,"ornamentals"
245,2005,5.33953231656491,"ornamentals"
247,2005,0,"ornamentals"
248,2005,5.33953231656491,"ornamentals"
249,2005,5.33953231656491,"ornamentals"
250,2005,5.33953231656491,"ornamentals"
1,2006,0,"ornamentals"
2,2006,0,"ornamentals"
3,2006,0,"ornamentals"
4,2006,0,"ornamentals"
5,2006,101,"ornamentals"
6,2006,0,"ornamentals"
7,2006,96,"ornamentals"
8,2006,65,"ornamentals"
9,2006,0,"ornamentals"
10,2006,0,"ornamentals"
11,2006,407,"ornamentals"
12,2006,0,"ornamentals"
13,2006,0,"ornamentals"
14,2006,2475,"ornamentals"
15,2006,7287,"ornamentals"
16,2006,913,"ornamentals"
17,2006,0,"ornamentals"
18,2006,497,"ornamentals"
19,2006,0,"ornamentals"
20,2006,216,"ornamentals"
21,2006,0,"ornamentals"
24,2006,119,"ornamentals"
25,2006,13697,"ornamentals"
26,2006,0,"ornamentals"
28,2006,0,"ornamentals"
29,2006,250,"ornamentals"
30,2006,0,"ornamentals"
31,2006,0,"ornamentals"
32,2006,0,"ornamentals"
33,2006,0,"ornamentals"
34,2006,0,"ornamentals"
35,2006,0,"ornamentals"
36,2006,0,"ornamentals"
37,2006,115,"ornamentals"
38,2006,0,"ornamentals"
39,2006,688,"ornamentals"
40,2006,8427,"ornamentals"
41,2006,0,"ornamentals"
42,2006,1,"ornamentals"
43,2006,89,"ornamentals"
44,2006,0,"ornamentals"
45,2006,0,"ornamentals"
46,2006,0,"ornamentals"
47,2006,13,"ornamentals"
48,2006,0,"ornamentals"
49,2006,0,"ornamentals"
50,2006,1216,"ornamentals"
51,2006,0,"ornamentals"
52,2006,0,"ornamentals"
53,2006,0,"ornamentals"
54,2006,15,"ornamentals"
55,2006,0,"ornamentals"
56,2006,0,"ornamentals"
57,2006,0,"ornamentals"
58,2006,0,"ornamentals"
59,2006,30,"ornamentals"
60,2006,0,"ornamentals"
61,2006,0,"ornamentals"
62,2006,7966,"ornamentals"
63,2006,0,"ornamentals"
64,2006,0,"ornamentals"
65,2006,0,"ornamentals"
66,2006,0,"ornamentals"
67,2006,0,"ornamentals"
68,2006,0,"ornamentals"
69,2006,0,"ornamentals"
70,2006,0,"ornamentals"
71,2006,0,"ornamentals"
72,2006,0,"ornamentals"
73,2006,0,"ornamentals"
74,2006,0,"ornamentals"
75,2006,0,"ornamentals"
76,2006,1,"ornamentals"
77,2006,41,"ornamentals"
78,2006,2,"ornamentals"
79,2006,11370,"ornamentals"
80,2006,1264,"ornamentals"
81,2006,0,"ornamentals"
82,2006,6,"ornamentals"
84,2006,0.1,"ornamentals"
85,2006,0,"ornamentals"
86,2006,0,"ornamentals"
88,2006,0,"ornamentals"
89,2006,0,"ornamentals"
90,2006,0,"ornamentals"
91,2006,0,"ornamentals"
92,2006,0,"ornamentals"
93,2006,0,"ornamentals"
94,2006,0,"ornamentals"
95,2006,0,"ornamentals"
96,2006,4,"ornamentals"
97,2006,2,"ornamentals"
98,2006,0,"ornamentals"
99,2006,0,"ornamentals"
100,2006,131,"ornamentals"
101,2006,0,"ornamentals"
102,2006,3,"ornamentals"
103,2006,8,"ornamentals"
104,2006,2,"ornamentals"
105,2006,0,"ornamentals"
106,2006,0,"ornamentals"
107,2006,0,"ornamentals"
108,2006,0,"ornamentals"
110,2006,0,"ornamentals"
111,2006,0,"ornamentals"
112,2006,107,"ornamentals"
113,2006,0,"ornamentals"
114,2006,212,"ornamentals"
115,2006,50,"ornamentals"
116,2006,0,"ornamentals"
117,2006,0,"ornamentals"
118,2006,0,"ornamentals"
119,2006,0,"ornamentals"
120,2006,0,"ornamentals"
121,2006,0,"ornamentals"
122,2006,0,"ornamentals"
123,2006,0,"ornamentals"
124,2006,0,"ornamentals"
125,2006,0,"ornamentals"
126,2006,295,"ornamentals"
127,2006,0,"ornamentals"
129,2006,0,"ornamentals"
130,2006,312,"ornamentals"
131,2006,23,"ornamentals"
132,2006,7031,"ornamentals"
133,2006,0,"ornamentals"
134,2006,0,"ornamentals"
135,2006,58,"ornamentals"
136,2006,0,"ornamentals"
137,2006,86,"ornamentals"
138,2006,3731,"ornamentals"
139,2006,6,"ornamentals"
140,2006,0,"ornamentals"
141,2006,0,"ornamentals"
143,2006,0,"ornamentals"
144,2006,0,"ornamentals"
145,2006,0,"ornamentals"
146,2006,0,"ornamentals"
147,2006,180,"ornamentals"
148,2006,0,"ornamentals"
149,2006,0,"ornamentals"
150,2006,0,"ornamentals"
151,2006,0,"ornamentals"
152,2006,0,"ornamentals"
153,2006,92,"ornamentals"
154,2006,0,"ornamentals"
155,2006,0,"ornamentals"
156,2006,0,"ornamentals"
157,2006,0,"ornamentals"
158,2006,0,"ornamentals"
159,2006,0,"ornamentals"
161,2006,0,"ornamentals"
162,2006,118,"ornamentals"
163,2006,5860,"ornamentals"
164,2006,51,"ornamentals"
166,2006,9,"ornamentals"
167,2006,107,"ornamentals"
168,2006,12,"ornamentals"
169,2006,0,"ornamentals"
171,2006,4136,"ornamentals"
172,2006,60,"ornamentals"
173,2006,0,"ornamentals"
174,2006,0,"ornamentals"
175,2006,40,"ornamentals"
176,2006,483,"ornamentals"
177,2006,3449,"ornamentals"
178,2006,1,"ornamentals"
179,2006,2853,"ornamentals"
180,2006,1062,"ornamentals"
181,2006,62,"ornamentals"
182,2006,25579,"ornamentals"
183,2006,342,"ornamentals"
184,2006,632,"ornamentals"
185,2006,0,"ornamentals"
186,2006,0,"ornamentals"
187,2006,0,"ornamentals"
188,2006,0,"ornamentals"
189,2006,0,"ornamentals"
190,2006,0,"ornamentals"
191,2006,16,"ornamentals"
192,2006,0,"ornamentals"
193,2006,0,"ornamentals"
194,2006,0,"ornamentals"
195,2006,1,"ornamentals"
196,2006,0,"ornamentals"
197,2006,0,"ornamentals"
198,2006,0,"ornamentals"
199,2006,268,"ornamentals"
200,2006,0,"ornamentals"
202,2006,138,"ornamentals"
203,2006,3809,"ornamentals"
204,2006,45,"ornamentals"
205,2006,0,"ornamentals"
206,2006,14871,"ornamentals"
207,2006,1209,"ornamentals"
208,2006,61403,"ornamentals"
209,2006,3493,"ornamentals"
210,2006,16504,"ornamentals"
212,2006,627,"ornamentals"
213,2006,0,"ornamentals"
214,2006,1,"ornamentals"
215,2006,0,"ornamentals"
216,2006,5619,"ornamentals"
218,2006,72,"ornamentals"
219,2006,0,"ornamentals"
220,2006,9.15348397125414,"ornamentals"
221,2006,0,"ornamentals"
222,2006,10,"ornamentals"
223,2006,0,"ornamentals"
224,2006,2,"ornamentals"
227,2006,0,"ornamentals"
228,2006,0,"ornamentals"
231,2006,0,"ornamentals"
232,2006,0,"ornamentals"
237,2006,0,"ornamentals"
244,2006,0,"ornamentals"
245,2006,9.15348397125414,"ornamentals"
247,2006,88,"ornamentals"
248,2006,9.15348397125414,"ornamentals"
249,2006,9.15348397125414,"ornamentals"
250,2006,9.15348397125414,"ornamentals"
1,2007,0,"ornamentals"
2,2007,0,"ornamentals"
3,2007,0,"ornamentals"
4,2007,0,"ornamentals"
5,2007,113,"ornamentals"
6,2007,0,"ornamentals"
7,2007,106,"ornamentals"
8,2007,66,"ornamentals"
9,2007,0,"ornamentals"
10,2007,0,"ornamentals"
11,2007,439,"ornamentals"
12,2007,0,"ornamentals"
13,2007,0,"ornamentals"
14,2007,2530,"ornamentals"
15,2007,7382,"ornamentals"
16,2007,1554,"ornamentals"
17,2007,36,"ornamentals"
18,2007,546,"ornamentals"
19,2007,0,"ornamentals"
20,2007,404,"ornamentals"
21,2007,0,"ornamentals"
24,2007,233,"ornamentals"
25,2007,2765,"ornamentals"
26,2007,0,"ornamentals"
28,2007,0,"ornamentals"
29,2007,108,"ornamentals"
30,2007,0,"ornamentals"
31,2007,0,"ornamentals"
32,2007,0,"ornamentals"
33,2007,0,"ornamentals"
34,2007,0,"ornamentals"
35,2007,0,"ornamentals"
36,2007,0,"ornamentals"
37,2007,95,"ornamentals"
38,2007,0,"ornamentals"
39,2007,588,"ornamentals"
40,2007,8001,"ornamentals"
41,2007,0.1,"ornamentals"
42,2007,0,"ornamentals"
43,2007,15,"ornamentals"
44,2007,0,"ornamentals"
45,2007,0,"ornamentals"
46,2007,0,"ornamentals"
47,2007,9,"ornamentals"
48,2007,0,"ornamentals"
49,2007,0,"ornamentals"
50,2007,145,"ornamentals"
51,2007,0,"ornamentals"
52,2007,0,"ornamentals"
53,2007,2,"ornamentals"
54,2007,0,"ornamentals"
55,2007,0,"ornamentals"
56,2007,0,"ornamentals"
57,2007,0,"ornamentals"
58,2007,0,"ornamentals"
59,2007,51,"ornamentals"
60,2007,0,"ornamentals"
61,2007,0,"ornamentals"
62,2007,9244,"ornamentals"
63,2007,0,"ornamentals"
64,2007,0,"ornamentals"
65,2007,0,"ornamentals"
66,2007,0,"ornamentals"
67,2007,0,"ornamentals"
68,2007,0,"ornamentals"
69,2007,0,"ornamentals"
70,2007,0,"ornamentals"
71,2007,0,"ornamentals"
72,2007,0,"ornamentals"
73,2007,0,"ornamentals"
74,2007,0,"ornamentals"
75,2007,0,"ornamentals"
76,2007,0,"ornamentals"
77,2007,64,"ornamentals"
78,2007,0,"ornamentals"
79,2007,13593,"ornamentals"
80,2007,962,"ornamentals"
81,2007,0,"ornamentals"
82,2007,0,"ornamentals"
84,2007,4,"ornamentals"
85,2007,0,"ornamentals"
86,2007,0,"ornamentals"
88,2007,0,"ornamentals"
89,2007,0,"ornamentals"
90,2007,0,"ornamentals"
91,2007,0,"ornamentals"
92,2007,0,"ornamentals"
93,2007,0,"ornamentals"
94,2007,0,"ornamentals"
95,2007,0,"ornamentals"
96,2007,0,"ornamentals"
97,2007,0,"ornamentals"
98,2007,0,"ornamentals"
99,2007,0,"ornamentals"
100,2007,0,"ornamentals"
101,2007,0,"ornamentals"
102,2007,1,"ornamentals"
103,2007,1,"ornamentals"
104,2007,0,"ornamentals"
105,2007,0,"ornamentals"
106,2007,0,"ornamentals"
107,2007,0,"ornamentals"
108,2007,0,"ornamentals"
110,2007,0,"ornamentals"
111,2007,0,"ornamentals"
112,2007,110,"ornamentals"
113,2007,0,"ornamentals"
114,2007,307,"ornamentals"
115,2007,193,"ornamentals"
116,2007,0,"ornamentals"
117,2007,0,"ornamentals"
118,2007,0,"ornamentals"
119,2007,0,"ornamentals"
120,2007,0,"ornamentals"
121,2007,0,"ornamentals"
122,2007,0,"ornamentals"
123,2007,0,"ornamentals"
124,2007,0,"ornamentals"
125,2007,0,"ornamentals"
126,2007,469,"ornamentals"
127,2007,0,"ornamentals"
129,2007,0,"ornamentals"
130,2007,280,"ornamentals"
131,2007,35,"ornamentals"
132,2007,8652,"ornamentals"
133,2007,0,"ornamentals"
134,2007,0,"ornamentals"
135,2007,44,"ornamentals"
136,2007,4,"ornamentals"
137,2007,42,"ornamentals"
138,2007,3813,"ornamentals"
139,2007,0.1,"ornamentals"
140,2007,0,"ornamentals"
141,2007,0,"ornamentals"
143,2007,0,"ornamentals"
144,2007,0,"ornamentals"
145,2007,0,"ornamentals"
146,2007,0,"ornamentals"
147,2007,147,"ornamentals"
148,2007,0,"ornamentals"
149,2007,0,"ornamentals"
150,2007,0,"ornamentals"
151,2007,0,"ornamentals"
152,2007,1,"ornamentals"
153,2007,36,"ornamentals"
154,2007,0,"ornamentals"
155,2007,0,"ornamentals"
156,2007,0,"ornamentals"
157,2007,0,"ornamentals"
158,2007,0,"ornamentals"
159,2007,0,"ornamentals"
161,2007,0,"ornamentals"
162,2007,69,"ornamentals"
163,2007,11224,"ornamentals"
164,2007,116,"ornamentals"
166,2007,1,"ornamentals"
167,2007,134,"ornamentals"
168,2007,8,"ornamentals"
169,2007,0,"ornamentals"
171,2007,5052,"ornamentals"
172,2007,61,"ornamentals"
173,2007,0,"ornamentals"
174,2007,0,"ornamentals"
175,2007,5,"ornamentals"
176,2007,629,"ornamentals"
177,2007,4893,"ornamentals"
178,2007,0,"ornamentals"
179,2007,6959,"ornamentals"
180,2007,1066,"ornamentals"
181,2007,74,"ornamentals"
182,2007,28831,"ornamentals"
183,2007,322,"ornamentals"
184,2007,674,"ornamentals"
185,2007,0,"ornamentals"
186,2007,0,"ornamentals"
187,2007,0,"ornamentals"
188,2007,0,"ornamentals"
189,2007,0,"ornamentals"
190,2007,0,"ornamentals"
191,2007,0,"ornamentals"
192,2007,0,"ornamentals"
193,2007,0,"ornamentals"
194,2007,6,"ornamentals"
195,2007,2,"ornamentals"
196,2007,829,"ornamentals"
197,2007,0,"ornamentals"
198,2007,0,"ornamentals"
199,2007,285,"ornamentals"
200,2007,0,"ornamentals"
202,2007,29,"ornamentals"
203,2007,1503,"ornamentals"
204,2007,7,"ornamentals"
205,2007,0,"ornamentals"
206,2007,19751,"ornamentals"
207,2007,1143,"ornamentals"
208,2007,66079,"ornamentals"
209,2007,4610,"ornamentals"
210,2007,20777,"ornamentals"
212,2007,94,"ornamentals"
213,2007,0,"ornamentals"
214,2007,2,"ornamentals"
215,2007,0,"ornamentals"
216,2007,5388,"ornamentals"
218,2007,301,"ornamentals"
219,2007,0,"ornamentals"
220,2007,8.77208880578522,"ornamentals"
221,2007,0,"ornamentals"
222,2007,110,"ornamentals"
223,2007,0,"ornamentals"
224,2007,0,"ornamentals"
227,2007,0,"ornamentals"
228,2007,0,"ornamentals"
231,2007,0,"ornamentals"
232,2007,0,"ornamentals"
237,2007,0,"ornamentals"
244,2007,0,"ornamentals"
245,2007,8.77208880578522,"ornamentals"
247,2007,0,"ornamentals"
248,2007,8.77208880578522,"ornamentals"
249,2007,8.77208880578522,"ornamentals"
250,2007,8.77208880578522,"ornamentals"
1,2008,0,"ornamentals"
2,2008,0,"ornamentals"
3,2008,0,"ornamentals"
4,2008,0,"ornamentals"
5,2008,141,"ornamentals"
6,2008,0,"ornamentals"
7,2008,68,"ornamentals"
8,2008,0,"ornamentals"
9,2008,5,"ornamentals"
10,2008,0,"ornamentals"
11,2008,611,"ornamentals"
12,2008,0,"ornamentals"
13,2008,0,"ornamentals"
14,2008,3071,"ornamentals"
15,2008,7348,"ornamentals"
16,2008,2403,"ornamentals"
17,2008,29,"ornamentals"
18,2008,549,"ornamentals"
19,2008,0,"ornamentals"
20,2008,386,"ornamentals"
21,2008,0,"ornamentals"
24,2008,7,"ornamentals"
25,2008,6780,"ornamentals"
26,2008,0,"ornamentals"
28,2008,0,"ornamentals"
29,2008,77,"ornamentals"
30,2008,0,"ornamentals"
31,2008,0,"ornamentals"
32,2008,0,"ornamentals"
33,2008,0,"ornamentals"
34,2008,0,"ornamentals"
35,2008,0,"ornamentals"
36,2008,0,"ornamentals"
37,2008,103,"ornamentals"
38,2008,0,"ornamentals"
39,2008,553,"ornamentals"
40,2008,8536,"ornamentals"
41,2008,2,"ornamentals"
42,2008,0.1,"ornamentals"
43,2008,78,"ornamentals"
44,2008,0,"ornamentals"
45,2008,150,"ornamentals"
46,2008,0,"ornamentals"
47,2008,84,"ornamentals"
48,2008,0,"ornamentals"
49,2008,0,"ornamentals"
50,2008,130,"ornamentals"
51,2008,0,"ornamentals"
52,2008,0,"ornamentals"
53,2008,31,"ornamentals"
54,2008,0,"ornamentals"
55,2008,0,"ornamentals"
56,2008,0,"ornamentals"
57,2008,0,"ornamentals"
58,2008,0,"ornamentals"
59,2008,40,"ornamentals"
60,2008,0,"ornamentals"
61,2008,6,"ornamentals"
62,2008,1510,"ornamentals"
63,2008,0,"ornamentals"
64,2008,0,"ornamentals"
65,2008,0,"ornamentals"
66,2008,0,"ornamentals"
67,2008,0,"ornamentals"
68,2008,0,"ornamentals"
69,2008,0,"ornamentals"
70,2008,0,"ornamentals"
71,2008,18,"ornamentals"
72,2008,0,"ornamentals"
73,2008,0,"ornamentals"
74,2008,0,"ornamentals"
75,2008,0,"ornamentals"
76,2008,0,"ornamentals"
77,2008,266,"ornamentals"
78,2008,0,"ornamentals"
79,2008,15929,"ornamentals"
80,2008,1102,"ornamentals"
81,2008,0,"ornamentals"
82,2008,16,"ornamentals"
84,2008,0,"ornamentals"
85,2008,0,"ornamentals"
86,2008,0,"ornamentals"
88,2008,0,"ornamentals"
89,2008,0,"ornamentals"
90,2008,0,"ornamentals"
91,2008,0,"ornamentals"
92,2008,0,"ornamentals"
93,2008,0,"ornamentals"
94,2008,0,"ornamentals"
95,2008,0,"ornamentals"
96,2008,0,"ornamentals"
97,2008,0,"ornamentals"
98,2008,0,"ornamentals"
99,2008,0,"ornamentals"
100,2008,0,"ornamentals"
101,2008,0.1,"ornamentals"
102,2008,111,"ornamentals"
103,2008,0,"ornamentals"
104,2008,8,"ornamentals"
105,2008,0,"ornamentals"
106,2008,8,"ornamentals"
107,2008,0,"ornamentals"
108,2008,0,"ornamentals"
110,2008,0,"ornamentals"
111,2008,0,"ornamentals"
112,2008,71,"ornamentals"
113,2008,0,"ornamentals"
114,2008,429,"ornamentals"
115,2008,162,"ornamentals"
116,2008,0,"ornamentals"
117,2008,0,"ornamentals"
118,2008,0,"ornamentals"
119,2008,0,"ornamentals"
120,2008,0,"ornamentals"
121,2008,0,"ornamentals"
122,2008,0,"ornamentals"
123,2008,0,"ornamentals"
124,2008,0,"ornamentals"
125,2008,0,"ornamentals"
126,2008,318,"ornamentals"
127,2008,0,"ornamentals"
129,2008,0,"ornamentals"
130,2008,298,"ornamentals"
131,2008,24,"ornamentals"
132,2008,7551,"ornamentals"
133,2008,0,"ornamentals"
134,2008,0,"ornamentals"
135,2008,63,"ornamentals"
136,2008,3,"ornamentals"
137,2008,35,"ornamentals"
138,2008,4242,"ornamentals"
139,2008,0,"ornamentals"
140,2008,0,"ornamentals"
141,2008,0,"ornamentals"
143,2008,0,"ornamentals"
144,2008,0,"ornamentals"
145,2008,0,"ornamentals"
146,2008,0,"ornamentals"
147,2008,177,"ornamentals"
148,2008,0,"ornamentals"
149,2008,0,"ornamentals"
150,2008,0,"ornamentals"
151,2008,0,"ornamentals"
152,2008,0.1,"ornamentals"
153,2008,144,"ornamentals"
154,2008,0,"ornamentals"
155,2008,185,"ornamentals"
156,2008,0,"ornamentals"
157,2008,0,"ornamentals"
158,2008,0,"ornamentals"
159,2008,0,"ornamentals"
161,2008,0,"ornamentals"
162,2008,54,"ornamentals"
163,2008,13255,"ornamentals"
164,2008,125,"ornamentals"
166,2008,1,"ornamentals"
167,2008,106,"ornamentals"
168,2008,6,"ornamentals"
169,2008,0,"ornamentals"
171,2008,5629,"ornamentals"
172,2008,61,"ornamentals"
173,2008,0,"ornamentals"
174,2008,0,"ornamentals"
175,2008,1,"ornamentals"
176,2008,706,"ornamentals"
177,2008,5863,"ornamentals"
178,2008,0.1,"ornamentals"
179,2008,8629,"ornamentals"
180,2008,1598,"ornamentals"
181,2008,852,"ornamentals"
182,2008,27786,"ornamentals"
183,2008,249,"ornamentals"
184,2008,1753,"ornamentals"
185,2008,0,"ornamentals"
186,2008,0,"ornamentals"
187,2008,0,"ornamentals"
188,2008,7,"ornamentals"
189,2008,0,"ornamentals"
190,2008,0,"ornamentals"
191,2008,132,"ornamentals"
192,2008,0,"ornamentals"
193,2008,3,"ornamentals"
194,2008,0,"ornamentals"
195,2008,0,"ornamentals"
196,2008,0,"ornamentals"
197,2008,0,"ornamentals"
198,2008,0,"ornamentals"
199,2008,260,"ornamentals"
200,2008,0,"ornamentals"
202,2008,124,"ornamentals"
203,2008,1993,"ornamentals"
204,2008,2,"ornamentals"
205,2008,242,"ornamentals"
206,2008,19695,"ornamentals"
207,2008,1259,"ornamentals"
208,2008,68796,"ornamentals"
209,2008,4576,"ornamentals"
210,2008,22245,"ornamentals"
212,2008,0,"ornamentals"
213,2008,0,"ornamentals"
214,2008,4,"ornamentals"
215,2008,0,"ornamentals"
216,2008,5430,"ornamentals"
218,2008,36,"ornamentals"
219,2008,0,"ornamentals"
220,2008,7.3736398657325,"ornamentals"
221,2008,0,"ornamentals"
222,2008,18,"ornamentals"
223,2008,0,"ornamentals"
224,2008,0,"ornamentals"
227,2008,0,"ornamentals"
228,2008,0,"ornamentals"
231,2008,0,"ornamentals"
232,2008,0,"ornamentals"
237,2008,0,"ornamentals"
244,2008,0,"ornamentals"
245,2008,7.3736398657325,"ornamentals"
247,2008,0,"ornamentals"
248,2008,7.3736398657325,"ornamentals"
249,2008,7.3736398657325,"ornamentals"
250,2008,7.50077158755547,"ornamentals"
1,2009,0,"ornamentals"
2,2009,0,"ornamentals"
3,2009,0,"ornamentals"
4,2009,0,"ornamentals"
5,2009,132,"ornamentals"
6,2009,0,"ornamentals"
7,2009,34,"ornamentals"
8,2009,0,"ornamentals"
9,2009,10,"ornamentals"
10,2009,0,"ornamentals"
11,2009,889,"ornamentals"
12,2009,0,"ornamentals"
13,2009,0,"ornamentals"
14,2009,2597,"ornamentals"
15,2009,6436,"ornamentals"
16,2009,2448,"ornamentals"
17,2009,36,"ornamentals"
18,2009,473,"ornamentals"
19,2009,0,"ornamentals"
20,2009,371,"ornamentals"
21,2009,0,"ornamentals"
24,2009,34,"ornamentals"
25,2009,2586,"ornamentals"
26,2009,0,"ornamentals"
28,2009,0,"ornamentals"
29,2009,0,"ornamentals"
30,2009,0,"ornamentals"
31,2009,0,"ornamentals"
32,2009,0,"ornamentals"
33,2009,0,"ornamentals"
34,2009,0,"ornamentals"
35,2009,0,"ornamentals"
36,2009,0,"ornamentals"
37,2009,70,"ornamentals"
38,2009,0,"ornamentals"
39,2009,541,"ornamentals"
40,2009,8201,"ornamentals"
41,2009,0,"ornamentals"
42,2009,0.1,"ornamentals"
43,2009,108,"ornamentals"
44,2009,0,"ornamentals"
45,2009,114,"ornamentals"
46,2009,0,"ornamentals"
47,2009,17,"ornamentals"
48,2009,0,"ornamentals"
49,2009,0,"ornamentals"
50,2009,109,"ornamentals"
51,2009,0,"ornamentals"
52,2009,0,"ornamentals"
53,2009,34,"ornamentals"
54,2009,10,"ornamentals"
55,2009,0,"ornamentals"
56,2009,0,"ornamentals"
57,2009,0,"ornamentals"
58,2009,0,"ornamentals"
59,2009,45,"ornamentals"
60,2009,0,"ornamentals"
61,2009,50,"ornamentals"
62,2009,0,"ornamentals"
63,2009,0,"ornamentals"
64,2009,0,"ornamentals"
65,2009,0,"ornamentals"
66,2009,0,"ornamentals"
67,2009,0,"ornamentals"
68,2009,0,"ornamentals"
69,2009,0,"ornamentals"
70,2009,0,"ornamentals"
71,2009,0,"ornamentals"
72,2009,0,"ornamentals"
73,2009,0,"ornamentals"
74,2009,0,"ornamentals"
75,2009,0,"ornamentals"
76,2009,0,"ornamentals"
77,2009,306,"ornamentals"
78,2009,0,"ornamentals"
79,2009,15646,"ornamentals"
80,2009,733,"ornamentals"
81,2009,0,"ornamentals"
82,2009,5,"ornamentals"
84,2009,0,"ornamentals"
85,2009,0,"ornamentals"
86,2009,0,"ornamentals"
88,2009,0,"ornamentals"
89,2009,0,"ornamentals"
90,2009,0,"ornamentals"
91,2009,0,"ornamentals"
92,2009,0,"ornamentals"
93,2009,0,"ornamentals"
94,2009,0,"ornamentals"
95,2009,0,"ornamentals"
96,2009,6,"ornamentals"
97,2009,0,"ornamentals"
98,2009,0,"ornamentals"
99,2009,0,"ornamentals"
100,2009,0,"ornamentals"
101,2009,0,"ornamentals"
102,2009,1,"ornamentals"
103,2009,0,"ornamentals"
104,2009,5,"ornamentals"
105,2009,0,"ornamentals"
106,2009,0,"ornamentals"
107,2009,0,"ornamentals"
108,2009,0,"ornamentals"
110,2009,0,"ornamentals"
111,2009,0,"ornamentals"
112,2009,70,"ornamentals"
113,2009,0,"ornamentals"
114,2009,565,"ornamentals"
115,2009,122,"ornamentals"
116,2009,0,"ornamentals"
117,2009,0,"ornamentals"
118,2009,0,"ornamentals"
119,2009,0,"ornamentals"
120,2009,0,"ornamentals"
121,2009,0,"ornamentals"
122,2009,0,"ornamentals"
123,2009,0,"ornamentals"
124,2009,5,"ornamentals"
125,2009,0,"ornamentals"
126,2009,305,"ornamentals"
127,2009,0,"ornamentals"
129,2009,0,"ornamentals"
130,2009,151,"ornamentals"
131,2009,0,"ornamentals"
132,2009,8500,"ornamentals"
133,2009,0,"ornamentals"
134,2009,0,"ornamentals"
135,2009,115,"ornamentals"
136,2009,1,"ornamentals"
137,2009,73,"ornamentals"
138,2009,3132,"ornamentals"
139,2009,0,"ornamentals"
140,2009,0,"ornamentals"
141,2009,0,"ornamentals"
143,2009,0,"ornamentals"
144,2009,0,"ornamentals"
145,2009,0,"ornamentals"
146,2009,0,"ornamentals"
147,2009,110,"ornamentals"
148,2009,0,"ornamentals"
149,2009,0,"ornamentals"
150,2009,0,"ornamentals"
151,2009,0,"ornamentals"
152,2009,0,"ornamentals"
153,2009,132,"ornamentals"
154,2009,0,"ornamentals"
155,2009,10,"ornamentals"
156,2009,0,"ornamentals"
157,2009,0,"ornamentals"
158,2009,0,"ornamentals"
159,2009,0,"ornamentals"
161,2009,0,"ornamentals"
162,2009,0,"ornamentals"
163,2009,12139,"ornamentals"
164,2009,119,"ornamentals"
166,2009,9.40965602385813,"ornamentals"
167,2009,63,"ornamentals"
168,2009,10,"ornamentals"
169,2009,0,"ornamentals"
171,2009,7107,"ornamentals"
172,2009,56,"ornamentals"
173,2009,0,"ornamentals"
174,2009,0,"ornamentals"
175,2009,0,"ornamentals"
176,2009,646,"ornamentals"
177,2009,5294,"ornamentals"
178,2009,0,"ornamentals"
179,2009,2635,"ornamentals"
180,2009,1769,"ornamentals"
181,2009,1231,"ornamentals"
182,2009,43660,"ornamentals"
183,2009,1677,"ornamentals"
184,2009,773,"ornamentals"
185,2009,0,"ornamentals"
186,2009,0,"ornamentals"
187,2009,0,"ornamentals"
188,2009,4,"ornamentals"
189,2009,0,"ornamentals"
190,2009,0,"ornamentals"
191,2009,358,"ornamentals"
192,2009,0,"ornamentals"
193,2009,5,"ornamentals"
194,2009,40,"ornamentals"
195,2009,1,"ornamentals"
196,2009,0,"ornamentals"
197,2009,0,"ornamentals"
198,2009,0,"ornamentals"
199,2009,289,"ornamentals"
200,2009,0,"ornamentals"
202,2009,98,"ornamentals"
203,2009,1083,"ornamentals"
204,2009,1,"ornamentals"
205,2009,222,"ornamentals"
206,2009,13581,"ornamentals"
207,2009,2045,"ornamentals"
208,2009,59940,"ornamentals"
209,2009,5072.1,"ornamentals"
210,2009,23891,"ornamentals"
212,2009,695,"ornamentals"
213,2009,0,"ornamentals"
214,2009,7,"ornamentals"
215,2009,0,"ornamentals"
216,2009,4375,"ornamentals"
218,2009,15,"ornamentals"
219,2009,0,"ornamentals"
220,2009,7.62790330937845,"ornamentals"
221,2009,0,"ornamentals"
222,2009,11,"ornamentals"
223,2009,0,"ornamentals"
224,2009,0,"ornamentals"
227,2009,0,"ornamentals"
228,2009,0,"ornamentals"
231,2009,0,"ornamentals"
232,2009,0,"ornamentals"
237,2009,0,"ornamentals"
244,2009,0,"ornamentals"
245,2009,7.62790330937845,"ornamentals"
247,2009,0,"ornamentals"
248,2009,7.62790330937845,"ornamentals"
249,2009,7.62790330937845,"ornamentals"
250,2009,7.62790330937845,"ornamentals"
1,2010,0,"ornamentals"
2,2010,0,"ornamentals"
3,2010,0,"ornamentals"
4,2010,0,"ornamentals"
5,2010,182,"ornamentals"
6,2010,0,"ornamentals"
7,2010,36,"ornamentals"
8,2010,0,"ornamentals"
9,2010,13,"ornamentals"
10,2010,0,"ornamentals"
11,2010,1069,"ornamentals"
12,2010,0,"ornamentals"
13,2010,0,"ornamentals"
14,2010,2837,"ornamentals"
15,2010,5991,"ornamentals"
16,2010,2265,"ornamentals"
17,2010,150,"ornamentals"
18,2010,588,"ornamentals"
19,2010,0,"ornamentals"
20,2010,407,"ornamentals"
21,2010,0,"ornamentals"
24,2010,87,"ornamentals"
25,2010,3743,"ornamentals"
26,2010,0,"ornamentals"
28,2010,0,"ornamentals"
29,2010,0,"ornamentals"
30,2010,0,"ornamentals"
31,2010,0,"ornamentals"
32,2010,0,"ornamentals"
33,2010,0,"ornamentals"
34,2010,0,"ornamentals"
35,2010,0,"ornamentals"
36,2010,0,"ornamentals"
37,2010,76,"ornamentals"
38,2010,0,"ornamentals"
39,2010,587,"ornamentals"
40,2010,7592,"ornamentals"
41,2010,0,"ornamentals"
42,2010,11,"ornamentals"
43,2010,43,"ornamentals"
44,2010,0,"ornamentals"
45,2010,8,"ornamentals"
46,2010,0,"ornamentals"
47,2010,23,"ornamentals"
48,2010,0,"ornamentals"
49,2010,0,"ornamentals"
50,2010,0,"ornamentals"
51,2010,0,"ornamentals"
52,2010,0,"ornamentals"
53,2010,18,"ornamentals"
54,2010,8,"ornamentals"
55,2010,0,"ornamentals"
56,2010,0,"ornamentals"
57,2010,0,"ornamentals"
58,2010,0,"ornamentals"
59,2010,68,"ornamentals"
60,2010,0,"ornamentals"
61,2010,13,"ornamentals"
62,2010,0,"ornamentals"
63,2010,0,"ornamentals"
64,2010,0,"ornamentals"
65,2010,0,"ornamentals"
66,2010,0,"ornamentals"
67,2010,0,"ornamentals"
68,2010,0,"ornamentals"
69,2010,0,"ornamentals"
70,2010,0,"ornamentals"
71,2010,0,"ornamentals"
72,2010,0,"ornamentals"
73,2010,0,"ornamentals"
74,2010,0,"ornamentals"
75,2010,0,"ornamentals"
76,2010,74,"ornamentals"
77,2010,112,"ornamentals"
78,2010,0.1,"ornamentals"
79,2010,15223,"ornamentals"
80,2010,2595,"ornamentals"
81,2010,0,"ornamentals"
82,2010,0,"ornamentals"
84,2010,0,"ornamentals"
85,2010,0,"ornamentals"
86,2010,0,"ornamentals"
88,2010,0,"ornamentals"
89,2010,0,"ornamentals"
90,2010,0,"ornamentals"
91,2010,0,"ornamentals"
92,2010,0,"ornamentals"
93,2010,0,"ornamentals"
94,2010,0,"ornamentals"
95,2010,0,"ornamentals"
96,2010,5,"ornamentals"
97,2010,0,"ornamentals"
98,2010,0,"ornamentals"
99,2010,0,"ornamentals"
100,2010,0,"ornamentals"
101,2010,0,"ornamentals"
102,2010,2,"ornamentals"
103,2010,0,"ornamentals"
104,2010,0,"ornamentals"
105,2010,0,"ornamentals"
106,2010,0,"ornamentals"
107,2010,0,"ornamentals"
108,2010,0,"ornamentals"
110,2010,0,"ornamentals"
111,2010,0,"ornamentals"
112,2010,71,"ornamentals"
113,2010,0,"ornamentals"
114,2010,413,"ornamentals"
115,2010,133,"ornamentals"
116,2010,0,"ornamentals"
117,2010,0,"ornamentals"
118,2010,0,"ornamentals"
119,2010,0,"ornamentals"
120,2010,0,"ornamentals"
121,2010,0,"ornamentals"
122,2010,0,"ornamentals"
123,2010,0,"ornamentals"
124,2010,0,"ornamentals"
125,2010,0,"ornamentals"
126,2010,648,"ornamentals"
127,2010,0,"ornamentals"
129,2010,0,"ornamentals"
130,2010,78,"ornamentals"
131,2010,10,"ornamentals"
132,2010,8543,"ornamentals"
133,2010,0,"ornamentals"
134,2010,0,"ornamentals"
135,2010,148,"ornamentals"
136,2010,0,"ornamentals"
137,2010,144,"ornamentals"
138,2010,4454,"ornamentals"
139,2010,0,"ornamentals"
140,2010,0,"ornamentals"
141,2010,0,"ornamentals"
143,2010,0,"ornamentals"
144,2010,0,"ornamentals"
145,2010,0,"ornamentals"
146,2010,0,"ornamentals"
147,2010,104,"ornamentals"
148,2010,0,"ornamentals"
149,2010,0,"ornamentals"
150,2010,0,"ornamentals"
151,2010,0,"ornamentals"
152,2010,48,"ornamentals"
153,2010,159,"ornamentals"
154,2010,0,"ornamentals"
155,2010,0,"ornamentals"
156,2010,0,"ornamentals"
157,2010,0,"ornamentals"
158,2010,0,"ornamentals"
159,2010,0,"ornamentals"
161,2010,0,"ornamentals"
162,2010,0,"ornamentals"
163,2010,13222,"ornamentals"
164,2010,84,"ornamentals"
166,2010,1,"ornamentals"
167,2010,14,"ornamentals"
168,2010,21,"ornamentals"
169,2010,0,"ornamentals"
171,2010,6792,"ornamentals"
172,2010,52,"ornamentals"
173,2010,0,"ornamentals"
174,2010,0,"ornamentals"
175,2010,0,"ornamentals"
176,2010,543,"ornamentals"
177,2010,4801,"ornamentals"
178,2010,0,"ornamentals"
179,2010,6114,"ornamentals"
180,2010,2617,"ornamentals"
181,2010,778,"ornamentals"
182,2010,35087,"ornamentals"
183,2010,454,"ornamentals"
184,2010,889,"ornamentals"
185,2010,0,"ornamentals"
186,2010,0,"ornamentals"
187,2010,0,"ornamentals"
188,2010,0,"ornamentals"
189,2010,0,"ornamentals"
190,2010,0,"ornamentals"
191,2010,562,"ornamentals"
192,2010,0,"ornamentals"
193,2010,6,"ornamentals"
194,2010,42,"ornamentals"
195,2010,0,"ornamentals"
196,2010,105,"ornamentals"
197,2010,0,"ornamentals"
198,2010,0,"ornamentals"
199,2010,286,"ornamentals"
200,2010,0,"ornamentals"
202,2010,20,"ornamentals"
203,2010,981,"ornamentals"
204,2010,2,"ornamentals"
205,2010,211,"ornamentals"
206,2010,13018,"ornamentals"
207,2010,2720,"ornamentals"
208,2010,3052,"ornamentals"
209,2010,4809,"ornamentals"
210,2010,31964,"ornamentals"
212,2010,0,"ornamentals"
213,2010,0,"ornamentals"
214,2010,22,"ornamentals"
215,2010,0,"ornamentals"
216,2010,4268,"ornamentals"
218,2010,50,"ornamentals"
219,2010,0,"ornamentals"
220,2010,0.127131721822974,"ornamentals"
221,2010,0,"ornamentals"
222,2010,70,"ornamentals"
223,2010,0,"ornamentals"
224,2010,0,"ornamentals"
227,2010,0,"ornamentals"
228,2010,0,"ornamentals"
231,2010,0,"ornamentals"
232,2010,0,"ornamentals"
237,2010,0,"ornamentals"
244,2010,0,"ornamentals"
245,2010,0.127131721822974,"ornamentals"
247,2010,0,"ornamentals"
248,2010,0.127131721822974,"ornamentals"
249,2010,0.127131721822974,"ornamentals"
250,2010,0.127131721822974,"ornamentals"
1,2011,0,"ornamentals"
2,2011,0,"ornamentals"
3,2011,0,"ornamentals"
4,2011,0,"ornamentals"
5,2011,124,"ornamentals"
6,2011,0,"ornamentals"
7,2011,0,"ornamentals"
8,2011,5,"ornamentals"
9,2011,137,"ornamentals"
10,2011,0,"ornamentals"
11,2011,689,"ornamentals"
12,2011,0,"ornamentals"
13,2011,0,"ornamentals"
14,2011,2801,"ornamentals"
15,2011,6614,"ornamentals"
16,2011,2308,"ornamentals"
17,2011,49,"ornamentals"
18,2011,675,"ornamentals"
19,2011,0,"ornamentals"
20,2011,126,"ornamentals"
21,2011,0,"ornamentals"
24,2011,113,"ornamentals"
25,2011,4848,"ornamentals"
26,2011,0,"ornamentals"
28,2011,0,"ornamentals"
29,2011,0,"ornamentals"
30,2011,0,"ornamentals"
31,2011,0,"ornamentals"
32,2011,0,"ornamentals"
33,2011,0,"ornamentals"
34,2011,0,"ornamentals"
35,2011,0,"ornamentals"
36,2011,0,"ornamentals"
37,2011,38,"ornamentals"
38,2011,0,"ornamentals"
39,2011,547,"ornamentals"
40,2011,9669,"ornamentals"
41,2011,0,"ornamentals"
42,2011,6,"ornamentals"
43,2011,36,"ornamentals"
44,2011,0,"ornamentals"
45,2011,4,"ornamentals"
46,2011,0,"ornamentals"
47,2011,13,"ornamentals"
48,2011,0,"ornamentals"
49,2011,1,"ornamentals"
50,2011,0,"ornamentals"
51,2011,0,"ornamentals"
52,2011,0,"ornamentals"
53,2011,107,"ornamentals"
54,2011,32,"ornamentals"
55,2011,0,"ornamentals"
56,2011,0,"ornamentals"
57,2011,0,"ornamentals"
58,2011,0,"ornamentals"
59,2011,90,"ornamentals"
60,2011,0,"ornamentals"
61,2011,0,"ornamentals"
62,2011,0,"ornamentals"
63,2011,0,"ornamentals"
64,2011,0,"ornamentals"
65,2011,0,"ornamentals"
66,2011,0,"ornamentals"
67,2011,0,"ornamentals"
68,2011,0,"ornamentals"
69,2011,0,"ornamentals"
70,2011,0,"ornamentals"
71,2011,0,"ornamentals"
72,2011,0,"ornamentals"
73,2011,0,"ornamentals"
74,2011,0,"ornamentals"
75,2011,0,"ornamentals"
76,2011,13,"ornamentals"
77,2011,1,"ornamentals"
78,2011,0,"ornamentals"
79,2011,15859,"ornamentals"
80,2011,149,"ornamentals"
81,2011,0,"ornamentals"
82,2011,0,"ornamentals"
84,2011,0,"ornamentals"
85,2011,0,"ornamentals"
86,2011,0,"ornamentals"
88,2011,0,"ornamentals"
89,2011,0,"ornamentals"
90,2011,0,"ornamentals"
91,2011,0,"ornamentals"
92,2011,0,"ornamentals"
93,2011,0,"ornamentals"
94,2011,0,"ornamentals"
95,2011,0,"ornamentals"
96,2011,0,"ornamentals"
97,2011,0,"ornamentals"
98,2011,0,"ornamentals"
99,2011,0,"ornamentals"
100,2011,0,"ornamentals"
101,2011,0,"ornamentals"
102,2011,2,"ornamentals"
103,2011,0,"ornamentals"
104,2011,0,"ornamentals"
105,2011,0,"ornamentals"
106,2011,0.1,"ornamentals"
107,2011,0,"ornamentals"
108,2011,0,"ornamentals"
110,2011,0,"ornamentals"
111,2011,0,"ornamentals"
112,2011,187,"ornamentals"
113,2011,0,"ornamentals"
114,2011,387,"ornamentals"
115,2011,162,"ornamentals"
116,2011,0,"ornamentals"
117,2011,0,"ornamentals"
118,2011,0,"ornamentals"
119,2011,0,"ornamentals"
120,2011,0,"ornamentals"
121,2011,0,"ornamentals"
122,2011,0,"ornamentals"
123,2011,0,"ornamentals"
124,2011,2,"ornamentals"
125,2011,0,"ornamentals"
126,2011,121,"ornamentals"
127,2011,0,"ornamentals"
129,2011,0,"ornamentals"
130,2011,78,"ornamentals"
131,2011,19,"ornamentals"
132,2011,8789,"ornamentals"
133,2011,0,"ornamentals"
134,2011,0,"ornamentals"
135,2011,109,"ornamentals"
136,2011,0,"ornamentals"
137,2011,129,"ornamentals"
138,2011,3543,"ornamentals"
139,2011,0,"ornamentals"
140,2011,0,"ornamentals"
141,2011,0,"ornamentals"
143,2011,0,"ornamentals"
144,2011,0,"ornamentals"
145,2011,0,"ornamentals"
146,2011,0,"ornamentals"
147,2011,75,"ornamentals"
148,2011,0,"ornamentals"
149,2011,0,"ornamentals"
150,2011,0,"ornamentals"
151,2011,0,"ornamentals"
152,2011,0,"ornamentals"
153,2011,117,"ornamentals"
154,2011,0,"ornamentals"
155,2011,9,"ornamentals"
156,2011,0,"ornamentals"
157,2011,0,"ornamentals"
158,2011,0,"ornamentals"
159,2011,0,"ornamentals"
161,2011,0,"ornamentals"
162,2011,0,"ornamentals"
163,2011,13134,"ornamentals"
164,2011,120,"ornamentals"
166,2011,0,"ornamentals"
167,2011,25,"ornamentals"
168,2011,15,"ornamentals"
169,2011,0,"ornamentals"
171,2011,7320,"ornamentals"
172,2011,39,"ornamentals"
173,2011,0,"ornamentals"
174,2011,0,"ornamentals"
175,2011,0,"ornamentals"
176,2011,498,"ornamentals"
177,2011,6907,"ornamentals"
178,2011,0,"ornamentals"
179,2011,1391,"ornamentals"
180,2011,2769,"ornamentals"
181,2011,1365,"ornamentals"
182,2011,62449,"ornamentals"
183,2011,1490,"ornamentals"
184,2011,256,"ornamentals"
185,2011,0,"ornamentals"
186,2011,0,"ornamentals"
187,2011,0,"ornamentals"
188,2011,17,"ornamentals"
189,2011,0,"ornamentals"
190,2011,0,"ornamentals"
191,2011,98,"ornamentals"
192,2011,0,"ornamentals"
193,2011,0,"ornamentals"
194,2011,65,"ornamentals"
195,2011,0,"ornamentals"
196,2011,0,"ornamentals"
197,2011,0,"ornamentals"
198,2011,0,"ornamentals"
199,2011,240,"ornamentals"
200,2011,0,"ornamentals"
202,2011,5,"ornamentals"
203,2011,1325,"ornamentals"
204,2011,26,"ornamentals"
205,2011,193,"ornamentals"
206,2011,11487,"ornamentals"
207,2011,2589,"ornamentals"
208,2011,3206,"ornamentals"
209,2011,5287,"ornamentals"
210,2011,31856,"ornamentals"
212,2011,0,"ornamentals"
213,2011,0,"ornamentals"
214,2011,10,"ornamentals"
215,2011,0,"ornamentals"
216,2011,4211,"ornamentals"
218,2011,10,"ornamentals"
219,2011,0,"ornamentals"
220,2011,0,"ornamentals"
221,2011,0,"ornamentals"
222,2011,31,"ornamentals"
223,2011,0,"ornamentals"
224,2011,0,"ornamentals"
227,2011,0,"ornamentals"
228,2011,0,"ornamentals"
231,2011,0,"ornamentals"
232,2011,0,"ornamentals"
237,2011,0,"ornamentals"
244,2011,0,"ornamentals"
245,2011,0,"ornamentals"
247,2011,0,"ornamentals"
248,2011,0,"ornamentals"
249,2011,0,"ornamentals"
250,2011,0,"ornamentals"
1,2012,0,"ornamentals"
2,2012,0,"ornamentals"
3,2012,0,"ornamentals"
4,2012,0,"ornamentals"
5,2012,299,"ornamentals"
6,2012,137,"ornamentals"
7,2012,0,"ornamentals"
8,2012,0,"ornamentals"
9,2012,207,"ornamentals"
10,2012,0,"ornamentals"
11,2012,317,"ornamentals"
12,2012,0,"ornamentals"
13,2012,0,"ornamentals"
14,2012,3496,"ornamentals"
15,2012,7103,"ornamentals"
16,2012,2119,"ornamentals"
17,2012,17,"ornamentals"
18,2012,462,"ornamentals"
19,2012,0,"ornamentals"
20,2012,7,"ornamentals"
21,2012,0,"ornamentals"
24,2012,7,"ornamentals"
25,2012,14565,"ornamentals"
26,2012,0,"ornamentals"
28,2012,0,"ornamentals"
29,2012,0,"ornamentals"
30,2012,0,"ornamentals"
31,2012,0,"ornamentals"
32,2012,0,"ornamentals"
33,2012,0,"ornamentals"
34,2012,0,"ornamentals"
35,2012,0,"ornamentals"
36,2012,0,"ornamentals"
37,2012,17,"ornamentals"
38,2012,0,"ornamentals"
39,2012,0,"ornamentals"
40,2012,6146,"ornamentals"
41,2012,0,"ornamentals"
42,2012,8,"ornamentals"
43,2012,16,"ornamentals"
44,2012,0,"ornamentals"
45,2012,0,"ornamentals"
46,2012,0,"ornamentals"
47,2012,1,"ornamentals"
48,2012,0,"ornamentals"
49,2012,0.1,"ornamentals"
50,2012,0,"ornamentals"
51,2012,0,"ornamentals"
52,2012,0,"ornamentals"
53,2012,6,"ornamentals"
54,2012,0,"ornamentals"
55,2012,0,"ornamentals"
56,2012,0,"ornamentals"
57,2012,0,"ornamentals"
58,2012,0,"ornamentals"
59,2012,180,"ornamentals"
60,2012,0,"ornamentals"
61,2012,0,"ornamentals"
62,2012,0,"ornamentals"
63,2012,0,"ornamentals"
64,2012,0,"ornamentals"
65,2012,0,"ornamentals"
66,2012,0,"ornamentals"
67,2012,0,"ornamentals"
68,2012,0,"ornamentals"
69,2012,0,"ornamentals"
70,2012,0,"ornamentals"
71,2012,0,"ornamentals"
72,2012,0,"ornamentals"
73,2012,0,"ornamentals"
74,2012,0,"ornamentals"
75,2012,0,"ornamentals"
76,2012,11,"ornamentals"
77,2012,100,"ornamentals"
78,2012,4,"ornamentals"
79,2012,27,"ornamentals"
80,2012,0,"ornamentals"
81,2012,0,"ornamentals"
82,2012,0,"ornamentals"
84,2012,0,"ornamentals"
85,2012,0,"ornamentals"
86,2012,0,"ornamentals"
88,2012,0,"ornamentals"
89,2012,0,"ornamentals"
90,2012,0,"ornamentals"
91,2012,0,"ornamentals"
92,2012,0,"ornamentals"
93,2012,0,"ornamentals"
94,2012,0,"ornamentals"
95,2012,0,"ornamentals"
96,2012,0,"ornamentals"
97,2012,2,"ornamentals"
98,2012,0,"ornamentals"
99,2012,0,"ornamentals"
100,2012,0,"ornamentals"
101,2012,14,"ornamentals"
102,2012,0,"ornamentals"
103,2012,0,"ornamentals"
104,2012,0,"ornamentals"
105,2012,0,"ornamentals"
106,2012,0,"ornamentals"
107,2012,0,"ornamentals"
108,2012,0,"ornamentals"
110,2012,0,"ornamentals"
111,2012,0,"ornamentals"
112,2012,112,"ornamentals"
113,2012,0,"ornamentals"
114,2012,333,"ornamentals"
115,2012,17,"ornamentals"
116,2012,0,"ornamentals"
117,2012,0,"ornamentals"
118,2012,0,"ornamentals"
119,2012,0,"ornamentals"
120,2012,0,"ornamentals"
121,2012,0,"ornamentals"
122,2012,0,"ornamentals"
123,2012,0,"ornamentals"
124,2012,0,"ornamentals"
125,2012,0,"ornamentals"
126,2012,23,"ornamentals"
127,2012,0,"ornamentals"
129,2012,0,"ornamentals"
130,2012,0,"ornamentals"
131,2012,9,"ornamentals"
132,2012,0,"ornamentals"
133,2012,0,"ornamentals"
134,2012,0,"ornamentals"
135,2012,115,"ornamentals"
136,2012,0,"ornamentals"
137,2012,144,"ornamentals"
138,2012,90,"ornamentals"
139,2012,0,"ornamentals"
140,2012,0,"ornamentals"
141,2012,0,"ornamentals"
143,2012,0,"ornamentals"
144,2012,0,"ornamentals"
145,2012,0,"ornamentals"
146,2012,0,"ornamentals"
147,2012,95,"ornamentals"
148,2012,0,"ornamentals"
149,2012,0,"ornamentals"
150,2012,0,"ornamentals"
151,2012,0,"ornamentals"
152,2012,0,"ornamentals"
153,2012,18,"ornamentals"
154,2012,0,"ornamentals"
155,2012,15,"ornamentals"
156,2012,0,"ornamentals"
157,2012,0,"ornamentals"
158,2012,0,"ornamentals"
159,2012,0,"ornamentals"
161,2012,0,"ornamentals"
162,2012,0,"ornamentals"
163,2012,2956,"ornamentals"
164,2012,284,"ornamentals"
166,2012,0,"ornamentals"
167,2012,8,"ornamentals"
168,2012,3,"ornamentals"
169,2012,0,"ornamentals"
171,2012,579,"ornamentals"
172,2012,0,"ornamentals"
173,2012,0,"ornamentals"
174,2012,0,"ornamentals"
175,2012,3,"ornamentals"
176,2012,305,"ornamentals"
177,2012,6898,"ornamentals"
178,2012,49,"ornamentals"
179,2012,1310,"ornamentals"
180,2012,2212,"ornamentals"
181,2012,9,"ornamentals"
182,2012,34096,"ornamentals"
183,2012,1427,"ornamentals"
184,2012,501,"ornamentals"
185,2012,0,"ornamentals"
186,2012,0,"ornamentals"
187,2012,0,"ornamentals"
188,2012,3,"ornamentals"
189,2012,0,"ornamentals"
190,2012,0,"ornamentals"
191,2012,0,"ornamentals"
192,2012,0,"ornamentals"
193,2012,0,"ornamentals"
194,2012,0,"ornamentals"
195,2012,0.1,"ornamentals"
196,2012,0,"ornamentals"
197,2012,0,"ornamentals"
198,2012,0,"ornamentals"
199,2012,25,"ornamentals"
200,2012,0,"ornamentals"
202,2012,2,"ornamentals"
203,2012,1087,"ornamentals"
204,2012,0,"ornamentals"
205,2012,185,"ornamentals"
206,2012,15818,"ornamentals"
207,2012,107,"ornamentals"
208,2012,3105,"ornamentals"
209,2012,64,"ornamentals"
210,2012,330,"ornamentals"
212,2012,0,"ornamentals"
213,2012,0,"ornamentals"
214,2012,9,"ornamentals"
215,2012,0,"ornamentals"
216,2012,5488,"ornamentals"
218,2012,5,"ornamentals"
219,2012,0,"ornamentals"
220,2012,0,"ornamentals"
221,2012,0,"ornamentals"
222,2012,63,"ornamentals"
223,2012,0,"ornamentals"
224,2012,0,"ornamentals"
227,2012,0,"ornamentals"
228,2012,0,"ornamentals"
231,2012,0,"ornamentals"
232,2012,0,"ornamentals"
237,2012,0,"ornamentals"
244,2012,0,"ornamentals"
245,2012,0,"ornamentals"
247,2012,0,"ornamentals"
248,2012,0,"ornamentals"
249,2012,0,"ornamentals"
250,2012,0,"ornamentals"
1,2013,0,"ornamentals"
2,2013,0,"ornamentals"
3,2013,0,"ornamentals"
4,2013,0,"ornamentals"
5,2013,348,"ornamentals"
6,2013,208,"ornamentals"
7,2013,0,"ornamentals"
8,2013,8,"ornamentals"
9,2013,202,"ornamentals"
10,2013,0,"ornamentals"
11,2013,163,"ornamentals"
12,2013,0,"ornamentals"
13,2013,0,"ornamentals"
14,2013,3420,"ornamentals"
15,2013,6182,"ornamentals"
16,2013,2001,"ornamentals"
17,2013,1,"ornamentals"
18,2013,763,"ornamentals"
19,2013,0,"ornamentals"
20,2013,0,"ornamentals"
21,2013,0,"ornamentals"
24,2013,0,"ornamentals"
25,2013,13462,"ornamentals"
26,2013,0,"ornamentals"
28,2013,0,"ornamentals"
29,2013,0,"ornamentals"
30,2013,0,"ornamentals"
31,2013,0,"ornamentals"
32,2013,0,"ornamentals"
33,2013,0,"ornamentals"
34,2013,0,"ornamentals"
35,2013,0,"ornamentals"
36,2013,0,"ornamentals"
37,2013,0,"ornamentals"
38,2013,0,"ornamentals"
39,2013,478,"ornamentals"
40,2013,939,"ornamentals"
41,2013,6,"ornamentals"
42,2013,23,"ornamentals"
43,2013,16,"ornamentals"
44,2013,0,"ornamentals"
45,2013,0,"ornamentals"
46,2013,0,"ornamentals"
47,2013,0,"ornamentals"
48,2013,0,"ornamentals"
49,2013,0,"ornamentals"
50,2013,0,"ornamentals"
51,2013,0,"ornamentals"
52,2013,1,"ornamentals"
53,2013,13,"ornamentals"
54,2013,7,"ornamentals"
55,2013,0,"ornamentals"
56,2013,0,"ornamentals"
57,2013,0,"ornamentals"
58,2013,0,"ornamentals"
59,2013,321,"ornamentals"
60,2013,0,"ornamentals"
61,2013,0,"ornamentals"
62,2013,0,"ornamentals"
63,2013,0,"ornamentals"
64,2013,0,"ornamentals"
65,2013,0,"ornamentals"
66,2013,0,"ornamentals"
67,2013,0,"ornamentals"
68,2013,0,"ornamentals"
69,2013,0,"ornamentals"
70,2013,0,"ornamentals"
71,2013,0,"ornamentals"
72,2013,0,"ornamentals"
73,2013,0,"ornamentals"
74,2013,0,"ornamentals"
75,2013,0,"ornamentals"
76,2013,44,"ornamentals"
77,2013,50,"ornamentals"
78,2013,9,"ornamentals"
79,2013,73,"ornamentals"
80,2013,0,"ornamentals"
81,2013,0,"ornamentals"
82,2013,0,"ornamentals"
84,2013,0,"ornamentals"
85,2013,0,"ornamentals"
86,2013,0,"ornamentals"
88,2013,0,"ornamentals"
89,2013,0,"ornamentals"
90,2013,0,"ornamentals"
91,2013,0,"ornamentals"
92,2013,0,"ornamentals"
93,2013,0,"ornamentals"
94,2013,0,"ornamentals"
95,2013,0,"ornamentals"
96,2013,0,"ornamentals"
97,2013,0,"ornamentals"
98,2013,0,"ornamentals"
99,2013,0,"ornamentals"
100,2013,0,"ornamentals"
101,2013,15,"ornamentals"
102,2013,1,"ornamentals"
103,2013,0,"ornamentals"
104,2013,0,"ornamentals"
105,2013,0,"ornamentals"
106,2013,32.1,"ornamentals"
107,2013,0,"ornamentals"
108,2013,0,"ornamentals"
110,2013,0,"ornamentals"
111,2013,0,"ornamentals"
112,2013,118,"ornamentals"
113,2013,0,"ornamentals"
114,2013,219,"ornamentals"
115,2013,0,"ornamentals"
116,2013,0,"ornamentals"
117,2013,0,"ornamentals"
118,2013,0,"ornamentals"
119,2013,0,"ornamentals"
120,2013,0,"ornamentals"
121,2013,0,"ornamentals"
122,2013,0,"ornamentals"
123,2013,0,"ornamentals"
124,2013,0,"ornamentals"
125,2013,0,"ornamentals"
126,2013,15,"ornamentals"
127,2013,0,"ornamentals"
129,2013,0,"ornamentals"
130,2013,64,"ornamentals"
131,2013,6,"ornamentals"
132,2013,0,"ornamentals"
133,2013,0,"ornamentals"
134,2013,0,"ornamentals"
135,2013,80,"ornamentals"
136,2013,0,"ornamentals"
137,2013,79,"ornamentals"
138,2013,81,"ornamentals"
139,2013,0,"ornamentals"
140,2013,0,"ornamentals"
141,2013,0,"ornamentals"
143,2013,0,"ornamentals"
144,2013,0,"ornamentals"
145,2013,0,"ornamentals"
146,2013,0,"ornamentals"
147,2013,108,"ornamentals"
148,2013,0,"ornamentals"
149,2013,0,"ornamentals"
150,2013,0,"ornamentals"
151,2013,0,"ornamentals"
152,2013,0,"ornamentals"
153,2013,5,"ornamentals"
154,2013,0,"ornamentals"
155,2013,4,"ornamentals"
156,2013,0,"ornamentals"
157,2013,0,"ornamentals"
158,2013,0,"ornamentals"
159,2013,0,"ornamentals"
161,2013,0,"ornamentals"
162,2013,0,"ornamentals"
163,2013,3783,"ornamentals"
164,2013,208,"ornamentals"
166,2013,3,"ornamentals"
167,2013,1,"ornamentals"
168,2013,1,"ornamentals"
169,2013,0,"ornamentals"
171,2013,425,"ornamentals"
172,2013,0,"ornamentals"
173,2013,0,"ornamentals"
174,2013,0,"ornamentals"
175,2013,0.1,"ornamentals"
176,2013,442,"ornamentals"
177,2013,7671,"ornamentals"
178,2013,126,"ornamentals"
179,2013,2189,"ornamentals"
180,2013,2502,"ornamentals"
181,2013,0.1,"ornamentals"
182,2013,37993,"ornamentals"
183,2013,1749,"ornamentals"
184,2013,450,"ornamentals"
185,2013,0,"ornamentals"
186,2013,0,"ornamentals"
187,2013,0,"ornamentals"
188,2013,5,"ornamentals"
189,2013,0,"ornamentals"
190,2013,0,"ornamentals"
191,2013,4,"ornamentals"
192,2013,0,"ornamentals"
193,2013,0,"ornamentals"
194,2013,3,"ornamentals"
195,2013,0,"ornamentals"
196,2013,0,"ornamentals"
197,2013,0,"ornamentals"
198,2013,0,"ornamentals"
199,2013,10,"ornamentals"
200,2013,0,"ornamentals"
202,2013,1,"ornamentals"
203,2013,1214,"ornamentals"
204,2013,0.1,"ornamentals"
205,2013,207,"ornamentals"
206,2013,791,"ornamentals"
207,2013,35,"ornamentals"
208,2013,1841,"ornamentals"
209,2013,25,"ornamentals"
210,2013,491,"ornamentals"
212,2013,53,"ornamentals"
213,2013,0,"ornamentals"
214,2013,11,"ornamentals"
215,2013,0,"ornamentals"
216,2013,7543,"ornamentals"
218,2013,0,"ornamentals"
219,2013,0,"ornamentals"
220,2013,0,"ornamentals"
221,2013,0,"ornamentals"
222,2013,460,"ornamentals"
223,2013,0,"ornamentals"
224,2013,0,"ornamentals"
227,2013,0,"ornamentals"
228,2013,0,"ornamentals"
231,2013,0,"ornamentals"
232,2013,0,"ornamentals"
237,2013,0,"ornamentals"
244,2013,0,"ornamentals"
245,2013,0,"ornamentals"
247,2013,0,"ornamentals"
248,2013,0,"ornamentals"
249,2013,0,"ornamentals"
250,2013,0.1,"ornamentals"
1,2014,0,"ornamentals"
2,2014,0,"ornamentals"
3,2014,0,"ornamentals"
4,2014,0,"ornamentals"
5,2014,367,"ornamentals"
6,2014,480,"ornamentals"
7,2014,0,"ornamentals"
8,2014,0,"ornamentals"
9,2014,72,"ornamentals"
10,2014,0,"ornamentals"
11,2014,117,"ornamentals"
12,2014,0,"ornamentals"
13,2014,0,"ornamentals"
14,2014,1232,"ornamentals"
15,2014,5962,"ornamentals"
16,2014,1473,"ornamentals"
17,2014,1,"ornamentals"
18,2014,814,"ornamentals"
19,2014,0,"ornamentals"
20,2014,0,"ornamentals"
21,2014,0,"ornamentals"
24,2014,0,"ornamentals"
25,2014,12867,"ornamentals"
26,2014,0,"ornamentals"
28,2014,0,"ornamentals"
29,2014,0,"ornamentals"
30,2014,0,"ornamentals"
31,2014,0,"ornamentals"
32,2014,0,"ornamentals"
33,2014,0,"ornamentals"
34,2014,0,"ornamentals"
35,2014,0,"ornamentals"
36,2014,0,"ornamentals"
37,2014,0,"ornamentals"
38,2014,0,"ornamentals"
39,2014,537,"ornamentals"
40,2014,1299,"ornamentals"
41,2014,8,"ornamentals"
42,2014,18,"ornamentals"
43,2014,17,"ornamentals"
44,2014,0,"ornamentals"
45,2014,0,"ornamentals"
46,2014,0,"ornamentals"
47,2014,11,"ornamentals"
48,2014,0,"ornamentals"
49,2014,0,"ornamentals"
50,2014,0,"ornamentals"
51,2014,0,"ornamentals"
52,2014,0,"ornamentals"
53,2014,241,"ornamentals"
54,2014,0,"ornamentals"
55,2014,0,"ornamentals"
56,2014,0,"ornamentals"
57,2014,0,"ornamentals"
58,2014,0,"ornamentals"
59,2014,86,"ornamentals"
60,2014,0,"ornamentals"
61,2014,0,"ornamentals"
62,2014,0,"ornamentals"
63,2014,0,"ornamentals"
64,2014,0,"ornamentals"
65,2014,0,"ornamentals"
66,2014,0,"ornamentals"
67,2014,0,"ornamentals"
68,2014,0,"ornamentals"
69,2014,0,"ornamentals"
70,2014,0,"ornamentals"
71,2014,0,"ornamentals"
72,2014,0,"ornamentals"
73,2014,0,"ornamentals"
74,2014,0,"ornamentals"
75,2014,0,"ornamentals"
76,2014,125,"ornamentals"
77,2014,169,"ornamentals"
78,2014,0,"ornamentals"
79,2014,0,"ornamentals"
80,2014,0,"ornamentals"
81,2014,0,"ornamentals"
82,2014,0,"ornamentals"
84,2014,0,"ornamentals"
85,2014,0,"ornamentals"
86,2014,0,"ornamentals"
88,2014,0,"ornamentals"
89,2014,0,"ornamentals"
90,2014,0,"ornamentals"
91,2014,0,"ornamentals"
92,2014,0,"ornamentals"
93,2014,0,"ornamentals"
94,2014,0,"ornamentals"
95,2014,0,"ornamentals"
96,2014,19,"ornamentals"
97,2014,0,"ornamentals"
98,2014,0,"ornamentals"
99,2014,0,"ornamentals"
100,2014,0,"ornamentals"
101,2014,26,"ornamentals"
102,2014,41,"ornamentals"
103,2014,0,"ornamentals"
104,2014,0,"ornamentals"
105,2014,0,"ornamentals"
106,2014,0,"ornamentals"
107,2014,0,"ornamentals"
108,2014,0,"ornamentals"
110,2014,0,"ornamentals"
111,2014,0,"ornamentals"
112,2014,119,"ornamentals"
113,2014,0,"ornamentals"
114,2014,204,"ornamentals"
115,2014,0.1,"ornamentals"
116,2014,0,"ornamentals"
117,2014,0,"ornamentals"
118,2014,0,"ornamentals"
119,2014,0,"ornamentals"
120,2014,0,"ornamentals"
121,2014,0,"ornamentals"
122,2014,0,"ornamentals"
123,2014,0,"ornamentals"
124,2014,0,"ornamentals"
125,2014,0,"ornamentals"
126,2014,19,"ornamentals"
127,2014,0,"ornamentals"
129,2014,0,"ornamentals"
130,2014,30,"ornamentals"
131,2014,18,"ornamentals"
132,2014,0,"ornamentals"
133,2014,0,"ornamentals"
134,2014,0,"ornamentals"
135,2014,67,"ornamentals"
136,2014,0,"ornamentals"
137,2014,160,"ornamentals"
138,2014,58,"ornamentals"
139,2014,0,"ornamentals"
140,2014,0,"ornamentals"
141,2014,0,"ornamentals"
143,2014,0,"ornamentals"
144,2014,0,"ornamentals"
145,2014,0,"ornamentals"
146,2014,0,"ornamentals"
147,2014,264,"ornamentals"
148,2014,0,"ornamentals"
149,2014,0,"ornamentals"
150,2014,0,"ornamentals"
151,2014,0,"ornamentals"
152,2014,0,"ornamentals"
153,2014,38,"ornamentals"
154,2014,0,"ornamentals"
155,2014,6,"ornamentals"
156,2014,0,"ornamentals"
157,2014,0,"ornamentals"
158,2014,0,"ornamentals"
159,2014,0,"ornamentals"
161,2014,0,"ornamentals"
162,2014,0,"ornamentals"
163,2014,3313,"ornamentals"
164,2014,66.41,"ornamentals"
166,2014,7,"ornamentals"
167,2014,2,"ornamentals"
168,2014,0,"ornamentals"
169,2014,0,"ornamentals"
171,2014,314,"ornamentals"
172,2014,0,"ornamentals"
173,2014,0,"ornamentals"
174,2014,0,"ornamentals"
175,2014,31,"ornamentals"
176,2014,585,"ornamentals"
177,2014,4767,"ornamentals"
178,2014,0,"ornamentals"
179,2014,2325,"ornamentals"
180,2014,2033,"ornamentals"
181,2014,12,"ornamentals"
182,2014,34715,"ornamentals"
183,2014,998,"ornamentals"
184,2014,449,"ornamentals"
185,2014,0,"ornamentals"
186,2014,0,"ornamentals"
187,2014,0,"ornamentals"
188,2014,0,"ornamentals"
189,2014,0,"ornamentals"
190,2014,0,"ornamentals"
191,2014,5,"ornamentals"
192,2014,0,"ornamentals"
193,2014,0,"ornamentals"
194,2014,0,"ornamentals"
195,2014,0,"ornamentals"
196,2014,0,"ornamentals"
197,2014,0,"ornamentals"
198,2014,0,"ornamentals"
199,2014,0,"ornamentals"
200,2014,0,"ornamentals"
202,2014,16,"ornamentals"
203,2014,1875,"ornamentals"
204,2014,0,"ornamentals"
205,2014,195,"ornamentals"
206,2014,1243,"ornamentals"
207,2014,240,"ornamentals"
208,2014,1449,"ornamentals"
209,2014,36,"ornamentals"
210,2014,956,"ornamentals"
212,2014,71,"ornamentals"
213,2014,0,"ornamentals"
214,2014,29,"ornamentals"
215,2014,0,"ornamentals"
216,2014,5197,"ornamentals"
218,2014,19,"ornamentals"
219,2014,0,"ornamentals"
220,2014,0,"ornamentals"
221,2014,0,"ornamentals"
222,2014,441,"ornamentals"
223,2014,0,"ornamentals"
224,2014,0,"ornamentals"
227,2014,0,"ornamentals"
228,2014,0,"ornamentals"
231,2014,0,"ornamentals"
232,2014,0,"ornamentals"
237,2014,0,"ornamentals"
244,2014,0,"ornamentals"
245,2014,0,"ornamentals"
247,2014,0,"ornamentals"
248,2014,0,"ornamentals"
249,2014,0,"ornamentals"
250,2014,0,"ornamentals"
1,2015,0,"ornamentals"
2,2015,0,"ornamentals"
3,2015,0,"ornamentals"
4,2015,0,"ornamentals"
5,2015,378,"ornamentals"
6,2015,198,"ornamentals"
7,2015,0,"ornamentals"
8,2015,7,"ornamentals"
9,2015,32,"ornamentals"
10,2015,0,"ornamentals"
11,2015,89,"ornamentals"
12,2015,0,"ornamentals"
13,2015,0,"ornamentals"
14,2015,1738,"ornamentals"
15,2015,5698,"ornamentals"
16,2015,1130,"ornamentals"
17,2015,0,"ornamentals"
18,2015,785,"ornamentals"
19,2015,0,"ornamentals"
20,2015,16,"ornamentals"
21,2015,0,"ornamentals"
24,2015,0,"ornamentals"
25,2015,11845,"ornamentals"
26,2015,0,"ornamentals"
28,2015,0,"ornamentals"
29,2015,0,"ornamentals"
30,2015,0,"ornamentals"
31,2015,0,"ornamentals"
32,2015,0,"ornamentals"
33,2015,0,"ornamentals"
34,2015,0,"ornamentals"
35,2015,0,"ornamentals"
36,2015,0,"ornamentals"
37,2015,12,"ornamentals"
38,2015,0,"ornamentals"
39,2015,585,"ornamentals"
40,2015,1936,"ornamentals"
41,2015,0.1,"ornamentals"
42,2015,27,"ornamentals"
43,2015,8,"ornamentals"
44,2015,0,"ornamentals"
45,2015,0,"ornamentals"
46,2015,64,"ornamentals"
47,2015,0,"ornamentals"
48,2015,0,"ornamentals"
49,2015,0,"ornamentals"
50,2015,0,"ornamentals"
51,2015,0,"ornamentals"
52,2015,0,"ornamentals"
53,2015,586,"ornamentals"
54,2015,0,"ornamentals"
55,2015,0,"ornamentals"
56,2015,0,"ornamentals"
57,2015,0,"ornamentals"
58,2015,0,"ornamentals"
59,2015,131,"ornamentals"
60,2015,0,"ornamentals"
61,2015,0,"ornamentals"
62,2015,0,"ornamentals"
63,2015,0,"ornamentals"
64,2015,0,"ornamentals"
65,2015,0,"ornamentals"
66,2015,0,"ornamentals"
67,2015,0,"ornamentals"
68,2015,0,"ornamentals"
69,2015,0,"ornamentals"
70,2015,0,"ornamentals"
71,2015,0,"ornamentals"
72,2015,0,"ornamentals"
73,2015,0,"ornamentals"
74,2015,0,"ornamentals"
75,2015,0,"ornamentals"
76,2015,205,"ornamentals"
77,2015,18,"ornamentals"
78,2015,4,"ornamentals"
79,2015,14,"ornamentals"
80,2015,0,"ornamentals"
81,2015,0,"ornamentals"
82,2015,0,"ornamentals"
84,2015,0,"ornamentals"
85,2015,0,"ornamentals"
86,2015,0,"ornamentals"
88,2015,0,"ornamentals"
89,2015,0,"ornamentals"
90,2015,0,"ornamentals"
91,2015,0,"ornamentals"
92,2015,0,"ornamentals"
93,2015,0,"ornamentals"
94,2015,0,"ornamentals"
95,2015,0,"ornamentals"
96,2015,0,"ornamentals"
97,2015,0,"ornamentals"
98,2015,0,"ornamentals"
99,2015,0,"ornamentals"
100,2015,0,"ornamentals"
101,2015,0,"ornamentals"
102,2015,112,"ornamentals"
103,2015,0,"ornamentals"
104,2015,0,"ornamentals"
105,2015,0,"ornamentals"
106,2015,0,"ornamentals"
107,2015,0,"ornamentals"
108,2015,0,"ornamentals"
110,2015,0,"ornamentals"
111,2015,0,"ornamentals"
112,2015,86,"ornamentals"
113,2015,0,"ornamentals"
114,2015,260,"ornamentals"
115,2015,3,"ornamentals"
116,2015,0,"ornamentals"
117,2015,0,"ornamentals"
118,2015,0,"ornamentals"
119,2015,0,"ornamentals"
120,2015,0,"ornamentals"
121,2015,0,"ornamentals"
122,2015,0,"ornamentals"
123,2015,0,"ornamentals"
124,2015,0.1,"ornamentals"
125,2015,0,"ornamentals"
126,2015,12,"ornamentals"
127,2015,0,"ornamentals"
129,2015,0,"ornamentals"
130,2015,45,"ornamentals"
131,2015,27,"ornamentals"
132,2015,879,"ornamentals"
133,2015,0,"ornamentals"
134,2015,0,"ornamentals"
135,2015,52,"ornamentals"
136,2015,0,"ornamentals"
137,2015,151,"ornamentals"
138,2015,113,"ornamentals"
139,2015,0,"ornamentals"
140,2015,0,"ornamentals"
141,2015,0,"ornamentals"
143,2015,0,"ornamentals"
144,2015,0,"ornamentals"
145,2015,0,"ornamentals"
146,2015,0,"ornamentals"
147,2015,234,"ornamentals"
148,2015,0,"ornamentals"
149,2015,0,"ornamentals"
150,2015,0,"ornamentals"
151,2015,0,"ornamentals"
152,2015,0,"ornamentals"
153,2015,16,"ornamentals"
154,2015,0,"ornamentals"
155,2015,3,"ornamentals"
156,2015,0,"ornamentals"
157,2015,0,"ornamentals"
158,2015,0,"ornamentals"
159,2015,0,"ornamentals"
161,2015,0,"ornamentals"
162,2015,0,"ornamentals"
163,2015,3330,"ornamentals"
164,2015,0,"ornamentals"
166,2015,1,"ornamentals"
167,2015,9,"ornamentals"
168,2015,0,"ornamentals"
169,2015,0,"ornamentals"
171,2015,329,"ornamentals"
172,2015,0,"ornamentals"
173,2015,0,"ornamentals"
174,2015,0,"ornamentals"
175,2015,85,"ornamentals"
176,2015,642,"ornamentals"
177,2015,7400,"ornamentals"
178,2015,0,"ornamentals"
179,2015,1802,"ornamentals"
180,2015,976,"ornamentals"
181,2015,9,"ornamentals"
182,2015,35115,"ornamentals"
183,2015,964,"ornamentals"
184,2015,331,"ornamentals"
185,2015,0,"ornamentals"
186,2015,0,"ornamentals"
187,2015,0,"ornamentals"
188,2015,0,"ornamentals"
189,2015,4,"ornamentals"
190,2015,0,"ornamentals"
191,2015,28,"ornamentals"
192,2015,0,"ornamentals"
193,2015,0,"ornamentals"
194,2015,0,"ornamentals"
195,2015,0,"ornamentals"
196,2015,0,"ornamentals"
197,2015,0,"ornamentals"
198,2015,0,"ornamentals"
199,2015,0,"ornamentals"
200,2015,0,"ornamentals"
202,2015,221,"ornamentals"
203,2015,509,"ornamentals"
204,2015,0.1,"ornamentals"
205,2015,191,"ornamentals"
206,2015,1006,"ornamentals"
207,2015,251,"ornamentals"
208,2015,1216,"ornamentals"
209,2015,25,"ornamentals"
210,2015,441,"ornamentals"
212,2015,85,"ornamentals"
213,2015,0,"ornamentals"
214,2015,336,"ornamentals"
215,2015,1,"ornamentals"
216,2015,5493,"ornamentals"
218,2015,1,"ornamentals"
219,2015,0,"ornamentals"
220,2015,0,"ornamentals"
221,2015,0,"ornamentals"
222,2015,357,"ornamentals"
223,2015,0,"ornamentals"
224,2015,0,"ornamentals"
227,2015,0,"ornamentals"
228,2015,0,"ornamentals"
231,2015,0,"ornamentals"
232,2015,0,"ornamentals"
237,2015,0,"ornamentals"
244,2015,0,"ornamentals"
245,2015,0,"ornamentals"
247,2015,0,"ornamentals"
248,2015,0,"ornamentals"
249,2015,0,"ornamentals"
250,2015,0,"ornamentals"
1,2016,0,"ornamentals"
2,2016,0,"ornamentals"
3,2016,0,"ornamentals"
4,2016,0,"ornamentals"
5,2016,294,"ornamentals"
6,2016,105,"ornamentals"
7,2016,0,"ornamentals"
8,2016,10,"ornamentals"
9,2016,75,"ornamentals"
10,2016,0,"ornamentals"
11,2016,105,"ornamentals"
12,2016,0,"ornamentals"
13,2016,0,"ornamentals"
14,2016,2562,"ornamentals"
15,2016,5803,"ornamentals"
16,2016,1300,"ornamentals"
17,2016,3,"ornamentals"
18,2016,731,"ornamentals"
19,2016,0,"ornamentals"
20,2016,8,"ornamentals"
21,2016,0,"ornamentals"
24,2016,0,"ornamentals"
25,2016,12188,"ornamentals"
26,2016,0,"ornamentals"
28,2016,0,"ornamentals"
29,2016,0,"ornamentals"
30,2016,0,"ornamentals"
31,2016,0,"ornamentals"
32,2016,0,"ornamentals"
33,2016,0,"ornamentals"
34,2016,0,"ornamentals"
35,2016,0,"ornamentals"
36,2016,0,"ornamentals"
37,2016,94,"ornamentals"
38,2016,0,"ornamentals"
39,2016,493,"ornamentals"
40,2016,6757,"ornamentals"
41,2016,0.1,"ornamentals"
42,2016,6,"ornamentals"
43,2016,15,"ornamentals"
44,2016,0,"ornamentals"
45,2016,0,"ornamentals"
46,2016,558,"ornamentals"
47,2016,6,"ornamentals"
48,2016,0,"ornamentals"
49,2016,10,"ornamentals"
50,2016,0,"ornamentals"
51,2016,0,"ornamentals"
52,2016,0,"ornamentals"
53,2016,206,"ornamentals"
54,2016,0,"ornamentals"
55,2016,0,"ornamentals"
56,2016,0,"ornamentals"
57,2016,0,"ornamentals"
58,2016,0,"ornamentals"
59,2016,119,"ornamentals"
60,2016,0,"ornamentals"
61,2016,0,"ornamentals"
62,2016,0,"ornamentals"
63,2016,0,"ornamentals"
64,2016,0,"ornamentals"
65,2016,0,"ornamentals"
66,2016,0,"ornamentals"
67,2016,15048.75,"ornamentals"
68,2016,0,"ornamentals"
69,2016,0,"ornamentals"
70,2016,0,"ornamentals"
71,2016,0,"ornamentals"
72,2016,0.1,"ornamentals"
73,2016,0,"ornamentals"
74,2016,0,"ornamentals"
75,2016,0,"ornamentals"
76,2016,17,"ornamentals"
77,2016,15,"ornamentals"
78,2016,8,"ornamentals"
79,2016,53,"ornamentals"
80,2016,0,"ornamentals"
81,2016,0,"ornamentals"
82,2016,0,"ornamentals"
84,2016,0,"ornamentals"
85,2016,0,"ornamentals"
86,2016,0,"ornamentals"
88,2016,0,"ornamentals"
89,2016,0,"ornamentals"
90,2016,0,"ornamentals"
91,2016,0,"ornamentals"
92,2016,0,"ornamentals"
93,2016,0,"ornamentals"
94,2016,0,"ornamentals"
95,2016,0,"ornamentals"
96,2016,0,"ornamentals"
97,2016,0,"ornamentals"
98,2016,0,"ornamentals"
99,2016,0,"ornamentals"
100,2016,0,"ornamentals"
101,2016,0,"ornamentals"
102,2016,128,"ornamentals"
103,2016,0,"ornamentals"
104,2016,0,"ornamentals"
105,2016,0,"ornamentals"
106,2016,0,"ornamentals"
107,2016,0,"ornamentals"
108,2016,0,"ornamentals"
110,2016,0,"ornamentals"
111,2016,0,"ornamentals"
112,2016,46.82,"ornamentals"
113,2016,0,"ornamentals"
114,2016,351,"ornamentals"
115,2016,234,"ornamentals"
116,2016,0,"ornamentals"
117,2016,0,"ornamentals"
118,2016,0,"ornamentals"
119,2016,0,"ornamentals"
120,2016,0,"ornamentals"
121,2016,0,"ornamentals"
122,2016,0,"ornamentals"
123,2016,0,"ornamentals"
124,2016,4,"ornamentals"
125,2016,0,"ornamentals"
126,2016,0.23,"ornamentals"
127,2016,0,"ornamentals"
129,2016,0,"ornamentals"
130,2016,36,"ornamentals"
131,2016,31,"ornamentals"
132,2016,868,"ornamentals"
133,2016,0,"ornamentals"
134,2016,0,"ornamentals"
135,2016,62,"ornamentals"
136,2016,0,"ornamentals"
137,2016,143,"ornamentals"
138,2016,30,"ornamentals"
139,2016,0,"ornamentals"
140,2016,0,"ornamentals"
141,2016,0,"ornamentals"
143,2016,0,"ornamentals"
144,2016,0,"ornamentals"
145,2016,0,"ornamentals"
146,2016,0,"ornamentals"
147,2016,341.52,"ornamentals"
148,2016,0,"ornamentals"
149,2016,0,"ornamentals"
150,2016,0,"ornamentals"
151,2016,0,"ornamentals"
152,2016,0,"ornamentals"
153,2016,12,"ornamentals"
154,2016,0,"ornamentals"
155,2016,10,"ornamentals"
156,2016,0,"ornamentals"
157,2016,0,"ornamentals"
158,2016,0,"ornamentals"
159,2016,0,"ornamentals"
161,2016,0,"ornamentals"
162,2016,6,"ornamentals"
163,2016,3847,"ornamentals"
164,2016,4.2,"ornamentals"
166,2016,0,"ornamentals"
167,2016,10,"ornamentals"
168,2016,0,"ornamentals"
169,2016,0,"ornamentals"
171,2016,391,"ornamentals"
172,2016,0,"ornamentals"
173,2016,0,"ornamentals"
174,2016,0,"ornamentals"
175,2016,343,"ornamentals"
176,2016,502,"ornamentals"
177,2016,3792,"ornamentals"
178,2016,0,"ornamentals"
179,2016,1404,"ornamentals"
180,2016,845,"ornamentals"
181,2016,10,"ornamentals"
182,2016,38542,"ornamentals"
183,2016,845,"ornamentals"
184,2016,769,"ornamentals"
185,2016,0,"ornamentals"
186,2016,0,"ornamentals"
187,2016,0,"ornamentals"
188,2016,0,"ornamentals"
189,2016,0,"ornamentals"
190,2016,0,"ornamentals"
191,2016,1143,"ornamentals"
192,2016,0,"ornamentals"
193,2016,0,"ornamentals"
194,2016,15.18,"ornamentals"
195,2016,0,"ornamentals"
196,2016,0,"ornamentals"
197,2016,0,"ornamentals"
198,2016,0,"ornamentals"
199,2016,0,"ornamentals"
200,2016,0,"ornamentals"
202,2016,263,"ornamentals"
203,2016,416,"ornamentals"
204,2016,0,"ornamentals"
205,2016,201,"ornamentals"
206,2016,1967,"ornamentals"
207,2016,82,"ornamentals"
208,2016,1230,"ornamentals"
209,2016,6,"ornamentals"
210,2016,758,"ornamentals"
212,2016,50,"ornamentals"
213,2016,0,"ornamentals"
214,2016,43,"ornamentals"
215,2016,0,"ornamentals"
216,2016,7681,"ornamentals"
218,2016,2,"ornamentals"
219,2016,0,"ornamentals"
220,2016,0,"ornamentals"
221,2016,0,"ornamentals"
222,2016,346,"ornamentals"
223,2016,0,"ornamentals"
224,2016,0,"ornamentals"
227,2016,0,"ornamentals"
228,2016,0,"ornamentals"
231,2016,0,"ornamentals"
232,2016,0,"ornamentals"
237,2016,0,"ornamentals"
244,2016,0,"ornamentals"
245,2016,0,"ornamentals"
247,2016,0,"ornamentals"
248,2016,0,"ornamentals"
249,2016,0,"ornamentals"
250,2016,225,"ornamentals"
1,2017,0,"ornamentals"
2,2017,0,"ornamentals"
3,2017,0,"ornamentals"
4,2017,0,"ornamentals"
5,2017,194,"ornamentals"
6,2017,189,"ornamentals"
7,2017,0,"ornamentals"
8,2017,2,"ornamentals"
9,2017,62,"ornamentals"
10,2017,0,"ornamentals"
11,2017,186,"ornamentals"
12,2017,0,"ornamentals"
13,2017,0,"ornamentals"
14,2017,2392,"ornamentals"
15,2017,5542,"ornamentals"
16,2017,1409,"ornamentals"
17,2017,0,"ornamentals"
18,2017,743,"ornamentals"
19,2017,0,"ornamentals"
20,2017,0,"ornamentals"
21,2017,0,"ornamentals"
24,2017,0,"ornamentals"
25,2017,13606,"ornamentals"
26,2017,0,"ornamentals"
28,2017,0,"ornamentals"
29,2017,0,"ornamentals"
30,2017,0,"ornamentals"
31,2017,0,"ornamentals"
32,2017,0,"ornamentals"
33,2017,0,"ornamentals"
34,2017,0,"ornamentals"
35,2017,0,"ornamentals"
36,2017,0,"ornamentals"
37,2017,77,"ornamentals"
38,2017,0,"ornamentals"
39,2017,472,"ornamentals"
40,2017,7611,"ornamentals"
41,2017,0,"ornamentals"
42,2017,30,"ornamentals"
43,2017,21,"ornamentals"
44,2017,0,"ornamentals"
45,2017,0,"ornamentals"
46,2017,942,"ornamentals"
47,2017,45,"ornamentals"
48,2017,0,"ornamentals"
49,2017,15,"ornamentals"
50,2017,0,"ornamentals"
51,2017,0,"ornamentals"
52,2017,5,"ornamentals"
53,2017,441,"ornamentals"
54,2017,0.1,"ornamentals"
55,2017,0,"ornamentals"
56,2017,0,"ornamentals"
57,2017,0,"ornamentals"
58,2017,0,"ornamentals"
59,2017,154,"ornamentals"
60,2017,0,"ornamentals"
61,2017,0,"ornamentals"
62,2017,0,"ornamentals"
63,2017,0,"ornamentals"
64,2017,0,"ornamentals"
65,2017,0,"ornamentals"
66,2017,0,"ornamentals"
67,2017,30097.49,"ornamentals"
68,2017,0,"ornamentals"
69,2017,0,"ornamentals"
70,2017,0,"ornamentals"
71,2017,62,"ornamentals"
72,2017,0,"ornamentals"
73,2017,0,"ornamentals"
74,2017,0,"ornamentals"
75,2017,0,"ornamentals"
76,2017,29,"ornamentals"
77,2017,41,"ornamentals"
78,2017,3,"ornamentals"
79,2017,71,"ornamentals"
80,2017,0,"ornamentals"
81,2017,0,"ornamentals"
82,2017,0,"ornamentals"
84,2017,0,"ornamentals"
85,2017,0,"ornamentals"
86,2017,0,"ornamentals"
88,2017,0,"ornamentals"
89,2017,0,"ornamentals"
90,2017,0,"ornamentals"
91,2017,0,"ornamentals"
92,2017,0,"ornamentals"
93,2017,0,"ornamentals"
94,2017,0,"ornamentals"
95,2017,0,"ornamentals"
96,2017,0,"ornamentals"
97,2017,0,"ornamentals"
98,2017,0,"ornamentals"
99,2017,0,"ornamentals"
100,2017,0,"ornamentals"
101,2017,0,"ornamentals"
102,2017,44,"ornamentals"
103,2017,0,"ornamentals"
104,2017,0,"ornamentals"
105,2017,0,"ornamentals"
106,2017,0.1,"ornamentals"
107,2017,0,"ornamentals"
108,2017,0,"ornamentals"
110,2017,0,"ornamentals"
111,2017,0,"ornamentals"
112,2017,47.65,"ornamentals"
113,2017,0,"ornamentals"
114,2017,472,"ornamentals"
115,2017,5.09,"ornamentals"
116,2017,0,"ornamentals"
117,2017,0,"ornamentals"
118,2017,0,"ornamentals"
119,2017,0,"ornamentals"
120,2017,0,"ornamentals"
121,2017,0,"ornamentals"
122,2017,0,"ornamentals"
123,2017,0,"ornamentals"
124,2017,0.1,"ornamentals"
125,2017,0,"ornamentals"
126,2017,0.46,"ornamentals"
127,2017,0,"ornamentals"
129,2017,0,"ornamentals"
130,2017,23,"ornamentals"
131,2017,56,"ornamentals"
132,2017,517,"ornamentals"
133,2017,0,"ornamentals"
134,2017,0,"ornamentals"
135,2017,91,"ornamentals"
136,2017,0,"ornamentals"
137,2017,99,"ornamentals"
138,2017,43,"ornamentals"
139,2017,0,"ornamentals"
140,2017,0,"ornamentals"
141,2017,0,"ornamentals"
143,2017,0,"ornamentals"
144,2017,0,"ornamentals"
145,2017,0,"ornamentals"
146,2017,0,"ornamentals"
147,2017,279.03,"ornamentals"
148,2017,0,"ornamentals"
149,2017,0,"ornamentals"
150,2017,0,"ornamentals"
151,2017,0,"ornamentals"
152,2017,0,"ornamentals"
153,2017,0,"ornamentals"
154,2017,0,"ornamentals"
155,2017,27,"ornamentals"
156,2017,0,"ornamentals"
157,2017,0,"ornamentals"
158,2017,0,"ornamentals"
159,2017,0,"ornamentals"
161,2017,0,"ornamentals"
162,2017,0,"ornamentals"
163,2017,5993,"ornamentals"
164,2017,0,"ornamentals"
166,2017,0,"ornamentals"
167,2017,8,"ornamentals"
168,2017,0,"ornamentals"
169,2017,0,"ornamentals"
171,2017,365,"ornamentals"
172,2017,0,"ornamentals"
173,2017,0,"ornamentals"
174,2017,0,"ornamentals"
175,2017,86,"ornamentals"
176,2017,524,"ornamentals"
177,2017,10447,"ornamentals"
178,2017,0,"ornamentals"
179,2017,1720,"ornamentals"
180,2017,1275,"ornamentals"
181,2017,19,"ornamentals"
182,2017,36570,"ornamentals"
183,2017,853,"ornamentals"
184,2017,1543,"ornamentals"
185,2017,0,"ornamentals"
186,2017,0,"ornamentals"
187,2017,0,"ornamentals"
188,2017,0,"ornamentals"
189,2017,76,"ornamentals"
190,2017,0,"ornamentals"
191,2017,43,"ornamentals"
192,2017,0,"ornamentals"
193,2017,0,"ornamentals"
194,2017,0,"ornamentals"
195,2017,0,"ornamentals"
196,2017,0,"ornamentals"
197,2017,0,"ornamentals"
198,2017,0,"ornamentals"
199,2017,9.8,"ornamentals"
200,2017,0,"ornamentals"
202,2017,4,"ornamentals"
203,2017,668,"ornamentals"
204,2017,0,"ornamentals"
205,2017,231,"ornamentals"
206,2017,1331,"ornamentals"
207,2017,37,"ornamentals"
208,2017,1147,"ornamentals"
209,2017,209,"ornamentals"
210,2017,330,"ornamentals"
212,2017,140,"ornamentals"
213,2017,0,"ornamentals"
214,2017,41,"ornamentals"
215,2017,2,"ornamentals"
216,2017,7138,"ornamentals"
218,2017,8,"ornamentals"
219,2017,0,"ornamentals"
220,2017,0,"ornamentals"
221,2017,0,"ornamentals"
222,2017,455,"ornamentals"
223,2017,0,"ornamentals"
224,2017,0,"ornamentals"
227,2017,0,"ornamentals"
228,2017,0,"ornamentals"
231,2017,0,"ornamentals"
232,2017,0,"ornamentals"
237,2017,0,"ornamentals"
244,2017,0,"ornamentals"
245,2017,0,"ornamentals"
247,2017,0,"ornamentals"
248,2017,0,"ornamentals"
249,2017,0,"ornamentals"
250,2017,92,"ornamentals"
1,2018,0,"ornamentals"
2,2018,0,"ornamentals"
3,2018,0,"ornamentals"
4,2018,0,"ornamentals"
5,2018,217,"ornamentals"
6,2018,10,"ornamentals"
7,2018,0,"ornamentals"
8,2018,44,"ornamentals"
9,2018,115,"ornamentals"
10,2018,0,"ornamentals"
11,2018,306,"ornamentals"
12,2018,0,"ornamentals"
13,2018,0,"ornamentals"
14,2018,2523,"ornamentals"
15,2018,5577,"ornamentals"
16,2018,1756,"ornamentals"
17,2018,0,"ornamentals"
18,2018,518,"ornamentals"
19,2018,0,"ornamentals"
20,2018,13,"ornamentals"
21,2018,0,"ornamentals"
24,2018,0,"ornamentals"
25,2018,14309,"ornamentals"
26,2018,0,"ornamentals"
28,2018,0,"ornamentals"
29,2018,0,"ornamentals"
30,2018,0,"ornamentals"
31,2018,0,"ornamentals"
32,2018,0,"ornamentals"
33,2018,0,"ornamentals"
34,2018,0,"ornamentals"
35,2018,0,"ornamentals"
36,2018,0,"ornamentals"
37,2018,188,"ornamentals"
38,2018,0,"ornamentals"
39,2018,457,"ornamentals"
40,2018,8203,"ornamentals"
41,2018,0,"ornamentals"
42,2018,8,"ornamentals"
43,2018,26,"ornamentals"
44,2018,0,"ornamentals"
45,2018,0,"ornamentals"
46,2018,832,"ornamentals"
47,2018,14,"ornamentals"
48,2018,0,"ornamentals"
49,2018,0,"ornamentals"
50,2018,0,"ornamentals"
51,2018,0,"ornamentals"
52,2018,0,"ornamentals"
53,2018,5,"ornamentals"
54,2018,23,"ornamentals"
55,2018,0,"ornamentals"
56,2018,0,"ornamentals"
57,2018,0,"ornamentals"
58,2018,0,"ornamentals"
59,2018,138,"ornamentals"
60,2018,0,"ornamentals"
61,2018,0,"ornamentals"
62,2018,0,"ornamentals"
63,2018,0,"ornamentals"
64,2018,0,"ornamentals"
65,2018,0,"ornamentals"
66,2018,0,"ornamentals"
67,2018,0,"ornamentals"
68,2018,0,"ornamentals"
69,2018,0,"ornamentals"
70,2018,0,"ornamentals"
71,2018,263,"ornamentals"
72,2018,178,"ornamentals"
73,2018,0,"ornamentals"
74,2018,0,"ornamentals"
75,2018,0,"ornamentals"
76,2018,11,"ornamentals"
77,2018,17,"ornamentals"
78,2018,1,"ornamentals"
79,2018,110,"ornamentals"
80,2018,0,"ornamentals"
81,2018,0,"ornamentals"
82,2018,0,"ornamentals"
84,2018,0,"ornamentals"
85,2018,0,"ornamentals"
86,2018,0,"ornamentals"
88,2018,0,"ornamentals"
89,2018,0,"ornamentals"
90,2018,0,"ornamentals"
91,2018,0,"ornamentals"
92,2018,0,"ornamentals"
93,2018,0,"ornamentals"
94,2018,0,"ornamentals"
95,2018,0,"ornamentals"
96,2018,0,"ornamentals"
97,2018,0,"ornamentals"
98,2018,0,"ornamentals"
99,2018,0,"ornamentals"
100,2018,0,"ornamentals"
101,2018,0,"ornamentals"
102,2018,191,"ornamentals"
103,2018,0,"ornamentals"
104,2018,0,"ornamentals"
105,2018,0,"ornamentals"
106,2018,1,"ornamentals"
107,2018,0,"ornamentals"
108,2018,0,"ornamentals"
110,2018,0,"ornamentals"
111,2018,0,"ornamentals"
112,2018,50.52,"ornamentals"
113,2018,0,"ornamentals"
114,2018,560,"ornamentals"
115,2018,80.18,"ornamentals"
116,2018,0,"ornamentals"
117,2018,0,"ornamentals"
118,2018,0,"ornamentals"
119,2018,0,"ornamentals"
120,2018,0,"ornamentals"
121,2018,0,"ornamentals"
122,2018,0,"ornamentals"
123,2018,0,"ornamentals"
124,2018,0,"ornamentals"
125,2018,0,"ornamentals"
126,2018,1.39,"ornamentals"
127,2018,0,"ornamentals"
129,2018,0,"ornamentals"
130,2018,56,"ornamentals"
131,2018,74,"ornamentals"
132,2018,975,"ornamentals"
133,2018,0,"ornamentals"
134,2018,0,"ornamentals"
135,2018,39,"ornamentals"
136,2018,0,"ornamentals"
137,2018,71,"ornamentals"
138,2018,14,"ornamentals"
139,2018,0,"ornamentals"
140,2018,0,"ornamentals"
141,2018,0,"ornamentals"
143,2018,0,"ornamentals"
144,2018,0,"ornamentals"
145,2018,0,"ornamentals"
146,2018,0,"ornamentals"
147,2018,426.02,"ornamentals"
148,2018,0,"ornamentals"
149,2018,0,"ornamentals"
150,2018,0,"ornamentals"
151,2018,0,"ornamentals"
152,2018,0,"ornamentals"
153,2018,0,"ornamentals"
154,2018,0,"ornamentals"
155,2018,77,"ornamentals"
156,2018,0,"ornamentals"
157,2018,0,"ornamentals"
158,2018,0,"ornamentals"
159,2018,0,"ornamentals"
161,2018,0,"ornamentals"
162,2018,3,"ornamentals"
163,2018,4591,"ornamentals"
164,2018,0,"ornamentals"
166,2018,0,"ornamentals"
167,2018,7,"ornamentals"
168,2018,0,"ornamentals"
169,2018,0,"ornamentals"
171,2018,273,"ornamentals"
172,2018,0,"ornamentals"
173,2018,0,"ornamentals"
174,2018,0,"ornamentals"
175,2018,63,"ornamentals"
176,2018,612,"ornamentals"
177,2018,12300,"ornamentals"
178,2018,0,"ornamentals"
179,2018,1518,"ornamentals"
180,2018,1571,"ornamentals"
181,2018,20,"ornamentals"
182,2018,35293,"ornamentals"
183,2018,970,"ornamentals"
184,2018,452,"ornamentals"
185,2018,0,"ornamentals"
186,2018,0,"ornamentals"
187,2018,0,"ornamentals"
188,2018,0,"ornamentals"
189,2018,100,"ornamentals"
190,2018,0,"ornamentals"
191,2018,38,"ornamentals"
192,2018,0,"ornamentals"
193,2018,0,"ornamentals"
194,2018,0,"ornamentals"
195,2018,0,"ornamentals"
196,2018,0,"ornamentals"
197,2018,0,"ornamentals"
198,2018,0,"ornamentals"
199,2018,6.31,"ornamentals"
200,2018,0,"ornamentals"
202,2018,28,"ornamentals"
203,2018,708,"ornamentals"
204,2018,0,"ornamentals"
205,2018,6.9,"ornamentals"
206,2018,1449,"ornamentals"
207,2018,872,"ornamentals"
208,2018,964,"ornamentals"
209,2018,134,"ornamentals"
210,2018,302,"ornamentals"
212,2018,169,"ornamentals"
213,2018,0,"ornamentals"
214,2018,65,"ornamentals"
215,2018,0.1,"ornamentals"
216,2018,7630,"ornamentals"
218,2018,6,"ornamentals"
219,2018,0,"ornamentals"
220,2018,0,"ornamentals"
221,2018,0,"ornamentals"
222,2018,619,"ornamentals"
223,2018,0,"ornamentals"
224,2018,0,"ornamentals"
227,2018,0,"ornamentals"
228,2018,0,"ornamentals"
231,2018,0,"ornamentals"
232,2018,0,"ornamentals"
237,2018,0,"ornamentals"
244,2018,0,"ornamentals"
245,2018,0,"ornamentals"
247,2018,0,"ornamentals"
248,2018,0,"ornamentals"
249,2018,0,"ornamentals"
250,2018,2,"ornamentals"
1,2019,0,"ornamentals"
2,2019,0,"ornamentals"
3,2019,0,"ornamentals"
4,2019,0,"ornamentals"
5,2019,170.06,"ornamentals"
6,2019,0,"ornamentals"
7,2019,0,"ornamentals"
8,2019,152.74,"ornamentals"
9,2019,105.55,"ornamentals"
10,2019,0,"ornamentals"
11,2019,187.89,"ornamentals"
12,2019,0,"ornamentals"
13,2019,0,"ornamentals"
14,2019,2626.21,"ornamentals"
15,2019,6186.34,"ornamentals"
16,2019,1563.49,"ornamentals"
17,2019,355.21,"ornamentals"
18,2019,1181.52,"ornamentals"
19,2019,0,"ornamentals"
20,2019,3.35,"ornamentals"
21,2019,0,"ornamentals"
24,2019,0,"ornamentals"
25,2019,14258.05,"ornamentals"
26,2019,0,"ornamentals"
28,2019,0,"ornamentals"
29,2019,0,"ornamentals"
30,2019,0,"ornamentals"
31,2019,0,"ornamentals"
32,2019,0,"ornamentals"
33,2019,0,"ornamentals"
34,2019,0,"ornamentals"
35,2019,0,"ornamentals"
36,2019,0,"ornamentals"
37,2019,62.79,"ornamentals"
38,2019,0,"ornamentals"
39,2019,430.07,"ornamentals"
40,2019,6521.25,"ornamentals"
41,2019,3.24,"ornamentals"
42,2019,3.96,"ornamentals"
43,2019,54.73,"ornamentals"
44,2019,2.31,"ornamentals"
45,2019,0,"ornamentals"
46,2019,508.91,"ornamentals"
47,2019,0,"ornamentals"
48,2019,0,"ornamentals"
49,2019,0,"ornamentals"
50,2019,0,"ornamentals"
51,2019,0,"ornamentals"
52,2019,26.17,"ornamentals"
53,2019,6.19,"ornamentals"
54,2019,236.56,"ornamentals"
55,2019,0,"ornamentals"
56,2019,0,"ornamentals"
57,2019,0,"ornamentals"
58,2019,0,"ornamentals"
59,2019,60.8,"ornamentals"
60,2019,0,"ornamentals"
61,2019,0,"ornamentals"
62,2019,0,"ornamentals"
63,2019,0,"ornamentals"
64,2019,0,"ornamentals"
65,2019,0,"ornamentals"
66,2019,0,"ornamentals"
67,2019,0,"ornamentals"
68,2019,0,"ornamentals"
69,2019,0,"ornamentals"
70,2019,0,"ornamentals"
71,2019,432.29,"ornamentals"
72,2019,214.15,"ornamentals"
73,2019,0,"ornamentals"
74,2019,0,"ornamentals"
75,2019,0,"ornamentals"
76,2019,33.21,"ornamentals"
77,2019,5.79,"ornamentals"
78,2019,0,"ornamentals"
79,2019,93,"ornamentals"
80,2019,0,"ornamentals"
81,2019,0,"ornamentals"
82,2019,0,"ornamentals"
84,2019,0,"ornamentals"
85,2019,0,"ornamentals"
86,2019,0,"ornamentals"
88,2019,0,"ornamentals"
89,2019,0,"ornamentals"
90,2019,0,"ornamentals"
91,2019,0,"ornamentals"
92,2019,0,"ornamentals"
93,2019,0,"ornamentals"
94,2019,0,"ornamentals"
95,2019,0,"ornamentals"
96,2019,0,"ornamentals"
97,2019,0,"ornamentals"
98,2019,0,"ornamentals"
99,2019,0,"ornamentals"
100,2019,0,"ornamentals"
101,2019,0,"ornamentals"
102,2019,78.09,"ornamentals"
103,2019,0,"ornamentals"
104,2019,0,"ornamentals"
105,2019,0,"ornamentals"
106,2019,72.54,"ornamentals"
107,2019,0,"ornamentals"
108,2019,0,"ornamentals"
110,2019,0,"ornamentals"
111,2019,0,"ornamentals"
112,2019,5.34,"ornamentals"
113,2019,0,"ornamentals"
114,2019,586.06,"ornamentals"
115,2019,0.5,"ornamentals"
116,2019,0,"ornamentals"
117,2019,0,"ornamentals"
118,2019,0,"ornamentals"
119,2019,0,"ornamentals"
120,2019,0,"ornamentals"
121,2019,0,"ornamentals"
122,2019,0,"ornamentals"
123,2019,0,"ornamentals"
124,2019,0,"ornamentals"
125,2019,0,"ornamentals"
126,2019,0.12,"ornamentals"
127,2019,0,"ornamentals"
129,2019,0,"ornamentals"
130,2019,241.63,"ornamentals"
131,2019,2851.24,"ornamentals"
132,2019,1254.94,"ornamentals"
133,2019,0,"ornamentals"
134,2019,0,"ornamentals"
135,2019,46.45,"ornamentals"
136,2019,0,"ornamentals"
137,2019,32.77,"ornamentals"
138,2019,1.47,"ornamentals"
139,2019,0,"ornamentals"
140,2019,0,"ornamentals"
141,2019,0,"ornamentals"
143,2019,0,"ornamentals"
144,2019,0,"ornamentals"
145,2019,0,"ornamentals"
146,2019,0,"ornamentals"
147,2019,534.71,"ornamentals"
148,2019,0,"ornamentals"
149,2019,0,"ornamentals"
150,2019,0,"ornamentals"
151,2019,0,"ornamentals"
152,2019,0,"ornamentals"
153,2019,10.36,"ornamentals"
154,2019,0,"ornamentals"
155,2019,98.68,"ornamentals"
156,2019,0,"ornamentals"
157,2019,0,"ornamentals"
158,2019,0,"ornamentals"
159,2019,0,"ornamentals"
161,2019,0,"ornamentals"
162,2019,31.94,"ornamentals"
163,2019,4495.44,"ornamentals"
164,2019,0,"ornamentals"
166,2019,0,"ornamentals"
167,2019,3.42,"ornamentals"
168,2019,16.47,"ornamentals"
169,2019,0,"ornamentals"
171,2019,239.22,"ornamentals"
172,2019,0,"ornamentals"
173,2019,0,"ornamentals"
174,2019,0,"ornamentals"
175,2019,0,"ornamentals"
176,2019,394.37,"ornamentals"
177,2019,11593.59,"ornamentals"
178,2019,2.51,"ornamentals"
179,2019,1498.8,"ornamentals"
180,2019,1499.32,"ornamentals"
181,2019,0,"ornamentals"
182,2019,31753.37,"ornamentals"
183,2019,784.97,"ornamentals"
184,2019,347.24,"ornamentals"
185,2019,0,"ornamentals"
186,2019,0,"ornamentals"
187,2019,0,"ornamentals"
188,2019,0,"ornamentals"
189,2019,208.34,"ornamentals"
190,2019,0,"ornamentals"
191,2019,76.69,"ornamentals"
192,2019,0,"ornamentals"
193,2019,0,"ornamentals"
194,2019,1.29,"ornamentals"
195,2019,0,"ornamentals"
196,2019,0,"ornamentals"
197,2019,0.09,"ornamentals"
198,2019,0,"ornamentals"
199,2019,0,"ornamentals"
200,2019,0,"ornamentals"
202,2019,17.57,"ornamentals"
203,2019,766.07,"ornamentals"
204,2019,62.53,"ornamentals"
205,2019,5.53,"ornamentals"
206,2019,871.98,"ornamentals"
207,2019,1194.31,"ornamentals"
208,2019,434.51,"ornamentals"
209,2019,412.04,"ornamentals"
210,2019,218.25,"ornamentals"
212,2019,96.44,"ornamentals"
213,2019,0,"ornamentals"
214,2019,94.56,"ornamentals"
215,2019,0,"ornamentals"
216,2019,6464.8,"ornamentals"
218,2019,0,"ornamentals"
219,2019,0,"ornamentals"
220,2019,0,"ornamentals"
221,2019,0,"ornamentals"
222,2019,41.59,"ornamentals"
223,2019,0,"ornamentals"
224,2019,0,"ornamentals"
227,2019,0,"ornamentals"
228,2019,0,"ornamentals"
231,2019,0,"ornamentals"
232,2019,0,"ornamentals"
237,2019,0,"ornamentals"
244,2019,5.83,"ornamentals"
245,2019,0,"ornamentals"
247,2019,0,"ornamentals"
248,2019,0,"ornamentals"
249,2019,0,"ornamentals"
250,2019,5.63,"ornamentals"
1,2020,0,"ornamentals"
2,2020,0,"ornamentals"
3,2020,0,"ornamentals"
4,2020,0,"ornamentals"
5,2020,114.74,"ornamentals"
6,2020,0,"ornamentals"
7,2020,0,"ornamentals"
8,2020,201.62,"ornamentals"
9,2020,26.04,"ornamentals"
10,2020,0,"ornamentals"
11,2020,272.32,"ornamentals"
12,2020,0,"ornamentals"
13,2020,0,"ornamentals"
14,2020,2134.48,"ornamentals"
15,2020,3971.36,"ornamentals"
16,2020,827.86,"ornamentals"
17,2020,262.18,"ornamentals"
18,2020,1562.11,"ornamentals"
19,2020,0,"ornamentals"
20,2020,10.15,"ornamentals"
21,2020,0,"ornamentals"
24,2020,0,"ornamentals"
25,2020,9467.96,"ornamentals"
26,2020,0,"ornamentals"
28,2020,0,"ornamentals"
29,2020,0,"ornamentals"
30,2020,0,"ornamentals"
31,2020,0,"ornamentals"
32,2020,0,"ornamentals"
33,2020,0,"ornamentals"
34,2020,0,"ornamentals"
35,2020,0,"ornamentals"
36,2020,0,"ornamentals"
37,2020,4.38,"ornamentals"
38,2020,0,"ornamentals"
39,2020,393.73,"ornamentals"
40,2020,5102.16,"ornamentals"
41,2020,0.42,"ornamentals"
42,2020,0,"ornamentals"
43,2020,269.95,"ornamentals"
44,2020,41.98,"ornamentals"
45,2020,0,"ornamentals"
46,2020,630.74,"ornamentals"
47,2020,0,"ornamentals"
48,2020,0,"ornamentals"
49,2020,0.04,"ornamentals"
50,2020,0,"ornamentals"
51,2020,0,"ornamentals"
52,2020,0,"ornamentals"
53,2020,0,"ornamentals"
54,2020,24.63,"ornamentals"
55,2020,0,"ornamentals"
56,2020,0,"ornamentals"
57,2020,0,"ornamentals"
58,2020,0,"ornamentals"
59,2020,304.79,"ornamentals"
60,2020,0,"ornamentals"
61,2020,0,"ornamentals"
62,2020,0,"ornamentals"
63,2020,0,"ornamentals"
64,2020,0,"ornamentals"
65,2020,0,"ornamentals"
66,2020,0,"ornamentals"
67,2020,0,"ornamentals"
68,2020,0,"ornamentals"
69,2020,0,"ornamentals"
70,2020,0,"ornamentals"
71,2020,762.13,"ornamentals"
72,2020,45.6,"ornamentals"
73,2020,0,"ornamentals"
74,2020,0,"ornamentals"
75,2020,0,"ornamentals"
76,2020,5.52,"ornamentals"
77,2020,0,"ornamentals"
78,2020,3.35,"ornamentals"
79,2020,0,"ornamentals"
80,2020,0,"ornamentals"
81,2020,0,"ornamentals"
82,2020,0,"ornamentals"
84,2020,0,"ornamentals"
85,2020,0,"ornamentals"
86,2020,0,"ornamentals"
88,2020,0,"ornamentals"
89,2020,0,"ornamentals"
90,2020,0,"ornamentals"
91,2020,0,"ornamentals"
92,2020,0,"ornamentals"
93,2020,0,"ornamentals"
94,2020,0,"ornamentals"
95,2020,0,"ornamentals"
96,2020,0,"ornamentals"
97,2020,0,"ornamentals"
98,2020,0,"ornamentals"
99,2020,0,"ornamentals"
100,2020,0,"ornamentals"
101,2020,0,"ornamentals"
102,2020,11.9,"ornamentals"
103,2020,0,"ornamentals"
104,2020,0,"ornamentals"
105,2020,0,"ornamentals"
106,2020,1.62,"ornamentals"
107,2020,0,"ornamentals"
108,2020,0,"ornamentals"
110,2020,0,"ornamentals"
111,2020,0,"ornamentals"
112,2020,14.44,"ornamentals"
113,2020,0,"ornamentals"
114,2020,310.63,"ornamentals"
115,2020,0.7,"ornamentals"
116,2020,0,"ornamentals"
117,2020,0,"ornamentals"
118,2020,0,"ornamentals"
119,2020,0,"ornamentals"
120,2020,0,"ornamentals"
121,2020,0,"ornamentals"
122,2020,0,"ornamentals"
123,2020,0,"ornamentals"
124,2020,0,"ornamentals"
125,2020,0,"ornamentals"
126,2020,2.55,"ornamentals"
127,2020,0,"ornamentals"
129,2020,0,"ornamentals"
130,2020,124.27,"ornamentals"
131,2020,19.11,"ornamentals"
132,2020,57.44,"ornamentals"
133,2020,0,"ornamentals"
134,2020,0,"ornamentals"
135,2020,120.01,"ornamentals"
136,2020,0,"ornamentals"
137,2020,16.14,"ornamentals"
138,2020,0,"ornamentals"
139,2020,0,"ornamentals"
140,2020,0,"ornamentals"
141,2020,0,"ornamentals"
143,2020,0,"ornamentals"
144,2020,0,"ornamentals"
145,2020,0,"ornamentals"
146,2020,0,"ornamentals"
147,2020,267.39,"ornamentals"
148,2020,0,"ornamentals"
149,2020,0,"ornamentals"
150,2020,0,"ornamentals"
151,2020,0,"ornamentals"
152,2020,0,"ornamentals"
153,2020,0,"ornamentals"
154,2020,0,"ornamentals"
155,2020,62.79,"ornamentals"
156,2020,0,"ornamentals"
157,2020,0,"ornamentals"
158,2020,0,"ornamentals"
159,2020,0,"ornamentals"
161,2020,0,"ornamentals"
162,2020,10.67,"ornamentals"
163,2020,2921.56,"ornamentals"
164,2020,0,"ornamentals"
166,2020,0,"ornamentals"
167,2020,0,"ornamentals"
168,2020,26.91,"ornamentals"
169,2020,0,"ornamentals"
171,2020,116.33,"ornamentals"
172,2020,0,"ornamentals"
173,2020,0,"ornamentals"
174,2020,0,"ornamentals"
175,2020,2.66,"ornamentals"
176,2020,175.72,"ornamentals"
177,2020,13642.81,"ornamentals"
178,2020,2.9,"ornamentals"
179,2020,1333.69,"ornamentals"
180,2020,2013.63,"ornamentals"
181,2020,16.96,"ornamentals"
182,2020,33032.57,"ornamentals"
183,2020,976.87,"ornamentals"
184,2020,233.3,"ornamentals"
185,2020,0,"ornamentals"
186,2020,0,"ornamentals"
187,2020,0,"ornamentals"
188,2020,0,"ornamentals"
189,2020,143.93,"ornamentals"
190,2020,0,"ornamentals"
191,2020,1318.37,"ornamentals"
192,2020,0,"ornamentals"
193,2020,0,"ornamentals"
194,2020,0.53,"ornamentals"
195,2020,0,"ornamentals"
196,2020,18.54,"ornamentals"
197,2020,0.08,"ornamentals"
198,2020,0,"ornamentals"
199,2020,0,"ornamentals"
200,2020,0,"ornamentals"
202,2020,52.59,"ornamentals"
203,2020,397.54,"ornamentals"
204,2020,0,"ornamentals"
205,2020,4.65,"ornamentals"
206,2020,641.02,"ornamentals"
207,2020,129.94,"ornamentals"
208,2020,194.32,"ornamentals"
209,2020,242.66,"ornamentals"
210,2020,502.92,"ornamentals"
212,2020,23.84,"ornamentals"
213,2020,0,"ornamentals"
214,2020,45.83,"ornamentals"
215,2020,0,"ornamentals"
216,2020,5991.31,"ornamentals"
218,2020,0,"ornamentals"
219,2020,0,"ornamentals"
220,2020,0,"ornamentals"
221,2020,0,"ornamentals"
222,2020,39.54,"ornamentals"
223,2020,0,"ornamentals"
224,2020,0,"ornamentals"
227,2020,0,"ornamentals"
228,2020,0,"ornamentals"
231,2020,0,"ornamentals"
232,2020,0,"ornamentals"
237,2020,0,"ornamentals"
244,2020,11.57,"ornamentals"
245,2020,0,"ornamentals"
247,2020,0,"ornamentals"
248,2020,0,"ornamentals"
249,2020,0,"ornamentals"
250,2020,0,"ornamentals"
1,2021,0,"ornamentals"
2,2021,0,"ornamentals"
3,2021,0,"ornamentals"
4,2021,0,"ornamentals"
5,2021,185.34,"ornamentals"
6,2021,0.34,"ornamentals"
7,2021,0,"ornamentals"
8,2021,331.84,"ornamentals"
9,2021,152.14,"ornamentals"
10,2021,0,"ornamentals"
11,2021,587.45,"ornamentals"
12,2021,0,"ornamentals"
13,2021,0,"ornamentals"
14,2021,2300.74,"ornamentals"
15,2021,5813.33,"ornamentals"
16,2021,1084.1,"ornamentals"
17,2021,204.2,"ornamentals"
18,2021,2075.8,"ornamentals"
19,2021,0,"ornamentals"
20,2021,41.22,"ornamentals"
21,2021,0,"ornamentals"
24,2021,0,"ornamentals"
25,2021,10415.68,"ornamentals"
26,2021,0,"ornamentals"
28,2021,0,"ornamentals"
29,2021,0,"ornamentals"
30,2021,0,"ornamentals"
31,2021,0,"ornamentals"
32,2021,0,"ornamentals"
33,2021,0,"ornamentals"
34,2021,0,"ornamentals"
35,2021,0,"ornamentals"
36,2021,0,"ornamentals"
37,2021,8.3,"ornamentals"
38,2021,0,"ornamentals"
39,2021,457.03,"ornamentals"
40,2021,8730.4,"ornamentals"
41,2021,0,"ornamentals"
42,2021,1.13,"ornamentals"
43,2021,548.77,"ornamentals"
44,2021,153.68,"ornamentals"
45,2021,0,"ornamentals"
46,2021,0,"ornamentals"
47,2021,0,"ornamentals"
48,2021,0,"ornamentals"
49,2021,21.77,"ornamentals"
50,2021,0,"ornamentals"
51,2021,0,"ornamentals"
52,2021,127.66,"ornamentals"
53,2021,0,"ornamentals"
54,2021,0,"ornamentals"
55,2021,0,"ornamentals"
56,2021,0,"ornamentals"
57,2021,0,"ornamentals"
58,2021,0,"ornamentals"
59,2021,103.54,"ornamentals"
60,2021,0,"ornamentals"
61,2021,0,"ornamentals"
62,2021,0,"ornamentals"
63,2021,0,"ornamentals"
64,2021,0,"ornamentals"
65,2021,0,"ornamentals"
66,2021,0,"ornamentals"
67,2021,0,"ornamentals"
68,2021,0,"ornamentals"
69,2021,0,"ornamentals"
70,2021,0,"ornamentals"
71,2021,661.97,"ornamentals"
72,2021,0,"ornamentals"
73,2021,0,"ornamentals"
74,2021,0,"ornamentals"
75,2021,0,"ornamentals"
76,2021,76.37,"ornamentals"
77,2021,35.93,"ornamentals"
78,2021,2.45,"ornamentals"
79,2021,183,"ornamentals"
80,2021,0,"ornamentals"
81,2021,0,"ornamentals"
82,2021,0,"ornamentals"
84,2021,0,"ornamentals"
85,2021,0,"ornamentals"
86,2021,0,"ornamentals"
88,2021,0,"ornamentals"
89,2021,0,"ornamentals"
90,2021,0,"ornamentals"
91,2021,0,"ornamentals"
92,2021,0,"ornamentals"
93,2021,0,"ornamentals"
94,2021,0,"ornamentals"
95,2021,0,"ornamentals"
96,2021,0,"ornamentals"
97,2021,0,"ornamentals"
98,2021,0,"ornamentals"
99,2021,0,"ornamentals"
100,2021,0,"ornamentals"
101,2021,0,"ornamentals"
102,2021,28.67,"ornamentals"
103,2021,0,"ornamentals"
104,2021,0,"ornamentals"
105,2021,0,"ornamentals"
106,2021,2.61,"ornamentals"
107,2021,0,"ornamentals"
108,2021,0,"ornamentals"
110,2021,0,"ornamentals"
111,2021,0,"ornamentals"
112,2021,26.61,"ornamentals"
113,2021,0,"ornamentals"
114,2021,132.18,"ornamentals"
115,2021,0.33,"ornamentals"
116,2021,0,"ornamentals"
117,2021,0,"ornamentals"
118,2021,0,"ornamentals"
119,2021,0,"ornamentals"
120,2021,0,"ornamentals"
121,2021,0,"ornamentals"
122,2021,0,"ornamentals"
123,2021,0,"ornamentals"
124,2021,0,"ornamentals"
125,2021,0,"ornamentals"
126,2021,1.45,"ornamentals"
127,2021,0,"ornamentals"
129,2021,0,"ornamentals"
130,2021,260.93,"ornamentals"
131,2021,22.02,"ornamentals"
132,2021,3.28,"ornamentals"
133,2021,0,"ornamentals"
134,2021,0,"ornamentals"
135,2021,111.83,"ornamentals"
136,2021,0,"ornamentals"
137,2021,11.97,"ornamentals"
138,2021,0,"ornamentals"
139,2021,0,"ornamentals"
140,2021,0,"ornamentals"
141,2021,0,"ornamentals"
143,2021,0,"ornamentals"
144,2021,0,"ornamentals"
145,2021,0,"ornamentals"
146,2021,0,"ornamentals"
147,2021,491,"ornamentals"
148,2021,0,"ornamentals"
149,2021,0,"ornamentals"
150,2021,0,"ornamentals"
151,2021,0,"ornamentals"
152,2021,0,"ornamentals"
153,2021,0,"ornamentals"
154,2021,0,"ornamentals"
155,2021,256.44,"ornamentals"
156,2021,0,"ornamentals"
157,2021,0,"ornamentals"
158,2021,0,"ornamentals"
159,2021,0,"ornamentals"
161,2021,0,"ornamentals"
162,2021,0,"ornamentals"
163,2021,2688.92,"ornamentals"
164,2021,0,"ornamentals"
166,2021,0,"ornamentals"
167,2021,0,"ornamentals"
168,2021,48.96,"ornamentals"
169,2021,0,"ornamentals"
171,2021,191.7,"ornamentals"
172,2021,0,"ornamentals"
173,2021,0,"ornamentals"
174,2021,0,"ornamentals"
175,2021,0.63,"ornamentals"
176,2021,156.54,"ornamentals"
177,2021,23820.73,"ornamentals"
178,2021,1.13,"ornamentals"
179,2021,1842.05,"ornamentals"
180,2021,253.86,"ornamentals"
181,2021,0.01,"ornamentals"
182,2021,34872.96,"ornamentals"
183,2021,2080.26,"ornamentals"
184,2021,152.84,"ornamentals"
185,2021,0,"ornamentals"
186,2021,0,"ornamentals"
187,2021,0,"ornamentals"
188,2021,0,"ornamentals"
189,2021,195.9,"ornamentals"
190,2021,0,"ornamentals"
191,2021,60.84,"ornamentals"
192,2021,0,"ornamentals"
193,2021,0,"ornamentals"
194,2021,5.62,"ornamentals"
195,2021,0,"ornamentals"
196,2021,0,"ornamentals"
197,2021,0.66,"ornamentals"
198,2021,0,"ornamentals"
199,2021,0.05,"ornamentals"
200,2021,0,"ornamentals"
202,2021,0,"ornamentals"
203,2021,503.81,"ornamentals"
204,2021,0,"ornamentals"
205,2021,2.38,"ornamentals"
206,2021,721.91,"ornamentals"
207,2021,242.64,"ornamentals"
208,2021,208.02,"ornamentals"
209,2021,301.21,"ornamentals"
210,2021,472.63,"ornamentals"
212,2021,0,"ornamentals"
213,2021,0,"ornamentals"
214,2021,87.97,"ornamentals"
215,2021,0,"ornamentals"
216,2021,6648.62,"ornamentals"
218,2021,9.49,"ornamentals"
219,2021,0,"ornamentals"
220,2021,0,"ornamentals"
221,2021,0,"ornamentals"
222,2021,57.45,"ornamentals"
223,2021,0,"ornamentals"
224,2021,0,"ornamentals"
227,2021,0,"ornamentals"
228,2021,0,"ornamentals"
231,2021,0,"ornamentals"
232,2021,0,"ornamentals"
237,2021,0,"ornamentals"
244,2021,14.24,"ornamentals"
245,2021,0,"ornamentals"
247,2021,0,"ornamentals"
248,2021,0,"ornamentals"
249,2021,0,"ornamentals"
250,2021,0,"ornamentals"
1,2022,0,"ornamentals"
2,2022,0,"ornamentals"
3,2022,0,"ornamentals"
4,2022,0,"ornamentals"
5,2022,159.14,"ornamentals"
6,2022,0.05,"ornamentals"
7,2022,0,"ornamentals"
8,2022,344.68,"ornamentals"
9,2022,161.28,"ornamentals"
10,2022,0,"ornamentals"
11,2022,710.5,"ornamentals"
12,2022,0,"ornamentals"
13,2022,0,"ornamentals"
14,2022,2048.96,"ornamentals"
15,2022,5163.5,"ornamentals"
16,2022,1555.01,"ornamentals"
17,2022,175.23,"ornamentals"
18,2022,2183.65,"ornamentals"
19,2022,0,"ornamentals"
20,2022,6.45,"ornamentals"
21,2022,0,"ornamentals"
24,2022,0,"ornamentals"
25,2022,486.36,"ornamentals"
26,2022,0,"ornamentals"
28,2022,0,"ornamentals"
29,2022,0,"ornamentals"
30,2022,0,"ornamentals"
31,2022,0,"ornamentals"
32,2022,0,"ornamentals"
33,2022,0,"ornamentals"
34,2022,0,"ornamentals"
35,2022,0,"ornamentals"
36,2022,0,"ornamentals"
37,2022,33.07,"ornamentals"
38,2022,0,"ornamentals"
39,2022,500.86,"ornamentals"
40,2022,7900.78,"ornamentals"
41,2022,51.4008013968996,"ornamentals"
42,2022,19.76,"ornamentals"
43,2022,669.14,"ornamentals"
44,2022,119,"ornamentals"
45,2022,0,"ornamentals"
46,2022,0,"ornamentals"
47,2022,0,"ornamentals"
48,2022,0,"ornamentals"
49,2022,157.64,"ornamentals"
50,2022,0,"ornamentals"
51,2022,0,"ornamentals"
52,2022,0,"ornamentals"
53,2022,0,"ornamentals"
54,2022,26.24,"ornamentals"
55,2022,0,"ornamentals"
56,2022,0,"ornamentals"
57,2022,0,"ornamentals"
58,2022,0,"ornamentals"
59,2022,109.23,"ornamentals"
60,2022,0,"ornamentals"
61,2022,0,"ornamentals"
62,2022,0,"ornamentals"
63,2022,0,"ornamentals"
64,2022,0,"ornamentals"
65,2022,0,"ornamentals"
66,2022,0,"ornamentals"
67,2022,0,"ornamentals"
68,2022,0,"ornamentals"
69,2022,0,"ornamentals"
70,2022,0,"ornamentals"
71,2022,346.88,"ornamentals"
72,2022,0,"ornamentals"
73,2022,0,"ornamentals"
74,2022,0,"ornamentals"
75,2022,0,"ornamentals"
76,2022,494.49,"ornamentals"
77,2022,0,"ornamentals"
78,2022,0,"ornamentals"
79,2022,0,"ornamentals"
80,2022,0,"ornamentals"
81,2022,0,"ornamentals"
82,2022,0,"ornamentals"
84,2022,0,"ornamentals"
85,2022,0,"ornamentals"
86,2022,0,"ornamentals"
88,2022,0,"ornamentals"
89,2022,0,"ornamentals"
90,2022,0,"ornamentals"
91,2022,0,"ornamentals"
92,2022,0,"ornamentals"
93,2022,0,"ornamentals"
94,2022,0,"ornamentals"
95,2022,0,"ornamentals"
96,2022,0,"ornamentals"
97,2022,0,"ornamentals"
98,2022,0,"ornamentals"
99,2022,0,"ornamentals"
100,2022,0,"ornamentals"
101,2022,0.25,"ornamentals"
102,2022,50.35,"ornamentals"
103,2022,0,"ornamentals"
104,2022,0,"ornamentals"
105,2022,0,"ornamentals"
106,2022,105.56,"ornamentals"
107,2022,0,"ornamentals"
108,2022,0,"ornamentals"
110,2022,0,"ornamentals"
111,2022,0,"ornamentals"
112,2022,25.07,"ornamentals"
113,2022,0,"ornamentals"
114,2022,148.82,"ornamentals"
115,2022,0,"ornamentals"
116,2022,0,"ornamentals"
117,2022,0,"ornamentals"
118,2022,0,"ornamentals"
119,2022,0,"ornamentals"
120,2022,0,"ornamentals"
121,2022,0,"ornamentals"
122,2022,0,"ornamentals"
123,2022,0,"ornamentals"
124,2022,0,"ornamentals"
125,2022,0,"ornamentals"
126,2022,0.5,"ornamentals"
127,2022,0,"ornamentals"
129,2022,0,"ornamentals"
130,2022,176.01,"ornamentals"
131,2022,22.68,"ornamentals"
132,2022,0,"ornamentals"
133,2022,0,"ornamentals"
134,2022,0,"ornamentals"
135,2022,628.14,"ornamentals"
136,2022,0,"ornamentals"
137,2022,0,"ornamentals"
138,2022,0,"ornamentals"
139,2022,0,"ornamentals"
140,2022,0,"ornamentals"
141,2022,0,"ornamentals"
143,2022,0,"ornamentals"
144,2022,0,"ornamentals"
145,2022,0,"ornamentals"
146,2022,0,"ornamentals"
147,2022,740.77,"ornamentals"
148,2022,0,"ornamentals"
149,2022,0,"ornamentals"
150,2022,0,"ornamentals"
151,2022,0,"ornamentals"
152,2022,0,"ornamentals"
153,2022,0,"ornamentals"
154,2022,0,"ornamentals"
155,2022,87.64,"ornamentals"
156,2022,0,"ornamentals"
157,2022,0,"ornamentals"
158,2022,0,"ornamentals"
159,2022,0,"ornamentals"
161,2022,0,"ornamentals"
162,2022,0,"ornamentals"
163,2022,2434.78,"ornamentals"
164,2022,2.96,"ornamentals"
166,2022,0,"ornamentals"
167,2022,0,"ornamentals"
168,2022,46.99,"ornamentals"
169,2022,0,"ornamentals"
171,2022,412.36,"ornamentals"
172,2022,0,"ornamentals"
173,2022,0,"ornamentals"
174,2022,0,"ornamentals"
175,2022,4.16,"ornamentals"
176,2022,126.72,"ornamentals"
177,2022,17605.19,"ornamentals"
178,2022,0.58,"ornamentals"
179,2022,1418.4,"ornamentals"
180,2022,355.58,"ornamentals"
181,2022,0,"ornamentals"
182,2022,8458.94,"ornamentals"
183,2022,1505.84,"ornamentals"
184,2022,94.57,"ornamentals"
185,2022,0,"ornamentals"
186,2022,0,"ornamentals"
187,2022,0,"ornamentals"
188,2022,0,"ornamentals"
189,2022,235.01,"ornamentals"
190,2022,0,"ornamentals"
191,2022,19.37,"ornamentals"
192,2022,0,"ornamentals"
193,2022,0,"ornamentals"
194,2022,0,"ornamentals"
195,2022,0,"ornamentals"
196,2022,0,"ornamentals"
197,2022,2.86,"ornamentals"
198,2022,0,"ornamentals"
199,2022,1.68,"ornamentals"
200,2022,0,"ornamentals"
202,2022,0,"ornamentals"
203,2022,532.92,"ornamentals"
204,2022,0.87,"ornamentals"
205,2022,0,"ornamentals"
206,2022,970.63,"ornamentals"
207,2022,11.11,"ornamentals"
208,2022,88.09,"ornamentals"
209,2022,392.37,"ornamentals"
210,2022,277.46,"ornamentals"
212,2022,0,"ornamentals"
213,2022,0,"ornamentals"
214,2022,175.97,"ornamentals"
215,2022,0,"ornamentals"
216,2022,6842.66,"ornamentals"
218,2022,2.98,"ornamentals"
219,2022,0,"ornamentals"
220,2022,0,"ornamentals"
221,2022,0,"ornamentals"
222,2022,52.83,"ornamentals"
223,2022,0,"ornamentals"
224,2022,0,"ornamentals"
227,2022,0,"ornamentals"
228,2022,0,"ornamentals"
231,2022,0,"ornamentals"
232,2022,0,"ornamentals"
237,2022,0,"ornamentals"
244,2022,18.06,"ornamentals"
245,2022,0,"ornamentals"
247,2022,0,"ornamentals"
248,2022,0,"ornamentals"
249,2022,0,"ornamentals"
250,2022,0,"ornamentals"
1,2023,0,"ornamentals"
2,2023,0,"ornamentals"
3,2023,0,"ornamentals"
4,2023,0,"ornamentals"
5,2023,121.31,"ornamentals"
6,2023,0.17,"ornamentals"
7,2023,0,"ornamentals"
8,2023,267.1,"ornamentals"
9,2023,74.74,"ornamentals"
10,2023,0,"ornamentals"
11,2023,656.61,"ornamentals"
12,2023,0,"ornamentals"
13,2023,0,"ornamentals"
14,2023,2176.36,"ornamentals"
15,2023,4800.51,"ornamentals"
16,2023,2625.02,"ornamentals"
17,2023,13.94,"ornamentals"
18,2023,1392.7,"ornamentals"
19,2023,0,"ornamentals"
20,2023,104.86,"ornamentals"
21,2023,0,"ornamentals"
24,2023,0,"ornamentals"
25,2023,9327.79,"ornamentals"
26,2023,0,"ornamentals"
28,2023,0,"ornamentals"
29,2023,0,"ornamentals"
30,2023,0,"ornamentals"
31,2023,0,"ornamentals"
32,2023,0,"ornamentals"
33,2023,0,"ornamentals"
34,2023,0,"ornamentals"
35,2023,0,"ornamentals"
36,2023,0,"ornamentals"
37,2023,45.31,"ornamentals"
38,2023,0,"ornamentals"
39,2023,476.27,"ornamentals"
40,2023,8937.17,"ornamentals"
41,2023,2,"ornamentals"
42,2023,21.62,"ornamentals"
43,2023,831,"ornamentals"
44,2023,240.5,"ornamentals"
45,2023,0,"ornamentals"
46,2023,0,"ornamentals"
47,2023,0,"ornamentals"
48,2023,0,"ornamentals"
49,2023,93.89,"ornamentals"
50,2023,0,"ornamentals"
51,2023,0,"ornamentals"
52,2023,1.73,"ornamentals"
53,2023,32.15,"ornamentals"
54,2023,2.03,"ornamentals"
55,2023,0,"ornamentals"
56,2023,0,"ornamentals"
57,2023,0,"ornamentals"
58,2023,0,"ornamentals"
59,2023,126.9,"ornamentals"
60,2023,0,"ornamentals"
61,2023,0,"ornamentals"
62,2023,0,"ornamentals"
63,2023,0,"ornamentals"
64,2023,0,"ornamentals"
65,2023,0,"ornamentals"
66,2023,0,"ornamentals"
67,2023,0,"ornamentals"
68,2023,0,"ornamentals"
69,2023,0,"ornamentals"
70,2023,0,"ornamentals"
71,2023,346.88,"ornamentals"
72,2023,0.2,"ornamentals"
73,2023,0,"ornamentals"
74,2023,0,"ornamentals"
75,2023,0,"ornamentals"
76,2023,13.66,"ornamentals"
77,2023,0,"ornamentals"
78,2023,0.46,"ornamentals"
79,2023,0,"ornamentals"
80,2023,0,"ornamentals"
81,2023,0,"ornamentals"
82,2023,0,"ornamentals"
84,2023,0,"ornamentals"
85,2023,0,"ornamentals"
86,2023,0,"ornamentals"
88,2023,0,"ornamentals"
89,2023,0,"ornamentals"
90,2023,0,"ornamentals"
91,2023,0,"ornamentals"
92,2023,0,"ornamentals"
93,2023,0,"ornamentals"
94,2023,0,"ornamentals"
95,2023,0,"ornamentals"
96,2023,0,"ornamentals"
97,2023,0,"ornamentals"
98,2023,0,"ornamentals"
99,2023,0,"ornamentals"
100,2023,0,"ornamentals"
101,2023,6.13,"ornamentals"
102,2023,41.32,"ornamentals"
103,2023,0,"ornamentals"
104,2023,0,"ornamentals"
105,2023,0,"ornamentals"
106,2023,0.81,"ornamentals"
107,2023,0,"ornamentals"
108,2023,0,"ornamentals"
110,2023,0,"ornamentals"
111,2023,0,"ornamentals"
112,2023,31.2,"ornamentals"
113,2023,0,"ornamentals"
114,2023,10.96,"ornamentals"
115,2023,0,"ornamentals"
116,2023,0,"ornamentals"
117,2023,0,"ornamentals"
118,2023,0,"ornamentals"
119,2023,0,"ornamentals"
120,2023,0,"ornamentals"
121,2023,0,"ornamentals"
122,2023,0,"ornamentals"
123,2023,0,"ornamentals"
124,2023,0,"ornamentals"
125,2023,0,"ornamentals"
126,2023,0.09,"ornamentals"
127,2023,0,"ornamentals"
129,2023,0,"ornamentals"
130,2023,65.02,"ornamentals"
131,2023,42.03,"ornamentals"
132,2023,0,"ornamentals"
133,2023,0,"ornamentals"
134,2023,0,"ornamentals"
135,2023,4.49,"ornamentals"
136,2023,0,"ornamentals"
137,2023,0,"ornamentals"
138,2023,0,"ornamentals"
139,2023,0,"ornamentals"
140,2023,0,"ornamentals"
141,2023,0,"ornamentals"
143,2023,0,"ornamentals"
144,2023,0,"ornamentals"
145,2023,0,"ornamentals"
146,2023,0,"ornamentals"
147,2023,740.77,"ornamentals"
148,2023,0,"ornamentals"
149,2023,0,"ornamentals"
150,2023,0,"ornamentals"
151,2023,0,"ornamentals"
152,2023,0,"ornamentals"
153,2023,0,"ornamentals"
154,2023,0,"ornamentals"
155,2023,171.92,"ornamentals"
156,2023,0,"ornamentals"
157,2023,0,"ornamentals"
158,2023,0,"ornamentals"
159,2023,0,"ornamentals"
161,2023,0,"ornamentals"
162,2023,0,"ornamentals"
163,2023,2893.9,"ornamentals"
164,2023,86.36,"ornamentals"
166,2023,0,"ornamentals"
167,2023,0,"ornamentals"
168,2023,22.93,"ornamentals"
169,2023,0,"ornamentals"
171,2023,457.9,"ornamentals"
172,2023,0,"ornamentals"
173,2023,0,"ornamentals"
174,2023,0,"ornamentals"
175,2023,3.7,"ornamentals"
176,2023,205.65,"ornamentals"
177,2023,14046.33,"ornamentals"
178,2023,0.22,"ornamentals"
179,2023,1185.93,"ornamentals"
180,2023,153.5,"ornamentals"
181,2023,0.85,"ornamentals"
182,2023,10955.65,"ornamentals"
183,2023,1449.34,"ornamentals"
184,2023,68.63,"ornamentals"
185,2023,0,"ornamentals"
186,2023,0,"ornamentals"
187,2023,0,"ornamentals"
188,2023,0,"ornamentals"
189,2023,202.68,"ornamentals"
190,2023,0,"ornamentals"
191,2023,6.27,"ornamentals"
192,2023,0,"ornamentals"
193,2023,0,"ornamentals"
194,2023,0,"ornamentals"
195,2023,0,"ornamentals"
196,2023,0,"ornamentals"
197,2023,2.86,"ornamentals"
198,2023,0,"ornamentals"
199,2023,1.68,"ornamentals"
200,2023,0,"ornamentals"
202,2023,13.6,"ornamentals"
203,2023,2525.73,"ornamentals"
204,2023,0.87,"ornamentals"
205,2023,0,"ornamentals"
206,2023,1348.05,"ornamentals"
207,2023,5.39,"ornamentals"
208,2023,70.04,"ornamentals"
209,2023,190.81,"ornamentals"
210,2023,343.06,"ornamentals"
212,2023,36.86,"ornamentals"
213,2023,0,"ornamentals"
214,2023,163.78,"ornamentals"
215,2023,1,"ornamentals"
216,2023,7251.99,"ornamentals"
218,2023,2.98,"ornamentals"
219,2023,0,"ornamentals"
220,2023,0,"ornamentals"
221,2023,0,"ornamentals"
222,2023,36.81,"ornamentals"
223,2023,0,"ornamentals"
224,2023,0,"ornamentals"
227,2023,0,"ornamentals"
228,2023,0,"ornamentals"
231,2023,0,"ornamentals"
232,2023,0,"ornamentals"
237,2023,0,"ornamentals"
244,2023,17.97,"ornamentals"
245,2023,0,"ornamentals"
247,2023,0,"ornamentals"
248,2023,0,"ornamentals"
249,2023,0,"ornamentals"
250,2023,0,"ornamentals"
