"rgn_id","product","year","tonnes_rel"
5,"ornamentals",1984,0.193881130147223
5,"ornamentals",1985,0.0969405650736114
5,"ornamentals",1986,0.129254086764815
5,"ornamentals",1987,0.177724369301621
5,"ornamentals",1988,0.129254086764815
5,"ornamentals",1989,0.129254086764815
5,"ornamentals",1990,0.0807838042280095
5,"ornamentals",1991,0
5,"ornamentals",1992,0
5,"ornamentals",1993,0
5,"ornamentals",1994,0
5,"ornamentals",1995,0
5,"ornamentals",1996,0
5,"ornamentals",1997,0.0646270433824076
5,"ornamentals",1998,0.145410847610417
5,"ornamentals",1999,0.161567608456019
5,"ornamentals",2000,0.274664934375232
5,"ornamentals",2001,0.323135216912038
5,"ornamentals",2002,0.306978456066436
5,"ornamentals",2003,0.371605499448844
5,"ornamentals",2004,0.33929197775764
5,"ornamentals",2005,0.290821695220834
5,"ornamentals",2006,0.274664934375232
5,"ornamentals",2007,0.258508173529631
5,"ornamentals",2008,0.242351412684029
5,"ornamentals",2009,0.226194651838427
5,"ornamentals",2010,0.274664934375232
5,"ornamentals",2011,0.306978456066436
5,"ornamentals",2012,0.517016347059261
5,"ornamentals",2013,0.710897477206484
5,"ornamentals",2014,0.856308324816901
5,"ornamentals",2015,1
5,"ornamentals",2016,0.939519820040034
5,"ornamentals",2017,0.761795450738413
5,"ornamentals",2018,0.56791432059119
5,"ornamentals",2019,0.374298254395181
5,"ornamentals",2020,0.176108693217061
5,"ornamentals",2021,0.123276085251943
5,"ornamentals",2022,0.0887006170423545
6,"ornamentals",2003,0.767759992445631
6,"ornamentals",2004,0.909122311627833
6,"ornamentals",2005,1
6,"ornamentals",2006,0.75
6,"ornamentals",2007,0.558060001888592
6,"ornamentals",2008,0.295438844186083
6,"ornamentals",2009,0
6,"ornamentals",2010,0
6,"ornamentals",2011,0
6,"ornamentals",2012,0.0285002858032384
6,"ornamentals",2013,0.0701962176301317
6,"ornamentals",2014,0.16931655977324
6,"ornamentals",2015,0.203737112320269
6,"ornamentals",2016,0.186545830519194
6,"ornamentals",2017,0.172655202769803
6,"ornamentals",2018,0.0774265465557313
6,"ornamentals",2019,0.0430059940087019
6,"ornamentals",2020,0.0316969900065384
6,"ornamentals",2021,0.00391114435868167
6,"ornamentals",2022,1.94584296451824e-05
7,"ornamentals",1996,0.139923445407747
7,"ornamentals",1997,0.104212401037925
7,"ornamentals",1998,0.103731524124292
7,"ornamentals",1999,0.111429078941559
7,"ornamentals",2000,0.0808991488564195
7,"ornamentals",2001,0.1881443379303
7,"ornamentals",2002,0.258922483591338
7,"ornamentals",2003,0.35235087127241
7,"ornamentals",2004,0.53613523412326
7,"ornamentals",2005,0.651764705882353
7,"ornamentals",2006,0.891764705882353
7,"ornamentals",2007,1
7,"ornamentals",2008,0.974117647058824
7,"ornamentals",2009,0.847058823529412
7,"ornamentals",2010,0.609411764705882
7,"ornamentals",2011,0.374117647058824
7,"ornamentals",2012,0.211764705882353
7,"ornamentals",2013,0.0988235294117647
7,"ornamentals",2014,0
7,"ornamentals",2015,0
7,"ornamentals",2016,0
7,"ornamentals",2017,0
7,"ornamentals",2018,0
7,"ornamentals",2019,0
7,"ornamentals",2020,0
7,"ornamentals",2021,0
7,"ornamentals",2022,0
8,"ornamentals",1995,0
8,"ornamentals",1996,0
8,"ornamentals",1997,0
8,"ornamentals",1998,0
8,"ornamentals",1999,0
8,"ornamentals",2000,0
8,"ornamentals",2001,0
8,"ornamentals",2002,0.0862232514862361
8,"ornamentals",2003,0.447935852058192
8,"ornamentals",2004,0.695797559059361
8,"ornamentals",2005,0.749468322417767
8,"ornamentals",2006,0.714305010049583
8,"ornamentals",2007,0.388681516651937
8,"ornamentals",2008,0.140819809650767
8,"ornamentals",2009,0.0871490462923615
8,"ornamentals",2010,0.0360891071743097
8,"ornamentals",2011,0
8,"ornamentals",2012,0
8,"ornamentals",2013,0.0735516732884075
8,"ornamentals",2014,0.0735516732884075
8,"ornamentals",2015,0.146374871763058
8,"ornamentals",2016,0.213086012523565
8,"ornamentals",2017,0.206245479995665
8,"ornamentals",2018,0.406378902277186
8,"ornamentals",2019,0.501667778519013
8,"ornamentals",2020,0.638092061374249
8,"ornamentals",2021,0.921280853902602
8,"ornamentals",2022,1
9,"ornamentals",1991,0.423628096505944
9,"ornamentals",1992,0.42316869950404
9,"ornamentals",1993,0.282112466336027
9,"ornamentals",1994,0.21158434975202
9,"ornamentals",1995,0.105677325625534
9,"ornamentals",1996,0.0887594659522696
9,"ornamentals",1997,0.172718071783742
9,"ornamentals",1998,0.234422761759943
9,"ornamentals",1999,0.728060281569543
9,"ornamentals",2000,0.947824265498275
9,"ornamentals",2001,0.987275039619202
9,"ornamentals",2002,1
9,"ornamentals",2003,0.5996089387958
9,"ornamentals",2004,0.379531087399403
9,"ornamentals",2005,0.331385982841094
9,"ornamentals",2006,0.256956332484096
9,"ornamentals",2007,0.163709873878695
9,"ornamentals",2008,0.150601315555302
9,"ornamentals",2009,0.15425368317134
9,"ornamentals",2010,0.23522620849044
9,"ornamentals",2011,0.410439708785387
9,"ornamentals",2012,0.563416689316364
9,"ornamentals",2013,0.7087750671476
9,"ornamentals",2014,0.752806029072269
9,"ornamentals",2015,0.671891906721173
9,"ornamentals",2016,0.570407557080775
9,"ornamentals",2017,0.462828325280583
9,"ornamentals",2018,0.494669522885666
9,"ornamentals",2019,0.403455379440625
9,"ornamentals",2020,0.365235906618882
9,"ornamentals",2021,0.432991197350547
9,"ornamentals",2022,0.467331296641145
11,"ornamentals",1981,0.142336007990343
11,"ornamentals",1982,0.0711680039951713
11,"ornamentals",1983,0.0474453359967809
11,"ornamentals",1984,0.0355840019975856
11,"ornamentals",1985,0
11,"ornamentals",1986,0
11,"ornamentals",1987,0
11,"ornamentals",1988,0.0401420126189758
11,"ornamentals",1989,0.117529334947325
11,"ornamentals",1990,0.17624728052519
11,"ornamentals",1991,0.17624728052519
11,"ornamentals",1992,0.136105267906214
11,"ornamentals",1993,0.0587179455778648
11,"ornamentals",1994,0
11,"ornamentals",1995,0.160373530854197
11,"ornamentals",1996,0.249657666401793
11,"ornamentals",1997,0.278685877144385
11,"ornamentals",1998,0.291141511878738
11,"ornamentals",1999,0.135737176300381
11,"ornamentals",2000,0.0523229995390902
11,"ornamentals",2001,0.0457915166601043
11,"ornamentals",2002,0.0525397718153341
11,"ornamentals",2003,0.0669762963587952
11,"ornamentals",2004,0.106365998176563
11,"ornamentals",2005,0.150856666692197
11,"ornamentals",2006,0.251039408828842
11,"ornamentals",2007,0.353824278661018
11,"ornamentals",2008,0.48313687244111
11,"ornamentals",2009,0.682430122551104
11,"ornamentals",2010,0.906681655541976
11,"ornamentals",2011,1
11,"ornamentals",2012,0.834968595939997
11,"ornamentals",2013,0.574635339668022
11,"ornamentals",2014,0.235866269548212
11,"ornamentals",2015,0.0245673291471896
11,"ornamentals",2016,0.0196020681077394
11,"ornamentals",2017,0.0201096193361571
11,"ornamentals",2018,0.0244830719963453
11,"ornamentals",2019,0.0208577973211408
11,"ornamentals",2020,0.0165462746966162
11,"ornamentals",2021,0.0258673825325855
11,"ornamentals",2022,0.0302054060704813
14,"ornamentals",1976,0.242201834862385
14,"ornamentals",1977,0.190825688073395
14,"ornamentals",1978,0.181039755351682
14,"ornamentals",1979,0.508256880733945
14,"ornamentals",1980,0.548623853211009
14,"ornamentals",1981,0.521100917431193
14,"ornamentals",1982,0.526605504587156
14,"ornamentals",1983,0.16697247706422
14,"ornamentals",1984,0.122935779816514
14,"ornamentals",1985,0.161467889908257
14,"ornamentals",1986,0.157798165137615
14,"ornamentals",1987,0.168807339449541
14,"ornamentals",1988,0.124770642201835
14,"ornamentals",1989,0.168311098426616
14,"ornamentals",1990,0.229458762979825
14,"ornamentals",1991,0.227623900594504
14,"ornamentals",1992,0.242302799677073
14,"ornamentals",1993,0.198762343452291
14,"ornamentals",1994,0.16697247706422
14,"ornamentals",1995,0.244036697247706
14,"ornamentals",1996,0.324770642201835
14,"ornamentals",1997,0.420183486238532
14,"ornamentals",1998,0.495412844036697
14,"ornamentals",1999,0.522935779816514
14,"ornamentals",2000,0.58302438701003
14,"ornamentals",2001,0.54999686407425
14,"ornamentals",2002,0.542657414532966
14,"ornamentals",2003,0.58302438701003
14,"ornamentals",2004,0.638472255180486
14,"ornamentals",2005,0.733885099217183
14,"ornamentals",2006,0.792600695547458
14,"ornamentals",2007,0.840307117565807
14,"ornamentals",2008,1
14,"ornamentals",2009,0.987155963302752
14,"ornamentals",2010,0.976146788990826
14,"ornamentals",2011,0.922935779816514
14,"ornamentals",2012,0.739449541284404
14,"ornamentals",2013,0.809174311926605
14,"ornamentals",2014,0.669724770642202
14,"ornamentals",2015,0.570642201834862
14,"ornamentals",2016,0.440366972477064
14,"ornamentals",2017,0.275229357798165
14,"ornamentals",2018,0.326605504587156
14,"ornamentals",2019,0.351504587155963
14,"ornamentals",2020,0.342642201834862
14,"ornamentals",2021,0.293192660550459
14,"ornamentals",2022,0.234587155963303
15,"ornamentals",1991,0.688564566783669
15,"ornamentals",1992,0.729798632920746
15,"ornamentals",1993,0.775909846665435
15,"ornamentals",1994,0.811416959172363
15,"ornamentals",1995,0.875706632181785
15,"ornamentals",1996,0.90489562165158
15,"ornamentals",1997,0.90375023092555
15,"ornamentals",1998,0.875300203214484
15,"ornamentals",1999,0.84422686125993
15,"ornamentals",2000,0.834398669868834
15,"ornamentals",2001,0.823277295399963
15,"ornamentals",2002,0.830334380195825
15,"ornamentals",2003,0.843377055237391
15,"ornamentals",2004,0.887714760761131
15,"ornamentals",2005,0.930426750415666
15,"ornamentals",2006,0.968409384814336
15,"ornamentals",2007,1
15,"ornamentals",2008,0.981525956031775
15,"ornamentals",2009,0.939294291520414
15,"ornamentals",2010,0.884093848143359
15,"ornamentals",2011,0.837428413079623
15,"ornamentals",2012,0.822944762608535
15,"ornamentals",2013,0.835839645298356
15,"ornamentals",2014,0.86462220580085
15,"ornamentals",2015,0.878847219656383
15,"ornamentals",2016,0.896767042305561
15,"ornamentals",2017,0.896545353777942
15,"ornamentals",2018,0.873194162202106
15,"ornamentals",2019,0.844942176242379
15,"ornamentals",2020,0.743518935895067
15,"ornamentals",2021,0.78715684463329
15,"ornamentals",2022,0.882894143728062
16,"ornamentals",1989,0.14074718022343
16,"ornamentals",1990,0.131837645233104
16,"ornamentals",1991,0.146221879541844
16,"ornamentals",1992,0.161060235499764
16,"ornamentals",1993,0.203185223210747
16,"ornamentals",1994,0.279552387466201
16,"ornamentals",1995,0.346775047368402
16,"ornamentals",1996,0.538612518601454
16,"ornamentals",1997,0.670337712632395
16,"ornamentals",1998,0.6477565577314
16,"ornamentals",1999,0.64453067845983
16,"ornamentals",2000,0.516785859305629
16,"ornamentals",2001,0.438074405079304
16,"ornamentals",2002,0.405170436509282
16,"ornamentals",2003,0.438860428726501
16,"ornamentals",2004,0.494292285560111
16,"ornamentals",2005,0.51355219516819
16,"ornamentals",2006,0.590426946991467
16,"ornamentals",2007,0.626596584896754
16,"ornamentals",2008,0.704886353533226
16,"ornamentals",2009,0.807458934995048
16,"ornamentals",2010,0.911013385888583
16,"ornamentals",2011,0.967044057500346
16,"ornamentals",2012,0.991747019890887
16,"ornamentals",2013,1
16,"ornamentals",2014,0.970313570647408
16,"ornamentals",2015,0.901085261158755
16,"ornamentals",2016,0.809377007753541
16,"ornamentals",2017,0.742336501084871
16,"ornamentals",2018,0.770380921264118
16,"ornamentals",2019,0.814778862176327
16,"ornamentals",2020,0.760763360458505
16,"ornamentals",2021,0.722748206888211
16,"ornamentals",2022,0.69819816564446
17,"ornamentals",1998,0.297889775755197
17,"ornamentals",1999,0.17022272900297
17,"ornamentals",2000,0.113481819335313
17,"ornamentals",2001,0.0851113645014848
17,"ornamentals",2002,0.0229005902201842
17,"ornamentals",2003,0.0122616696574986
17,"ornamentals",2004,0.0122616696574986
17,"ornamentals",2005,0.0122616696574986
17,"ornamentals",2006,0
17,"ornamentals",2007,0.106385067052016
17,"ornamentals",2008,0.191771149829183
17,"ornamentals",2009,0.295981912085253
17,"ornamentals",2010,0.723383926795334
17,"ornamentals",2011,1
17,"ornamentals",2012,0.914613917222833
17,"ornamentals",2013,0.810403154966763
17,"ornamentals",2014,0.383001140256682
17,"ornamentals",2015,0
17,"ornamentals",2016,0
17,"ornamentals",2017,0
17,"ornamentals",2018,0
17,"ornamentals",2019,0.330551261882642
17,"ornamentals",2020,0.330764040293895
17,"ornamentals",2021,0.330976818705149
17,"ornamentals",2022,0.346828810343551
18,"ornamentals",1989,0.0781866829507113
18,"ornamentals",1990,0.133371023712053
18,"ornamentals",1991,0.171370441520101
18,"ornamentals",1992,0.128527831140076
18,"ornamentals",1993,0.108981160402398
18,"ornamentals",1994,0.0618423192840494
18,"ornamentals",1995,0
18,"ornamentals",1996,0
18,"ornamentals",1997,0
18,"ornamentals",1998,0.0495911189910341
18,"ornamentals",1999,0.0996258864631217
18,"ornamentals",2000,0.302574789044416
18,"ornamentals",2001,0.541549148018775
18,"ornamentals",2002,0.75144520851492
18,"ornamentals",2003,0.927051466683858
18,"ornamentals",2004,1
18,"ornamentals",2005,0.89025641025641
18,"ornamentals",2006,0.723076923076923
18,"ornamentals",2007,0.617435897435897
18,"ornamentals",2008,0.463589743589744
18,"ornamentals",2009,0.435897435897436
18,"ornamentals",2010,0.523076923076923
18,"ornamentals",2011,0.541538461538462
18,"ornamentals",2012,0.492307692307692
18,"ornamentals",2013,0.486153846153846
18,"ornamentals",2014,0.404102564102564
18,"ornamentals",2015,0.366153846153846
18,"ornamentals",2016,0.377435897435897
18,"ornamentals",2017,0.361025641025641
18,"ornamentals",2018,0.339487179487179
18,"ornamentals",2019,0.396
18,"ornamentals",2020,0.484358974358974
18,"ornamentals",2021,0.624635897435897
18,"ornamentals",2022,0.773241025641026
20,"ornamentals",1977,1
20,"ornamentals",1978,0.670886075949367
20,"ornamentals",1979,0.60478199718706
20,"ornamentals",1980,0.827004219409283
20,"ornamentals",1981,0.639240506329114
20,"ornamentals",1982,0.627637130801688
20,"ornamentals",1983,0.657172995780591
20,"ornamentals",1984,0.378691983122363
20,"ornamentals",1985,0.352320675105485
20,"ornamentals",1986,0.294303797468354
20,"ornamentals",1987,0.212025316455696
20,"ornamentals",1988,0.118143459915612
20,"ornamentals",1989,0.0822784810126582
20,"ornamentals",1990,0.0664556962025316
20,"ornamentals",1991,0.00105485232067511
20,"ornamentals",1992,0
20,"ornamentals",1993,0.0306889812825514
20,"ornamentals",1994,0.0591706366317296
20,"ornamentals",1995,0.0602254889524047
20,"ornamentals",1996,0.0845578100594712
20,"ornamentals",1997,0.0570333857389451
20,"ornamentals",1998,0.0348808443138175
20,"ornamentals",1999,0.040155105917193
20,"ornamentals",2000,0.0370111798544529
20,"ornamentals",2001,0.055253453142902
20,"ornamentals",2002,0.0749083942230516
20,"ornamentals",2003,0.0876560971620047
20,"ornamentals",2004,0.081366262121448
20,"ornamentals",2005,0.0762893076506519
20,"ornamentals",2006,0.0610165758903047
20,"ornamentals",2007,0.0576452347207345
20,"ornamentals",2008,0.0556383841921447
20,"ornamentals",2009,0.0495001592228077
20,"ornamentals",2010,0.0482134565325133
20,"ornamentals",2011,0.0325079808390797
20,"ornamentals",2012,0.0198243215394418
20,"ornamentals",2013,0.00963267072910038
20,"ornamentals",2014,0.000208050175541887
20,"ornamentals",2015,0.000489733946345105
20,"ornamentals",2016,0.00133653609147832
20,"ornamentals",2017,0.00133653609147832
20,"ornamentals",2018,0.00159367533052776
20,"ornamentals",2019,0.0013647341757583
20,"ornamentals",2020,0.000415367087150707
20,"ornamentals",2021,0.000784565399386993
20,"ornamentals",2022,0.000717299578059072
24,"ornamentals",2000,0.802325581395349
24,"ornamentals",2001,0.960548172757475
24,"ornamentals",2002,1
24,"ornamentals",2003,0.907599667774086
24,"ornamentals",2004,0.79547342192691
24,"ornamentals",2005,0.593023255813954
24,"ornamentals",2006,0.362541528239203
24,"ornamentals",2007,0.273463455149502
24,"ornamentals",2008,0.193106312292359
24,"ornamentals",2009,0.145141196013289
24,"ornamentals",2010,0.249169435215947
24,"ornamentals",2011,0.268480066445183
24,"ornamentals",2012,0.265988372093023
24,"ornamentals",2013,0.23671096345515
24,"ornamentals",2014,0.0934385382059801
24,"ornamentals",2015,0.0056063122923588
24,"ornamentals",2016,0
24,"ornamentals",2017,0
24,"ornamentals",2018,0
24,"ornamentals",2019,0
24,"ornamentals",2020,0
24,"ornamentals",2021,0
24,"ornamentals",2022,0
25,"ornamentals",1976,0.0750369276218611
25,"ornamentals",1977,0.0874446085672083
25,"ornamentals",1978,0.0880354505169867
25,"ornamentals",1979,0.0877400295420975
25,"ornamentals",1980,0.0935007385524372
25,"ornamentals",1981,0.0909896602658789
25,"ornamentals",1982,0.0951255539143279
25,"ornamentals",1983,0.0977843426883309
25,"ornamentals",1984,0.112555391432792
25,"ornamentals",1985,0.135302806499261
25,"ornamentals",1986,0.173264401772526
25,"ornamentals",1987,0.240620384047267
25,"ornamentals",1988,0.214918759231905
25,"ornamentals",1989,0.175923190546529
25,"ornamentals",1990,0.119202363367799
25,"ornamentals",1991,0.0350073855243722
25,"ornamentals",1992,0.0336779911373708
25,"ornamentals",1993,0.0440177252584934
25,"ornamentals",1994,0.0617429837518464
25,"ornamentals",1995,0.085672082717873
25,"ornamentals",1996,0.146824224519941
25,"ornamentals",1997,0.259970457902511
25,"ornamentals",1998,0.358493353028065
25,"ornamentals",1999,0.416395864106352
25,"ornamentals",2000,0.450812407680945
25,"ornamentals",2001,0.454209748892171
25,"ornamentals",2002,0.561742983751846
25,"ornamentals",2003,0.712407680945347
25,"ornamentals",2004,0.876218611521418
25,"ornamentals",2005,1
25,"ornamentals",2006,0.99261447562777
25,"ornamentals",2007,0.886706056129985
25,"ornamentals",2008,0.940029542097489
25,"ornamentals",2009,0.826440177252585
25,"ornamentals",2010,0.767060561299852
25,"ornamentals",2011,0.853471196454948
25,"ornamentals",2012,0.703545051698671
25,"ornamentals",2013,0.67178729689808
25,"ornamentals",2014,0.642540620384047
25,"ornamentals",2015,0.571196454948301
25,"ornamentals",2016,0.563810930576071
25,"ornamentals",2017,0.574446085672083
25,"ornamentals",2018,0.53397341211226
25,"ornamentals",2019,0.473686853766617
25,"ornamentals",2020,0.370902511078287
25,"ornamentals",2021,0.322169867060561
25,"ornamentals",2022,0.228394387001477
29,"ornamentals",1996,0.512289840726977
29,"ornamentals",1997,0.256144920363488
29,"ornamentals",1998,0.170763280242326
29,"ornamentals",1999,0.128072460181744
29,"ornamentals",2000,0
29,"ornamentals",2001,0.112732859730771
29,"ornamentals",2002,0.22204389373146
29,"ornamentals",2003,0.22204389373146
29,"ornamentals",2004,0.22204389373146
29,"ornamentals",2005,0.109311034000689
29,"ornamentals",2006,0.607142857142857
29,"ornamentals",2007,0.857142857142857
29,"ornamentals",2008,1
29,"ornamentals",2009,1
29,"ornamentals",2010,0.392857142857143
29,"ornamentals",2011,0.142857142857143
29,"ornamentals",2012,0
29,"ornamentals",2013,0
29,"ornamentals",2014,0
29,"ornamentals",2015,0
29,"ornamentals",2016,0
29,"ornamentals",2017,0
29,"ornamentals",2018,0
29,"ornamentals",2019,0
29,"ornamentals",2020,0
29,"ornamentals",2021,0
29,"ornamentals",2022,0
37,"ornamentals",1992,0.651162790697674
37,"ornamentals",1993,0.651162790697674
37,"ornamentals",1994,0.651162790697674
37,"ornamentals",1995,0.581395348837209
37,"ornamentals",1996,0.581395348837209
37,"ornamentals",1997,0.558139534883721
37,"ornamentals",1998,0.558139534883721
37,"ornamentals",1999,0.697674418604651
37,"ornamentals",2000,0.720930232558139
37,"ornamentals",2001,0.813953488372093
37,"ornamentals",2002,1
37,"ornamentals",2003,0.86046511627907
37,"ornamentals",2004,0.744186046511628
37,"ornamentals",2005,0.581395348837209
37,"ornamentals",2006,0.302325581395349
37,"ornamentals",2007,0.255813953488372
37,"ornamentals",2008,0.232558139534884
37,"ornamentals",2009,0.232558139534884
37,"ornamentals",2010,0.209302325581395
37,"ornamentals",2011,0.232558139534884
37,"ornamentals",2012,0.209302325581395
37,"ornamentals",2013,0.13953488372093
37,"ornamentals",2014,0.0930232558139535
37,"ornamentals",2015,0.0465116279069767
37,"ornamentals",2016,0.232558139534884
37,"ornamentals",2017,0.372093023255814
37,"ornamentals",2018,0.581395348837209
37,"ornamentals",2019,0.681395348837209
37,"ornamentals",2020,0.495348837209302
37,"ornamentals",2021,0.380232558139535
37,"ornamentals",2022,0.21
39,"ornamentals",1980,1
39,"ornamentals",1981,0.988943352232863
39,"ornamentals",1982,0.977636740405381
39,"ornamentals",1983,0.96583912774508
39,"ornamentals",1984,0.942279611575957
39,"ornamentals",1985,0.919309296406218
39,"ornamentals",1986,0.897088873417511
39,"ornamentals",1987,0.874734541110763
39,"ornamentals",1988,0.854844140255979
39,"ornamentals",1989,0.833025445221395
39,"ornamentals",1990,0.809921220733613
39,"ornamentals",1991,0.792682224376055
39,"ornamentals",1992,0.772256186249106
39,"ornamentals",1993,0.753892351619999
39,"ornamentals",1994,0.742920311346785
39,"ornamentals",1995,0.720324942267561
39,"ornamentals",1996,0.701559379684327
39,"ornamentals",1997,0.681642196965935
39,"ornamentals",1998,0.649780303078234
39,"ornamentals",1999,0.624051455956836
39,"ornamentals",2000,0.598563645607913
39,"ornamentals",2001,0.576155749573946
39,"ornamentals",2002,0.55822042476257
39,"ornamentals",2003,0.541356374495526
39,"ornamentals",2004,0.521894483458477
39,"ornamentals",2005,0.50112028110462
39,"ornamentals",2006,0.482327936657779
39,"ornamentals",2007,0.459786131305772
39,"ornamentals",2008,0.435824887182524
39,"ornamentals",2009,0.409828221425043
39,"ornamentals",2010,0.445967178246891
39,"ornamentals",2011,0.480628706687569
39,"ornamentals",2012,0.382181169930879
39,"ornamentals",2013,0.412414273359599
39,"ornamentals",2014,0.400168674574796
39,"ornamentals",2015,0.451337783782721
39,"ornamentals",2016,0.620152109887499
39,"ornamentals",2017,0.666510448144251
39,"ornamentals",2018,0.703247244498659
39,"ornamentals",2019,0.637518993021231
39,"ornamentals",2020,0.591038168380829
39,"ornamentals",2021,0.55547782419539
39,"ornamentals",2022,0.527011180448862
40,"ornamentals",1990,0.135100025980774
40,"ornamentals",1991,0.118472330475448
40,"ornamentals",1992,0.116047458214255
40,"ornamentals",1993,0.163938685372824
40,"ornamentals",1994,0.149649259547935
40,"ornamentals",1995,0.174330995063653
40,"ornamentals",1996,0.2670823590543
40,"ornamentals",1997,0.409976617303196
40,"ornamentals",1998,0.656274356975838
40,"ornamentals",1999,0.857365549493375
40,"ornamentals",2000,1
40,"ornamentals",2001,0.979215380618342
40,"ornamentals",2002,0.878929592101845
40,"ornamentals",2003,0.805404001039231
40,"ornamentals",2004,0.743309950636529
40,"ornamentals",2005,0.762016108080021
40,"ornamentals",2006,0.823850350740452
40,"ornamentals",2007,0.83736035333853
40,"ornamentals",2008,0.821512081060016
40,"ornamentals",2009,0.825669004936347
40,"ornamentals",2010,0.77604572616264
40,"ornamentals",2011,0.816575733956872
40,"ornamentals",2012,0.763055339049104
40,"ornamentals",2013,0.550792413613926
40,"ornamentals",2014,0.383476227591582
40,"ornamentals",2015,0.167835801506885
40,"ornamentals",2016,0.0989867498051442
40,"ornamentals",2017,0.142374642764354
40,"ornamentals",2018,0.183684073785399
40,"ornamentals",2019,0.225882047285009
40,"ornamentals",2020,0.208773707456482
40,"ornamentals",2021,0.301465315666407
40,"ornamentals",2022,0.300324759677838
41,"ornamentals",2004,1
41,"ornamentals",2005,0.982390551331664
41,"ornamentals",2006,0.654927034221109
41,"ornamentals",2007,0.491195275665832
41,"ornamentals",2008,0.460529564033677
41,"ornamentals",2009,0.219334288367845
41,"ornamentals",2010,0.219334288367845
41,"ornamentals",2011,0.219334288367845
41,"ornamentals",2012,0
41,"ornamentals",2013,0.229741711962145
41,"ornamentals",2014,0.551380108709147
41,"ornamentals",2015,0.597328451101576
41,"ornamentals",2016,0.597328451101576
41,"ornamentals",2017,0.367586739139432
41,"ornamentals",2018,0.045948342392429
41,"ornamentals",2019,0
41,"ornamentals",2020,0
41,"ornamentals",2021,0
41,"ornamentals",2022,0
42,"ornamentals",2000,0
42,"ornamentals",2001,0.761745137219341
42,"ornamentals",2002,1
42,"ornamentals",2003,0.75
42,"ornamentals",2004,0.75
42,"ornamentals",2005,0.369127431390329
42,"ornamentals",2006,0.309999360601968
42,"ornamentals",2007,0.309999360601968
42,"ornamentals",2008,0.309999360601968
42,"ornamentals",2009,0.309999360601968
42,"ornamentals",2010,0.323756421279539
42,"ornamentals",2011,0.605398900562262
42,"ornamentals",2012,0.640374027132324
42,"ornamentals",2013,0.70166721087302
42,"ornamentals",2014,0.439203973334178
42,"ornamentals",2015,0.218854677792151
42,"ornamentals",2016,0.245172734962786
42,"ornamentals",2017,0.249617086698091
42,"ornamentals",2018,0.223299029527457
42,"ornamentals",2019,0.224524893202271
42,"ornamentals",2020,0.163231709461574
42,"ornamentals",2021,0.0981071058229795
42,"ornamentals",2022,0.0833587298873472
43,"ornamentals",2003,0.188701175280146
43,"ornamentals",2004,0.202375173488852
43,"ornamentals",2005,0.167734378026796
43,"ornamentals",2006,0.155883579579251
43,"ornamentals",2007,0.118963784415744
43,"ornamentals",2008,0.133321482534886
43,"ornamentals",2009,0.177078276802746
43,"ornamentals",2010,0.188017475369711
43,"ornamentals",2011,0.20852847268277
43,"ornamentals",2012,0.157250979400122
43,"ornamentals",2013,0.111443085400956
43,"ornamentals",2014,0.0964016873713789
43,"ornamentals",2015,0.0779417897896255
43,"ornamentals",2016,0.0861461887148493
43,"ornamentals",2017,0.0929831878192024
43,"ornamentals",2018,0.0984527871026849
43,"ornamentals",2019,0.153873501842571
43,"ornamentals",2020,0.40744412462482
43,"ornamentals",2021,0.725002222024709
43,"ornamentals",2022,1
44,"ornamentals",2019,0.0667678300455235
44,"ornamentals",2020,0.350227617602428
44,"ornamentals",2021,0.970966110268083
44,"ornamentals",2022,1
45,"ornamentals",1995,1
45,"ornamentals",1996,0.540589822170197
45,"ornamentals",1997,0.414512977673727
45,"ornamentals",1998,0.470785144478481
45,"ornamentals",1999,0.358696740956041
45,"ornamentals",2000,0.338401829870943
45,"ornamentals",2001,0.297812007700746
45,"ornamentals",2002,0.13791159647756
45,"ornamentals",2003,0
45,"ornamentals",2004,0
45,"ornamentals",2005,0
45,"ornamentals",2006,0
45,"ornamentals",2007,0
45,"ornamentals",2008,0.060884733255295
45,"ornamentals",2009,0.0811796443403933
45,"ornamentals",2010,0.182346007205454
45,"ornamentals",2011,0.271579032216526
45,"ornamentals",2012,0.210694298961231
45,"ornamentals",2013,0.190399387876132
45,"ornamentals",2014,0.0892330250110712
45,"ornamentals",2015,0
45,"ornamentals",2016,0
45,"ornamentals",2017,0
45,"ornamentals",2018,0
45,"ornamentals",2019,0
45,"ornamentals",2020,0
45,"ornamentals",2021,0
45,"ornamentals",2022,0
46,"ornamentals",2015,0.0934045770753665
46,"ornamentals",2016,0.42289705627799
46,"ornamentals",2017,0.70417564591797
46,"ornamentals",2018,0.81100761695857
46,"ornamentals",2019,0.966675728746997
46,"ornamentals",2020,1
46,"ornamentals",2021,0.932272341810573
46,"ornamentals",2022,0.827513129126383
47,"ornamentals",2004,0.285714285714286
47,"ornamentals",2005,0.714285714285714
47,"ornamentals",2006,0.53968253968254
47,"ornamentals",2007,0.428571428571429
47,"ornamentals",2008,0.571428571428571
47,"ornamentals",2009,0.321428571428571
47,"ornamentals",2010,0.761904761904762
47,"ornamentals",2011,1
47,"ornamentals",2012,0.797619047619048
47,"ornamentals",2013,0.761904761904762
47,"ornamentals",2014,0.404761904761905
47,"ornamentals",2015,0.142857142857143
47,"ornamentals",2016,0.142857142857143
47,"ornamentals",2017,0.176326904781588
47,"ornamentals",2018,0.0713414774363167
47,"ornamentals",2019,0.0713414774363167
47,"ornamentals",2020,0.0594367155315548
47,"ornamentals",2021,0.0259669536071094
47,"ornamentals",2022,0
48,"ornamentals",1995,0
48,"ornamentals",1996,0
48,"ornamentals",1997,0.164059118393035
48,"ornamentals",1998,0.205073897991294
48,"ornamentals",1999,0.246088677589553
48,"ornamentals",2000,0.3027487468296
48,"ornamentals",2001,0.3027487468296
48,"ornamentals",2002,0.3027487468296
48,"ornamentals",2003,1
48,"ornamentals",2004,0.943339930759952
48,"ornamentals",2005,0.820295591965176
48,"ornamentals",2006,0.738266032768658
48,"ornamentals",2007,0
48,"ornamentals",2008,0
48,"ornamentals",2009,0
48,"ornamentals",2010,0
48,"ornamentals",2011,0
48,"ornamentals",2012,0
48,"ornamentals",2013,0
48,"ornamentals",2014,0
48,"ornamentals",2015,0
48,"ornamentals",2016,0
48,"ornamentals",2017,0
48,"ornamentals",2018,0
48,"ornamentals",2019,0
48,"ornamentals",2020,0
48,"ornamentals",2021,0
48,"ornamentals",2022,0
49,"ornamentals",2016,1
49,"ornamentals",2017,0.947433923727963
49,"ornamentals",2018,0.631622615818642
49,"ornamentals",2019,0.473716961863981
49,"ornamentals",2020,0.223716961863981
49,"ornamentals",2021,0.0399084248342489
49,"ornamentals",2022,0.345235209353811
50,"ornamentals",1993,0.0539730134932534
50,"ornamentals",1994,0.0269865067466267
50,"ornamentals",1995,0.0239880059970015
50,"ornamentals",1996,0.0179910044977511
50,"ornamentals",1997,0.00449775112443778
50,"ornamentals",1998,0.0869565217391304
50,"ornamentals",1999,0.238380809595202
50,"ornamentals",2000,0.250374812593703
50,"ornamentals",2001,0.367316341829085
50,"ornamentals",2002,0.403298350824588
50,"ornamentals",2003,0.397301349325337
50,"ornamentals",2004,0.698650674662669
50,"ornamentals",2005,0.818590704647676
50,"ornamentals",2006,1
50,"ornamentals",2007,0.902548725637181
50,"ornamentals",2008,0.658170914542729
50,"ornamentals",2009,0.478260869565217
50,"ornamentals",2010,0.178410794602699
50,"ornamentals",2011,0.125937031484258
50,"ornamentals",2012,0.0569715142428786
50,"ornamentals",2013,0
50,"ornamentals",2014,0
50,"ornamentals",2015,0
50,"ornamentals",2016,0
50,"ornamentals",2017,0
50,"ornamentals",2018,0
50,"ornamentals",2019,0
50,"ornamentals",2020,0
50,"ornamentals",2021,0
50,"ornamentals",2022,0
52,"ornamentals",1994,0.289245305258256
52,"ornamentals",1995,0.723113263145639
52,"ornamentals",1996,0.867735915774767
52,"ornamentals",1997,0.723113263145639
52,"ornamentals",1998,0.768083491923939
52,"ornamentals",1999,0.551149512980247
52,"ornamentals",2000,0.261904207721992
52,"ornamentals",2001,0.189592881407428
52,"ornamentals",2002,0.0723113263145639
52,"ornamentals",2003,0
52,"ornamentals",2004,0
52,"ornamentals",2005,0
52,"ornamentals",2006,0
52,"ornamentals",2007,0
52,"ornamentals",2008,0
52,"ornamentals",2009,0
52,"ornamentals",2010,0
52,"ornamentals",2011,0
52,"ornamentals",2012,0
52,"ornamentals",2013,0.0872406435178128
52,"ornamentals",2014,0.0872406435178128
52,"ornamentals",2015,0.0872406435178128
52,"ornamentals",2016,0.0872406435178128
52,"ornamentals",2017,0.132264084225233
52,"ornamentals",2018,0.132264084225233
52,"ornamentals",2019,1
52,"ornamentals",2020,1
52,"ornamentals",2021,0.88219818103768
52,"ornamentals",2022,0.896660446300593
53,"ornamentals",2002,0.00757575757575758
53,"ornamentals",2003,0.00378787878787879
53,"ornamentals",2004,0.00252525252525253
53,"ornamentals",2005,0.00189393939393939
53,"ornamentals",2006,0
53,"ornamentals",2007,0.00189393939393939
53,"ornamentals",2008,0.0378787878787879
53,"ornamentals",2009,0.071969696969697
53,"ornamentals",2010,0.0795454545454545
53,"ornamentals",2011,0.15530303030303
53,"ornamentals",2012,0.126893939393939
53,"ornamentals",2013,0.104166666666667
53,"ornamentals",2014,0.242424242424242
53,"ornamentals",2015,0.5625
53,"ornamentals",2016,0.685606060606061
53,"ornamentals",2017,1
53,"ornamentals",2018,0.856060606060606
53,"ornamentals",2019,0.46532196969697
53,"ornamentals",2020,0.334640151515152
53,"ornamentals",2021,0.00888257575757576
53,"ornamentals",2022,0.00698863636363636
54,"ornamentals",1995,0.237061913155566
54,"ornamentals",1996,0.689167823153883
54,"ornamentals",1997,0.514254675846861
54,"ornamentals",1998,0.473900928005808
54,"ornamentals",1999,0.414635449716916
54,"ornamentals",2000,0.129317016428866
54,"ornamentals",2001,0.0882099211206619
54,"ornamentals",2002,0
54,"ornamentals",2003,0
54,"ornamentals",2004,0.0544851624562842
54,"ornamentals",2005,0.0544851624562842
54,"ornamentals",2006,0.153294169880569
54,"ornamentals",2007,0.153294169880569
54,"ornamentals",2008,0.098809007424285
54,"ornamentals",2009,0.476345581279877
54,"ornamentals",2010,0.519112789051439
54,"ornamentals",2011,0.670427552551238
54,"ornamentals",2012,0.670427552551238
54,"ornamentals",2013,0.316487014561621
54,"ornamentals",2014,0.174910799365774
54,"ornamentals",2015,0.0235960358659745
54,"ornamentals",2016,0.0235960358659745
54,"ornamentals",2017,0
54,"ornamentals",2018,0.0943841434638981
54,"ornamentals",2019,0.734072675790467
54,"ornamentals",2020,0.988909863142992
54,"ornamentals",2021,0.988909863142992
54,"ornamentals",2022,1
59,"ornamentals",1988,0.655737704918033
59,"ornamentals",1989,0.442622950819672
59,"ornamentals",1990,0.371584699453552
59,"ornamentals",1991,0.327868852459016
59,"ornamentals",1992,0.262295081967213
59,"ornamentals",1993,0.360655737704918
59,"ornamentals",1994,0.573770491803279
59,"ornamentals",1995,0.877049180327869
59,"ornamentals",1996,1
59,"ornamentals",1997,0.975409836065574
59,"ornamentals",1998,0.721311475409836
59,"ornamentals",1999,0.39344262295082
59,"ornamentals",2000,0.180327868852459
59,"ornamentals",2001,0.262295081967213
59,"ornamentals",2002,0.467213114754098
59,"ornamentals",2003,0.540983606557377
59,"ornamentals",2004,0.557377049180328
59,"ornamentals",2005,0.385245901639344
59,"ornamentals",2006,0.188524590163934
59,"ornamentals",2007,0.10655737704918
59,"ornamentals",2008,0.0819672131147541
59,"ornamentals",2009,0.0573770491803279
59,"ornamentals",2010,0.0573770491803279
59,"ornamentals",2011,0.0655737704918033
59,"ornamentals",2012,0.10655737704918
59,"ornamentals",2013,0.139344262295082
59,"ornamentals",2014,0.139344262295082
59,"ornamentals",2015,0.131147540983607
59,"ornamentals",2016,0.114754098360656
59,"ornamentals",2017,0.0983606557377049
59,"ornamentals",2018,0.131147540983607
59,"ornamentals",2019,0.149918032786885
59,"ornamentals",2020,0.211147540983607
59,"ornamentals",2021,0.226393442622951
59,"ornamentals",2022,0.217295081967213
61,"ornamentals",1990,1
61,"ornamentals",1991,0.5
61,"ornamentals",1992,0.333333333333333
61,"ornamentals",1993,0.25
61,"ornamentals",1994,0
61,"ornamentals",1995,0
61,"ornamentals",1996,0
61,"ornamentals",1997,0
61,"ornamentals",1998,0
61,"ornamentals",1999,0
61,"ornamentals",2000,0
61,"ornamentals",2001,0
61,"ornamentals",2002,0
61,"ornamentals",2003,0
61,"ornamentals",2004,0
61,"ornamentals",2005,0
61,"ornamentals",2006,0
61,"ornamentals",2007,0
61,"ornamentals",2008,0.10484020935793
61,"ornamentals",2009,0.174284653802374
61,"ornamentals",2010,0.188173542691263
61,"ornamentals",2011,0.188173542691263
61,"ornamentals",2012,0.0833333333333333
61,"ornamentals",2013,0.0138888888888889
61,"ornamentals",2014,0
61,"ornamentals",2015,0
61,"ornamentals",2016,0
61,"ornamentals",2017,0
61,"ornamentals",2018,0
61,"ornamentals",2019,0
61,"ornamentals",2020,0
61,"ornamentals",2021,0
61,"ornamentals",2022,0
62,"ornamentals",2002,0.122202665325622
62,"ornamentals",2003,0.494845360824742
62,"ornamentals",2004,0.614198306931523
62,"ornamentals",2005,0.724541111390495
62,"ornamentals",2006,0.951722403821976
62,"ornamentals",2007,1
62,"ornamentals",2008,0.826376665828514
62,"ornamentals",2009,0.562484284636661
62,"ornamentals",2010,0.304752325873774
62,"ornamentals",2011,0.039602715614785
62,"ornamentals",2012,0
62,"ornamentals",2013,0
62,"ornamentals",2014,0
62,"ornamentals",2015,0
62,"ornamentals",2016,0
62,"ornamentals",2017,0
62,"ornamentals",2018,0
62,"ornamentals",2019,0
62,"ornamentals",2020,0
62,"ornamentals",2021,0
62,"ornamentals",2022,0
67,"ornamentals",1997,0.00579610844595402
67,"ornamentals",1998,0.00289805422297701
67,"ornamentals",1999,0.00222740694977079
67,"ornamentals",2000,0.00344278001904483
67,"ornamentals",2001,0.00243680910923551
67,"ornamentals",2002,0.00287986531091469
67,"ornamentals",2003,0.0026583372100751
67,"ornamentals",2004,0.000886112403358366
67,"ornamentals",2005,0.00198808995966428
67,"ornamentals",2006,0.0015450337579851
67,"ornamentals",2007,0.0015450337579851
67,"ornamentals",2008,0.0015450337579851
67,"ornamentals",2009,0
67,"ornamentals",2010,0
67,"ornamentals",2011,0
67,"ornamentals",2012,0
67,"ornamentals",2013,0
67,"ornamentals",2014,0
67,"ornamentals",2015,0
67,"ornamentals",2016,0.333333333333333
67,"ornamentals",2017,1
67,"ornamentals",2018,1
67,"ornamentals",2019,1
67,"ornamentals",2020,0.666666666666667
67,"ornamentals",2021,0
67,"ornamentals",2022,0
71,"ornamentals",1999,0
71,"ornamentals",2000,0
71,"ornamentals",2001,0
71,"ornamentals",2002,0
71,"ornamentals",2003,0
71,"ornamentals",2004,0.00964853035339935
71,"ornamentals",2005,0.0149113650916172
71,"ornamentals",2006,0.0149113650916172
71,"ornamentals",2007,0.0149113650916172
71,"ornamentals",2008,0.00877139123036305
71,"ornamentals",2009,0.00350855649214522
71,"ornamentals",2010,0.00350855649214522
71,"ornamentals",2011,0.00350855649214522
71,"ornamentals",2012,0
71,"ornamentals",2013,0
71,"ornamentals",2014,0
71,"ornamentals",2015,0
71,"ornamentals",2016,0
71,"ornamentals",2017,0.0219284780759076
71,"ornamentals",2018,0.125430894594192
71,"ornamentals",2019,0.298455358004333
71,"ornamentals",2020,0.662187409545028
71,"ornamentals",2021,0.946512056277246
71,"ornamentals",2022,1
76,"ornamentals",2004,0.247257819085266
76,"ornamentals",2005,0.152229644024932
76,"ornamentals",2006,0.125286228078481
76,"ornamentals",2007,0.0939646710588608
76,"ornamentals",2008,0.0321502162875443
76,"ornamentals",2009,0.0178498490463946
76,"ornamentals",2010,0.0618144547713165
76,"ornamentals",2011,0.138400769878431
76,"ornamentals",2012,0.261709623842084
76,"ornamentals",2013,0.323524078613401
76,"ornamentals",2014,0.323524078613401
76,"ornamentals",2015,0.926896765990768
76,"ornamentals",2016,0.865402366798431
76,"ornamentals",2017,0.938505600807663
76,"ornamentals",2018,1
76,"ornamentals",2019,0.326222442992651
76,"ornamentals",2020,0.397927210527378
76,"ornamentals",2021,0.541792712765466
76,"ornamentals",2022,0.709629940774713
77,"ornamentals",2001,0.0478214370930994
77,"ornamentals",2002,0.0239107185465497
77,"ornamentals",2003,0.0159404790310331
77,"ornamentals",2004,0.0251584665397373
77,"ornamentals",2005,0.294684588747944
77,"ornamentals",2006,0.435425329488685
77,"ornamentals",2007,0.487277181340537
77,"ornamentals",2008,0.711111111111111
77,"ornamentals",2009,0.807407407407407
77,"ornamentals",2010,1
77,"ornamentals",2011,0.962956223561517
77,"ornamentals",2012,0.751894890490817
77,"ornamentals",2013,0.391967923375989
77,"ornamentals",2014,0.0991049806356976
77,"ornamentals",2015,0.0982684865558802
77,"ornamentals",2016,0.0866897087378944
77,"ornamentals",2017,0.0889368478769766
77,"ornamentals",2018,0.0651694327415759
77,"ornamentals",2019,0.0668326088091817
77,"ornamentals",2020,0.0524356826608305
77,"ornamentals",2021,0.0553977672425609
77,"ornamentals",2022,0.0617548261686815
78,"ornamentals",2012,0.97046497046497
78,"ornamentals",2013,1
78,"ornamentals",2014,0.666666666666667
78,"ornamentals",2015,0.658185658185658
78,"ornamentals",2016,0.536877536877537
78,"ornamentals",2017,0.417839817839818
78,"ornamentals",2018,0.516506616506616
78,"ornamentals",2019,0.358320958320958
78,"ornamentals",2020,0.524513084513085
78,"ornamentals",2021,0.560850740850741
78,"ornamentals",2022,0.636867636867637
79,"ornamentals",1976,0.00122444846951843
79,"ornamentals",1977,0.0015217016810037
79,"ornamentals",1978,0.0010144677873358
79,"ornamentals",1979,0.00124169495336723
79,"ornamentals",1980,0.00093558283598762
79,"ornamentals",1981,0.000480844112865378
79,"ornamentals",1982,0.000480844112865378
79,"ornamentals",1983,0
79,"ornamentals",1984,0
79,"ornamentals",1985,0
79,"ornamentals",1986,0
79,"ornamentals",1987,0
79,"ornamentals",1988,0.0559204489380383
79,"ornamentals",1989,0.112659419100241
79,"ornamentals",1990,0.185592586966574
79,"ornamentals",1991,0.265038380313656
79,"ornamentals",1992,0.290323288387027
79,"ornamentals",1993,0.323056786622374
79,"ornamentals",1994,0.364339416178532
79,"ornamentals",1995,0.418716890537648
79,"ornamentals",1996,0.468995247826898
79,"ornamentals",1997,0.513101004703547
79,"ornamentals",1998,0.512004824708596
79,"ornamentals",1999,0.47530853070609
79,"ornamentals",2000,0.430047155510905
79,"ornamentals",2001,0.384945279034393
79,"ornamentals",2002,0.36131193009111
79,"ornamentals",2003,0.400281828226526
79,"ornamentals",2004,0.486287898498269
79,"ornamentals",2005,0.572995763132168
79,"ornamentals",2006,0.664998985225971
79,"ornamentals",2007,0.745853246884614
79,"ornamentals",2008,0.827839949445826
79,"ornamentals",2009,0.902362111973195
79,"ornamentals",2010,0.963837279313209
79,"ornamentals",2011,1
79,"ornamentals",2012,0.745939883125575
79,"ornamentals",2013,0.49650252366314
79,"ornamentals",2014,0.253537865745067
79,"ornamentals",2015,0.000585701275637352
79,"ornamentals",2016,0.000690870422006621
79,"ornamentals",2017,0.000733851819367581
79,"ornamentals",2018,0.00149572245308509
79,"ornamentals",2019,0.00171860412436295
79,"ornamentals",2020,0.00145843991398835
79,"ornamentals",2021,0.00175461428945457
79,"ornamentals",2022,0.00160091592508432
80,"ornamentals",1991,0.499362400499316
80,"ornamentals",1992,0.249681200249658
80,"ornamentals",1993,0.212468980277958
80,"ornamentals",1994,0.160956904282126
80,"ornamentals",1995,0.0361163041572973
80,"ornamentals",1996,0.0441421495255856
80,"ornamentals",1997,0.0690222701672793
80,"ornamentals",1998,0.262445143543027
80,"ornamentals",1999,0.501615335518018
80,"ornamentals",2000,0.575453112906271
80,"ornamentals",2001,0.608359078916253
80,"ornamentals",2002,0.65169864390501
80,"ornamentals",2003,0.422962050908793
80,"ornamentals",2004,0.443490549725529
80,"ornamentals",2005,0.376073448631907
80,"ornamentals",2006,0.38088895585288
80,"ornamentals",2007,0.533390963741583
80,"ornamentals",2008,0.578674396944811
80,"ornamentals",2009,0.674150678047495
80,"ornamentals",2010,1
80,"ornamentals",2011,0.867562605532018
80,"ornamentals",2012,0.719887050755513
80,"ornamentals",2013,0.599530649011136
80,"ornamentals",2014,0.0304982123994955
80,"ornamentals",2015,0
80,"ornamentals",2016,0
80,"ornamentals",2017,0
80,"ornamentals",2018,0
80,"ornamentals",2019,0
80,"ornamentals",2020,0
80,"ornamentals",2021,0
80,"ornamentals",2022,0
82,"ornamentals",2000,0.382455024662764
82,"ornamentals",2001,0.191227512331382
82,"ornamentals",2002,0.127485008220921
82,"ornamentals",2003,0.0956137561656909
82,"ornamentals",2004,0.4
82,"ornamentals",2005,0.6
82,"ornamentals",2006,0.8
82,"ornamentals",2007,0.8
82,"ornamentals",2008,1
82,"ornamentals",2009,1
82,"ornamentals",2010,0.8
82,"ornamentals",2011,0.8
82,"ornamentals",2012,0.2
82,"ornamentals",2013,0
82,"ornamentals",2014,0
82,"ornamentals",2015,0
82,"ornamentals",2016,0
82,"ornamentals",2017,0
82,"ornamentals",2018,0
82,"ornamentals",2019,0
82,"ornamentals",2020,0
82,"ornamentals",2021,0
82,"ornamentals",2022,0
84,"ornamentals",2001,1
84,"ornamentals",2002,0.999380949035869
84,"ornamentals",2003,0.716697151646426
84,"ornamentals",2004,0.575355252951705
84,"ornamentals",2005,0.363187642168591
84,"ornamentals",2006,0.113497167650656
84,"ornamentals",2007,0.35022862294635
84,"ornamentals",2008,0.312396233729465
84,"ornamentals",2009,0.274563844512579
84,"ornamentals",2010,0.274563844512579
84,"ornamentals",2011,0
84,"ornamentals",2012,0
84,"ornamentals",2013,0
84,"ornamentals",2014,0
84,"ornamentals",2015,0
84,"ornamentals",2016,0
84,"ornamentals",2017,0
84,"ornamentals",2018,0
84,"ornamentals",2019,0
84,"ornamentals",2020,0
84,"ornamentals",2021,0
84,"ornamentals",2022,0
85,"ornamentals",2001,1
85,"ornamentals",2002,0.5
85,"ornamentals",2003,0.638699726850523
85,"ornamentals",2004,0.692180081900902
85,"ornamentals",2005,0.442180081900902
85,"ornamentals",2006,0.442180081900902
85,"ornamentals",2007,0.409199515416398
85,"ornamentals",2008,0.196044228653388
85,"ornamentals",2009,0.196044228653388
85,"ornamentals",2010,0.196044228653388
85,"ornamentals",2011,0
85,"ornamentals",2012,0
85,"ornamentals",2013,0
85,"ornamentals",2014,0
85,"ornamentals",2015,0
85,"ornamentals",2016,0
85,"ornamentals",2017,0
85,"ornamentals",2018,0
85,"ornamentals",2019,0
85,"ornamentals",2020,0
85,"ornamentals",2021,0
85,"ornamentals",2022,0
86,"ornamentals",2001,1
86,"ornamentals",2002,0.5
86,"ornamentals",2003,0.588645921395967
86,"ornamentals",2004,0.602727634414619
86,"ornamentals",2005,0.352727634414619
86,"ornamentals",2006,0.352727634414619
86,"ornamentals",2007,0.237335630179953
86,"ornamentals",2008,0.0760924368123093
86,"ornamentals",2009,0.0760924368123093
86,"ornamentals",2010,0.0760924368123093
86,"ornamentals",2011,0
86,"ornamentals",2012,0
86,"ornamentals",2013,0
86,"ornamentals",2014,0
86,"ornamentals",2015,0
86,"ornamentals",2016,0
86,"ornamentals",2017,0
86,"ornamentals",2018,0
86,"ornamentals",2019,0
86,"ornamentals",2020,0
86,"ornamentals",2021,0
86,"ornamentals",2022,0
88,"ornamentals",2001,1
88,"ornamentals",2002,0.5
88,"ornamentals",2003,0.638699726850523
88,"ornamentals",2004,0.692180081900902
88,"ornamentals",2005,0.442180081900902
88,"ornamentals",2006,0.442180081900902
88,"ornamentals",2007,0.409199515416398
88,"ornamentals",2008,0.196044228653388
88,"ornamentals",2009,0.196044228653388
88,"ornamentals",2010,0.196044228653388
88,"ornamentals",2011,0
88,"ornamentals",2012,0
88,"ornamentals",2013,0
88,"ornamentals",2014,0
88,"ornamentals",2015,0
88,"ornamentals",2016,0
88,"ornamentals",2017,0
88,"ornamentals",2018,0
88,"ornamentals",2019,0
88,"ornamentals",2020,0
88,"ornamentals",2021,0
88,"ornamentals",2022,0
96,"ornamentals",1995,0.769230769230769
96,"ornamentals",1996,0.769230769230769
96,"ornamentals",1997,0.512820512820513
96,"ornamentals",1998,0.409407857568127
96,"ornamentals",1999,0.255561703721973
96,"ornamentals",2000,0.0632540114142804
96,"ornamentals",2001,0.0802538385968734
96,"ornamentals",2002,0.115315001334721
96,"ornamentals",2003,0.125993236206214
96,"ornamentals",2004,0.157114464790929
96,"ornamentals",2005,0.140114637608336
96,"ornamentals",2006,0.109433658829367
96,"ornamentals",2007,0.0602938854963355
96,"ornamentals",2008,0.0291726569116198
96,"ornamentals",2009,0.0675969269648571
96,"ornamentals",2010,0.0758742542699267
96,"ornamentals",2011,0.0758742542699267
96,"ornamentals",2012,0.0758742542699267
96,"ornamentals",2013,0.0374499842166894
96,"ornamentals",2014,1
96,"ornamentals",2015,1
96,"ornamentals",2016,1
96,"ornamentals",2017,1
96,"ornamentals",2018,0
96,"ornamentals",2019,0
96,"ornamentals",2020,0
96,"ornamentals",2021,0
96,"ornamentals",2022,0
97,"ornamentals",2000,0.391835326838777
97,"ornamentals",2001,0.195917663419388
97,"ornamentals",2002,0.654371085879443
97,"ornamentals",2003,0.62149262600979
97,"ornamentals",2004,0.811045546553242
97,"ornamentals",2005,1
97,"ornamentals",2006,0.894692269553257
97,"ornamentals",2007,0.763977957953049
97,"ornamentals",2008,0.476466205699904
97,"ornamentals",2009,0.287511752253146
97,"ornamentals",2010,0
97,"ornamentals",2011,0
97,"ornamentals",2012,0.247182328898188
97,"ornamentals",2013,0.247182328898188
97,"ornamentals",2014,0.247182328898188
97,"ornamentals",2015,0.247182328898188
97,"ornamentals",2016,0
97,"ornamentals",2017,0
97,"ornamentals",2018,0
97,"ornamentals",2019,0
97,"ornamentals",2020,0
97,"ornamentals",2021,0
97,"ornamentals",2022,0
100,"ornamentals",1995,0
100,"ornamentals",1996,0.290870907254195
100,"ornamentals",1997,0.352380766060615
100,"ornamentals",1998,0.37517004730421
100,"ornamentals",1999,0.48972617474654
100,"ornamentals",2000,0.483465648363113
100,"ornamentals",2001,0.579613386999841
100,"ornamentals",2002,0.803771456911759
100,"ornamentals",2003,1
100,"ornamentals",2004,0.93788041996922
100,"ornamentals",2005,0.722882560414128
100,"ornamentals",2006,0.560682175931834
100,"ornamentals",2007,0.249897505401263
100,"ornamentals",2008,0.172842158188373
100,"ornamentals",2009,0.172842158188373
100,"ornamentals",2010,0
100,"ornamentals",2011,0
100,"ornamentals",2012,0
100,"ornamentals",2013,0
100,"ornamentals",2014,0
100,"ornamentals",2015,0
100,"ornamentals",2016,0
100,"ornamentals",2017,0
100,"ornamentals",2018,0
100,"ornamentals",2019,0
100,"ornamentals",2020,0
100,"ornamentals",2021,0
100,"ornamentals",2022,0
101,"ornamentals",2000,0.0224719101123595
101,"ornamentals",2001,0.0112359550561798
101,"ornamentals",2002,0.172284644194757
101,"ornamentals",2003,0.151685393258427
101,"ornamentals",2004,0.595505617977528
101,"ornamentals",2005,1
101,"ornamentals",2006,0.876404494382023
101,"ornamentals",2007,0.853932584269663
101,"ornamentals",2008,0.404494382022472
101,"ornamentals",2009,0
101,"ornamentals",2010,0
101,"ornamentals",2011,0
101,"ornamentals",2012,0.0280898876404494
101,"ornamentals",2013,0.0625038088241947
101,"ornamentals",2014,0.208571224554532
101,"ornamentals",2015,0.208571224554532
101,"ornamentals",2016,0.180481336914082
101,"ornamentals",2017,0.146067415730337
101,"ornamentals",2018,0
101,"ornamentals",2019,0
101,"ornamentals",2020,0
101,"ornamentals",2021,0
101,"ornamentals",2022,0.00280898876404494
102,"ornamentals",1985,0.310005495249353
102,"ornamentals",1986,0.155002747624677
102,"ornamentals",1987,0.103335165083118
102,"ornamentals",1988,0.0775013738123383
102,"ornamentals",1989,0
102,"ornamentals",1990,0.190011698128708
102,"ornamentals",1991,0.376666053136016
102,"ornamentals",1992,0.635038765622591
102,"ornamentals",1993,0.902566751754544
102,"ornamentals",1994,0.937519497433816
102,"ornamentals",1995,1
102,"ornamentals",1996,0.928178415936097
102,"ornamentals",1997,0.872206146443447
102,"ornamentals",1998,0.719469640621045
102,"ornamentals",1999,0.509175097671462
102,"ornamentals",2000,0.345594323984519
102,"ornamentals",2001,0.160325014568493
102,"ornamentals",2002,0.0935084772113016
102,"ornamentals",2003,0.117616955026032
102,"ornamentals",2004,0.105855931442665
102,"ornamentals",2005,0.0824164655436382
102,"ornamentals",2006,0.0798313609225751
102,"ornamentals",2007,0.0180198702720949
102,"ornamentals",2008,0.0996863852140054
102,"ornamentals",2009,0.0979354550440608
102,"ornamentals",2010,0.0970186993252348
102,"ornamentals",2011,0.097770292508646
102,"ornamentals",2012,0.00489444641437301
102,"ornamentals",2013,0.00503690682083606
102,"ornamentals",2014,0.0130351390184872
102,"ornamentals",2015,0.013623187168454
102,"ornamentals",2016,0.0433465046268991
102,"ornamentals",2017,0.0520158055522789
102,"ornamentals",2018,0.054492748673816
102,"ornamentals",2019,0.0772682406763495
102,"ornamentals",2020,0.0501704829267338
102,"ornamentals",2021,0.0432969657644683
102,"ornamentals",2022,0.0437675849575604
103,"ornamentals",1997,1
103,"ornamentals",1998,1
103,"ornamentals",1999,1
103,"ornamentals",2000,1
103,"ornamentals",2001,1
103,"ornamentals",2002,1
103,"ornamentals",2003,1
103,"ornamentals",2004,1
103,"ornamentals",2005,1
103,"ornamentals",2006,1
103,"ornamentals",2007,1
103,"ornamentals",2008,1
103,"ornamentals",2009,1
103,"ornamentals",2010,1
103,"ornamentals",2011,1
103,"ornamentals",2012,1
103,"ornamentals",2013,1
103,"ornamentals",2014,1
103,"ornamentals",2015,1
103,"ornamentals",2016,1
103,"ornamentals",2017,1
103,"ornamentals",2018,1
103,"ornamentals",2019,1
103,"ornamentals",2020,1
103,"ornamentals",2021,1
103,"ornamentals",2022,1
104,"ornamentals",1995,1
104,"ornamentals",1996,1
104,"ornamentals",1997,1
104,"ornamentals",1998,1
104,"ornamentals",1999,1
104,"ornamentals",2000,1
104,"ornamentals",2001,1
104,"ornamentals",2002,1
104,"ornamentals",2003,1
104,"ornamentals",2004,1
104,"ornamentals",2005,1
104,"ornamentals",2006,1
104,"ornamentals",2007,1
104,"ornamentals",2008,1
104,"ornamentals",2009,1
104,"ornamentals",2010,1
104,"ornamentals",2011,1
104,"ornamentals",2012,1
104,"ornamentals",2013,1
104,"ornamentals",2014,1
104,"ornamentals",2015,1
104,"ornamentals",2016,1
104,"ornamentals",2017,1
104,"ornamentals",2018,1
104,"ornamentals",2019,1
104,"ornamentals",2020,1
104,"ornamentals",2021,1
104,"ornamentals",2022,1
106,"ornamentals",1986,0
106,"ornamentals",1987,0
106,"ornamentals",1988,0
106,"ornamentals",1989,0
106,"ornamentals",1990,0
106,"ornamentals",1991,0
106,"ornamentals",1992,0.000268875991796939
106,"ornamentals",1993,0.0123449572895854
106,"ornamentals",1994,0.0123449572895854
106,"ornamentals",1995,0.0139050666654381
106,"ornamentals",1996,0.0419998718541338
106,"ornamentals",1997,0.0503860979107179
106,"ornamentals",1998,0.0503860979107179
106,"ornamentals",1999,0.0488259885348652
106,"ornamentals",2000,0.0204623073543726
106,"ornamentals",2001,0
106,"ornamentals",2002,0
106,"ornamentals",2003,0
106,"ornamentals",2004,0
106,"ornamentals",2005,0
106,"ornamentals",2006,0
106,"ornamentals",2007,0
106,"ornamentals",2008,0.00728544368352033
106,"ornamentals",2009,0.00728544368352033
106,"ornamentals",2010,0.00728544368352033
106,"ornamentals",2011,0.00728544368352033
106,"ornamentals",2012,0
106,"ornamentals",2013,0.480839283112342
106,"ornamentals",2014,0.480839283112342
106,"ornamentals",2015,0.480839283112342
106,"ornamentals",2016,0.480839283112342
106,"ornamentals",2017,0.00728544368352033
106,"ornamentals",2018,0.0145708873670407
106,"ornamentals",2019,0.776846859973772
106,"ornamentals",2020,0.794623342561562
106,"ornamentals",2021,0.806790033513041
106,"ornamentals",2022,1
112,"ornamentals",1999,0.615384615384615
112,"ornamentals",2000,0.738461538461539
112,"ornamentals",2001,0.820512820512821
112,"ornamentals",2002,0.830769230769231
112,"ornamentals",2003,0.892307692307692
112,"ornamentals",2004,0.892307692307692
112,"ornamentals",2005,0.830769230769231
112,"ornamentals",2006,0.907692307692308
112,"ornamentals",2007,1
112,"ornamentals",2008,0.938461538461538
112,"ornamentals",2009,0.923076923076923
112,"ornamentals",2010,0.769230769230769
112,"ornamentals",2011,0.553846153846154
112,"ornamentals",2012,0.461538461538462
112,"ornamentals",2013,0.338461538461538
112,"ornamentals",2014,0.261538461538462
112,"ornamentals",2015,0.2
112,"ornamentals",2016,0.232923076923077
112,"ornamentals",2017,0.316769230769231
112,"ornamentals",2018,0.393692307692308
112,"ornamentals",2019,0.364
112,"ornamentals",2020,0.287076923076923
112,"ornamentals",2021,0.162153846153846
112,"ornamentals",2022,0.0284615384615385
114,"ornamentals",1996,0.102080248166649
114,"ornamentals",1997,0.19093763253558
114,"ornamentals",1998,0.694863464831069
114,"ornamentals",1999,0.803973902055199
114,"ornamentals",2000,0.926648021268931
114,"ornamentals",2001,1
114,"ornamentals",2002,0.691284093397983
114,"ornamentals",2003,0.498367994885695
114,"ornamentals",2004,0.47307569265144
114,"ornamentals",2005,0.409898268017459
114,"ornamentals",2006,0.366378218213525
114,"ornamentals",2007,0.38397473379028
114,"ornamentals",2008,0.41656120259429
114,"ornamentals",2009,0.536376067287287
114,"ornamentals",2010,0.608655825573081
114,"ornamentals",2011,0.637689359232773
114,"ornamentals",2012,0.482438936210852
114,"ornamentals",2013,0.282710567500734
114,"ornamentals",2014,0.137194087506063
114,"ornamentals",2015,0.000873751168228208
114,"ornamentals",2016,0.00087819124672267
114,"ornamentals",2017,0.000940599016672614
114,"ornamentals",2018,0.00102841390245198
114,"ornamentals",2019,0.00109159437925147
114,"ornamentals",2020,0.00111945968823203
114,"ornamentals",2021,0.000950192446739709
114,"ornamentals",2022,0.000913635406659854
115,"ornamentals",1979,0
115,"ornamentals",1980,0
115,"ornamentals",1981,0
115,"ornamentals",1982,0
115,"ornamentals",1983,0
115,"ornamentals",1984,0
115,"ornamentals",1985,0
115,"ornamentals",1986,0
115,"ornamentals",1987,0
115,"ornamentals",1988,0
115,"ornamentals",1989,0
115,"ornamentals",1990,0
115,"ornamentals",1991,0
115,"ornamentals",1992,0.0414113470160384
115,"ornamentals",1993,0.044172147218785
115,"ornamentals",1994,0.199911103347234
115,"ornamentals",1995,0.449579836069022
115,"ornamentals",1996,0.428672092587247
115,"ornamentals",1997,0.441187960048319
115,"ornamentals",1998,0.286585772795152
115,"ornamentals",1999,0.0369170400733645
115,"ornamentals",2000,0.0193516576858738
115,"ornamentals",2001,0.0129274789459989
115,"ornamentals",2002,0.10120353121086
115,"ornamentals",2003,0.190960018304368
115,"ornamentals",2004,0.234671255978765
115,"ornamentals",2005,0.795334342902543
115,"ornamentals",2006,0.754372432855059
115,"ornamentals",2007,0.872729734968483
115,"ornamentals",2008,1
115,"ornamentals",2009,0.560182999367864
115,"ornamentals",2010,0.654029653456533
115,"ornamentals",2011,0.62086658596238
115,"ornamentals",2012,0.450202550682932
115,"ornamentals",2013,0.320503975467346
115,"ornamentals",2014,0.178206410286017
115,"ornamentals",2015,0.00387539949679282
115,"ornamentals",2016,0.0447330530669018
115,"ornamentals",2017,0.0455353106888872
115,"ornamentals",2018,0.0606979797444119
115,"ornamentals",2019,0.0601986074641555
115,"ornamentals",2020,0.0164863941318006
115,"ornamentals",2021,0.0159248137964108
115,"ornamentals",2022,0.00100282202748179
124,"ornamentals",1976,0
124,"ornamentals",1977,0
124,"ornamentals",1978,0
124,"ornamentals",1979,0
124,"ornamentals",1980,0
124,"ornamentals",1981,0
124,"ornamentals",1982,0
124,"ornamentals",1983,0
124,"ornamentals",1984,0
124,"ornamentals",1985,0
124,"ornamentals",1986,0
124,"ornamentals",1987,0
124,"ornamentals",1988,0
124,"ornamentals",1989,0
124,"ornamentals",1990,0
124,"ornamentals",1991,0
124,"ornamentals",1992,0
124,"ornamentals",1993,0
124,"ornamentals",1994,0
124,"ornamentals",1995,0
124,"ornamentals",1996,0
124,"ornamentals",1997,0
124,"ornamentals",1998,0
124,"ornamentals",1999,0
124,"ornamentals",2000,0.5
124,"ornamentals",2001,0.7
124,"ornamentals",2002,0.85
124,"ornamentals",2003,1
124,"ornamentals",2004,0.65
124,"ornamentals",2005,0.5
124,"ornamentals",2006,0.35
124,"ornamentals",2007,0.2
124,"ornamentals",2008,0.05
124,"ornamentals",2009,0
124,"ornamentals",2010,0
124,"ornamentals",2011,0
124,"ornamentals",2012,0
124,"ornamentals",2013,0
124,"ornamentals",2014,0
124,"ornamentals",2015,0
124,"ornamentals",2016,0.00795297956394592
124,"ornamentals",2017,0.00795297956394592
124,"ornamentals",2018,0.00795297956394592
124,"ornamentals",2019,0.00795297956394592
124,"ornamentals",2020,0
124,"ornamentals",2021,0
124,"ornamentals",2022,0
126,"ornamentals",1976,0.512094154797578
126,"ornamentals",1977,0.404847273076285
126,"ornamentals",1978,0.367128446524427
126,"ornamentals",1979,0.39125299536012
126,"ornamentals",1980,0.392479171509019
126,"ornamentals",1981,0.413465952811337
126,"ornamentals",1982,0.370187523230862
126,"ornamentals",1983,0.277550824901024
126,"ornamentals",1984,0.166087671317552
126,"ornamentals",1985,0.0865110688563286
126,"ornamentals",1986,0.0786059305164077
126,"ornamentals",1987,0.0968379446640316
126,"ornamentals",1988,0.130434782608696
126,"ornamentals",1989,0.16798418972332
126,"ornamentals",1990,0.213438735177866
126,"ornamentals",1991,0.185770750988142
126,"ornamentals",1992,0.193675889328063
126,"ornamentals",1993,0.243083003952569
126,"ornamentals",1994,0.3300395256917
126,"ornamentals",1995,0.515810276679842
126,"ornamentals",1996,0.66600790513834
126,"ornamentals",1997,0.804347826086957
126,"ornamentals",1998,0.91501976284585
126,"ornamentals",1999,0.948616600790514
126,"ornamentals",2000,0.990118577075099
126,"ornamentals",2001,1
126,"ornamentals",2002,0.932806324110672
126,"ornamentals",2003,0.873517786561265
126,"ornamentals",2004,0.784584980237154
126,"ornamentals",2005,0.695652173913043
126,"ornamentals",2006,0.703557312252964
126,"ornamentals",2007,0.699604743083004
126,"ornamentals",2008,0.701581027667984
126,"ornamentals",2009,0.66798418972332
126,"ornamentals",2010,0.815244304195131
126,"ornamentals",2011,0.714373981985036
126,"ornamentals",2012,0.60698923723792
126,"ornamentals",2013,0.50234146903643
126,"ornamentals",2014,0.180492464290758
126,"ornamentals",2015,0.138673996478242
126,"ornamentals",2016,0.0822840376680468
126,"ornamentals",2017,0.0603507782015526
126,"ornamentals",2018,0.0870542929813421
126,"ornamentals",2019,0.059901185770751
126,"ornamentals",2020,0.0602173913043478
126,"ornamentals",2021,0.0588142292490119
126,"ornamentals",2022,0.00146245059288538
129,"ornamentals",1989,0.0445790696571322
129,"ornamentals",1990,0.0744386468597374
129,"ornamentals",1991,0.0827362329068031
129,"ornamentals",1992,0.257085604430056
129,"ornamentals",1993,0.881192579629906
129,"ornamentals",1994,1
129,"ornamentals",1995,0.975167148749766
129,"ornamentals",1996,0.780133718999813
129,"ornamentals",1997,0.14488197638568
129,"ornamentals",1998,0
129,"ornamentals",1999,0
129,"ornamentals",2000,0
129,"ornamentals",2001,0
129,"ornamentals",2002,0
129,"ornamentals",2003,0
129,"ornamentals",2004,0
129,"ornamentals",2005,0
129,"ornamentals",2006,0
129,"ornamentals",2007,0
129,"ornamentals",2008,0
129,"ornamentals",2009,0
129,"ornamentals",2010,0
129,"ornamentals",2011,0
129,"ornamentals",2012,0
129,"ornamentals",2013,0
129,"ornamentals",2014,0
129,"ornamentals",2015,0
129,"ornamentals",2016,0
129,"ornamentals",2017,0
129,"ornamentals",2018,0
129,"ornamentals",2019,0
129,"ornamentals",2020,0
129,"ornamentals",2021,0
129,"ornamentals",2022,0
130,"ornamentals",1984,0.0884520884520884
130,"ornamentals",1985,0.0442260442260442
130,"ornamentals",1986,0.0524160524160524
130,"ornamentals",1987,0.108108108108108
130,"ornamentals",1988,0.248157248157248
130,"ornamentals",1989,0.447174447174447
130,"ornamentals",1990,0.581932944565317
130,"ornamentals",1991,0.751466114098487
130,"ornamentals",1992,0.803063165695538
130,"ornamentals",1993,0.793235155867528
130,"ornamentals",1994,0.896805896805897
130,"ornamentals",1995,0.872235872235872
130,"ornamentals",1996,0.862407862407862
130,"ornamentals",1997,0.894348894348894
130,"ornamentals",1998,0.884520884520885
130,"ornamentals",1999,0.899262899262899
130,"ornamentals",2000,0.928746928746929
130,"ornamentals",2001,0.945945945945946
130,"ornamentals",2002,0.948402948402948
130,"ornamentals",2003,1
130,"ornamentals",2004,0.975429975429975
130,"ornamentals",2005,0.921375921375921
130,"ornamentals",2006,0.842751842751843
130,"ornamentals",2007,0.742014742014742
130,"ornamentals",2008,0.71007371007371
130,"ornamentals",2009,0.584766584766585
130,"ornamentals",2010,0.442260442260442
130,"ornamentals",2011,0.292383292383292
130,"ornamentals",2012,0.115479115479115
130,"ornamentals",2013,0.0810810810810811
130,"ornamentals",2014,0.0638820638820639
130,"ornamentals",2015,0.0491400491400491
130,"ornamentals",2016,0.0614250614250614
130,"ornamentals",2017,0.0442260442260442
130,"ornamentals",2018,0.0515970515970516
130,"ornamentals",2019,0.127469287469287
130,"ornamentals",2020,0.173882063882064
130,"ornamentals",2021,0.258132678132678
130,"ornamentals",2022,0.308402948402948
131,"ornamentals",1993,0.590364409459887
131,"ornamentals",1994,0.316266647924939
131,"ornamentals",1995,0.21552986377107
131,"ornamentals",1996,0.165161471694135
131,"ornamentals",1997,0.0263555539937449
131,"ornamentals",1998,0.0298696278595776
131,"ornamentals",1999,0.0335033343465406
131,"ornamentals",2000,0.0335033343465406
131,"ornamentals",2001,0.0264751866148753
131,"ornamentals",2002,0.0124188911515447
131,"ornamentals",2003,0.00527111079874899
131,"ornamentals",2004,0.00878518466458165
131,"ornamentals",2005,0.00702814773166532
131,"ornamentals",2006,0.0175703693291633
131,"ornamentals",2007,0.0404118494570756
131,"ornamentals",2008,0.0544681449204062
131,"ornamentals",2009,0.0544681449204062
131,"ornamentals",2010,0.0474399971887409
131,"ornamentals",2011,0.0316266647924939
131,"ornamentals",2012,0.0140562954633306
131,"ornamentals",2013,0.0175703693291633
131,"ornamentals",2014,0.0228414801279123
131,"ornamentals",2015,0.0316266647924939
131,"ornamentals",2016,0.0491970341216572
131,"ornamentals",2017,0.0808236989141512
131,"ornamentals",2018,0.117721474505394
131,"ornamentals",2019,1
131,"ornamentals",2020,0.990143022806339
131,"ornamentals",2021,0.965579646484169
131,"ornamentals",2022,0.933935411322346
132,"ornamentals",1976,0.364647026125625
132,"ornamentals",1977,0.423568649249583
132,"ornamentals",1978,0.53881786177506
132,"ornamentals",1979,0.554196775986659
132,"ornamentals",1980,0.583657587548638
132,"ornamentals",1981,0.576987215119511
132,"ornamentals",1982,0.465814341300723
132,"ornamentals",1983,0.367982212340189
132,"ornamentals",1984,0.291828793774319
132,"ornamentals",1985,0.318510283490828
132,"ornamentals",1986,0.453585325180656
132,"ornamentals",1987,0.536964980544747
132,"ornamentals",1988,0.646470261256254
132,"ornamentals",1989,0.653696498054475
132,"ornamentals",1990,0.560867148415787
132,"ornamentals",1991,1
132,"ornamentals",1992,0.923290717065036
132,"ornamentals",1993,0.872151195108394
132,"ornamentals",1994,0.819344080044469
132,"ornamentals",1995,0.319622012229016
132,"ornamentals",1996,0.331851028349083
132,"ornamentals",1997,0.30183435241801
132,"ornamentals",1998,0.300722623679822
132,"ornamentals",1999,0.32017787659811
132,"ornamentals",2000,0.309060589216231
132,"ornamentals",2001,0.309616453585325
132,"ornamentals",2002,0.332406892718177
132,"ornamentals",2003,0.330183435241801
132,"ornamentals",2004,0.370205669816565
132,"ornamentals",2005,0.43579766536965
132,"ornamentals",2006,0.506948304613674
132,"ornamentals",2007,0.715953307392996
132,"ornamentals",2008,0.775986659255142
132,"ornamentals",2009,0.894385769872151
132,"ornamentals",2010,0.935519733185103
132,"ornamentals",2011,0.9449694274597
132,"ornamentals",2012,0.766536964980545
132,"ornamentals",2013,0.515286270150083
132,"ornamentals",2014,0.310728182323513
132,"ornamentals",2015,0.0361311839911062
132,"ornamentals",2016,0.0950528071150639
132,"ornamentals",2017,0.122846025569761
132,"ornamentals",2018,0.178432462479155
132,"ornamentals",2019,0.211995553085047
132,"ornamentals",2020,0.157370761534186
132,"ornamentals",2021,0.129655364091162
132,"ornamentals",2022,0.0741467481934408
133,"ornamentals",1997,0.628571428571429
133,"ornamentals",1998,0.685714285714286
133,"ornamentals",1999,0.457142857142857
133,"ornamentals",2000,0.928571428571429
133,"ornamentals",2001,1
133,"ornamentals",2002,0.814285714285714
133,"ornamentals",2003,0.814285714285714
133,"ornamentals",2004,0.228571428571429
133,"ornamentals",2005,0.314285714285714
133,"ornamentals",2006,0.314285714285714
133,"ornamentals",2007,0.314285714285714
133,"ornamentals",2008,0.314285714285714
133,"ornamentals",2009,0
133,"ornamentals",2010,0
133,"ornamentals",2011,0
133,"ornamentals",2012,0
133,"ornamentals",2013,0
133,"ornamentals",2014,0
133,"ornamentals",2015,0
133,"ornamentals",2016,0
133,"ornamentals",2017,0
133,"ornamentals",2018,0
133,"ornamentals",2019,0
133,"ornamentals",2020,0
133,"ornamentals",2021,0
133,"ornamentals",2022,0
134,"ornamentals",1976,0
134,"ornamentals",1977,0
134,"ornamentals",1978,0
134,"ornamentals",1979,0
134,"ornamentals",1980,0
134,"ornamentals",1981,0
134,"ornamentals",1982,0
134,"ornamentals",1983,0
134,"ornamentals",1984,0
134,"ornamentals",1985,0
134,"ornamentals",1986,0
134,"ornamentals",1987,0
134,"ornamentals",1988,0.104200595965682
134,"ornamentals",1989,0.104200595965682
134,"ornamentals",1990,0.104200595965682
134,"ornamentals",1991,0.104200595965682
134,"ornamentals",1992,0
134,"ornamentals",1993,0
134,"ornamentals",1994,0
134,"ornamentals",1995,0.0226422770187985
134,"ornamentals",1996,0.118050271457705
134,"ornamentals",1997,0.212359190705765
134,"ornamentals",1998,0.212359190705765
134,"ornamentals",1999,0.189716913686967
134,"ornamentals",2000,1
134,"ornamentals",2001,0.90569108075194
134,"ornamentals",2002,0.90569108075194
134,"ornamentals",2003,0.90569108075194
134,"ornamentals",2004,0
134,"ornamentals",2005,0
134,"ornamentals",2006,0
134,"ornamentals",2007,0
134,"ornamentals",2008,0
134,"ornamentals",2009,0
134,"ornamentals",2010,0
134,"ornamentals",2011,0
134,"ornamentals",2012,0
134,"ornamentals",2013,0
134,"ornamentals",2014,0
134,"ornamentals",2015,0
134,"ornamentals",2016,0
134,"ornamentals",2017,0
134,"ornamentals",2018,0
134,"ornamentals",2019,0
134,"ornamentals",2020,0
134,"ornamentals",2021,0
134,"ornamentals",2022,0
135,"ornamentals",1976,0.20795815823541
135,"ornamentals",1977,0.124034732719797
135,"ornamentals",1978,0.0826898218131981
135,"ornamentals",1979,0.0620173663598986
135,"ornamentals",1980,0.0600703297352714
135,"ornamentals",1981,0.0500425029342252
135,"ornamentals",1982,0.110209463740502
135,"ornamentals",1983,0.120237290541548
135,"ornamentals",1984,0.118290253916921
135,"ornamentals",1985,0.128318080717967
135,"ornamentals",1986,0.0982346003148288
135,"ornamentals",1987,0.108262427115875
135,"ornamentals",1988,0.0701947876073232
135,"ornamentals",1989,0.100278268010462
135,"ornamentals",1990,0.0701947876073232
135,"ornamentals",1991,0.140389575214646
135,"ornamentals",1992,0.180500882418831
135,"ornamentals",1993,0.220612189623016
135,"ornamentals",1994,0.230640016424062
135,"ornamentals",1995,0.183130690806519
135,"ornamentals",1996,0.180489194413837
135,"ornamentals",1997,0.260881883959887
135,"ornamentals",1998,0.328837863520067
135,"ornamentals",1999,0.36009827434871
135,"ornamentals",2000,0.47874670479122
135,"ornamentals",2001,0.398150450514112
135,"ornamentals",2002,0.473104871149689
135,"ornamentals",2003,0.488635438447835
135,"ornamentals",2004,0.441246631623996
135,"ornamentals",2005,0.535426416574624
135,"ornamentals",2006,0.519497296811777
135,"ornamentals",2007,0.542018905679033
135,"ornamentals",2008,0.568036035330844
135,"ornamentals",2009,0.629008372828201
135,"ornamentals",2010,0.784359771508536
135,"ornamentals",2011,0.896017160381937
135,"ornamentals",2012,1
135,"ornamentals",2013,0.909097028504769
135,"ornamentals",2014,0.727595792666972
135,"ornamentals",2015,0.577835066003148
135,"ornamentals",2016,0.409868979109463
135,"ornamentals",2017,0.386482460809336
135,"ornamentals",2018,0.294846435324259
135,"ornamentals",2019,0.242497626154618
135,"ornamentals",2020,0.301378013822808
135,"ornamentals",2021,0.295193871308015
135,"ornamentals",2022,0.356794910733028
136,"ornamentals",1978,0.614915833087015
136,"ornamentals",1979,0.307457916543508
136,"ornamentals",1980,0.204971944362338
136,"ornamentals",1981,0.153728958271754
136,"ornamentals",1982,0
136,"ornamentals",1983,0
136,"ornamentals",1984,0
136,"ornamentals",1985,0
136,"ornamentals",1986,0
136,"ornamentals",1987,0.307457916543508
136,"ornamentals",1988,0.307457916543508
136,"ornamentals",1989,0.307457916543508
136,"ornamentals",1990,1
136,"ornamentals",1991,0.692542083456492
136,"ornamentals",1992,0.692542083456492
136,"ornamentals",1993,0.692542083456492
136,"ornamentals",1994,0
136,"ornamentals",1995,0
136,"ornamentals",1996,0
136,"ornamentals",1997,0
136,"ornamentals",1998,0.153728958271754
136,"ornamentals",1999,0.779111844086662
136,"ornamentals",2000,0.779111844086662
136,"ornamentals",2001,0.779111844086662
136,"ornamentals",2002,0.625382885814908
136,"ornamentals",2003,0
136,"ornamentals",2004,0
136,"ornamentals",2005,0
136,"ornamentals",2006,0
136,"ornamentals",2007,0.461186874815261
136,"ornamentals",2008,0.768644791358769
136,"ornamentals",2009,0.922373749630523
136,"ornamentals",2010,0.922373749630523
136,"ornamentals",2011,0.461186874815261
136,"ornamentals",2012,0.153728958271754
136,"ornamentals",2013,0
136,"ornamentals",2014,0
136,"ornamentals",2015,0
136,"ornamentals",2016,0
136,"ornamentals",2017,0
136,"ornamentals",2018,0
136,"ornamentals",2019,0
136,"ornamentals",2020,0
136,"ornamentals",2021,0
136,"ornamentals",2022,0
137,"ornamentals",1976,0.0197044334975369
137,"ornamentals",1977,0.0295566502463054
137,"ornamentals",1978,0.0262725779967159
137,"ornamentals",1979,0.0246305418719212
137,"ornamentals",1980,0.0246305418719212
137,"ornamentals",1981,0.0197044334975369
137,"ornamentals",1982,0.0197044334975369
137,"ornamentals",1983,0.0147783251231527
137,"ornamentals",1984,0.0147783251231527
137,"ornamentals",1985,0.0738916256157636
137,"ornamentals",1986,0.0689655172413793
137,"ornamentals",1987,0.0689655172413793
137,"ornamentals",1988,0.123152709359606
137,"ornamentals",1989,0.167487684729064
137,"ornamentals",1990,0.349753694581281
137,"ornamentals",1991,0.497536945812808
137,"ornamentals",1992,0.532019704433498
137,"ornamentals",1993,0.536945812807882
137,"ornamentals",1994,0.492610837438424
137,"ornamentals",1995,0.502463054187192
137,"ornamentals",1996,0.620689655172414
137,"ornamentals",1997,0.822660098522167
137,"ornamentals",1998,0.96551724137931
137,"ornamentals",1999,0.995073891625616
137,"ornamentals",2000,0.96551724137931
137,"ornamentals",2001,0.911330049261084
137,"ornamentals",2002,0.916256157635468
137,"ornamentals",2003,1
137,"ornamentals",2004,0.852216748768473
137,"ornamentals",2005,0.645320197044335
137,"ornamentals",2006,0.467980295566502
137,"ornamentals",2007,0.246305418719212
137,"ornamentals",2008,0.241379310344828
137,"ornamentals",2009,0.236453201970443
137,"ornamentals",2010,0.226600985221675
137,"ornamentals",2011,0.270935960591133
137,"ornamentals",2012,0.359605911330049
137,"ornamentals",2013,0.364532019704433
137,"ornamentals",2014,0.330049261083744
137,"ornamentals",2015,0.285714285714286
137,"ornamentals",2016,0.216748768472906
137,"ornamentals",2017,0.201970443349754
137,"ornamentals",2018,0.167487684729064
137,"ornamentals",2019,0.12807881773399
137,"ornamentals",2020,0.0905147337809957
137,"ornamentals",2021,0.0577068520075967
137,"ornamentals",2022,0.0347511869829661
138,"ornamentals",1976,0.614357262103506
138,"ornamentals",1977,0.595993322203673
138,"ornamentals",1978,0.59432387312187
138,"ornamentals",1979,0.606010016694491
138,"ornamentals",1980,0.562604340567613
138,"ornamentals",1981,0.524207011686144
138,"ornamentals",1982,0.402754590984975
138,"ornamentals",1983,0.254173622704507
138,"ornamentals",1984,0.202420701168614
138,"ornamentals",1985,0.133973288814691
138,"ornamentals",1986,0.15457802537482
138,"ornamentals",1987,0.142891881802199
138,"ornamentals",1988,0.14250773867923
138,"ornamentals",1989,0.156906147083996
138,"ornamentals",1990,0.149265444698762
138,"ornamentals",1991,0.186608492146602
138,"ornamentals",1992,0.128561917406465
138,"ornamentals",1993,0.0766009046611321
138,"ornamentals",1994,0.260214499868541
138,"ornamentals",1995,0.41110183639399
138,"ornamentals",1996,0.618948247078464
138,"ornamentals",1997,0.813439065108514
138,"ornamentals",1998,0.8330550918197
138,"ornamentals",1999,0.858931552587646
138,"ornamentals",2000,0.89440734557596
138,"ornamentals",2001,0.952003338898164
138,"ornamentals",2002,0.938230383973289
138,"ornamentals",2003,0.991652754590985
138,"ornamentals",2004,1
138,"ornamentals",2005,0.991235392320534
138,"ornamentals",2006,0.992904841402337
138,"ornamentals",2007,0.914858096828047
138,"ornamentals",2008,0.873956594323873
138,"ornamentals",2009,0.801752921535893
138,"ornamentals",2010,0.75542570951586
138,"ornamentals",2011,0.727462437395659
138,"ornamentals",2012,0.523372287145242
138,"ornamentals",2013,0.362270450751252
138,"ornamentals",2014,0.184474123539232
138,"ornamentals",2015,0.0333889816360601
138,"ornamentals",2016,0.0304674457429048
138,"ornamentals",2017,0.0258764607679466
138,"ornamentals",2018,0.0446577629382304
138,"ornamentals",2019,0.0343614357262104
138,"ornamentals",2020,0.0306051752921536
138,"ornamentals",2021,0.0251794657762938
138,"ornamentals",2022,0.000137729549248748
139,"ornamentals",1976,0
139,"ornamentals",1977,0
139,"ornamentals",1978,0
139,"ornamentals",1979,0
139,"ornamentals",1980,0
139,"ornamentals",1981,0
139,"ornamentals",1982,0
139,"ornamentals",1983,0
139,"ornamentals",1984,0
139,"ornamentals",1985,0.00588235294117647
139,"ornamentals",1986,0.0264705882352941
139,"ornamentals",1987,0.0352941176470588
139,"ornamentals",1988,0.0529411764705882
139,"ornamentals",1989,0.1
139,"ornamentals",1990,0.197058823529412
139,"ornamentals",1991,0.305882352941176
139,"ornamentals",1992,0.402941176470588
139,"ornamentals",1993,0.697058823529412
139,"ornamentals",1994,0.823529411764706
139,"ornamentals",1995,0.797058823529412
139,"ornamentals",1996,1
139,"ornamentals",1997,0.688235294117647
139,"ornamentals",1998,0.45
139,"ornamentals",1999,0.364705882352941
139,"ornamentals",2000,0.0764705882352941
139,"ornamentals",2001,0.0617647058823529
139,"ornamentals",2002,0.0705882352941176
139,"ornamentals",2003,0.0882352941176471
139,"ornamentals",2004,0.123529411764706
139,"ornamentals",2005,0.147058823529412
139,"ornamentals",2006,0.141176470588235
139,"ornamentals",2007,0.117647058823529
139,"ornamentals",2008,0.0529411764705882
139,"ornamentals",2009,0.00882352941176471
139,"ornamentals",2010,0
139,"ornamentals",2011,0
139,"ornamentals",2012,0
139,"ornamentals",2013,0
139,"ornamentals",2014,0
139,"ornamentals",2015,0
139,"ornamentals",2016,0
139,"ornamentals",2017,0
139,"ornamentals",2018,0
139,"ornamentals",2019,0.00238235294117647
139,"ornamentals",2020,0.00308823529411765
139,"ornamentals",2021,0.00482352941176471
139,"ornamentals",2022,0.00555882352941177
140,"ornamentals",1988,0.16
140,"ornamentals",1989,0.64
140,"ornamentals",1990,0.746666666666667
140,"ornamentals",1991,0.84
140,"ornamentals",1992,0.96
140,"ornamentals",1993,0.92
140,"ornamentals",1994,1
140,"ornamentals",1995,1
140,"ornamentals",1996,0.84
140,"ornamentals",1997,0.6
140,"ornamentals",1998,0.28
140,"ornamentals",1999,0
140,"ornamentals",2000,0
140,"ornamentals",2001,0
140,"ornamentals",2002,0
140,"ornamentals",2003,0
140,"ornamentals",2004,0
140,"ornamentals",2005,0
140,"ornamentals",2006,0
140,"ornamentals",2007,0
140,"ornamentals",2008,0
140,"ornamentals",2009,0
140,"ornamentals",2010,0
140,"ornamentals",2011,0
140,"ornamentals",2012,0
140,"ornamentals",2013,0
140,"ornamentals",2014,0
140,"ornamentals",2015,0
140,"ornamentals",2016,0
140,"ornamentals",2017,0
140,"ornamentals",2018,0
140,"ornamentals",2019,0
140,"ornamentals",2020,0
140,"ornamentals",2021,0
140,"ornamentals",2022,0
147,"ornamentals",1976,0.0631422538286757
147,"ornamentals",1977,0.0413750484829653
147,"ornamentals",1978,0.0341193133677285
147,"ornamentals",1979,0.040915453153647
147,"ornamentals",1980,0.0403026593812226
147,"ornamentals",1981,0.0504202698385474
147,"ornamentals",1982,0.059906742693278
147,"ornamentals",1983,0.0445807745654274
147,"ornamentals",1984,0.043490041633515
147,"ornamentals",1985,0.0284704703918765
147,"ornamentals",1986,0.0140820367528322
147,"ornamentals",1987,0.0140820367528322
147,"ornamentals",1988,0
147,"ornamentals",1989,0
147,"ornamentals",1990,0.0141187244131716
147,"ornamentals",1991,0.0141187244131716
147,"ornamentals",1992,0.0141187244131716
147,"ornamentals",1993,0.0141187244131716
147,"ornamentals",1994,0
147,"ornamentals",1995,0
147,"ornamentals",1996,0
147,"ornamentals",1997,0
147,"ornamentals",1998,0.0147058823529412
147,"ornamentals",1999,0.0735294117647059
147,"ornamentals",2000,0.17156862745098
147,"ornamentals",2001,0.338235294117647
147,"ornamentals",2002,0.558823529411765
147,"ornamentals",2003,0.774509803921569
147,"ornamentals",2004,0.936274509803922
147,"ornamentals",2005,1
147,"ornamentals",2006,0.946078431372549
147,"ornamentals",2007,0.803921568627451
147,"ornamentals",2008,0.715686274509804
147,"ornamentals",2009,0.617647058823529
147,"ornamentals",2010,0.553921568627451
147,"ornamentals",2011,0.524509803921569
147,"ornamentals",2012,0.465686274509804
147,"ornamentals",2013,0.406862745098039
147,"ornamentals",2014,0.431372549019608
147,"ornamentals",2015,0.431372549019608
147,"ornamentals",2016,0.486421568627451
147,"ornamentals",2017,0.544901960784314
147,"ornamentals",2018,0.61171568627451
147,"ornamentals",2019,0.778480392156863
147,"ornamentals",2020,0.811911764705882
147,"ornamentals",2021,0.838088235294118
147,"ornamentals",2022,0.894117647058824
152,"ornamentals",1995,1
152,"ornamentals",1996,0.809952890368211
152,"ornamentals",1997,0.775167893303286
152,"ornamentals",1998,0.785020753601333
152,"ornamentals",1999,0.824134238268287
152,"ornamentals",2000,0.669157793084181
152,"ornamentals",2001,0.492758318290822
152,"ornamentals",2002,0.427069876975144
152,"ornamentals",2003,0.13795639230819
152,"ornamentals",2004,0.13795639230819
152,"ornamentals",2005,0.13795639230819
152,"ornamentals",2006,0
152,"ornamentals",2007,0.0597164491533633
152,"ornamentals",2008,0.0597164491533633
152,"ornamentals",2009,0.0597164491533633
152,"ornamentals",2010,0.456392016654438
152,"ornamentals",2011,0.396675567501075
152,"ornamentals",2012,0.396675567501075
152,"ornamentals",2013,0.396675567501075
152,"ornamentals",2014,0
152,"ornamentals",2015,0
152,"ornamentals",2016,0
152,"ornamentals",2017,0
152,"ornamentals",2018,0
152,"ornamentals",2019,0
152,"ornamentals",2020,0
152,"ornamentals",2021,0
152,"ornamentals",2022,0
153,"ornamentals",1992,0.842337662364095
153,"ornamentals",1993,0.712747252769619
153,"ornamentals",1994,0.820739260765016
153,"ornamentals",1995,0.830251946242362
153,"ornamentals",1996,0.824382519860448
153,"ornamentals",1997,0.811730105199905
153,"ornamentals",1998,0.779332502801286
153,"ornamentals",1999,0.694225411727162
153,"ornamentals",2000,0.716293639308385
153,"ornamentals",2001,0.680349650371
153,"ornamentals",2002,0.647952047972381
153,"ornamentals",2003,0.826138861164785
153,"ornamentals",2004,0.745144855168238
153,"ornamentals",2005,0.805467598242022
153,"ornamentals",2006,0.790202551694496
153,"ornamentals",2007,0.572594562707216
153,"ornamentals",2008,0.687040989747561
153,"ornamentals",2009,0.770302307142348
153,"ornamentals",2010,0.874095518409261
153,"ornamentals",2011,1
153,"ornamentals",2012,0.951030927697015
153,"ornamentals",2013,0.873603969508923
153,"ornamentals",2014,0.771263949380086
153,"ornamentals",2015,0.67510245539445
153,"ornamentals",2016,0.548576336735951
153,"ornamentals",2017,0.385226427259614
153,"ornamentals",2018,0.20465266827735
153,"ornamentals",2019,0.0849024348846398
153,"ornamentals",2020,0.000161988011993095
153,"ornamentals",2021,0.000161988011993095
153,"ornamentals",2022,0.000161988011993095
155,"ornamentals",1999,0.602339026800657
155,"ornamentals",2000,0.301169513400329
155,"ornamentals",2001,0.200779675600219
155,"ornamentals",2002,0.150584756700164
155,"ornamentals",2003,0
155,"ornamentals",2004,0
155,"ornamentals",2005,0
155,"ornamentals",2006,0
155,"ornamentals",2007,0
155,"ornamentals",2008,0.70977658711585
155,"ornamentals",2009,0.74515468265993
155,"ornamentals",2010,0.74515468265993
155,"ornamentals",2011,0.844528752316837
155,"ornamentals",2012,0.453155025097705
155,"ornamentals",2013,0.523911216185865
155,"ornamentals",2014,0.877692171626662
155,"ornamentals",2015,1
155,"ornamentals",2016,0.860484323995416
155,"ornamentals",2017,0.921370010857363
155,"ornamentals",2018,0.824802580855339
155,"ornamentals",2019,0.603474463780535
155,"ornamentals",2020,0.508964888999966
155,"ornamentals",2021,0.342298696461221
155,"ornamentals",2022,0.11742969341587
162,"ornamentals",1988,0
162,"ornamentals",1989,0
162,"ornamentals",1990,0
162,"ornamentals",1991,0.0758227554406393
162,"ornamentals",1992,0.152046615608025
162,"ornamentals",1993,0.152046615608025
162,"ornamentals",1994,0.159883084423099
162,"ornamentals",1995,0.151753604147005
162,"ornamentals",1996,0.13875717427937
162,"ornamentals",1997,0.13875717427937
162,"ornamentals",1998,0.13875717427937
162,"ornamentals",1999,0.126734134330044
162,"ornamentals",2000,0.0635067040302924
162,"ornamentals",2001,0.0635067040302924
162,"ornamentals",2002,0.108650224937443
162,"ornamentals",2003,0.11706837327258
162,"ornamentals",2004,0.65778472151266
162,"ornamentals",2005,0.689130596772954
162,"ornamentals",2006,0.785043514537129
162,"ornamentals",2007,0.838502163212878
162,"ornamentals",2008,0.352641096678313
162,"ornamentals",2009,0.321295221418018
162,"ornamentals",2010,0.17240231393162
162,"ornamentals",2011,0.0548552817055153
162,"ornamentals",2012,0
162,"ornamentals",2013,0
162,"ornamentals",2014,0
162,"ornamentals",2015,0
162,"ornamentals",2016,0.505111494009975
162,"ornamentals",2017,0.505111494009975
162,"ornamentals",2018,0.989812590540404
162,"ornamentals",2019,1
162,"ornamentals",2020,0.49653416444119
162,"ornamentals",2021,0.49653416444119
162,"ornamentals",2022,0.0118330679107612
163,"ornamentals",1976,0.129308483544688
163,"ornamentals",1977,0.15125966308685
163,"ornamentals",1978,0.180274667177104
163,"ornamentals",1979,0.212757031619947
163,"ornamentals",1980,0.284421327782643
163,"ornamentals",1981,0.347537105203717
163,"ornamentals",1982,0.39506359359274
163,"ornamentals",1983,0.420333501633432
163,"ornamentals",1984,0.390397684273135
163,"ornamentals",1985,0.341013295147918
163,"ornamentals",1986,0.302196977735645
163,"ornamentals",1987,0.317562776684102
163,"ornamentals",1988,0.424998059037467
163,"ornamentals",1989,0.512002658249448
163,"ornamentals",1990,0.617432220186088
163,"ornamentals",1991,0.683300675972183
163,"ornamentals",1992,0.714560080153849
163,"ornamentals",1993,0.812713718371893
163,"ornamentals",1994,0.905182176650121
163,"ornamentals",1995,0.997526141936966
163,"ornamentals",1996,1
163,"ornamentals",1997,0.961875310317632
163,"ornamentals",1998,0.842913171564007
163,"ornamentals",1999,0.719220299137835
163,"ornamentals",2000,0.619084267192216
163,"ornamentals",2001,0.512875743778034
163,"ornamentals",2002,0.48197164759587
163,"ornamentals",2003,0.448052054511321
163,"ornamentals",2004,0.453154097947993
163,"ornamentals",2005,0.49108079344594
163,"ornamentals",2006,0.456123758766535
163,"ornamentals",2007,0.492874687123644
163,"ornamentals",2008,0.556294780745876
163,"ornamentals",2009,0.58866078929539
163,"ornamentals",2010,0.690410891708938
163,"ornamentals",2011,0.716745906453683
163,"ornamentals",2012,0.561014952216059
163,"ornamentals",2013,0.428542044205381
163,"ornamentals",2014,0.276679254637533
163,"ornamentals",2015,0.126216701005907
163,"ornamentals",2016,0.134623949447591
163,"ornamentals",2017,0.155468788447502
163,"ornamentals",2018,0.167525276878597
163,"ornamentals",2019,0.178520373957733
163,"ornamentals",2020,0.169799391168497
163,"ornamentals",2021,0.138648878124961
163,"ornamentals",2022,0.118322180622112
164,"ornamentals",1977,0.0938662726345241
164,"ornamentals",1978,0.046933136317262
164,"ornamentals",1979,0.0920281543363864
164,"ornamentals",1980,0.132087484737659
164,"ornamentals",1981,0.108620916579028
164,"ornamentals",1982,0.133181894578002
164,"ornamentals",1983,0.110637063545815
164,"ornamentals",1984,0.0710716228446888
164,"ornamentals",1985,0.101191182332522
164,"ornamentals",1986,0.107921799930911
164,"ornamentals",1987,0.107163349274966
164,"ornamentals",1988,0.11253231809984
164,"ornamentals",1989,0.128113652726077
164,"ornamentals",1990,0.124631904523103
164,"ornamentals",1991,0.138170765989068
164,"ornamentals",1992,0.146263032360972
164,"ornamentals",1993,0.135292215903664
164,"ornamentals",1994,0.148150252982871
164,"ornamentals",1995,0.135797625611378
164,"ornamentals",1996,0.126179212130357
164,"ornamentals",1997,0.138324134473595
164,"ornamentals",1998,0.09765625
164,"ornamentals",1999,0.07421875
164,"ornamentals",2000,0.091170979196981
164,"ornamentals",2001,0.0727433848345517
164,"ornamentals",2002,0.103043650968409
164,"ornamentals",2003,0.321793650968409
164,"ornamentals",2004,0.484528921771428
164,"ornamentals",2005,0.807644016133857
164,"ornamentals",2006,1
164,"ornamentals",2007,0.9375
164,"ornamentals",2008,0.8828125
164,"ornamentals",2009,0.640625
164,"ornamentals",2010,0.49609375
164,"ornamentals",2011,0.45703125
164,"ornamentals",2012,0.48828125
164,"ornamentals",2013,0.484375
164,"ornamentals",2014,0.40625
164,"ornamentals",2015,0.2890625
164,"ornamentals",2016,0.10546875
164,"ornamentals",2017,0
164,"ornamentals",2018,0
164,"ornamentals",2019,0
164,"ornamentals",2020,0
164,"ornamentals",2021,0
164,"ornamentals",2022,0
166,"ornamentals",1976,0.013898186963116
166,"ornamentals",1977,0.26058208756202
166,"ornamentals",1978,0.260504732894803
166,"ornamentals",1979,0.237617514295425
166,"ornamentals",1980,0.234142967554646
166,"ornamentals",1981,0.107326470514415
166,"ornamentals",1982,0.0641440633079494
166,"ornamentals",1983,0.0925016838887202
166,"ornamentals",1984,0.120031893888172
166,"ornamentals",1985,0.176035756469218
166,"ornamentals",1986,0.246384262925106
166,"ornamentals",1987,0.327619295348617
166,"ornamentals",1988,0.495946535513111
166,"ornamentals",1989,0.598954619871867
166,"ornamentals",1990,0.506701014732352
166,"ornamentals",1991,0.427748593632268
166,"ornamentals",1992,0.470103176171412
166,"ornamentals",1993,0.602660402442288
166,"ornamentals",1994,0.860494508419573
166,"ornamentals",1995,0.980609990727451
166,"ornamentals",1996,0.943648455502484
166,"ornamentals",1997,1
166,"ornamentals",1998,0.809358929718022
166,"ornamentals",1999,0.633162509805451
166,"ornamentals",2000,0.504704467663913
166,"ornamentals",2001,0.173582008879545
166,"ornamentals",2002,0.117587812466789
166,"ornamentals",2003,0.111988392825513
166,"ornamentals",2004,0.0447953571302053
166,"ornamentals",2005,0.0279970982063783
166,"ornamentals",2006,0.0335965178476539
166,"ornamentals",2007,0.0223976785651026
166,"ornamentals",2008,0.016798258923827
166,"ornamentals",2009,0.016798258923827
166,"ornamentals",2010,0
166,"ornamentals",2011,0
166,"ornamentals",2012,0
166,"ornamentals",2013,0.00559941964127566
166,"ornamentals",2014,0.0111988392825513
166,"ornamentals",2015,0.0111988392825513
166,"ornamentals",2016,0.0111988392825513
166,"ornamentals",2017,0.00559941964127566
166,"ornamentals",2018,0
166,"ornamentals",2019,0
166,"ornamentals",2020,0
166,"ornamentals",2021,0
166,"ornamentals",2022,0
167,"ornamentals",1988,0.954231950702093
167,"ornamentals",1989,0.931339129056166
167,"ornamentals",1990,0.924075343152208
167,"ornamentals",1991,0.693056507364156
167,"ornamentals",1992,0.454498519688633
167,"ornamentals",1993,0.227386942836073
167,"ornamentals",1994,0
167,"ornamentals",1995,0.222953848597383
167,"ornamentals",1996,0.423962651492961
167,"ornamentals",1997,0.816402438722856
167,"ornamentals",1998,1
167,"ornamentals",1999,0.962938682195725
167,"ornamentals",2000,0.878973324614327
167,"ornamentals",2001,0.644886433985968
167,"ornamentals",2002,0.598987043666682
167,"ornamentals",2003,0.569152439959146
167,"ornamentals",2004,0.649476373017897
167,"ornamentals",2005,0.543907775283539
167,"ornamentals",2006,0.546202744799503
167,"ornamentals",2007,0.626526677858254
167,"ornamentals",2008,0.493418445932325
167,"ornamentals",2009,0.488828506900396
167,"ornamentals",2010,0.353425305458502
167,"ornamentals",2011,0.137698170957858
167,"ornamentals",2012,0.0826189025747148
167,"ornamentals",2013,0.0370367930296972
167,"ornamentals",2014,0.0347418235137329
167,"ornamentals",2015,0.02785691496584
167,"ornamentals",2016,0.02785691496584
167,"ornamentals",2017,0.0550792683831432
167,"ornamentals",2018,0.068849085478929
167,"ornamentals",2019,0.062675617480985
167,"ornamentals",2020,0.0534957394171278
167,"ornamentals",2021,0.0236611357095919
167,"ornamentals",2022,0.00759634909784183
168,"ornamentals",1997,0.0609312298356552
168,"ornamentals",1998,0.0304656149178276
168,"ornamentals",1999,0.0203104099452184
168,"ornamentals",2000,0.0152328074589138
168,"ornamentals",2001,0
168,"ornamentals",2002,0.272032386591668
168,"ornamentals",2003,0.52888789742814
168,"ornamentals",2004,0.771694112572688
168,"ornamentals",2005,1
168,"ornamentals",2006,0.944704881282917
168,"ornamentals",2007,0.889635278578489
168,"ornamentals",2008,0.834114643848751
168,"ornamentals",2009,0.779947105194944
168,"ornamentals",2010,0.725779566541137
168,"ornamentals",2011,0.671160995862019
168,"ornamentals",2012,0.614287265056359
168,"ornamentals",2013,0.556060438174768
168,"ornamentals",2014,0.39349070895399
168,"ornamentals",2015,0.246323371501063
168,"ornamentals",2016,0.115911521891914
168,"ornamentals",2017,0
168,"ornamentals",2018,0
168,"ornamentals",2019,0.0351044804561308
168,"ornamentals",2020,0.0629805181059431
168,"ornamentals",2021,0.0870483538910269
168,"ornamentals",2022,0.113096454645769
171,"ornamentals",1976,0.276979742173112
171,"ornamentals",1977,0.281399631675875
171,"ornamentals",1978,0.303499079189687
171,"ornamentals",1979,0.32744014732965
171,"ornamentals",1980,0.344014732965009
171,"ornamentals",1981,0.350276243093923
171,"ornamentals",1982,0.336279926335175
171,"ornamentals",1983,0.314180478821363
171,"ornamentals",1984,0.324493554327808
171,"ornamentals",1985,0.373848987108656
171,"ornamentals",1986,0.433517495395948
171,"ornamentals",1987,0.528176795580111
171,"ornamentals",1988,0.627992633517495
171,"ornamentals",1989,0.682504604051565
171,"ornamentals",1990,0.750644567219153
171,"ornamentals",1991,0.791160220994475
171,"ornamentals",1992,0.842357274401473
171,"ornamentals",1993,1
171,"ornamentals",1994,0.900552486187845
171,"ornamentals",1995,0.78195211786372
171,"ornamentals",1996,0.6548802946593
171,"ornamentals",1997,0.433885819521179
171,"ornamentals",1998,0.431675874769797
171,"ornamentals",1999,0.443462246777164
171,"ornamentals",2000,0.395948434622468
171,"ornamentals",2001,0.344383057090239
171,"ornamentals",2002,0.30865561694291
171,"ornamentals",2003,0.243093922651934
171,"ornamentals",2004,0.205524861878453
171,"ornamentals",2005,0.202946593001842
171,"ornamentals",2006,0.195580110497238
171,"ornamentals",2007,0.213259668508287
171,"ornamentals",2008,0.226519337016575
171,"ornamentals",2009,0.198158379373849
171,"ornamentals",2010,0.173848987108656
171,"ornamentals",2011,0.143646408839779
171,"ornamentals",2012,0.0979742173112339
171,"ornamentals",2013,0.0640883977900552
171,"ornamentals",2014,0.0338858195211786
171,"ornamentals",2015,0.00736648250460405
171,"ornamentals",2016,0.00626151012891344
171,"ornamentals",2017,0.00589318600368324
171,"ornamentals",2018,0.00552486187845304
171,"ornamentals",2019,0.00502025782688766
171,"ornamentals",2020,0.00409576427255985
171,"ornamentals",2021,0.00319705340699816
171,"ornamentals",2022,0.00295764272559853
172,"ornamentals",1976,1
172,"ornamentals",1977,0.990021636952849
172,"ornamentals",1978,0.979334311943766
172,"ornamentals",1979,0.968469746444199
172,"ornamentals",1980,0.948956121576107
172,"ornamentals",1981,0.926783889350766
172,"ornamentals",1982,0.904345796389699
172,"ornamentals",1983,0.881730462938151
172,"ornamentals",1984,0.651244087806243
172,"ornamentals",1985,0.428405501555159
172,"ornamentals",1986,0.40632188957506
172,"ornamentals",1987,0.196963538376511
172,"ornamentals",1988,0.380624082190971
172,"ornamentals",1989,0.558852343255649
172,"ornamentals",1990,0.365879460551692
172,"ornamentals",1991,0.379846755405631
172,"ornamentals",1992,0.198181539427448
172,"ornamentals",1993,0.177781712106939
172,"ornamentals",1994,0.326321510114973
172,"ornamentals",1995,0.458031717631293
172,"ornamentals",1996,0.598011076516043
172,"ornamentals",1997,0.574686781102561
172,"ornamentals",1998,0.553312131084395
172,"ornamentals",1999,0.405639300877859
172,"ornamentals",2000,0.382403625709619
172,"ornamentals",2001,0.24989481521521
172,"ornamentals",2002,0.122729667225341
172,"ornamentals",2003,0.126720322897895
172,"ornamentals",2004,0.00997663918138515
172,"ornamentals",2005,0.0119719670176622
172,"ornamentals",2006,0.0139672948539392
172,"ornamentals",2007,0.0119719670176622
172,"ornamentals",2008,0.0119719670176622
172,"ornamentals",2009,0.00997663918138515
172,"ornamentals",2010,0.00798131134510812
172,"ornamentals",2011,0.00798131134510812
172,"ornamentals",2012,0.00598598350883109
172,"ornamentals",2013,0.00399065567255406
172,"ornamentals",2014,0.00199532783627703
172,"ornamentals",2015,0
172,"ornamentals",2016,0
172,"ornamentals",2017,0
172,"ornamentals",2018,0
172,"ornamentals",2019,0
172,"ornamentals",2020,0
172,"ornamentals",2021,0
172,"ornamentals",2022,0
175,"ornamentals",1988,0.372706980529742
175,"ornamentals",1989,0.186353490264871
175,"ornamentals",1990,0.176545411829878
175,"ornamentals",1991,0.333474666789769
175,"ornamentals",1992,0.304050431484789
175,"ornamentals",1993,0.323666588354776
175,"ornamentals",1994,0.304050431484789
175,"ornamentals",1995,0.868014941496899
175,"ornamentals",1996,0.900320634731085
175,"ornamentals",1997,0.97057576469502
175,"ornamentals",1998,1
175,"ornamentals",1999,0.24968199972302
175,"ornamentals",2000,0.158527835878875
175,"ornamentals",2001,0.0882727059149389
175,"ornamentals",2002,0.0441363529574694
175,"ornamentals",2003,0.0343282745224762
175,"ornamentals",2004,0.0294242353049796
175,"ornamentals",2005,0.00980807843499321
175,"ornamentals",2006,0.00980807843499321
175,"ornamentals",2007,0.0473561152280588
175,"ornamentals",2008,0.083621275010899
175,"ornamentals",2009,0.083621275010899
175,"ornamentals",2010,0.0787172357934024
175,"ornamentals",2011,0.0362651597828402
175,"ornamentals",2012,0.00114635253064824
175,"ornamentals",2013,0.00114635253064824
175,"ornamentals",2014,0.00605039174814484
175,"ornamentals",2015,0.0354746270531245
175,"ornamentals",2016,0.127505019654912
175,"ornamentals",2017,0.152025215742395
175,"ornamentals",2018,0.166737333394885
175,"ornamentals",2019,0.137313098089905
175,"ornamentals",2020,0.0442834741339943
175,"ornamentals",2021,0.0199594396152112
175,"ornamentals",2022,0.000931767451324355
176,"ornamentals",1988,0.0842105263157895
176,"ornamentals",1989,0.105263157894737
176,"ornamentals",1990,0.126315789473684
176,"ornamentals",1991,0.442105263157895
176,"ornamentals",1992,0.484210526315789
176,"ornamentals",1993,0.884210526315789
176,"ornamentals",1994,0.989473684210526
176,"ornamentals",1995,1
176,"ornamentals",1996,0.957894736842105
176,"ornamentals",1997,0.589473684210526
176,"ornamentals",1998,0.484210526315789
176,"ornamentals",1999,0.389473684210526
176,"ornamentals",2000,0.589473684210526
176,"ornamentals",2001,0.621052631578947
176,"ornamentals",2002,0.589473684210526
176,"ornamentals",2003,0.347368421052632
176,"ornamentals",2004,0.157894736842105
176,"ornamentals",2005,0.0947368421052632
176,"ornamentals",2006,0.115789473684211
176,"ornamentals",2007,0.147368421052632
176,"ornamentals",2008,0.168421052631579
176,"ornamentals",2009,0.157894736842105
176,"ornamentals",2010,0.157894736842105
176,"ornamentals",2011,0.136842105263158
176,"ornamentals",2012,0.105263157894737
176,"ornamentals",2013,0.105263157894737
176,"ornamentals",2014,0.105263157894737
176,"ornamentals",2015,0.115789473684211
176,"ornamentals",2016,0.115789473684211
176,"ornamentals",2017,0.115789473684211
176,"ornamentals",2018,0.105263157894737
176,"ornamentals",2019,0.0757894736842105
176,"ornamentals",2020,0.0594736842105263
176,"ornamentals",2021,0.0425263157894737
176,"ornamentals",2022,0.0235789473684211
177,"ornamentals",1977,0.00929318676650204
177,"ornamentals",1978,0.0086293877117519
177,"ornamentals",1979,0.0108420512275857
177,"ornamentals",1980,0.0127781318039403
177,"ornamentals",1981,0.015765227550316
177,"ornamentals",1982,0.0220713185704424
177,"ornamentals",1983,0.0280455100631937
177,"ornamentals",1984,0.0346835006106951
177,"ornamentals",1985,0.0396619935213212
177,"ornamentals",1986,0.0399938930486963
177,"ornamentals",1987,0.0393300939939462
177,"ornamentals",1988,0.0350154001380702
177,"ornamentals",1989,0.0298709574637566
177,"ornamentals",1990,0.0300369072274441
177,"ornamentals",1991,0.0325261536827572
177,"ornamentals",1992,0.043312888322447
177,"ornamentals",1993,0.0418193404492592
177,"ornamentals",1994,0.0343516010833201
177,"ornamentals",1995,0.0240155142807973
177,"ornamentals",1996,0.00775243743941871
177,"ornamentals",1997,0.00874813602154393
177,"ornamentals",1998,0.00974383460366915
177,"ornamentals",1999,0.00979103605756465
177,"ornamentals",2000,0.00896128723912697
177,"ornamentals",2001,0.00531039243800117
177,"ornamentals",2002,0.00398279432850088
177,"ornamentals",2003,0.0102888853486273
177,"ornamentals",2004,0.0217394190430673
177,"ornamentals",2005,0.0385003451755085
177,"ornamentals",2006,0.0620652116191387
177,"ornamentals",2007,0.0974125112845839
177,"ornamentals",2008,0.139563751261218
177,"ornamentals",2009,0.175077000690351
177,"ornamentals",2010,0.209760501301046
177,"ornamentals",2011,0.226853326960862
177,"ornamentals",2012,0.22834687483405
177,"ornamentals",2013,0.240959056874303
177,"ornamentals",2014,0.226521427433487
177,"ornamentals",2015,0.235980563963677
177,"ornamentals",2016,0.217062290903298
177,"ornamentals",2017,0.30650921353088
177,"ornamentals",2018,0.333724974775636
177,"ornamentals",2019,0.399890805055494
177,"ornamentals",2020,0.575005974191493
177,"ornamentals",2021,0.78326297063353
177,"ornamentals",2022,1
178,"ornamentals",2002,0
178,"ornamentals",2003,0
178,"ornamentals",2004,0
178,"ornamentals",2005,0
178,"ornamentals",2006,0
178,"ornamentals",2007,0
178,"ornamentals",2008,0
178,"ornamentals",2009,0
178,"ornamentals",2010,0
178,"ornamentals",2011,0
178,"ornamentals",2012,0.227272727272727
178,"ornamentals",2013,1
178,"ornamentals",2014,1
178,"ornamentals",2015,1
178,"ornamentals",2016,0.772727272727273
178,"ornamentals",2017,0
178,"ornamentals",2018,0
178,"ornamentals",2019,0.0172727272727273
178,"ornamentals",2020,0.0568181818181818
178,"ornamentals",2021,0.075
178,"ornamentals",2022,0.0768181818181818
179,"ornamentals",1988,0.0819423368740516
179,"ornamentals",1989,0.0424886191198786
179,"ornamentals",1990,0.0293373798684876
179,"ornamentals",1991,0.0310001549524577
179,"ornamentals",1992,0.0150669227825032
179,"ornamentals",1993,0.426296057835614
179,"ornamentals",1994,0.846629896985842
179,"ornamentals",1995,0.849013657056146
179,"ornamentals",1996,0.845220030349014
179,"ornamentals",1997,0.833839150227618
179,"ornamentals",1998,0.490136570561457
179,"ornamentals",1999,0.53793626707132
179,"ornamentals",2000,0.610773899848255
179,"ornamentals",2001,0.422610015174507
179,"ornamentals",2002,0.566767830045524
179,"ornamentals",2003,0.799696509863429
179,"ornamentals",2004,1
179,"ornamentals",2005,0.948406676783004
179,"ornamentals",2006,0.836874051593323
179,"ornamentals",2007,0.641881638846737
179,"ornamentals",2008,0.468892261001517
179,"ornamentals",2009,0.370257966616085
179,"ornamentals",2010,0.379362670713202
179,"ornamentals",2011,0.308801213960546
179,"ornamentals",2012,0.239757207890744
179,"ornamentals",2013,0.228376327769347
179,"ornamentals",2014,0.168437025796662
179,"ornamentals",2015,0.198786039453718
179,"ornamentals",2016,0.216995447647951
179,"ornamentals",2017,0.216995447647951
179,"ornamentals",2018,0.187405159332322
179,"ornamentals",2019,0.153285280728376
179,"ornamentals",2020,0.122587253414264
179,"ornamentals",2021,0.0955235204855842
179,"ornamentals",2022,0.0876024279210926
180,"ornamentals",1988,0.168456512766134
180,"ornamentals",1989,0.125302505988122
180,"ornamentals",1990,0.134087926582919
180,"ornamentals",1991,0.511308440987742
180,"ornamentals",1992,0.53870458135861
180,"ornamentals",1993,0.5260663507109
180,"ornamentals",1994,0.533965244865719
180,"ornamentals",1995,0.303317535545024
180,"ornamentals",1996,0.30173775671406
180,"ornamentals",1997,0.364928909952607
180,"ornamentals",1998,0.657187993680885
180,"ornamentals",1999,0.665086887835703
180,"ornamentals",2000,0.731437598736177
180,"ornamentals",2001,0.699842022116904
180,"ornamentals",2002,0.42654028436019
180,"ornamentals",2003,0.282780410742496
180,"ornamentals",2004,0.199052132701422
180,"ornamentals",2005,0.233807266982622
180,"ornamentals",2006,0.27172195892575
180,"ornamentals",2007,0.320695102685624
180,"ornamentals",2008,0.402843601895735
180,"ornamentals",2009,0.505529225908373
180,"ornamentals",2010,0.682464454976303
180,"ornamentals",2011,0.842022116903633
180,"ornamentals",2012,0.943127962085308
180,"ornamentals",2013,1
180,"ornamentals",2014,0.92259083728278
180,"ornamentals",2015,0.808846761453397
180,"ornamentals",2016,0.744075829383886
180,"ornamentals",2017,0.69826224328594
180,"ornamentals",2018,0.671406003159558
180,"ornamentals",2019,0.733949447077409
180,"ornamentals",2020,0.747077409162717
180,"ornamentals",2021,0.57172195892575
180,"ornamentals",2022,0.47914691943128
181,"ornamentals",1992,0.00654664484451719
181,"ornamentals",1993,0.00327332242225859
181,"ornamentals",1994,0.00218221494817239
181,"ornamentals",1995,0.0016366612111293
181,"ornamentals",1996,0.00654664484451719
181,"ornamentals",1997,0.088379705400982
181,"ornamentals",1998,0.088379705400982
181,"ornamentals",1999,0.248772504091653
181,"ornamentals",2000,0.245499181669394
181,"ornamentals",2001,0.16366612111293
181,"ornamentals",2002,0.16366612111293
181,"ornamentals",2003,0.0130932896890344
181,"ornamentals",2004,0.0294599018003273
181,"ornamentals",2005,0.0294599018003273
181,"ornamentals",2006,0.0327332242225859
181,"ornamentals",2007,0.0409165302782324
181,"ornamentals",2008,0.166939443535188
181,"ornamentals",2009,0.44189852700491
181,"ornamentals",2010,0.641571194762684
181,"ornamentals",2011,1
181,"ornamentals",2012,0.855973813420622
181,"ornamentals",2013,0.5810147299509
181,"ornamentals",2014,0.381342062193126
181,"ornamentals",2015,0.00654664484451719
181,"ornamentals",2016,0.00654664484451719
181,"ornamentals",2017,0.0114566284779051
181,"ornamentals",2018,0.0130932896890344
181,"ornamentals",2019,0.0114566284779051
181,"ornamentals",2020,0.0145499181669394
181,"ornamentals",2021,0.00963993453355156
181,"ornamentals",2022,0.00472995090016367
182,"ornamentals",1977,0.00378190986448156
182,"ornamentals",1978,0.00197134649372779
182,"ornamentals",1979,0.00134453942599813
182,"ornamentals",1980,0.00104787039335476
182,"ornamentals",1981,0.000102392927234371
182,"ornamentals",1982,6.21971464908692e-05
182,"ornamentals",1983,3.94658238561617e-05
182,"ornamentals",1984,0
182,"ornamentals",1985,0
182,"ornamentals",1986,0
182,"ornamentals",1987,3.69109747504697e-05
182,"ornamentals",1988,3.69109747504697e-05
182,"ornamentals",1989,0.00539179758186042
182,"ornamentals",1990,0.0106268575446031
182,"ornamentals",1991,0.0154975160062005
182,"ornamentals",1992,0.0155605478372752
182,"ornamentals",1993,0.0165403602531719
182,"ornamentals",1994,0.0135429302935808
182,"ornamentals",1995,0.0147809643870154
182,"ornamentals",1996,0.0883075953356445
182,"ornamentals",1997,0.103435234793571
182,"ornamentals",1998,0.127481878348566
182,"ornamentals",1999,0.153482508666877
182,"ornamentals",2000,0.115757957768673
182,"ornamentals",2001,0.142483454144343
182,"ornamentals",2002,0.134100220611409
182,"ornamentals",2003,0.177340056728648
182,"ornamentals",2004,0.235171761739679
182,"ornamentals",2005,0.30819413803971
182,"ornamentals",2006,0.425685471162937
182,"ornamentals",2007,0.488307595335644
182,"ornamentals",2008,0.513835486920895
182,"ornamentals",2009,0.59596596281122
182,"ornamentals",2010,0.715505830444374
182,"ornamentals",2011,0.86816892530728
182,"ornamentals",2012,0.958682634730539
182,"ornamentals",2013,1
182,"ornamentals",2014,0.941758588086984
182,"ornamentals",2015,0.871604160100851
182,"ornamentals",2016,0.868074377560668
182,"ornamentals",2017,0.820895052001261
182,"ornamentals",2018,0.794011976047904
182,"ornamentals",2019,0.73508855972266
182,"ornamentals",2020,0.685106208635361
182,"ornamentals",2021,0.637582729278286
182,"ornamentals",2022,0.507919319256224
183,"ornamentals",1988,0.0194723006523221
183,"ornamentals",1989,0.00973615032616103
183,"ornamentals",1990,0.00649076688410736
183,"ornamentals",1991,0.00486807516308052
183,"ornamentals",1992,0
183,"ornamentals",1993,0.687303563323802
183,"ornamentals",1994,0.687303563323802
183,"ornamentals",1995,0.687303563323802
183,"ornamentals",1996,0.687303563323802
183,"ornamentals",1997,0
183,"ornamentals",1998,0
183,"ornamentals",1999,0
183,"ornamentals",2000,0
183,"ornamentals",2001,0
183,"ornamentals",2002,0
183,"ornamentals",2003,0.33771912576145
183,"ornamentals",2004,0.33771912576145
183,"ornamentals",2005,0.537310207447751
183,"ornamentals",2006,0.727165138807891
183,"ornamentals",2007,0.438126764677247
183,"ornamentals",2008,0.783760101255963
183,"ornamentals",2009,0.710738973809756
183,"ornamentals",2010,0.540356343101937
183,"ornamentals",2011,0.516015967286535
183,"ornamentals",2012,0.223931457501704
183,"ornamentals",2013,0.165514555544738
183,"ornamentals",2014,0.180118781033979
183,"ornamentals",2015,0.27748028429559
183,"ornamentals",2016,0.423522539188005
183,"ornamentals",2017,0.535488267938857
183,"ornamentals",2018,0.696134748320514
183,"ornamentals",2019,0.721692142926687
183,"ornamentals",2020,0.718138448057638
183,"ornamentals",2021,0.864229383701684
183,"ornamentals",2022,1
184,"ornamentals",1988,0.421052631578947
184,"ornamentals",1989,0.229323308270677
184,"ornamentals",1990,0.200501253132832
184,"ornamentals",1991,0.195488721804511
184,"ornamentals",1992,0.139097744360902
184,"ornamentals",1993,0.234962406015038
184,"ornamentals",1994,0.253759398496241
184,"ornamentals",1995,0.219924812030075
184,"ornamentals",1996,0.473684210526316
184,"ornamentals",1997,0.62406015037594
184,"ornamentals",1998,0.81015037593985
184,"ornamentals",1999,1
184,"ornamentals",2000,0.928571428571429
184,"ornamentals",2001,0.892857142857143
184,"ornamentals",2002,0.962406015037594
184,"ornamentals",2003,0.977443609022556
184,"ornamentals",2004,0.971804511278195
184,"ornamentals",2005,0.930451127819549
184,"ornamentals",2006,0.825187969924812
184,"ornamentals",2007,0.793233082706767
184,"ornamentals",2008,0.962406015037594
184,"ornamentals",2009,0.983082706766917
184,"ornamentals",2010,0.947368421052632
184,"ornamentals",2011,0.81390977443609
184,"ornamentals",2012,0.509398496240602
184,"ornamentals",2013,0.37593984962406
184,"ornamentals",2014,0.285714285714286
184,"ornamentals",2015,0.296992481203008
184,"ornamentals",2016,0.383458646616541
184,"ornamentals",2017,0.513157894736842
184,"ornamentals",2018,0.509398496240602
184,"ornamentals",2019,0.516992481203008
184,"ornamentals",2020,0.389398496240602
184,"ornamentals",2021,0.222105263157895
184,"ornamentals",2022,0.169266917293233
188,"ornamentals",2008,0.0719576106460848
188,"ornamentals",2009,1
188,"ornamentals",2010,0.666666666666667
188,"ornamentals",2011,0.517989402661521
188,"ornamentals",2012,0.591416703886647
188,"ornamentals",2013,0.109406106548169
188,"ornamentals",2014,0.109406106548169
188,"ornamentals",2015,0.0914167038866474
188,"ornamentals",2016,0
188,"ornamentals",2017,0
188,"ornamentals",2018,0
188,"ornamentals",2019,0
188,"ornamentals",2020,0
188,"ornamentals",2021,0
188,"ornamentals",2022,0
189,"ornamentals",2015,0.0756512532292876
189,"ornamentals",2016,0.0378256266146438
189,"ornamentals",2017,0.176156412190685
189,"ornamentals",2018,0.285751982062881
189,"ornamentals",2019,0.579849599741247
189,"ornamentals",2020,0.773671868682785
189,"ornamentals",2021,0.868359343413924
189,"ornamentals",2022,1
191,"ornamentals",1996,0.00567840864160136
191,"ornamentals",1997,0.00591532287440974
191,"ornamentals",1998,0.00599429428534586
191,"ornamentals",1999,0.00603377999081392
191,"ornamentals",2000,0.00615223710721811
191,"ornamentals",2001,0.00615223710721811
191,"ornamentals",2002,0.00615223710721811
191,"ornamentals",2003,0.00461417783041358
191,"ornamentals",2004,0.00307611855360906
191,"ornamentals",2005,0.00153805927680453
191,"ornamentals",2006,0.0215328298752634
191,"ornamentals",2007,0.0215328298752634
191,"ornamentals",2008,0.052294015411354
191,"ornamentals",2009,0.0938216158850762
191,"ornamentals",2010,0.153805927680453
191,"ornamentals",2011,0.184567113216543
191,"ornamentals",2012,0.153805927680453
191,"ornamentals",2013,0.11535444576034
191,"ornamentals",2014,0.0415276004737223
191,"ornamentals",2015,0.0538320746881585
191,"ornamentals",2016,0.622914007105834
191,"ornamentals",2017,0.641370718427488
191,"ornamentals",2018,0.670593844686774
191,"ornamentals",2019,0.670978359505975
191,"ornamentals",2020,0.99583185935986
191,"ornamentals",2021,1
191,"ornamentals",2022,0.978620976052417
193,"ornamentals",1995,0.21988460279633
193,"ornamentals",1996,0.109942301398165
193,"ornamentals",1997,0.0732948675987766
193,"ornamentals",1998,0.0549711506990825
193,"ornamentals",1999,0
193,"ornamentals",2000,0
193,"ornamentals",2001,0.184157356339345
193,"ornamentals",2002,0.184157356339345
193,"ornamentals",2003,0.419067546956445
193,"ornamentals",2004,0.667818006115916
193,"ornamentals",2005,0.483660649776571
193,"ornamentals",2006,0.483660649776571
193,"ornamentals",2007,0.248750459159471
193,"ornamentals",2008,0.281039236135932
193,"ornamentals",2009,0.622063335200272
193,"ornamentals",2010,1
193,"ornamentals",2011,1
193,"ornamentals",2012,0.718960763864068
193,"ornamentals",2013,0.377936664799728
193,"ornamentals",2014,0
193,"ornamentals",2015,0
193,"ornamentals",2016,0
193,"ornamentals",2017,0
193,"ornamentals",2018,0
193,"ornamentals",2019,0
193,"ornamentals",2020,0
193,"ornamentals",2021,0
193,"ornamentals",2022,0
194,"ornamentals",1996,0.566264728511818
194,"ornamentals",1997,0.566264728511818
194,"ornamentals",1998,0.377509819007878
194,"ornamentals",1999,0.283132364255909
194,"ornamentals",2000,0.141566182127954
194,"ornamentals",2001,0
194,"ornamentals",2002,0.0339738538203853
194,"ornamentals",2003,0.0339738538203853
194,"ornamentals",2004,0.0339738538203853
194,"ornamentals",2005,0.0339738538203853
194,"ornamentals",2006,0
194,"ornamentals",2007,0.0653384125295456
194,"ornamentals",2008,0.0653384125295456
194,"ornamentals",2009,0.288409726622198
194,"ornamentals",2010,0.523131251644809
194,"ornamentals",2011,1
194,"ornamentals",2012,1
194,"ornamentals",2013,0.781137222161146
194,"ornamentals",2014,0.546415697138535
194,"ornamentals",2015,0.00420853625379826
194,"ornamentals",2016,0.0219043090197926
194,"ornamentals",2017,0.0176957727659943
194,"ornamentals",2018,0.0176957727659943
194,"ornamentals",2019,0.0212349273191932
194,"ornamentals",2020,0.00424698546383863
194,"ornamentals",2021,0.0148644491234352
194,"ornamentals",2022,0.0254819127830318
195,"ornamentals",1996,1
195,"ornamentals",1997,0.833333333333333
195,"ornamentals",1998,1
195,"ornamentals",1999,0.75
195,"ornamentals",2000,0.5
195,"ornamentals",2001,0.333333333333333
195,"ornamentals",2002,0
195,"ornamentals",2003,0
195,"ornamentals",2004,0
195,"ornamentals",2005,0
195,"ornamentals",2006,0.0473806114618682
195,"ornamentals",2007,0.103201478175642
195,"ornamentals",2008,0.103201478175642
195,"ornamentals",2009,0.160076043546587
195,"ornamentals",2010,0.112695432084719
195,"ornamentals",2011,0.0568745653709459
195,"ornamentals",2012,0.0568745653709459
195,"ornamentals",2013,0
195,"ornamentals",2014,0
195,"ornamentals",2015,0
195,"ornamentals",2016,0
195,"ornamentals",2017,0
195,"ornamentals",2018,0
195,"ornamentals",2019,0
195,"ornamentals",2020,0
195,"ornamentals",2021,0
195,"ornamentals",2022,0
196,"ornamentals",1992,0.315631689313583
196,"ornamentals",1993,0.321476720597168
196,"ornamentals",1994,0.506569377910688
196,"ornamentals",1995,0.728383733688831
196,"ornamentals",1996,0.662978758596569
196,"ornamentals",1997,0.815486842703907
196,"ornamentals",1998,0.677184047359581
196,"ornamentals",1999,0.436736607235084
196,"ornamentals",2000,0.572057517605207
196,"ornamentals",2001,0.529392631236864
196,"ornamentals",2002,0.653057507101245
196,"ornamentals",2003,0.768211627612227
196,"ornamentals",2004,0.96588307176703
196,"ornamentals",2005,1
196,"ornamentals",2006,0.795449246345513
196,"ornamentals",2007,0.727252093916974
196,"ornamentals",2008,0.380756792155914
196,"ornamentals",2009,0.154966228213761
196,"ornamentals",2010,0.304014525945175
196,"ornamentals",2011,0.149048297731414
196,"ornamentals",2012,0.149048297731414
196,"ornamentals",2013,0.149048297731414
196,"ornamentals",2014,0
196,"ornamentals",2015,0
196,"ornamentals",2016,0
196,"ornamentals",2017,0
196,"ornamentals",2018,0
196,"ornamentals",2019,0
196,"ornamentals",2020,0.0619573316059996
196,"ornamentals",2021,0.0619573316059996
196,"ornamentals",2022,0.0619573316059996
197,"ornamentals",2019,0.488372093023256
197,"ornamentals",2020,0.558139534883721
197,"ornamentals",2021,1
197,"ornamentals",2022,0.996872951084329
199,"ornamentals",1995,1
199,"ornamentals",1996,0.910906943754139
199,"ornamentals",1997,0.817410617547963
199,"ornamentals",1998,0.769047808435019
199,"ornamentals",1999,0.623886220645661
199,"ornamentals",2000,0.545245461185353
199,"ornamentals",2001,0.428862387779485
199,"ornamentals",2002,0.379000142702667
199,"ornamentals",2003,0.389053821014427
199,"ornamentals",2004,0.346268259802402
199,"ornamentals",2005,0.402084493773153
199,"ornamentals",2006,0.39562590973373
199,"ornamentals",2007,0.386808431072709
199,"ornamentals",2008,0.39544677261151
199,"ornamentals",2009,0.403141556301672
199,"ornamentals",2010,0.405174992899999
199,"ornamentals",2011,0.377486357266197
199,"ornamentals",2012,0.295714566964628
199,"ornamentals",2013,0.195872807565395
199,"ornamentals",2014,0.0941703548092626
199,"ornamentals",2015,0.0157843785816831
199,"ornamentals",2016,0.00489067613971512
199,"ornamentals",2017,0.00437972264188446
199,"ornamentals",2018,0.00797007666808044
199,"ornamentals",2019,0.00797007666808044
199,"ornamentals",2020,0.00797007666808044
199,"ornamentals",2021,0.00435425913815257
199,"ornamentals",2022,0.00272459489931184
202,"ornamentals",1991,0.0529690961379823
202,"ornamentals",1992,0.051527928104751
202,"ornamentals",1993,0.0581826407225356
202,"ornamentals",1994,0.0579963341902119
202,"ornamentals",1995,0.0553568745432799
202,"ornamentals",1996,0.0634039773556889
202,"ornamentals",1997,0.0723011476364546
202,"ornamentals",1998,0.0838699585320554
202,"ornamentals",1999,0.0910669938761078
202,"ornamentals",2000,0.10113545594778
202,"ornamentals",2001,0.118482916236311
202,"ornamentals",2002,0.123192006594361
202,"ornamentals",2003,0.174019607843137
202,"ornamentals",2004,0.188725490196078
202,"ornamentals",2005,0.176470588235294
202,"ornamentals",2006,0.191176470588235
202,"ornamentals",2007,0.127450980392157
202,"ornamentals",2008,0.138480392156863
202,"ornamentals",2009,0.223039215686275
202,"ornamentals",2010,0.182598039215686
202,"ornamentals",2011,0.178921568627451
202,"ornamentals",2012,0.127459569040264
202,"ornamentals",2013,0.161388635145171
202,"ornamentals",2014,0.16261412534125
202,"ornamentals",2015,0.253300399851054
202,"ornamentals",2016,0.337850634732358
202,"ornamentals",2017,0.189950980392157
202,"ornamentals",2018,0.200980392156863
202,"ornamentals",2019,0.354166666666667
202,"ornamentals",2020,1
202,"ornamentals",2021,0.997549019607843
202,"ornamentals",2022,0.980392156862745
203,"ornamentals",1976,0.035873367014439
203,"ornamentals",1977,0.0298944725120325
203,"ornamentals",1978,0.019929648341355
203,"ornamentals",1979,0.0149472362560163
203,"ornamentals",1980,0.00597889450240651
203,"ornamentals",1981,0.00298944725120325
203,"ornamentals",1982,0.00298944725120325
203,"ornamentals",1983,0.00896834175360976
203,"ornamentals",1984,0.0149472362560163
203,"ornamentals",1985,0.0149472362560163
203,"ornamentals",1986,0.0269050252608293
203,"ornamentals",1987,0.0269050252608293
203,"ornamentals",1988,0.023915578009626
203,"ornamentals",1989,0.0448417087680488
203,"ornamentals",1990,0.0567994977728618
203,"ornamentals",1991,0.122567337299333
203,"ornamentals",1992,0.131535679052943
203,"ornamentals",1993,0.203282413081821
203,"ornamentals",1994,0.203282413081821
203,"ornamentals",1995,0.24812412184987
203,"ornamentals",1996,0.269050252608293
203,"ornamentals",1997,0.263071358105886
203,"ornamentals",1998,0.298944725120325
203,"ornamentals",1999,0.263071358105886
203,"ornamentals",2000,0.421512062419659
203,"ornamentals",2001,0.526142716211772
203,"ornamentals",2002,0.636752264506293
203,"ornamentals",2003,0.959612567636244
203,"ornamentals",2004,0.926728647873008
203,"ornamentals",2005,0.825087441332098
203,"ornamentals",2006,0.866939702848943
203,"ornamentals",2007,0.705509551283968
203,"ornamentals",2008,0.777256285312846
203,"ornamentals",2009,0.914770858868195
203,"ornamentals",2010,0.831066335834504
203,"ornamentals",2011,0.828076888583301
203,"ornamentals",2012,0.840034677588114
203,"ornamentals",2013,0.729425129293594
203,"ornamentals",2014,0.765298496308033
203,"ornamentals",2015,0.618815580999073
203,"ornamentals",2016,0.472332665690114
203,"ornamentals",2017,0.846013572090521
203,"ornamentals",2018,0.923739200621805
203,"ornamentals",2019,0.975905055155302
203,"ornamentals",2020,1
203,"ornamentals",2021,0.527667334309886
203,"ornamentals",2022,0.3381363785836
204,"ornamentals",1984,1
204,"ornamentals",1985,0.65625
204,"ornamentals",1986,0.4375
204,"ornamentals",1987,0.3515625
204,"ornamentals",1988,0.1015625
204,"ornamentals",1989,0.0234375
204,"ornamentals",1990,0.0234375
204,"ornamentals",1991,0
204,"ornamentals",1992,0
204,"ornamentals",1993,0
204,"ornamentals",1994,0
204,"ornamentals",1995,0
204,"ornamentals",1996,0
204,"ornamentals",1997,0
204,"ornamentals",1998,0
204,"ornamentals",1999,0
204,"ornamentals",2000,0
204,"ornamentals",2001,0.0078125
204,"ornamentals",2002,0.0234375
204,"ornamentals",2003,0.03125
204,"ornamentals",2004,0.0390625
204,"ornamentals",2005,0.1171875
204,"ornamentals",2006,0.1796875
204,"ornamentals",2007,0.1875
204,"ornamentals",2008,0.1796875
204,"ornamentals",2009,0.09375
204,"ornamentals",2010,0.0234375
204,"ornamentals",2011,0.0859375
204,"ornamentals",2012,0.0859375
204,"ornamentals",2013,0.0859375
204,"ornamentals",2014,0.078125
204,"ornamentals",2015,0
204,"ornamentals",2016,0
204,"ornamentals",2017,0
204,"ornamentals",2018,0
204,"ornamentals",2019,0
204,"ornamentals",2020,0
204,"ornamentals",2021,0
204,"ornamentals",2022,0
205,"ornamentals",2005,1
205,"ornamentals",2006,0.5
205,"ornamentals",2007,0.333333333333333
205,"ornamentals",2008,0.467713736019688
205,"ornamentals",2009,0.418747047539583
205,"ornamentals",2010,0.604111295861401
205,"ornamentals",2011,0.773019866639364
205,"ornamentals",2012,0.708882758633466
205,"ornamentals",2013,0.64946533670226
205,"ornamentals",2014,0.589935541293087
205,"ornamentals",2015,0.531978974575473
205,"ornamentals",2016,0.476045130461303
205,"ornamentals",2017,0.42101027417088
205,"ornamentals",2018,0.2957250067449
205,"ornamentals",2019,0.185125310355242
205,"ornamentals",2020,0.0877674811892689
205,"ornamentals",2021,0.00133669675056304
205,"ornamentals",2022,0.000937760123457018
206,"ornamentals",1976,0.00568972715641083
206,"ornamentals",1977,0.00624440700707242
206,"ornamentals",1978,0.00627470481438891
206,"ornamentals",1979,0.00628627469158594
206,"ornamentals",1980,0.00641241806163708
206,"ornamentals",1981,0.0063278722178442
206,"ornamentals",1982,0.00621523447887212
206,"ornamentals",1983,0.0100916458553466
206,"ornamentals",1984,0.00962785942663453
206,"ornamentals",1985,0.0101613352767841
206,"ornamentals",1986,0.0112426030829281
206,"ornamentals",1987,0.0113547005053896
206,"ornamentals",1988,0.0159755471041129
206,"ornamentals",1989,0.0206244855980155
206,"ornamentals",1990,0.0374231687569226
206,"ornamentals",1991,0.0538145194357313
206,"ornamentals",1992,0.07899863330563
206,"ornamentals",1993,0.129310947413324
206,"ornamentals",1994,0.173105941839444
206,"ornamentals",1995,0.244978785497175
206,"ornamentals",1996,0.352331692766238
206,"ornamentals",1997,0.419190133134482
206,"ornamentals",1998,0.448012147430087
206,"ornamentals",1999,0.463392189882444
206,"ornamentals",2000,0.440679622471805
206,"ornamentals",2001,0.465442357914015
206,"ornamentals",2002,0.620186292350391
206,"ornamentals",2003,0.709757029971019
206,"ornamentals",2004,0.787233570068003
206,"ornamentals",2005,0.854589304089395
206,"ornamentals",2006,0.816845839854565
206,"ornamentals",2007,0.895415406878059
206,"ornamentals",2008,0.978762076805699
206,"ornamentals",2009,0.951976039281638
206,"ornamentals",2010,1
206,"ornamentals",2011,0.896696314946026
206,"ornamentals",2012,0.77275888088274
206,"ornamentals",2013,0.588530734134248
206,"ornamentals",2014,0.339470838154613
206,"ornamentals",2015,0.171839484591517
206,"ornamentals",2016,0.0319334948310389
206,"ornamentals",2017,0.0353230349372156
206,"ornamentals",2018,0.0365920258096571
206,"ornamentals",2019,0.0357022467705579
206,"ornamentals",2020,0.0272447735259412
206,"ornamentals",2021,0.0233387989045949
206,"ornamentals",2022,0.020262759001314
207,"ornamentals",1995,0.329270229828661
207,"ornamentals",1996,0.324640916327967
207,"ornamentals",1997,0.216427277551978
207,"ornamentals",1998,0.162320458163983
207,"ornamentals",1999,0.080002900706818
207,"ornamentals",2000,0
207,"ornamentals",2001,0.00447277909893035
207,"ornamentals",2002,0.0219166175847587
207,"ornamentals",2003,0.415521178290629
207,"ornamentals",2004,0.590406841058806
207,"ornamentals",2005,0.589288646284074
207,"ornamentals",2006,0.581796741293365
207,"ornamentals",2007,0.196466821920516
207,"ornamentals",2008,0.0309739952600927
207,"ornamentals",2009,0.0411495677101592
207,"ornamentals",2010,0.132055250690212
207,"ornamentals",2011,0.218346053014252
207,"ornamentals",2012,0.42247744274169
207,"ornamentals",2013,0.626259054949452
207,"ornamentals",2014,0.747819282125575
207,"ornamentals",2015,0.879854308719215
207,"ornamentals",2016,0.896256372246624
207,"ornamentals",2017,0.912786956897158
207,"ornamentals",2018,0.932316367753963
207,"ornamentals",2019,0.953327627160409
207,"ornamentals",2020,0.970076888121921
207,"ornamentals",2021,0.987576807643319
207,"ornamentals",2022,1
208,"ornamentals",1976,0.0893639123852905
208,"ornamentals",1977,0.0885097084529198
208,"ornamentals",1978,0.0876706988259057
208,"ornamentals",1979,0.0867823077064828
208,"ornamentals",1980,0.0851004898761155
208,"ornamentals",1981,0.0838669040537663
208,"ornamentals",1982,0.083355047735853
208,"ornamentals",1983,0.0836256981438019
208,"ornamentals",1984,0.087383441631078
208,"ornamentals",1985,0.0864575404921987
208,"ornamentals",1986,0.0859684756323202
208,"ornamentals",1987,0.0886246319812466
208,"ornamentals",1988,0.0907337933373375
208,"ornamentals",1989,0.0984496533699937
208,"ornamentals",1990,0.105079120569657
208,"ornamentals",1991,0.107947997193575
208,"ornamentals",1992,0.108769441170699
208,"ornamentals",1993,0.109005904391595
208,"ornamentals",1994,0.110002082880319
208,"ornamentals",1995,0.321636916526836
208,"ornamentals",1996,0.529081920471285
208,"ornamentals",1997,0.713583523327351
208,"ornamentals",1998,0.860710933582652
208,"ornamentals",1999,0.794206410524922
208,"ornamentals",2000,0.735002751191012
208,"ornamentals",2001,0.690598345274378
208,"ornamentals",2002,0.682204443052756
208,"ornamentals",2003,0.676492335726565
208,"ornamentals",2004,0.697431039995755
208,"ornamentals",2005,0.743269412167984
208,"ornamentals",2006,0.817072903348936
208,"ornamentals",2007,0.908763890510881
208,"ornamentals",2008,0.980003342662916
208,"ornamentals",2009,1
208,"ornamentals",2010,0.793684494193106
208,"ornamentals",2011,0.570856426347505
208,"ornamentals",2012,0.338767098067222
208,"ornamentals",2013,0.140510385153436
208,"ornamentals",2014,0.141902867165974
208,"ornamentals",2015,0.14300683013945
208,"ornamentals",2016,0.144196528744688
208,"ornamentals",2017,0.146266695011764
208,"ornamentals",2018,0.148492676470476
208,"ornamentals",2019,0.150497616559961
208,"ornamentals",2020,0.152313051082162
208,"ornamentals",2021,0.154200578087766
208,"ornamentals",2022,0.156135125495938
209,"ornamentals",1978,0.1026435213873
209,"ornamentals",1979,0.05132176069365
209,"ornamentals",1980,0.0657703965467035
209,"ornamentals",1981,0.0720362341080908
209,"ornamentals",1982,0.0682331136688701
209,"ornamentals",1983,0.089699604278881
209,"ornamentals",1984,0.0673185066302621
209,"ornamentals",1985,0.0446100699321989
209,"ornamentals",1986,0.0227523100245946
209,"ornamentals",1987,0.0189517974125688
209,"ornamentals",1988,0.0354797045717804
209,"ornamentals",1989,0.0518601427769022
209,"ornamentals",1990,0.0518601427769022
209,"ornamentals",1991,0.051029320896736
209,"ornamentals",1992,0.235089242412581
209,"ornamentals",1993,0.346613138326227
209,"ornamentals",1994,0.787649197528436
209,"ornamentals",1995,0.967973018313451
209,"ornamentals",1996,0.94354244943636
209,"ornamentals",1997,1
209,"ornamentals",1998,0.827159393126129
209,"ornamentals",1999,0.80658628249279
209,"ornamentals",2000,0.664331980974693
209,"ornamentals",2001,0.512041964838447
209,"ornamentals",2002,0.276013664436999
209,"ornamentals",2003,0.135082907962464
209,"ornamentals",2004,0.136021662767887
209,"ornamentals",2005,0.140114639480586
209,"ornamentals",2006,0.142805905496155
209,"ornamentals",2007,0.147883992366409
209,"ornamentals",2008,0.15138491908707
209,"ornamentals",2009,0.157609046849889
209,"ornamentals",2010,0.349912058817217
209,"ornamentals",2011,0.553913157394434
209,"ornamentals",2012,0.514713304645425
209,"ornamentals",2013,0.472324331623745
209,"ornamentals",2014,0.245162901713958
209,"ornamentals",2015,0.000428606471527899
209,"ornamentals",2016,0
209,"ornamentals",2017,0
209,"ornamentals",2018,0
209,"ornamentals",2019,3.0002453006953e-05
209,"ornamentals",2020,3.0002453006953e-05
209,"ornamentals",2021,3.0002453006953e-05
209,"ornamentals",2022,3.0002453006953e-05
210,"ornamentals",1988,0.164383561643836
210,"ornamentals",1989,0.170254403131115
210,"ornamentals",1990,0.19047619047619
210,"ornamentals",1991,0.215264187866928
210,"ornamentals",1992,0.247553816046967
210,"ornamentals",1993,0.279843444227006
210,"ornamentals",1994,0.310176125244618
210,"ornamentals",1995,0.344422700587084
210,"ornamentals",1996,0.385518590998043
210,"ornamentals",1997,0.435420743639922
210,"ornamentals",1998,0.470645792563601
210,"ornamentals",1999,0.451076320939335
210,"ornamentals",2000,0.427592954990215
210,"ornamentals",2001,0.394324853228963
210,"ornamentals",2002,0.382583170254403
210,"ornamentals",2003,0.434442270058708
210,"ornamentals",2004,0.563600782778865
210,"ornamentals",2005,0.720156555772994
210,"ornamentals",2006,0.808219178082192
210,"ornamentals",2007,0.904109589041096
210,"ornamentals",2008,0.908023483365949
210,"ornamentals",2009,0.910958904109589
210,"ornamentals",2010,0.974559686888454
210,"ornamentals",2011,1
210,"ornamentals",2012,0.777886497064579
210,"ornamentals",2013,0.528375733855186
210,"ornamentals",2014,0.273972602739726
210,"ornamentals",2015,0.0166340508806262
210,"ornamentals",2016,0.0225048923679061
210,"ornamentals",2017,0.0225048923679061
210,"ornamentals",2018,0.0156555772994129
210,"ornamentals",2019,0.0136301369863014
210,"ornamentals",2020,0.00819960861056752
210,"ornamentals",2021,0.00702544031311155
210,"ornamentals",2022,0.00661448140900196
212,"ornamentals",1991,0.318061955510413
212,"ornamentals",1992,0.271317795001354
212,"ornamentals",1993,0.325388649713571
212,"ornamentals",1994,0.364068687552868
212,"ornamentals",1995,0.466425928890836
212,"ornamentals",1996,0.490073086623668
212,"ornamentals",1997,0.534482353023996
212,"ornamentals",1998,0.586328792678353
212,"ornamentals",1999,0.748493302267468
212,"ornamentals",2000,0.893924172035018
212,"ornamentals",2001,1
212,"ornamentals",2002,0.995757758030224
212,"ornamentals",2003,0.916833901301243
212,"ornamentals",2004,0.935522943531389
212,"ornamentals",2005,0.676655259381577
212,"ornamentals",2006,0.673227624074869
212,"ornamentals",2007,0.418149475679358
212,"ornamentals",2008,0.174238997325757
212,"ornamentals",2009,0.242813100973756
212,"ornamentals",2010,0.0786093383281934
212,"ornamentals",2011,0.0685741036479985
212,"ornamentals",2012,0.0685741036479985
212,"ornamentals",2013,0
212,"ornamentals",2014,0.00336763673396671
212,"ornamentals",2015,0.00701815627126534
212,"ornamentals",2016,0.00993967744133665
212,"ornamentals",2017,0.0147135297609134
212,"ornamentals",2018,0.0167123876918632
212,"ornamentals",2019,0.016923726559066
212,"ornamentals",2020,0.0144370655584698
212,"ornamentals",2021,0.0096632132388931
212,"ornamentals",2022,0.00429671857397653
214,"ornamentals",1994,0.684095015933031
214,"ornamentals",1995,0.650450998755997
214,"ornamentals",1996,0.433633999170665
214,"ornamentals",1997,0.423353882811015
214,"ornamentals",1998,0.336440171770343
214,"ornamentals",1999,0.263544801220102
214,"ornamentals",2000,0.440175891399532
214,"ornamentals",2001,0.451390563791877
214,"ornamentals",2002,0.431764887105274
214,"ornamentals",2003,0.384102529437808
214,"ornamentals",2004,0.238311788337326
214,"ornamentals",2005,0.128968732511965
214,"ornamentals",2006,0.0672880343540686
214,"ornamentals",2007,0.0534318608573906
214,"ornamentals",2008,0.0366098522688734
214,"ornamentals",2009,0.0478245246612182
214,"ornamentals",2010,0.0954868823286835
214,"ornamentals",2011,0.0841100429425858
214,"ornamentals",2012,0.0981283834330168
214,"ornamentals",2013,0.109343055825362
214,"ornamentals",2014,0.126165064413879
214,"ornamentals",2015,0.854209258899518
214,"ornamentals",2016,0.938319301842104
214,"ornamentals",2017,1
214,"ornamentals",2018,0.997196331901914
214,"ornamentals",2019,0.35976669034642
214,"ornamentals",2020,0.432045253915082
214,"ornamentals",2021,0.512342308244271
214,"ornamentals",2022,0.743420632888535
216,"ornamentals",1981,0.0778420038535645
216,"ornamentals",1982,0.0551059730250482
216,"ornamentals",1983,0.0441875401412974
216,"ornamentals",1984,0.0415221579961464
216,"ornamentals",1985,0.0338150289017341
216,"ornamentals",1986,0.0916184971098266
216,"ornamentals",1987,0.126878612716763
216,"ornamentals",1988,0.190655105973025
216,"ornamentals",1989,0.260211946050096
216,"ornamentals",1990,0.28718689788054
216,"ornamentals",1991,0.384682080924856
216,"ornamentals",1992,0.488921001926782
216,"ornamentals",1993,0.604142581888247
216,"ornamentals",1994,0.720905587668593
216,"ornamentals",1995,0.796820809248555
216,"ornamentals",1996,0.785067437379576
216,"ornamentals",1997,0.639402697495183
216,"ornamentals",1998,0.445857418111753
216,"ornamentals",1999,0.401059730250482
216,"ornamentals",2000,0.407996146435453
216,"ornamentals",2001,0.50635838150289
216,"ornamentals",2002,0.6747591522158
216,"ornamentals",2003,0.675337186897881
216,"ornamentals",2004,0.720327552986513
216,"ornamentals",2005,1
216,"ornamentals",2006,0.957225433526012
216,"ornamentals",2007,0.894508670520231
216,"ornamentals",2008,0.763680154142582
216,"ornamentals",2009,0.422543352601156
216,"ornamentals",2010,0.382562620423892
216,"ornamentals",2011,0.379865125240848
216,"ornamentals",2012,0.385163776493256
216,"ornamentals",2013,0.402119460500963
216,"ornamentals",2014,0.390077071290944
216,"ornamentals",2015,0.354624277456647
216,"ornamentals",2016,0.347591522157996
216,"ornamentals",2017,0.31242774566474
216,"ornamentals",2018,0.299229287090559
216,"ornamentals",2019,0.272172447013487
216,"ornamentals",2020,0.229058766859345
216,"ornamentals",2021,0.20407225433526
216,"ornamentals",2022,0.177827552986513
218,"ornamentals",1988,0.0506329113924051
218,"ornamentals",1989,0.0253164556962025
218,"ornamentals",1990,0.0506329113924051
218,"ornamentals",1991,0.164556962025316
218,"ornamentals",1992,0.189873417721519
218,"ornamentals",1993,0.278481012658228
218,"ornamentals",1994,0.265822784810127
218,"ornamentals",1995,0.227848101265823
218,"ornamentals",1996,0.20253164556962
218,"ornamentals",1997,0.164556962025316
218,"ornamentals",1998,0.265822784810127
218,"ornamentals",1999,0.291139240506329
218,"ornamentals",2000,0.392405063291139
218,"ornamentals",2001,0.392405063291139
218,"ornamentals",2002,0.341772151898734
218,"ornamentals",2003,0.240506329113924
218,"ornamentals",2004,0.329113924050633
218,"ornamentals",2005,0.594936708860759
218,"ornamentals",2006,0.734177215189873
218,"ornamentals",2007,1
218,"ornamentals",2008,0.822784810126582
218,"ornamentals",2009,0.518987341772152
218,"ornamentals",2010,0.341772151898734
218,"ornamentals",2011,0.0913466951134771
218,"ornamentals",2012,0.0710280939951987
218,"ornamentals",2013,0.0583698661470974
218,"ornamentals",2014,0.0457116382989961
218,"ornamentals",2015,0.0195254979768718
218,"ornamentals",2016,0.0171791687065636
218,"ornamentals",2017,0.0298373965546649
218,"ornamentals",2018,0.0229591330412571
218,"ornamentals",2019,0.0210897174904106
218,"ornamentals",2020,0.0184381921827948
218,"ornamentals",2021,0.0167926225625416
218,"ornamentals",2022,0.0131645569620253
220,"ornamentals",1996,1
220,"ornamentals",1997,0.583485457011028
220,"ornamentals",1998,0.731872282602542
220,"ornamentals",1999,0.576732697622249
220,"ornamentals",2000,0.354561183292592
220,"ornamentals",2001,0.326732697622249
220,"ornamentals",2002,0.0973996998461992
220,"ornamentals",2003,0.0973996998461992
220,"ornamentals",2004,0.183030912615263
220,"ornamentals",2005,0.25260212679112
220,"ornamentals",2006,0.336087583802148
220,"ornamentals",2007,0.433487283648347
220,"ornamentals",2008,0.347856070879283
220,"ornamentals",2009,0.292199099538598
220,"ornamentals",2010,0.251191213543832
220,"ornamentals",2011,0.125963028027291
220,"ornamentals",2012,0.098134542356948
220,"ornamentals",2013,0.0703060566866053
220,"ornamentals",2014,0
220,"ornamentals",2015,0
220,"ornamentals",2016,0
220,"ornamentals",2017,0
220,"ornamentals",2018,0
220,"ornamentals",2019,0
220,"ornamentals",2020,0
220,"ornamentals",2021,0
220,"ornamentals",2022,0
222,"ornamentals",1976,0.134076420204133
222,"ornamentals",1977,0.127372599193926
222,"ornamentals",1978,0.134076420204133
222,"ornamentals",1979,0.124020688688823
222,"ornamentals",1980,0.137428330709236
222,"ornamentals",1981,0.194410809295993
222,"ornamentals",1982,0.207818451316406
222,"ornamentals",1983,0.291616213943989
222,"ornamentals",1984,0.415636902632812
222,"ornamentals",1985,0.499434665260395
222,"ornamentals",1986,0.630159174959425
222,"ornamentals",1987,0.673734011525768
222,"ornamentals",1988,0.593288159403289
222,"ornamentals",1989,0.506138486270602
222,"ornamentals",1990,0.392173529097089
222,"ornamentals",1991,0.298320034954196
222,"ornamentals",1992,0.258097108892956
222,"ornamentals",1993,0.224578003841923
222,"ornamentals",1994,0.21117036182151
222,"ornamentals",1995,0.220780235701598
222,"ornamentals",1996,0.233878152286187
222,"ornamentals",1997,0.243760290565071
222,"ornamentals",1998,0.24783447395119
222,"ornamentals",1999,0.234971360728368
222,"ornamentals",2000,0.178298607577436
222,"ornamentals",2001,0.166195228272657
222,"ornamentals",2002,0.886133713988856
222,"ornamentals",2003,1
222,"ornamentals",2004,0.993296178989793
222,"ornamentals",2005,0.945238762439138
222,"ornamentals",2006,0.17094743576027
222,"ornamentals",2007,0.0589585889924295
222,"ornamentals",2008,0.088050982354021
222,"ornamentals",2009,0.0914028928591243
222,"ornamentals",2010,0.104810534879538
222,"ornamentals",2011,0.065963408917728
222,"ornamentals",2012,0.0469267470714466
222,"ornamentals",2013,0.0569824785867565
222,"ornamentals",2014,0.0502786575765499
222,"ornamentals",2015,0.0435748365663432
222,"ornamentals",2016,0.0435748365663432
222,"ornamentals",2017,0.0402229260612399
222,"ornamentals",2018,0.0469267470714466
222,"ornamentals",2019,0.0379101078127186
222,"ornamentals",2020,0.0289605067640927
222,"ornamentals",2021,0.0199103484003138
222,"ornamentals",2022,0.00449156007683846
223,"ornamentals",1980,0.261497255129535
223,"ornamentals",1981,0.463351140692612
223,"ornamentals",1982,0.5249072684769
223,"ornamentals",1983,0.393680451357675
223,"ornamentals",1984,0.328306137575291
223,"ornamentals",1985,0.309634024146417
223,"ornamentals",1986,0.18031630002624
223,"ornamentals",1987,0.86674659474127
223,"ornamentals",1988,1
223,"ornamentals",1989,0.973894830477864
223,"ornamentals",1990,0.941207673586672
223,"ornamentals",1991,0.254777378871642
223,"ornamentals",1992,0.121523973612912
223,"ornamentals",1993,0.0969054153094258
223,"ornamentals",1994,0.0969054153094258
223,"ornamentals",1995,0.0969054153094258
223,"ornamentals",1996,0.0969054153094258
223,"ornamentals",1997,0
223,"ornamentals",1998,0
223,"ornamentals",1999,0
223,"ornamentals",2000,0
223,"ornamentals",2001,0
223,"ornamentals",2002,0
223,"ornamentals",2003,0
223,"ornamentals",2004,0
223,"ornamentals",2005,0
223,"ornamentals",2006,0
223,"ornamentals",2007,0
223,"ornamentals",2008,0
223,"ornamentals",2009,0
223,"ornamentals",2010,0
223,"ornamentals",2011,0
223,"ornamentals",2012,0
223,"ornamentals",2013,0
223,"ornamentals",2014,0
223,"ornamentals",2015,0
223,"ornamentals",2016,0
223,"ornamentals",2017,0
223,"ornamentals",2018,0
223,"ornamentals",2019,0
223,"ornamentals",2020,0
223,"ornamentals",2021,0
223,"ornamentals",2022,0
224,"ornamentals",1993,0.017403757332031
224,"ornamentals",1994,0.0087018786660155
224,"ornamentals",1995,0.00580125244401033
224,"ornamentals",1996,0.00435093933300775
224,"ornamentals",1997,0.00435093933300775
224,"ornamentals",1998,0.0304565753310542
224,"ornamentals",1999,0.298514595841303
224,"ornamentals",2000,0.554533936011386
224,"ornamentals",2001,0.794163656508295
224,"ornamentals",2002,1
224,"ornamentals",2003,0.731941979489751
224,"ornamentals",2004,0.683594016044398
224,"ornamentals",2005,0.635439294683735
224,"ornamentals",2006,0.587284573323072
224,"ornamentals",2007,0.587284573323072
224,"ornamentals",2008,0.379613196598343
224,"ornamentals",2009,0.183787258129088
224,"ornamentals",2010,0
224,"ornamentals",2011,0
224,"ornamentals",2012,0
224,"ornamentals",2013,0
224,"ornamentals",2014,0
224,"ornamentals",2015,0
224,"ornamentals",2016,0
224,"ornamentals",2017,0
224,"ornamentals",2018,0
224,"ornamentals",2019,0
224,"ornamentals",2020,0
224,"ornamentals",2021,0
224,"ornamentals",2022,0
244,"ornamentals",2019,0.363636363636364
244,"ornamentals",2020,0.363636363636364
244,"ornamentals",2021,0.363636363636364
244,"ornamentals",2022,1
245,"ornamentals",1996,1
245,"ornamentals",1997,0.583485457011028
245,"ornamentals",1998,0.731872282602542
245,"ornamentals",1999,0.576732697622249
245,"ornamentals",2000,0.354561183292592
245,"ornamentals",2001,0.326732697622249
245,"ornamentals",2002,0.0973996998461992
245,"ornamentals",2003,0.0973996998461992
245,"ornamentals",2004,0.183030912615263
245,"ornamentals",2005,0.25260212679112
245,"ornamentals",2006,0.336087583802148
245,"ornamentals",2007,0.433487283648347
245,"ornamentals",2008,0.347856070879283
245,"ornamentals",2009,0.292199099538598
245,"ornamentals",2010,0.251191213543832
245,"ornamentals",2011,0.125963028027291
245,"ornamentals",2012,0.098134542356948
245,"ornamentals",2013,0.0703060566866053
245,"ornamentals",2014,0
245,"ornamentals",2015,0
245,"ornamentals",2016,0
245,"ornamentals",2017,0
245,"ornamentals",2018,0
245,"ornamentals",2019,0
245,"ornamentals",2020,0
245,"ornamentals",2021,0
245,"ornamentals",2022,0
247,"ornamentals",1995,0.153841580957083
247,"ornamentals",1996,0.219432419424297
247,"ornamentals",1997,0.146288279616198
247,"ornamentals",1998,0.109716209712149
247,"ornamentals",1999,0.102920897185411
247,"ornamentals",2000,0.0316650827125334
247,"ornamentals",2001,0.115459834188753
247,"ornamentals",2002,0.161378863955056
247,"ornamentals",2003,0.26563820148243
247,"ornamentals",2004,0.818001377506505
247,"ornamentals",2005,0.734206626030285
247,"ornamentals",2006,1
247,"ornamentals",2007,0.864075579760094
247,"ornamentals",2008,0.311712403736018
247,"ornamentals",2009,0.311712403736018
247,"ornamentals",2010,0
247,"ornamentals",2011,0
247,"ornamentals",2012,0
247,"ornamentals",2013,0
247,"ornamentals",2014,0
247,"ornamentals",2015,0
247,"ornamentals",2016,0
247,"ornamentals",2017,0
247,"ornamentals",2018,0
247,"ornamentals",2019,0
247,"ornamentals",2020,0
247,"ornamentals",2021,0
247,"ornamentals",2022,0
248,"ornamentals",1996,1
248,"ornamentals",1997,0.583485457011028
248,"ornamentals",1998,0.731872282602542
248,"ornamentals",1999,0.576732697622249
248,"ornamentals",2000,0.354561183292592
248,"ornamentals",2001,0.326732697622249
248,"ornamentals",2002,0.0973996998461992
248,"ornamentals",2003,0.0973996998461992
248,"ornamentals",2004,0.183030912615263
248,"ornamentals",2005,0.25260212679112
248,"ornamentals",2006,0.336087583802148
248,"ornamentals",2007,0.433487283648347
248,"ornamentals",2008,0.347856070879283
248,"ornamentals",2009,0.292199099538598
248,"ornamentals",2010,0.251191213543832
248,"ornamentals",2011,0.125963028027291
248,"ornamentals",2012,0.098134542356948
248,"ornamentals",2013,0.0703060566866053
248,"ornamentals",2014,0
248,"ornamentals",2015,0
248,"ornamentals",2016,0
248,"ornamentals",2017,0
248,"ornamentals",2018,0
248,"ornamentals",2019,0
248,"ornamentals",2020,0
248,"ornamentals",2021,0
248,"ornamentals",2022,0
249,"ornamentals",1996,1
249,"ornamentals",1997,0.583485457011028
249,"ornamentals",1998,0.731872282602542
249,"ornamentals",1999,0.576732697622249
249,"ornamentals",2000,0.354561183292592
249,"ornamentals",2001,0.326732697622249
249,"ornamentals",2002,0.0973996998461992
249,"ornamentals",2003,0.0973996998461992
249,"ornamentals",2004,0.183030912615263
249,"ornamentals",2005,0.25260212679112
249,"ornamentals",2006,0.336087583802148
249,"ornamentals",2007,0.433487283648347
249,"ornamentals",2008,0.347856070879283
249,"ornamentals",2009,0.292199099538598
249,"ornamentals",2010,0.251191213543832
249,"ornamentals",2011,0.125963028027291
249,"ornamentals",2012,0.098134542356948
249,"ornamentals",2013,0.0703060566866053
249,"ornamentals",2014,0
249,"ornamentals",2015,0
249,"ornamentals",2016,0
249,"ornamentals",2017,0
249,"ornamentals",2018,0
249,"ornamentals",2019,0
249,"ornamentals",2020,0
249,"ornamentals",2021,0
249,"ornamentals",2022,0
250,"ornamentals",1996,0.397587975205255
250,"ornamentals",1997,0.231986801414727
250,"ornamentals",1998,0.290983618948792
250,"ornamentals",1999,0.229301985482294
250,"ornamentals",2000,0.140969262951681
250,"ornamentals",2001,0.129904991680981
250,"ornamentals",2002,0.0387249494474499
250,"ornamentals",2003,0.0387249494474499
250,"ornamentals",2004,0.0783030255820224
250,"ornamentals",2005,0.105963703758772
250,"ornamentals",2006,0.139156517570872
250,"ornamentals",2007,0.177881467018322
250,"ornamentals",2008,0.191651188351161
250,"ornamentals",2009,0.169522645809761
250,"ornamentals",2010,0.153218403449655
250,"ornamentals",2011,0.103429182731505
250,"ornamentals",2012,0.0390171139933932
250,"ornamentals",2013,0.0279528427226933
250,"ornamentals",2014,0
250,"ornamentals",2015,0
250,"ornamentals",2016,0.435149902480929
250,"ornamentals",2017,0.957329785458044
250,"ornamentals",2018,0.965188007801526
250,"ornamentals",2019,1
250,"ornamentals",2020,0.564850097519071
250,"ornamentals",2021,0.0426702145419556
250,"ornamentals",2022,0.0348119921984743
