"rgn_id","year","usd_weight","product"
1,1990,0,"seaweeds"
2,1990,0,"seaweeds"
3,1990,0,"seaweeds"
4,1990,0,"seaweeds"
5,1990,0,"seaweeds"
6,1990,0,"seaweeds"
7,1990,0,"seaweeds"
8,1990,0,"seaweeds"
9,1990,0,"seaweeds"
10,1990,0,"seaweeds"
11,1990,0,"seaweeds"
12,1990,0,"seaweeds"
13,1990,0,"seaweeds"
14,1990,17450,"seaweeds"
15,1990,0,"seaweeds"
16,1990,679,"seaweeds"
17,1990,0,"seaweeds"
18,1990,0,"seaweeds"
19,1990,0,"seaweeds"
20,1990,21275,"seaweeds"
21,1990,0,"seaweeds"
24,1990,0,"seaweeds"
25,1990,1327,"seaweeds"
26,1990,0,"seaweeds"
28,1990,0,"seaweeds"
29,1990,0,"seaweeds"
30,1990,0,"seaweeds"
31,1990,0,"seaweeds"
32,1990,0,"seaweeds"
33,1990,0,"seaweeds"
34,1990,0,"seaweeds"
35,1990,0,"seaweeds"
36,1990,0,"seaweeds"
37,1990,0,"seaweeds"
38,1990,0,"seaweeds"
39,1990,0,"seaweeds"
40,1990,0,"seaweeds"
41,1990,0,"seaweeds"
42,1990,109,"seaweeds"
43,1990,0,"seaweeds"
44,1990,0,"seaweeds"
45,1990,0,"seaweeds"
46,1990,0,"seaweeds"
47,1990,0,"seaweeds"
48,1990,0,"seaweeds"
49,1990,0,"seaweeds"
50,1990,0,"seaweeds"
51,1990,0,"seaweeds"
52,1990,0,"seaweeds"
53,1990,0,"seaweeds"
54,1990,0,"seaweeds"
55,1990,0,"seaweeds"
56,1990,0,"seaweeds"
57,1990,0,"seaweeds"
58,1990,0,"seaweeds"
59,1990,155,"seaweeds"
60,1990,0,"seaweeds"
61,1990,0,"seaweeds"
62,1990,0,"seaweeds"
63,1990,0,"seaweeds"
64,1990,0,"seaweeds"
65,1990,0,"seaweeds"
66,1990,0,"seaweeds"
67,1990,0,"seaweeds"
68,1990,0,"seaweeds"
69,1990,0,"seaweeds"
70,1990,0,"seaweeds"
71,1990,0,"seaweeds"
72,1990,0,"seaweeds"
73,1990,0,"seaweeds"
74,1990,0,"seaweeds"
75,1990,0,"seaweeds"
76,1990,0,"seaweeds"
77,1990,0,"seaweeds"
78,1990,0,"seaweeds"
79,1990,1302,"seaweeds"
80,1990,4.5,"seaweeds"
81,1990,0,"seaweeds"
82,1990,0,"seaweeds"
84,1990,0,"seaweeds"
85,1990,0,"seaweeds"
86,1990,0,"seaweeds"
88,1990,0,"seaweeds"
89,1990,0,"seaweeds"
90,1990,0,"seaweeds"
91,1990,0,"seaweeds"
92,1990,0,"seaweeds"
93,1990,0,"seaweeds"
94,1990,0,"seaweeds"
95,1990,0,"seaweeds"
96,1990,0,"seaweeds"
97,1990,0,"seaweeds"
98,1990,0,"seaweeds"
99,1990,0,"seaweeds"
100,1990,0,"seaweeds"
101,1990,0,"seaweeds"
102,1990,0,"seaweeds"
103,1990,0,"seaweeds"
104,1990,0,"seaweeds"
105,1990,0,"seaweeds"
106,1990,0,"seaweeds"
107,1990,0,"seaweeds"
108,1990,0,"seaweeds"
110,1990,0,"seaweeds"
111,1990,0,"seaweeds"
112,1990,0,"seaweeds"
113,1990,0,"seaweeds"
114,1990,0,"seaweeds"
115,1990,0,"seaweeds"
116,1990,0,"seaweeds"
117,1990,0,"seaweeds"
118,1990,0,"seaweeds"
119,1990,0,"seaweeds"
120,1990,0,"seaweeds"
121,1990,0,"seaweeds"
122,1990,0,"seaweeds"
123,1990,0,"seaweeds"
124,1990,0,"seaweeds"
125,1990,0,"seaweeds"
126,1990,0,"seaweeds"
127,1990,0,"seaweeds"
129,1990,0,"seaweeds"
130,1990,51,"seaweeds"
131,1990,0,"seaweeds"
132,1990,0,"seaweeds"
133,1990,0,"seaweeds"
134,1990,0,"seaweeds"
135,1990,1634,"seaweeds"
136,1990,0,"seaweeds"
137,1990,0,"seaweeds"
138,1990,232,"seaweeds"
139,1990,0,"seaweeds"
140,1990,0,"seaweeds"
141,1990,0,"seaweeds"
143,1990,0,"seaweeds"
144,1990,0,"seaweeds"
145,1990,0,"seaweeds"
146,1990,0,"seaweeds"
147,1990,0,"seaweeds"
148,1990,0,"seaweeds"
149,1990,0,"seaweeds"
150,1990,0,"seaweeds"
151,1990,0,"seaweeds"
152,1990,0,"seaweeds"
153,1990,0,"seaweeds"
154,1990,0,"seaweeds"
155,1990,0,"seaweeds"
156,1990,0,"seaweeds"
157,1990,0,"seaweeds"
158,1990,0,"seaweeds"
159,1990,0,"seaweeds"
161,1990,0,"seaweeds"
162,1990,20,"seaweeds"
163,1990,9904,"seaweeds"
164,1990,0,"seaweeds"
166,1990,0,"seaweeds"
167,1990,0,"seaweeds"
168,1990,0,"seaweeds"
169,1990,0,"seaweeds"
171,1990,2,"seaweeds"
172,1990,0,"seaweeds"
173,1990,0,"seaweeds"
174,1990,0,"seaweeds"
175,1990,588,"seaweeds"
176,1990,171,"seaweeds"
177,1990,37,"seaweeds"
178,1990,0,"seaweeds"
179,1990,1952,"seaweeds"
180,1990,1665,"seaweeds"
181,1990,1397,"seaweeds"
182,1990,564,"seaweeds"
183,1990,433,"seaweeds"
184,1990,235,"seaweeds"
185,1990,0,"seaweeds"
186,1990,0,"seaweeds"
187,1990,0,"seaweeds"
188,1990,0,"seaweeds"
189,1990,0,"seaweeds"
190,1990,0,"seaweeds"
191,1990,0,"seaweeds"
192,1990,0,"seaweeds"
193,1990,0,"seaweeds"
194,1990,0,"seaweeds"
195,1990,0,"seaweeds"
196,1990,0,"seaweeds"
197,1990,0,"seaweeds"
198,1990,0,"seaweeds"
199,1990,0,"seaweeds"
200,1990,0,"seaweeds"
202,1990,0,"seaweeds"
203,1990,0,"seaweeds"
204,1990,0,"seaweeds"
205,1990,0,"seaweeds"
206,1990,160,"seaweeds"
207,1990,0,"seaweeds"
208,1990,0,"seaweeds"
209,1990,474,"seaweeds"
210,1990,42590,"seaweeds"
212,1990,565,"seaweeds"
213,1990,0,"seaweeds"
214,1990,0,"seaweeds"
215,1990,0,"seaweeds"
216,1990,7865,"seaweeds"
218,1990,6943,"seaweeds"
219,1990,0,"seaweeds"
220,1990,0,"seaweeds"
221,1990,0,"seaweeds"
222,1990,0,"seaweeds"
223,1990,2498,"seaweeds"
224,1990,18574,"seaweeds"
227,1990,0,"seaweeds"
228,1990,0,"seaweeds"
231,1990,0,"seaweeds"
232,1990,0,"seaweeds"
237,1990,0,"seaweeds"
244,1990,0,"seaweeds"
245,1990,0,"seaweeds"
247,1990,0,"seaweeds"
248,1990,0,"seaweeds"
249,1990,0,"seaweeds"
250,1990,0,"seaweeds"
1,1991,0,"seaweeds"
2,1991,0,"seaweeds"
3,1991,0,"seaweeds"
4,1991,0,"seaweeds"
5,1991,0,"seaweeds"
6,1991,0,"seaweeds"
7,1991,0,"seaweeds"
8,1991,0,"seaweeds"
9,1991,0,"seaweeds"
10,1991,0,"seaweeds"
11,1991,0,"seaweeds"
12,1991,0,"seaweeds"
13,1991,0,"seaweeds"
14,1991,18500,"seaweeds"
15,1991,21245,"seaweeds"
16,1991,1486,"seaweeds"
17,1991,0,"seaweeds"
18,1991,0,"seaweeds"
19,1991,0,"seaweeds"
20,1991,22310,"seaweeds"
21,1991,0,"seaweeds"
24,1991,0,"seaweeds"
25,1991,1249,"seaweeds"
26,1991,0,"seaweeds"
28,1991,0,"seaweeds"
29,1991,0,"seaweeds"
30,1991,0,"seaweeds"
31,1991,0,"seaweeds"
32,1991,0,"seaweeds"
33,1991,0,"seaweeds"
34,1991,0,"seaweeds"
35,1991,0,"seaweeds"
36,1991,0,"seaweeds"
37,1991,0,"seaweeds"
38,1991,0,"seaweeds"
39,1991,0,"seaweeds"
40,1991,0,"seaweeds"
41,1991,0,"seaweeds"
42,1991,197,"seaweeds"
43,1991,0,"seaweeds"
44,1991,0,"seaweeds"
45,1991,0,"seaweeds"
46,1991,0,"seaweeds"
47,1991,0,"seaweeds"
48,1991,0,"seaweeds"
49,1991,0,"seaweeds"
50,1991,0,"seaweeds"
51,1991,0,"seaweeds"
52,1991,0,"seaweeds"
53,1991,0,"seaweeds"
54,1991,0,"seaweeds"
55,1991,0,"seaweeds"
56,1991,0,"seaweeds"
57,1991,0,"seaweeds"
58,1991,0,"seaweeds"
59,1991,141,"seaweeds"
60,1991,0,"seaweeds"
61,1991,0,"seaweeds"
62,1991,0,"seaweeds"
63,1991,0,"seaweeds"
64,1991,0,"seaweeds"
65,1991,0,"seaweeds"
66,1991,0,"seaweeds"
67,1991,0,"seaweeds"
68,1991,0,"seaweeds"
69,1991,0,"seaweeds"
70,1991,0,"seaweeds"
71,1991,0,"seaweeds"
72,1991,0,"seaweeds"
73,1991,0,"seaweeds"
74,1991,0,"seaweeds"
75,1991,0,"seaweeds"
76,1991,0,"seaweeds"
77,1991,0,"seaweeds"
78,1991,0,"seaweeds"
79,1991,2510,"seaweeds"
80,1991,217,"seaweeds"
81,1991,0,"seaweeds"
82,1991,0,"seaweeds"
84,1991,0,"seaweeds"
85,1991,0,"seaweeds"
86,1991,0,"seaweeds"
88,1991,0,"seaweeds"
89,1991,0,"seaweeds"
90,1991,0,"seaweeds"
91,1991,0,"seaweeds"
92,1991,0,"seaweeds"
93,1991,0,"seaweeds"
94,1991,0,"seaweeds"
95,1991,0,"seaweeds"
96,1991,0,"seaweeds"
97,1991,0,"seaweeds"
98,1991,0,"seaweeds"
99,1991,0,"seaweeds"
100,1991,0,"seaweeds"
101,1991,0,"seaweeds"
102,1991,0,"seaweeds"
103,1991,0,"seaweeds"
104,1991,0,"seaweeds"
105,1991,0,"seaweeds"
106,1991,0,"seaweeds"
107,1991,0,"seaweeds"
108,1991,0,"seaweeds"
110,1991,0,"seaweeds"
111,1991,0,"seaweeds"
112,1991,0,"seaweeds"
113,1991,0,"seaweeds"
114,1991,0,"seaweeds"
115,1991,0,"seaweeds"
116,1991,0,"seaweeds"
117,1991,0,"seaweeds"
118,1991,0,"seaweeds"
119,1991,0,"seaweeds"
120,1991,0,"seaweeds"
121,1991,0,"seaweeds"
122,1991,0,"seaweeds"
123,1991,0,"seaweeds"
124,1991,0,"seaweeds"
125,1991,0,"seaweeds"
126,1991,0,"seaweeds"
127,1991,0,"seaweeds"
129,1991,0,"seaweeds"
130,1991,290,"seaweeds"
131,1991,0,"seaweeds"
132,1991,0,"seaweeds"
133,1991,0,"seaweeds"
134,1991,0,"seaweeds"
135,1991,1549,"seaweeds"
136,1991,0,"seaweeds"
137,1991,0,"seaweeds"
138,1991,242,"seaweeds"
139,1991,0,"seaweeds"
140,1991,0,"seaweeds"
141,1991,0,"seaweeds"
143,1991,0,"seaweeds"
144,1991,0,"seaweeds"
145,1991,0,"seaweeds"
146,1991,0,"seaweeds"
147,1991,0,"seaweeds"
148,1991,0,"seaweeds"
149,1991,0,"seaweeds"
150,1991,0,"seaweeds"
151,1991,0,"seaweeds"
152,1991,0,"seaweeds"
153,1991,0,"seaweeds"
154,1991,0,"seaweeds"
155,1991,0,"seaweeds"
156,1991,0,"seaweeds"
157,1991,0,"seaweeds"
158,1991,0,"seaweeds"
159,1991,0,"seaweeds"
161,1991,0,"seaweeds"
162,1991,49,"seaweeds"
163,1991,13073,"seaweeds"
164,1991,0,"seaweeds"
166,1991,26,"seaweeds"
167,1991,0,"seaweeds"
168,1991,0,"seaweeds"
169,1991,0,"seaweeds"
171,1991,266,"seaweeds"
172,1991,369,"seaweeds"
173,1991,0,"seaweeds"
174,1991,0,"seaweeds"
175,1991,296,"seaweeds"
176,1991,181,"seaweeds"
177,1991,66,"seaweeds"
178,1991,0,"seaweeds"
179,1991,3502,"seaweeds"
180,1991,839,"seaweeds"
181,1991,1451,"seaweeds"
182,1991,1202,"seaweeds"
183,1991,2996,"seaweeds"
184,1991,86,"seaweeds"
185,1991,0,"seaweeds"
186,1991,0,"seaweeds"
187,1991,0,"seaweeds"
188,1991,0,"seaweeds"
189,1991,0,"seaweeds"
190,1991,0,"seaweeds"
191,1991,0,"seaweeds"
192,1991,0,"seaweeds"
193,1991,0,"seaweeds"
194,1991,0,"seaweeds"
195,1991,0,"seaweeds"
196,1991,0,"seaweeds"
197,1991,0,"seaweeds"
198,1991,0,"seaweeds"
199,1991,0,"seaweeds"
200,1991,0,"seaweeds"
202,1991,0,"seaweeds"
203,1991,0,"seaweeds"
204,1991,0,"seaweeds"
205,1991,0,"seaweeds"
206,1991,220,"seaweeds"
207,1991,0,"seaweeds"
208,1991,0,"seaweeds"
209,1991,1485,"seaweeds"
210,1991,37162,"seaweeds"
212,1991,527,"seaweeds"
213,1991,0,"seaweeds"
214,1991,0,"seaweeds"
215,1991,0,"seaweeds"
216,1991,5676,"seaweeds"
218,1991,4419,"seaweeds"
219,1991,0,"seaweeds"
220,1991,0,"seaweeds"
221,1991,0,"seaweeds"
222,1991,0,"seaweeds"
223,1991,2325,"seaweeds"
224,1991,17586,"seaweeds"
227,1991,0,"seaweeds"
228,1991,0,"seaweeds"
231,1991,0,"seaweeds"
232,1991,0,"seaweeds"
237,1991,0,"seaweeds"
244,1991,0,"seaweeds"
245,1991,0,"seaweeds"
247,1991,0,"seaweeds"
248,1991,0,"seaweeds"
249,1991,0,"seaweeds"
250,1991,0,"seaweeds"
1,1992,0,"seaweeds"
2,1992,0,"seaweeds"
3,1992,0,"seaweeds"
4,1992,0,"seaweeds"
5,1992,0,"seaweeds"
6,1992,0,"seaweeds"
7,1992,0,"seaweeds"
8,1992,0,"seaweeds"
9,1992,0,"seaweeds"
10,1992,0,"seaweeds"
11,1992,0,"seaweeds"
12,1992,0,"seaweeds"
13,1992,0,"seaweeds"
14,1992,19450,"seaweeds"
15,1992,18550,"seaweeds"
16,1992,1290,"seaweeds"
17,1992,0,"seaweeds"
18,1992,0,"seaweeds"
19,1992,0,"seaweeds"
20,1992,22504,"seaweeds"
21,1992,0,"seaweeds"
24,1992,0,"seaweeds"
25,1992,1222,"seaweeds"
26,1992,0,"seaweeds"
28,1992,0,"seaweeds"
29,1992,0,"seaweeds"
30,1992,0,"seaweeds"
31,1992,0,"seaweeds"
32,1992,0,"seaweeds"
33,1992,0,"seaweeds"
34,1992,0,"seaweeds"
35,1992,0,"seaweeds"
36,1992,0,"seaweeds"
37,1992,0,"seaweeds"
38,1992,0,"seaweeds"
39,1992,0,"seaweeds"
40,1992,0,"seaweeds"
41,1992,0,"seaweeds"
42,1992,494,"seaweeds"
43,1992,0,"seaweeds"
44,1992,0,"seaweeds"
45,1992,0,"seaweeds"
46,1992,0,"seaweeds"
47,1992,0,"seaweeds"
48,1992,0,"seaweeds"
49,1992,0,"seaweeds"
50,1992,0,"seaweeds"
51,1992,0,"seaweeds"
52,1992,0,"seaweeds"
53,1992,0,"seaweeds"
54,1992,0,"seaweeds"
55,1992,0,"seaweeds"
56,1992,0,"seaweeds"
57,1992,0,"seaweeds"
58,1992,0,"seaweeds"
59,1992,180,"seaweeds"
60,1992,0,"seaweeds"
61,1992,0,"seaweeds"
62,1992,0,"seaweeds"
63,1992,0,"seaweeds"
64,1992,0,"seaweeds"
65,1992,0,"seaweeds"
66,1992,0,"seaweeds"
67,1992,0,"seaweeds"
68,1992,0,"seaweeds"
69,1992,0,"seaweeds"
70,1992,0,"seaweeds"
71,1992,0,"seaweeds"
72,1992,0,"seaweeds"
73,1992,0,"seaweeds"
74,1992,0,"seaweeds"
75,1992,0,"seaweeds"
76,1992,0,"seaweeds"
77,1992,0,"seaweeds"
78,1992,0,"seaweeds"
79,1992,1637,"seaweeds"
80,1992,105,"seaweeds"
81,1992,0,"seaweeds"
82,1992,0,"seaweeds"
84,1992,0,"seaweeds"
85,1992,0,"seaweeds"
86,1992,0,"seaweeds"
88,1992,0,"seaweeds"
89,1992,0,"seaweeds"
90,1992,0,"seaweeds"
91,1992,0,"seaweeds"
92,1992,0,"seaweeds"
93,1992,0,"seaweeds"
94,1992,0,"seaweeds"
95,1992,0,"seaweeds"
96,1992,0,"seaweeds"
97,1992,0,"seaweeds"
98,1992,0,"seaweeds"
99,1992,0,"seaweeds"
100,1992,0,"seaweeds"
101,1992,0,"seaweeds"
102,1992,0,"seaweeds"
103,1992,0,"seaweeds"
104,1992,0,"seaweeds"
105,1992,0,"seaweeds"
106,1992,0,"seaweeds"
107,1992,0,"seaweeds"
108,1992,0,"seaweeds"
110,1992,0,"seaweeds"
111,1992,0,"seaweeds"
112,1992,0,"seaweeds"
113,1992,0,"seaweeds"
114,1992,0,"seaweeds"
115,1992,0,"seaweeds"
116,1992,0,"seaweeds"
117,1992,0,"seaweeds"
118,1992,0,"seaweeds"
119,1992,0,"seaweeds"
120,1992,0,"seaweeds"
121,1992,0,"seaweeds"
122,1992,0,"seaweeds"
123,1992,0,"seaweeds"
124,1992,0,"seaweeds"
125,1992,0,"seaweeds"
126,1992,0,"seaweeds"
127,1992,0,"seaweeds"
129,1992,0,"seaweeds"
130,1992,0,"seaweeds"
131,1992,0,"seaweeds"
132,1992,0,"seaweeds"
133,1992,0,"seaweeds"
134,1992,0,"seaweeds"
135,1992,2644,"seaweeds"
136,1992,0,"seaweeds"
137,1992,0,"seaweeds"
138,1992,201,"seaweeds"
139,1992,0,"seaweeds"
140,1992,0,"seaweeds"
141,1992,0,"seaweeds"
143,1992,0,"seaweeds"
144,1992,0,"seaweeds"
145,1992,0,"seaweeds"
146,1992,0,"seaweeds"
147,1992,0,"seaweeds"
148,1992,0,"seaweeds"
149,1992,0,"seaweeds"
150,1992,0,"seaweeds"
151,1992,0,"seaweeds"
152,1992,0,"seaweeds"
153,1992,0,"seaweeds"
154,1992,0,"seaweeds"
155,1992,0,"seaweeds"
156,1992,0,"seaweeds"
157,1992,0,"seaweeds"
158,1992,0,"seaweeds"
159,1992,0,"seaweeds"
161,1992,0,"seaweeds"
162,1992,152,"seaweeds"
163,1992,11876,"seaweeds"
164,1992,0,"seaweeds"
166,1992,14,"seaweeds"
167,1992,0,"seaweeds"
168,1992,0,"seaweeds"
169,1992,0,"seaweeds"
171,1992,183,"seaweeds"
172,1992,96,"seaweeds"
173,1992,0,"seaweeds"
174,1992,0,"seaweeds"
175,1992,86,"seaweeds"
176,1992,140,"seaweeds"
177,1992,89,"seaweeds"
178,1992,0,"seaweeds"
179,1992,4051,"seaweeds"
180,1992,1297,"seaweeds"
181,1992,1366,"seaweeds"
182,1992,464,"seaweeds"
183,1992,2779,"seaweeds"
184,1992,54,"seaweeds"
185,1992,0,"seaweeds"
186,1992,0,"seaweeds"
187,1992,0,"seaweeds"
188,1992,0,"seaweeds"
189,1992,0,"seaweeds"
190,1992,0,"seaweeds"
191,1992,0,"seaweeds"
192,1992,0,"seaweeds"
193,1992,0,"seaweeds"
194,1992,0,"seaweeds"
195,1992,0,"seaweeds"
196,1992,0,"seaweeds"
197,1992,0,"seaweeds"
198,1992,0,"seaweeds"
199,1992,0,"seaweeds"
200,1992,0,"seaweeds"
202,1992,0,"seaweeds"
203,1992,0,"seaweeds"
204,1992,0,"seaweeds"
205,1992,0,"seaweeds"
206,1992,205,"seaweeds"
207,1992,0,"seaweeds"
208,1992,0,"seaweeds"
209,1992,2903,"seaweeds"
210,1992,52651,"seaweeds"
212,1992,482,"seaweeds"
213,1992,0,"seaweeds"
214,1992,0,"seaweeds"
215,1992,0,"seaweeds"
216,1992,5438,"seaweeds"
218,1992,3584,"seaweeds"
219,1992,0,"seaweeds"
220,1992,0,"seaweeds"
221,1992,0,"seaweeds"
222,1992,0,"seaweeds"
223,1992,2347,"seaweeds"
224,1992,13168,"seaweeds"
227,1992,0,"seaweeds"
228,1992,0,"seaweeds"
231,1992,0,"seaweeds"
232,1992,0,"seaweeds"
237,1992,0,"seaweeds"
244,1992,0,"seaweeds"
245,1992,0,"seaweeds"
247,1992,0,"seaweeds"
248,1992,0,"seaweeds"
249,1992,0,"seaweeds"
250,1992,0,"seaweeds"
1,1993,0,"seaweeds"
2,1993,0,"seaweeds"
3,1993,0,"seaweeds"
4,1993,0,"seaweeds"
5,1993,0,"seaweeds"
6,1993,0,"seaweeds"
7,1993,0,"seaweeds"
8,1993,0,"seaweeds"
9,1993,0,"seaweeds"
10,1993,0,"seaweeds"
11,1993,0,"seaweeds"
12,1993,0,"seaweeds"
13,1993,0,"seaweeds"
14,1993,20500,"seaweeds"
15,1993,18125,"seaweeds"
16,1993,1494,"seaweeds"
17,1993,0,"seaweeds"
18,1993,0,"seaweeds"
19,1993,0,"seaweeds"
20,1993,16549,"seaweeds"
21,1993,0,"seaweeds"
24,1993,0,"seaweeds"
25,1993,1240,"seaweeds"
26,1993,0,"seaweeds"
28,1993,0,"seaweeds"
29,1993,0,"seaweeds"
30,1993,0,"seaweeds"
31,1993,0,"seaweeds"
32,1993,0,"seaweeds"
33,1993,0,"seaweeds"
34,1993,0,"seaweeds"
35,1993,0,"seaweeds"
36,1993,0,"seaweeds"
37,1993,0,"seaweeds"
38,1993,0,"seaweeds"
39,1993,0,"seaweeds"
40,1993,0,"seaweeds"
41,1993,0,"seaweeds"
42,1993,461,"seaweeds"
43,1993,0,"seaweeds"
44,1993,0,"seaweeds"
45,1993,0,"seaweeds"
46,1993,0,"seaweeds"
47,1993,0,"seaweeds"
48,1993,0,"seaweeds"
49,1993,0,"seaweeds"
50,1993,0,"seaweeds"
51,1993,0,"seaweeds"
52,1993,0,"seaweeds"
53,1993,0,"seaweeds"
54,1993,0,"seaweeds"
55,1993,0,"seaweeds"
56,1993,0,"seaweeds"
57,1993,0,"seaweeds"
58,1993,0,"seaweeds"
59,1993,371,"seaweeds"
60,1993,0,"seaweeds"
61,1993,0,"seaweeds"
62,1993,111,"seaweeds"
63,1993,0,"seaweeds"
64,1993,0,"seaweeds"
65,1993,0,"seaweeds"
66,1993,0,"seaweeds"
67,1993,0,"seaweeds"
68,1993,0,"seaweeds"
69,1993,0,"seaweeds"
70,1993,0,"seaweeds"
71,1993,0,"seaweeds"
72,1993,0,"seaweeds"
73,1993,0,"seaweeds"
74,1993,0,"seaweeds"
75,1993,0,"seaweeds"
76,1993,0,"seaweeds"
77,1993,0,"seaweeds"
78,1993,0,"seaweeds"
79,1993,2850,"seaweeds"
80,1993,0,"seaweeds"
81,1993,0,"seaweeds"
82,1993,0,"seaweeds"
84,1993,0,"seaweeds"
85,1993,0,"seaweeds"
86,1993,0,"seaweeds"
88,1993,0,"seaweeds"
89,1993,0,"seaweeds"
90,1993,0,"seaweeds"
91,1993,0,"seaweeds"
92,1993,0,"seaweeds"
93,1993,0,"seaweeds"
94,1993,0,"seaweeds"
95,1993,0,"seaweeds"
96,1993,0,"seaweeds"
97,1993,0,"seaweeds"
98,1993,0,"seaweeds"
99,1993,0,"seaweeds"
100,1993,0,"seaweeds"
101,1993,0,"seaweeds"
102,1993,0,"seaweeds"
103,1993,0,"seaweeds"
104,1993,0,"seaweeds"
105,1993,0,"seaweeds"
106,1993,0,"seaweeds"
107,1993,0,"seaweeds"
108,1993,0,"seaweeds"
110,1993,0,"seaweeds"
111,1993,0,"seaweeds"
112,1993,0,"seaweeds"
113,1993,0,"seaweeds"
114,1993,0,"seaweeds"
115,1993,0,"seaweeds"
116,1993,0,"seaweeds"
117,1993,0,"seaweeds"
118,1993,0,"seaweeds"
119,1993,0,"seaweeds"
120,1993,0,"seaweeds"
121,1993,0,"seaweeds"
122,1993,0,"seaweeds"
123,1993,0,"seaweeds"
124,1993,0,"seaweeds"
125,1993,0,"seaweeds"
126,1993,0,"seaweeds"
127,1993,0,"seaweeds"
129,1993,0,"seaweeds"
130,1993,0,"seaweeds"
131,1993,0,"seaweeds"
132,1993,0,"seaweeds"
133,1993,0,"seaweeds"
134,1993,0,"seaweeds"
135,1993,3866,"seaweeds"
136,1993,0,"seaweeds"
137,1993,0,"seaweeds"
138,1993,340,"seaweeds"
139,1993,0,"seaweeds"
140,1993,0,"seaweeds"
141,1993,0,"seaweeds"
143,1993,0,"seaweeds"
144,1993,0,"seaweeds"
145,1993,0,"seaweeds"
146,1993,0,"seaweeds"
147,1993,0,"seaweeds"
148,1993,0,"seaweeds"
149,1993,0,"seaweeds"
150,1993,0,"seaweeds"
151,1993,0,"seaweeds"
152,1993,0,"seaweeds"
153,1993,0,"seaweeds"
154,1993,0,"seaweeds"
155,1993,0,"seaweeds"
156,1993,0,"seaweeds"
157,1993,0,"seaweeds"
158,1993,0,"seaweeds"
159,1993,0,"seaweeds"
161,1993,0,"seaweeds"
162,1993,52,"seaweeds"
163,1993,13582,"seaweeds"
164,1993,0,"seaweeds"
166,1993,44,"seaweeds"
167,1993,0,"seaweeds"
168,1993,0,"seaweeds"
169,1993,0,"seaweeds"
171,1993,118,"seaweeds"
172,1993,397,"seaweeds"
173,1993,0,"seaweeds"
174,1993,0,"seaweeds"
175,1993,677,"seaweeds"
176,1993,251,"seaweeds"
177,1993,368,"seaweeds"
178,1993,0,"seaweeds"
179,1993,3616,"seaweeds"
180,1993,790,"seaweeds"
181,1993,435,"seaweeds"
182,1993,772,"seaweeds"
183,1993,1118,"seaweeds"
184,1993,35,"seaweeds"
185,1993,0,"seaweeds"
186,1993,0,"seaweeds"
187,1993,0,"seaweeds"
188,1993,0,"seaweeds"
189,1993,0,"seaweeds"
190,1993,0,"seaweeds"
191,1993,0,"seaweeds"
192,1993,0,"seaweeds"
193,1993,0,"seaweeds"
194,1993,0,"seaweeds"
195,1993,0,"seaweeds"
196,1993,0,"seaweeds"
197,1993,0,"seaweeds"
198,1993,0,"seaweeds"
199,1993,0,"seaweeds"
200,1993,0,"seaweeds"
202,1993,0,"seaweeds"
203,1993,0,"seaweeds"
204,1993,0,"seaweeds"
205,1993,0,"seaweeds"
206,1993,210,"seaweeds"
207,1993,0,"seaweeds"
208,1993,0,"seaweeds"
209,1993,4197,"seaweeds"
210,1993,31305,"seaweeds"
212,1993,148,"seaweeds"
213,1993,0,"seaweeds"
214,1993,0,"seaweeds"
215,1993,0,"seaweeds"
216,1993,8480,"seaweeds"
218,1993,6329,"seaweeds"
219,1993,0,"seaweeds"
220,1993,0,"seaweeds"
221,1993,0,"seaweeds"
222,1993,0,"seaweeds"
223,1993,2353,"seaweeds"
224,1993,12682,"seaweeds"
227,1993,0,"seaweeds"
228,1993,0,"seaweeds"
231,1993,0,"seaweeds"
232,1993,0,"seaweeds"
237,1993,0,"seaweeds"
244,1993,0,"seaweeds"
245,1993,0,"seaweeds"
247,1993,0,"seaweeds"
248,1993,0,"seaweeds"
249,1993,0,"seaweeds"
250,1993,0,"seaweeds"
1,1994,0,"seaweeds"
2,1994,0,"seaweeds"
3,1994,0,"seaweeds"
4,1994,0,"seaweeds"
5,1994,0,"seaweeds"
6,1994,0,"seaweeds"
7,1994,0,"seaweeds"
8,1994,0,"seaweeds"
9,1994,0,"seaweeds"
10,1994,0,"seaweeds"
11,1994,0,"seaweeds"
12,1994,0,"seaweeds"
13,1994,0,"seaweeds"
14,1994,23528,"seaweeds"
15,1994,21983,"seaweeds"
16,1994,1631,"seaweeds"
17,1994,0,"seaweeds"
18,1994,0,"seaweeds"
19,1994,0,"seaweeds"
20,1994,19098,"seaweeds"
21,1994,0,"seaweeds"
24,1994,0,"seaweeds"
25,1994,1763,"seaweeds"
26,1994,0,"seaweeds"
28,1994,0,"seaweeds"
29,1994,0,"seaweeds"
30,1994,0,"seaweeds"
31,1994,0,"seaweeds"
32,1994,0,"seaweeds"
33,1994,0,"seaweeds"
34,1994,0,"seaweeds"
35,1994,0,"seaweeds"
36,1994,0,"seaweeds"
37,1994,0,"seaweeds"
38,1994,0,"seaweeds"
39,1994,0,"seaweeds"
40,1994,0,"seaweeds"
41,1994,0,"seaweeds"
42,1994,901,"seaweeds"
43,1994,0,"seaweeds"
44,1994,0,"seaweeds"
45,1994,0,"seaweeds"
46,1994,0,"seaweeds"
47,1994,0,"seaweeds"
48,1994,0,"seaweeds"
49,1994,0,"seaweeds"
50,1994,0,"seaweeds"
51,1994,0,"seaweeds"
52,1994,0,"seaweeds"
53,1994,0,"seaweeds"
54,1994,0,"seaweeds"
55,1994,0,"seaweeds"
56,1994,0,"seaweeds"
57,1994,0,"seaweeds"
58,1994,0,"seaweeds"
59,1994,1019,"seaweeds"
60,1994,0,"seaweeds"
61,1994,0,"seaweeds"
62,1994,16929,"seaweeds"
63,1994,0,"seaweeds"
64,1994,0,"seaweeds"
65,1994,0,"seaweeds"
66,1994,0,"seaweeds"
67,1994,0,"seaweeds"
68,1994,0,"seaweeds"
69,1994,18,"seaweeds"
70,1994,0,"seaweeds"
71,1994,0,"seaweeds"
72,1994,0,"seaweeds"
73,1994,0,"seaweeds"
74,1994,0,"seaweeds"
75,1994,0,"seaweeds"
76,1994,12,"seaweeds"
77,1994,0,"seaweeds"
78,1994,0,"seaweeds"
79,1994,0,"seaweeds"
80,1994,132,"seaweeds"
81,1994,0,"seaweeds"
82,1994,0,"seaweeds"
84,1994,0,"seaweeds"
85,1994,0,"seaweeds"
86,1994,0,"seaweeds"
88,1994,0,"seaweeds"
89,1994,0,"seaweeds"
90,1994,0,"seaweeds"
91,1994,0,"seaweeds"
92,1994,0,"seaweeds"
93,1994,0,"seaweeds"
94,1994,0,"seaweeds"
95,1994,0,"seaweeds"
96,1994,0,"seaweeds"
97,1994,0,"seaweeds"
98,1994,0,"seaweeds"
99,1994,0,"seaweeds"
100,1994,0,"seaweeds"
101,1994,0,"seaweeds"
102,1994,0,"seaweeds"
103,1994,0,"seaweeds"
104,1994,0,"seaweeds"
105,1994,0,"seaweeds"
106,1994,0,"seaweeds"
107,1994,0,"seaweeds"
108,1994,0,"seaweeds"
110,1994,0,"seaweeds"
111,1994,0,"seaweeds"
112,1994,0,"seaweeds"
113,1994,0,"seaweeds"
114,1994,0,"seaweeds"
115,1994,0,"seaweeds"
116,1994,0,"seaweeds"
117,1994,0,"seaweeds"
118,1994,0,"seaweeds"
119,1994,0,"seaweeds"
120,1994,0,"seaweeds"
121,1994,0,"seaweeds"
122,1994,0,"seaweeds"
123,1994,0,"seaweeds"
124,1994,0,"seaweeds"
125,1994,0,"seaweeds"
126,1994,0.1,"seaweeds"
127,1994,0,"seaweeds"
129,1994,0,"seaweeds"
130,1994,11,"seaweeds"
131,1994,0,"seaweeds"
132,1994,0,"seaweeds"
133,1994,0,"seaweeds"
134,1994,0,"seaweeds"
135,1994,1400,"seaweeds"
136,1994,0,"seaweeds"
137,1994,0,"seaweeds"
138,1994,340,"seaweeds"
139,1994,0,"seaweeds"
140,1994,0,"seaweeds"
141,1994,0,"seaweeds"
143,1994,2,"seaweeds"
144,1994,0,"seaweeds"
145,1994,0,"seaweeds"
146,1994,0,"seaweeds"
147,1994,0,"seaweeds"
148,1994,0,"seaweeds"
149,1994,0,"seaweeds"
150,1994,0,"seaweeds"
151,1994,0,"seaweeds"
152,1994,0,"seaweeds"
153,1994,0,"seaweeds"
154,1994,0,"seaweeds"
155,1994,0,"seaweeds"
156,1994,0,"seaweeds"
157,1994,0,"seaweeds"
158,1994,0,"seaweeds"
159,1994,0,"seaweeds"
161,1994,0,"seaweeds"
162,1994,659,"seaweeds"
163,1994,10837,"seaweeds"
164,1994,2,"seaweeds"
166,1994,0,"seaweeds"
167,1994,0,"seaweeds"
168,1994,0,"seaweeds"
169,1994,0,"seaweeds"
171,1994,537,"seaweeds"
172,1994,2316,"seaweeds"
173,1994,0,"seaweeds"
174,1994,701.999883443877,"seaweeds"
175,1994,283,"seaweeds"
176,1994,4558,"seaweeds"
177,1994,348,"seaweeds"
178,1994,0,"seaweeds"
179,1994,5832,"seaweeds"
180,1994,2155,"seaweeds"
181,1994,11938,"seaweeds"
182,1994,13576,"seaweeds"
183,1994,3258,"seaweeds"
184,1994,2214,"seaweeds"
185,1994,0,"seaweeds"
186,1994,0,"seaweeds"
187,1994,0,"seaweeds"
188,1994,3,"seaweeds"
189,1994,0,"seaweeds"
190,1994,0,"seaweeds"
191,1994,0,"seaweeds"
192,1994,0,"seaweeds"
193,1994,0,"seaweeds"
194,1994,0,"seaweeds"
195,1994,0,"seaweeds"
196,1994,0,"seaweeds"
197,1994,0,"seaweeds"
198,1994,0,"seaweeds"
199,1994,0,"seaweeds"
200,1994,0,"seaweeds"
202,1994,0,"seaweeds"
203,1994,181,"seaweeds"
204,1994,0,"seaweeds"
205,1994,0,"seaweeds"
206,1994,481,"seaweeds"
207,1994,0,"seaweeds"
208,1994,12818,"seaweeds"
209,1994,63228,"seaweeds"
210,1994,26990,"seaweeds"
212,1994,204,"seaweeds"
213,1994,0,"seaweeds"
214,1994,70,"seaweeds"
215,1994,0,"seaweeds"
216,1994,21216,"seaweeds"
218,1994,21576,"seaweeds"
219,1994,0,"seaweeds"
220,1994,0,"seaweeds"
221,1994,0,"seaweeds"
222,1994,453,"seaweeds"
223,1994,2846,"seaweeds"
224,1994,72887,"seaweeds"
227,1994,0,"seaweeds"
228,1994,0,"seaweeds"
231,1994,0,"seaweeds"
232,1994,0,"seaweeds"
237,1994,0,"seaweeds"
244,1994,0,"seaweeds"
245,1994,0,"seaweeds"
247,1994,0,"seaweeds"
248,1994,0,"seaweeds"
249,1994,0,"seaweeds"
250,1994,0,"seaweeds"
1,1995,0,"seaweeds"
2,1995,0,"seaweeds"
3,1995,0,"seaweeds"
4,1995,0,"seaweeds"
5,1995,0,"seaweeds"
6,1995,0,"seaweeds"
7,1995,0,"seaweeds"
8,1995,0,"seaweeds"
9,1995,0,"seaweeds"
10,1995,0,"seaweeds"
11,1995,0,"seaweeds"
12,1995,0,"seaweeds"
13,1995,0,"seaweeds"
14,1995,23693,"seaweeds"
15,1995,39106,"seaweeds"
16,1995,1907,"seaweeds"
17,1995,0,"seaweeds"
18,1995,0,"seaweeds"
19,1995,0,"seaweeds"
20,1995,24587,"seaweeds"
21,1995,0,"seaweeds"
24,1995,0,"seaweeds"
25,1995,2105,"seaweeds"
26,1995,0,"seaweeds"
28,1995,0,"seaweeds"
29,1995,0,"seaweeds"
30,1995,0,"seaweeds"
31,1995,0,"seaweeds"
32,1995,0,"seaweeds"
33,1995,0,"seaweeds"
34,1995,0,"seaweeds"
35,1995,0,"seaweeds"
36,1995,0,"seaweeds"
37,1995,0,"seaweeds"
38,1995,0,"seaweeds"
39,1995,0,"seaweeds"
40,1995,2.1,"seaweeds"
41,1995,0,"seaweeds"
42,1995,1083,"seaweeds"
43,1995,0,"seaweeds"
44,1995,0,"seaweeds"
45,1995,0,"seaweeds"
46,1995,0,"seaweeds"
47,1995,0,"seaweeds"
48,1995,0,"seaweeds"
49,1995,0,"seaweeds"
50,1995,0,"seaweeds"
51,1995,0,"seaweeds"
52,1995,0,"seaweeds"
53,1995,0,"seaweeds"
54,1995,0,"seaweeds"
55,1995,0,"seaweeds"
56,1995,0,"seaweeds"
57,1995,0,"seaweeds"
58,1995,0,"seaweeds"
59,1995,624,"seaweeds"
60,1995,0,"seaweeds"
61,1995,3,"seaweeds"
62,1995,19237,"seaweeds"
63,1995,0,"seaweeds"
64,1995,0,"seaweeds"
65,1995,0,"seaweeds"
66,1995,0,"seaweeds"
67,1995,0,"seaweeds"
68,1995,0,"seaweeds"
69,1995,8,"seaweeds"
70,1995,0,"seaweeds"
71,1995,0,"seaweeds"
72,1995,0,"seaweeds"
73,1995,0,"seaweeds"
74,1995,0,"seaweeds"
75,1995,0,"seaweeds"
76,1995,38,"seaweeds"
77,1995,0,"seaweeds"
78,1995,0,"seaweeds"
79,1995,0,"seaweeds"
80,1995,1,"seaweeds"
81,1995,0,"seaweeds"
82,1995,0,"seaweeds"
84,1995,0,"seaweeds"
85,1995,0,"seaweeds"
86,1995,0,"seaweeds"
88,1995,0,"seaweeds"
89,1995,0,"seaweeds"
90,1995,0,"seaweeds"
91,1995,0,"seaweeds"
92,1995,0,"seaweeds"
93,1995,0,"seaweeds"
94,1995,0,"seaweeds"
95,1995,0,"seaweeds"
96,1995,0,"seaweeds"
97,1995,0,"seaweeds"
98,1995,0,"seaweeds"
99,1995,0,"seaweeds"
100,1995,0,"seaweeds"
101,1995,0,"seaweeds"
102,1995,0,"seaweeds"
103,1995,0,"seaweeds"
104,1995,0,"seaweeds"
105,1995,0,"seaweeds"
106,1995,0,"seaweeds"
107,1995,0,"seaweeds"
108,1995,0,"seaweeds"
110,1995,0,"seaweeds"
111,1995,0,"seaweeds"
112,1995,0,"seaweeds"
113,1995,0,"seaweeds"
114,1995,0,"seaweeds"
115,1995,0,"seaweeds"
116,1995,0,"seaweeds"
117,1995,0,"seaweeds"
118,1995,0,"seaweeds"
119,1995,0,"seaweeds"
120,1995,0,"seaweeds"
121,1995,0,"seaweeds"
122,1995,0,"seaweeds"
123,1995,0,"seaweeds"
124,1995,0,"seaweeds"
125,1995,0,"seaweeds"
126,1995,1,"seaweeds"
127,1995,0,"seaweeds"
129,1995,0,"seaweeds"
130,1995,0,"seaweeds"
131,1995,0,"seaweeds"
132,1995,0,"seaweeds"
133,1995,0,"seaweeds"
134,1995,0,"seaweeds"
135,1995,2108,"seaweeds"
136,1995,0,"seaweeds"
137,1995,0,"seaweeds"
138,1995,0.1,"seaweeds"
139,1995,0,"seaweeds"
140,1995,0,"seaweeds"
141,1995,0,"seaweeds"
143,1995,0,"seaweeds"
144,1995,0,"seaweeds"
145,1995,0,"seaweeds"
146,1995,0,"seaweeds"
147,1995,0,"seaweeds"
148,1995,0,"seaweeds"
149,1995,0,"seaweeds"
150,1995,0,"seaweeds"
151,1995,0,"seaweeds"
152,1995,0,"seaweeds"
153,1995,0,"seaweeds"
154,1995,0,"seaweeds"
155,1995,0,"seaweeds"
156,1995,0,"seaweeds"
157,1995,0,"seaweeds"
158,1995,0,"seaweeds"
159,1995,0,"seaweeds"
161,1995,0,"seaweeds"
162,1995,577,"seaweeds"
163,1995,20619,"seaweeds"
164,1995,4,"seaweeds"
166,1995,0,"seaweeds"
167,1995,0,"seaweeds"
168,1995,0,"seaweeds"
169,1995,0,"seaweeds"
171,1995,258,"seaweeds"
172,1995,1609,"seaweeds"
173,1995,0,"seaweeds"
174,1995,5,"seaweeds"
175,1995,769,"seaweeds"
176,1995,4493,"seaweeds"
177,1995,1419,"seaweeds"
178,1995,36.1,"seaweeds"
179,1995,4333,"seaweeds"
180,1995,2291,"seaweeds"
181,1995,10794,"seaweeds"
182,1995,14530,"seaweeds"
183,1995,3959,"seaweeds"
184,1995,4993,"seaweeds"
185,1995,0,"seaweeds"
186,1995,0,"seaweeds"
187,1995,0,"seaweeds"
188,1995,0,"seaweeds"
189,1995,0,"seaweeds"
190,1995,0,"seaweeds"
191,1995,0,"seaweeds"
192,1995,0,"seaweeds"
193,1995,0,"seaweeds"
194,1995,0,"seaweeds"
195,1995,0,"seaweeds"
196,1995,0,"seaweeds"
197,1995,0,"seaweeds"
198,1995,0,"seaweeds"
199,1995,0,"seaweeds"
200,1995,0,"seaweeds"
202,1995,0,"seaweeds"
203,1995,271,"seaweeds"
204,1995,0,"seaweeds"
205,1995,0,"seaweeds"
206,1995,374,"seaweeds"
207,1995,0,"seaweeds"
208,1995,3504,"seaweeds"
209,1995,86869,"seaweeds"
210,1995,26960,"seaweeds"
212,1995,130,"seaweeds"
213,1995,0,"seaweeds"
214,1995,1,"seaweeds"
215,1995,0,"seaweeds"
216,1995,19204,"seaweeds"
218,1995,5438,"seaweeds"
219,1995,0,"seaweeds"
220,1995,0,"seaweeds"
221,1995,0,"seaweeds"
222,1995,23,"seaweeds"
223,1995,2963,"seaweeds"
224,1995,65397,"seaweeds"
227,1995,0,"seaweeds"
228,1995,0,"seaweeds"
231,1995,0,"seaweeds"
232,1995,0,"seaweeds"
237,1995,0,"seaweeds"
244,1995,0,"seaweeds"
245,1995,0,"seaweeds"
247,1995,0,"seaweeds"
248,1995,0,"seaweeds"
249,1995,0,"seaweeds"
250,1995,0,"seaweeds"
1,1996,0,"seaweeds"
2,1996,0,"seaweeds"
3,1996,0,"seaweeds"
4,1996,0,"seaweeds"
5,1996,0,"seaweeds"
6,1996,0,"seaweeds"
7,1996,0,"seaweeds"
8,1996,0,"seaweeds"
9,1996,0,"seaweeds"
10,1996,0,"seaweeds"
11,1996,0,"seaweeds"
12,1996,0,"seaweeds"
13,1996,0,"seaweeds"
14,1996,16243,"seaweeds"
15,1996,41994,"seaweeds"
16,1996,1851,"seaweeds"
17,1996,0,"seaweeds"
18,1996,0,"seaweeds"
19,1996,0,"seaweeds"
20,1996,19540,"seaweeds"
21,1996,0,"seaweeds"
24,1996,0,"seaweeds"
25,1996,1541,"seaweeds"
26,1996,0,"seaweeds"
28,1996,0,"seaweeds"
29,1996,0,"seaweeds"
30,1996,0,"seaweeds"
31,1996,0,"seaweeds"
32,1996,0,"seaweeds"
33,1996,0,"seaweeds"
34,1996,0,"seaweeds"
35,1996,0,"seaweeds"
36,1996,0,"seaweeds"
37,1996,0,"seaweeds"
38,1996,0,"seaweeds"
39,1996,0,"seaweeds"
40,1996,13,"seaweeds"
41,1996,0,"seaweeds"
42,1996,422,"seaweeds"
43,1996,0,"seaweeds"
44,1996,0,"seaweeds"
45,1996,0,"seaweeds"
46,1996,0,"seaweeds"
47,1996,0,"seaweeds"
48,1996,0,"seaweeds"
49,1996,0,"seaweeds"
50,1996,0,"seaweeds"
51,1996,0,"seaweeds"
52,1996,0,"seaweeds"
53,1996,0,"seaweeds"
54,1996,0,"seaweeds"
55,1996,0,"seaweeds"
56,1996,0,"seaweeds"
57,1996,0,"seaweeds"
58,1996,0,"seaweeds"
59,1996,532,"seaweeds"
60,1996,0,"seaweeds"
61,1996,0,"seaweeds"
62,1996,22246,"seaweeds"
63,1996,0,"seaweeds"
64,1996,0,"seaweeds"
65,1996,0,"seaweeds"
66,1996,0,"seaweeds"
67,1996,0,"seaweeds"
68,1996,0,"seaweeds"
69,1996,16,"seaweeds"
70,1996,0,"seaweeds"
71,1996,0,"seaweeds"
72,1996,7,"seaweeds"
73,1996,0,"seaweeds"
74,1996,0,"seaweeds"
75,1996,0,"seaweeds"
76,1996,26,"seaweeds"
77,1996,0,"seaweeds"
78,1996,0,"seaweeds"
79,1996,0,"seaweeds"
80,1996,0.1,"seaweeds"
81,1996,0,"seaweeds"
82,1996,0,"seaweeds"
84,1996,0,"seaweeds"
85,1996,0,"seaweeds"
86,1996,0,"seaweeds"
88,1996,0,"seaweeds"
89,1996,0,"seaweeds"
90,1996,0,"seaweeds"
91,1996,0,"seaweeds"
92,1996,0,"seaweeds"
93,1996,0,"seaweeds"
94,1996,0,"seaweeds"
95,1996,0,"seaweeds"
96,1996,0,"seaweeds"
97,1996,0,"seaweeds"
98,1996,0,"seaweeds"
99,1996,0,"seaweeds"
100,1996,0,"seaweeds"
101,1996,0,"seaweeds"
102,1996,0,"seaweeds"
103,1996,0,"seaweeds"
104,1996,0,"seaweeds"
105,1996,0,"seaweeds"
106,1996,0,"seaweeds"
107,1996,0,"seaweeds"
108,1996,0,"seaweeds"
110,1996,0,"seaweeds"
111,1996,0,"seaweeds"
112,1996,0,"seaweeds"
113,1996,0,"seaweeds"
114,1996,0,"seaweeds"
115,1996,0,"seaweeds"
116,1996,0,"seaweeds"
117,1996,0,"seaweeds"
118,1996,0,"seaweeds"
119,1996,0,"seaweeds"
120,1996,0,"seaweeds"
121,1996,0,"seaweeds"
122,1996,0,"seaweeds"
123,1996,0,"seaweeds"
124,1996,0,"seaweeds"
125,1996,0,"seaweeds"
126,1996,1,"seaweeds"
127,1996,0,"seaweeds"
129,1996,0,"seaweeds"
130,1996,0,"seaweeds"
131,1996,0,"seaweeds"
132,1996,0,"seaweeds"
133,1996,0,"seaweeds"
134,1996,0,"seaweeds"
135,1996,1200,"seaweeds"
136,1996,0,"seaweeds"
137,1996,0.1,"seaweeds"
138,1996,768,"seaweeds"
139,1996,0,"seaweeds"
140,1996,0,"seaweeds"
141,1996,0,"seaweeds"
143,1996,0,"seaweeds"
144,1996,0,"seaweeds"
145,1996,0,"seaweeds"
146,1996,0,"seaweeds"
147,1996,0,"seaweeds"
148,1996,0,"seaweeds"
149,1996,0,"seaweeds"
150,1996,0,"seaweeds"
151,1996,0,"seaweeds"
152,1996,0,"seaweeds"
153,1996,0,"seaweeds"
154,1996,0,"seaweeds"
155,1996,0,"seaweeds"
156,1996,0,"seaweeds"
157,1996,0,"seaweeds"
158,1996,0,"seaweeds"
159,1996,0,"seaweeds"
161,1996,0,"seaweeds"
162,1996,120,"seaweeds"
163,1996,19914,"seaweeds"
164,1996,0,"seaweeds"
166,1996,53,"seaweeds"
167,1996,0,"seaweeds"
168,1996,0,"seaweeds"
169,1996,0,"seaweeds"
171,1996,437,"seaweeds"
172,1996,621,"seaweeds"
173,1996,0,"seaweeds"
174,1996,119,"seaweeds"
175,1996,2152,"seaweeds"
176,1996,6269,"seaweeds"
177,1996,1460,"seaweeds"
178,1996,0,"seaweeds"
179,1996,7621,"seaweeds"
180,1996,913,"seaweeds"
181,1996,5726,"seaweeds"
182,1996,19903,"seaweeds"
183,1996,3487,"seaweeds"
184,1996,5025,"seaweeds"
185,1996,0,"seaweeds"
186,1996,0,"seaweeds"
187,1996,17,"seaweeds"
188,1996,1,"seaweeds"
189,1996,9,"seaweeds"
190,1996,0,"seaweeds"
191,1996,0,"seaweeds"
192,1996,0,"seaweeds"
193,1996,0,"seaweeds"
194,1996,0,"seaweeds"
195,1996,0,"seaweeds"
196,1996,0,"seaweeds"
197,1996,0,"seaweeds"
198,1996,0,"seaweeds"
199,1996,0,"seaweeds"
200,1996,0,"seaweeds"
202,1996,0,"seaweeds"
203,1996,47,"seaweeds"
204,1996,0,"seaweeds"
205,1996,0,"seaweeds"
206,1996,765,"seaweeds"
207,1996,0,"seaweeds"
208,1996,3890,"seaweeds"
209,1996,93627,"seaweeds"
210,1996,19937,"seaweeds"
212,1996,586,"seaweeds"
213,1996,0,"seaweeds"
214,1996,0,"seaweeds"
215,1996,0,"seaweeds"
216,1996,23936,"seaweeds"
218,1996,6895,"seaweeds"
219,1996,0,"seaweeds"
220,1996,0,"seaweeds"
221,1996,0,"seaweeds"
222,1996,246,"seaweeds"
223,1996,3197,"seaweeds"
224,1996,69793,"seaweeds"
227,1996,0,"seaweeds"
228,1996,0,"seaweeds"
231,1996,0,"seaweeds"
232,1996,0,"seaweeds"
237,1996,0,"seaweeds"
244,1996,0,"seaweeds"
245,1996,0,"seaweeds"
247,1996,0,"seaweeds"
248,1996,0,"seaweeds"
249,1996,0,"seaweeds"
250,1996,0,"seaweeds"
1,1997,0,"seaweeds"
2,1997,0,"seaweeds"
3,1997,0,"seaweeds"
4,1997,0,"seaweeds"
5,1997,0,"seaweeds"
6,1997,0,"seaweeds"
7,1997,0,"seaweeds"
8,1997,0,"seaweeds"
9,1997,0,"seaweeds"
10,1997,0,"seaweeds"
11,1997,0,"seaweeds"
12,1997,0,"seaweeds"
13,1997,0,"seaweeds"
14,1997,8913,"seaweeds"
15,1997,33393,"seaweeds"
16,1997,1839,"seaweeds"
17,1997,0,"seaweeds"
18,1997,0,"seaweeds"
19,1997,0,"seaweeds"
20,1997,17005,"seaweeds"
21,1997,645,"seaweeds"
24,1997,0,"seaweeds"
25,1997,1865,"seaweeds"
26,1997,0,"seaweeds"
28,1997,0,"seaweeds"
29,1997,0,"seaweeds"
30,1997,0,"seaweeds"
31,1997,0,"seaweeds"
32,1997,0,"seaweeds"
33,1997,0,"seaweeds"
34,1997,0,"seaweeds"
35,1997,0,"seaweeds"
36,1997,0,"seaweeds"
37,1997,0,"seaweeds"
38,1997,0,"seaweeds"
39,1997,0,"seaweeds"
40,1997,22,"seaweeds"
41,1997,0,"seaweeds"
42,1997,143,"seaweeds"
43,1997,0,"seaweeds"
44,1997,0,"seaweeds"
45,1997,0,"seaweeds"
46,1997,0,"seaweeds"
47,1997,0,"seaweeds"
48,1997,0,"seaweeds"
49,1997,0,"seaweeds"
50,1997,0,"seaweeds"
51,1997,0,"seaweeds"
52,1997,0,"seaweeds"
53,1997,0,"seaweeds"
54,1997,0,"seaweeds"
55,1997,0,"seaweeds"
56,1997,0,"seaweeds"
57,1997,0,"seaweeds"
58,1997,0,"seaweeds"
59,1997,521,"seaweeds"
60,1997,0,"seaweeds"
61,1997,0,"seaweeds"
62,1997,20693,"seaweeds"
63,1997,0,"seaweeds"
64,1997,0,"seaweeds"
65,1997,0,"seaweeds"
66,1997,0,"seaweeds"
67,1997,0,"seaweeds"
68,1997,0,"seaweeds"
69,1997,653.535529001965,"seaweeds"
70,1997,0,"seaweeds"
71,1997,86,"seaweeds"
72,1997,0,"seaweeds"
73,1997,0,"seaweeds"
74,1997,0,"seaweeds"
75,1997,0,"seaweeds"
76,1997,33,"seaweeds"
77,1997,0,"seaweeds"
78,1997,0,"seaweeds"
79,1997,5,"seaweeds"
80,1997,0,"seaweeds"
81,1997,0,"seaweeds"
82,1997,0,"seaweeds"
84,1997,0,"seaweeds"
85,1997,0,"seaweeds"
86,1997,0,"seaweeds"
88,1997,0,"seaweeds"
89,1997,0,"seaweeds"
90,1997,0,"seaweeds"
91,1997,0,"seaweeds"
92,1997,0,"seaweeds"
93,1997,0,"seaweeds"
94,1997,0,"seaweeds"
95,1997,0,"seaweeds"
96,1997,0,"seaweeds"
97,1997,0,"seaweeds"
98,1997,0,"seaweeds"
99,1997,0,"seaweeds"
100,1997,0,"seaweeds"
101,1997,1112,"seaweeds"
102,1997,0,"seaweeds"
103,1997,0,"seaweeds"
104,1997,0,"seaweeds"
105,1997,0,"seaweeds"
106,1997,0,"seaweeds"
107,1997,0,"seaweeds"
108,1997,0,"seaweeds"
110,1997,0,"seaweeds"
111,1997,0,"seaweeds"
112,1997,0,"seaweeds"
113,1997,0,"seaweeds"
114,1997,0,"seaweeds"
115,1997,0,"seaweeds"
116,1997,0,"seaweeds"
117,1997,0,"seaweeds"
118,1997,0,"seaweeds"
119,1997,0,"seaweeds"
120,1997,0,"seaweeds"
121,1997,0,"seaweeds"
122,1997,1,"seaweeds"
123,1997,0,"seaweeds"
124,1997,0,"seaweeds"
125,1997,0,"seaweeds"
126,1997,22,"seaweeds"
127,1997,0,"seaweeds"
129,1997,0,"seaweeds"
130,1997,0,"seaweeds"
131,1997,0,"seaweeds"
132,1997,0,"seaweeds"
133,1997,0,"seaweeds"
134,1997,0,"seaweeds"
135,1997,2663,"seaweeds"
136,1997,0,"seaweeds"
137,1997,1,"seaweeds"
138,1997,1206,"seaweeds"
139,1997,0,"seaweeds"
140,1997,0,"seaweeds"
141,1997,0,"seaweeds"
143,1997,1,"seaweeds"
144,1997,0,"seaweeds"
145,1997,0,"seaweeds"
146,1997,0,"seaweeds"
147,1997,0,"seaweeds"
148,1997,0,"seaweeds"
149,1997,0,"seaweeds"
150,1997,0,"seaweeds"
151,1997,0,"seaweeds"
152,1997,0,"seaweeds"
153,1997,0,"seaweeds"
154,1997,0,"seaweeds"
155,1997,102,"seaweeds"
156,1997,0,"seaweeds"
157,1997,0,"seaweeds"
158,1997,0,"seaweeds"
159,1997,0,"seaweeds"
161,1997,0,"seaweeds"
162,1997,189,"seaweeds"
163,1997,16784,"seaweeds"
164,1997,2,"seaweeds"
166,1997,31,"seaweeds"
167,1997,0,"seaweeds"
168,1997,0,"seaweeds"
169,1997,0,"seaweeds"
171,1997,258,"seaweeds"
172,1997,113,"seaweeds"
173,1997,0,"seaweeds"
174,1997,191,"seaweeds"
175,1997,2859,"seaweeds"
176,1997,6363,"seaweeds"
177,1997,1614,"seaweeds"
178,1997,0,"seaweeds"
179,1997,6342,"seaweeds"
180,1997,1645,"seaweeds"
181,1997,1457,"seaweeds"
182,1997,16586,"seaweeds"
183,1997,3323,"seaweeds"
184,1997,4699,"seaweeds"
185,1997,0,"seaweeds"
186,1997,0,"seaweeds"
187,1997,12,"seaweeds"
188,1997,0,"seaweeds"
189,1997,2,"seaweeds"
190,1997,0,"seaweeds"
191,1997,0,"seaweeds"
192,1997,0,"seaweeds"
193,1997,0,"seaweeds"
194,1997,0,"seaweeds"
195,1997,0,"seaweeds"
196,1997,0,"seaweeds"
197,1997,0,"seaweeds"
198,1997,0,"seaweeds"
199,1997,0,"seaweeds"
200,1997,0,"seaweeds"
202,1997,0,"seaweeds"
203,1997,186,"seaweeds"
204,1997,0,"seaweeds"
205,1997,0,"seaweeds"
206,1997,597,"seaweeds"
207,1997,0,"seaweeds"
208,1997,2394,"seaweeds"
209,1997,100745,"seaweeds"
210,1997,18896,"seaweeds"
212,1997,278,"seaweeds"
213,1997,0,"seaweeds"
214,1997,80,"seaweeds"
215,1997,0,"seaweeds"
216,1997,13848,"seaweeds"
218,1997,3155,"seaweeds"
219,1997,0,"seaweeds"
220,1997,0,"seaweeds"
221,1997,0,"seaweeds"
222,1997,197,"seaweeds"
223,1997,3176,"seaweeds"
224,1997,69345,"seaweeds"
227,1997,0,"seaweeds"
228,1997,0,"seaweeds"
231,1997,0,"seaweeds"
232,1997,0,"seaweeds"
237,1997,0,"seaweeds"
244,1997,0,"seaweeds"
245,1997,0,"seaweeds"
247,1997,0,"seaweeds"
248,1997,0,"seaweeds"
249,1997,0,"seaweeds"
250,1997,0,"seaweeds"
1,1998,0,"seaweeds"
2,1998,0,"seaweeds"
3,1998,0,"seaweeds"
4,1998,0,"seaweeds"
5,1998,0,"seaweeds"
6,1998,0,"seaweeds"
7,1998,0,"seaweeds"
8,1998,0,"seaweeds"
9,1998,0,"seaweeds"
10,1998,0,"seaweeds"
11,1998,0,"seaweeds"
12,1998,0,"seaweeds"
13,1998,0,"seaweeds"
14,1998,10239,"seaweeds"
15,1998,31196,"seaweeds"
16,1998,1480,"seaweeds"
17,1998,0,"seaweeds"
18,1998,0,"seaweeds"
19,1998,0,"seaweeds"
20,1998,14961,"seaweeds"
21,1998,400,"seaweeds"
24,1998,0,"seaweeds"
25,1998,1279,"seaweeds"
26,1998,0,"seaweeds"
28,1998,0,"seaweeds"
29,1998,0,"seaweeds"
30,1998,0,"seaweeds"
31,1998,0,"seaweeds"
32,1998,0,"seaweeds"
33,1998,0,"seaweeds"
34,1998,0,"seaweeds"
35,1998,0,"seaweeds"
36,1998,0,"seaweeds"
37,1998,0.1,"seaweeds"
38,1998,0,"seaweeds"
39,1998,0,"seaweeds"
40,1998,9,"seaweeds"
41,1998,0,"seaweeds"
42,1998,159,"seaweeds"
43,1998,0,"seaweeds"
44,1998,0,"seaweeds"
45,1998,0,"seaweeds"
46,1998,0,"seaweeds"
47,1998,0,"seaweeds"
48,1998,0,"seaweeds"
49,1998,0,"seaweeds"
50,1998,34,"seaweeds"
51,1998,0,"seaweeds"
52,1998,0,"seaweeds"
53,1998,0,"seaweeds"
54,1998,0,"seaweeds"
55,1998,0,"seaweeds"
56,1998,0,"seaweeds"
57,1998,0,"seaweeds"
58,1998,0,"seaweeds"
59,1998,703,"seaweeds"
60,1998,0,"seaweeds"
61,1998,0,"seaweeds"
62,1998,20826,"seaweeds"
63,1998,0,"seaweeds"
64,1998,0,"seaweeds"
65,1998,0,"seaweeds"
66,1998,343,"seaweeds"
67,1998,0,"seaweeds"
68,1998,0,"seaweeds"
69,1998,7,"seaweeds"
70,1998,637,"seaweeds"
71,1998,0,"seaweeds"
72,1998,0,"seaweeds"
73,1998,57,"seaweeds"
74,1998,0,"seaweeds"
75,1998,0,"seaweeds"
76,1998,72,"seaweeds"
77,1998,0,"seaweeds"
78,1998,0,"seaweeds"
79,1998,3,"seaweeds"
80,1998,0,"seaweeds"
81,1998,0,"seaweeds"
82,1998,0,"seaweeds"
84,1998,0,"seaweeds"
85,1998,0,"seaweeds"
86,1998,0,"seaweeds"
88,1998,0,"seaweeds"
89,1998,0,"seaweeds"
90,1998,0,"seaweeds"
91,1998,0,"seaweeds"
92,1998,0,"seaweeds"
93,1998,0,"seaweeds"
94,1998,0,"seaweeds"
95,1998,0,"seaweeds"
96,1998,0,"seaweeds"
97,1998,0,"seaweeds"
98,1998,0,"seaweeds"
99,1998,0,"seaweeds"
100,1998,0,"seaweeds"
101,1998,3546,"seaweeds"
102,1998,2160,"seaweeds"
103,1998,0,"seaweeds"
104,1998,0,"seaweeds"
105,1998,0,"seaweeds"
106,1998,0,"seaweeds"
107,1998,0,"seaweeds"
108,1998,0,"seaweeds"
110,1998,0,"seaweeds"
111,1998,0,"seaweeds"
112,1998,0,"seaweeds"
113,1998,0,"seaweeds"
114,1998,0,"seaweeds"
115,1998,0,"seaweeds"
116,1998,0,"seaweeds"
117,1998,0,"seaweeds"
118,1998,0,"seaweeds"
119,1998,0,"seaweeds"
120,1998,0,"seaweeds"
121,1998,0,"seaweeds"
122,1998,1,"seaweeds"
123,1998,0,"seaweeds"
124,1998,0,"seaweeds"
125,1998,0,"seaweeds"
126,1998,3,"seaweeds"
127,1998,0,"seaweeds"
129,1998,0,"seaweeds"
130,1998,12,"seaweeds"
131,1998,0,"seaweeds"
132,1998,2,"seaweeds"
133,1998,0,"seaweeds"
134,1998,0,"seaweeds"
135,1998,1626,"seaweeds"
136,1998,0,"seaweeds"
137,1998,0,"seaweeds"
138,1998,1376,"seaweeds"
139,1998,0,"seaweeds"
140,1998,0,"seaweeds"
141,1998,0,"seaweeds"
143,1998,1,"seaweeds"
144,1998,0,"seaweeds"
145,1998,0,"seaweeds"
146,1998,0,"seaweeds"
147,1998,0,"seaweeds"
148,1998,0,"seaweeds"
149,1998,0,"seaweeds"
150,1998,0,"seaweeds"
151,1998,0,"seaweeds"
152,1998,0,"seaweeds"
153,1998,0,"seaweeds"
154,1998,0,"seaweeds"
155,1998,0,"seaweeds"
156,1998,0,"seaweeds"
157,1998,0,"seaweeds"
158,1998,0,"seaweeds"
159,1998,0,"seaweeds"
161,1998,0,"seaweeds"
162,1998,237,"seaweeds"
163,1998,10589,"seaweeds"
164,1998,2,"seaweeds"
166,1998,0,"seaweeds"
167,1998,0,"seaweeds"
168,1998,0,"seaweeds"
169,1998,0,"seaweeds"
171,1998,176,"seaweeds"
172,1998,182,"seaweeds"
173,1998,0,"seaweeds"
174,1998,31,"seaweeds"
175,1998,1307,"seaweeds"
176,1998,5961,"seaweeds"
177,1998,2505,"seaweeds"
178,1998,0,"seaweeds"
179,1998,9673,"seaweeds"
180,1998,1958,"seaweeds"
181,1998,1256,"seaweeds"
182,1998,18442,"seaweeds"
183,1998,3283,"seaweeds"
184,1998,3558,"seaweeds"
185,1998,0,"seaweeds"
186,1998,0,"seaweeds"
187,1998,0,"seaweeds"
188,1998,7,"seaweeds"
189,1998,8,"seaweeds"
190,1998,0,"seaweeds"
191,1998,0,"seaweeds"
192,1998,0,"seaweeds"
193,1998,0,"seaweeds"
194,1998,0,"seaweeds"
195,1998,0,"seaweeds"
196,1998,0,"seaweeds"
197,1998,0,"seaweeds"
198,1998,0,"seaweeds"
199,1998,0,"seaweeds"
200,1998,0,"seaweeds"
202,1998,1013,"seaweeds"
203,1998,93,"seaweeds"
204,1998,0,"seaweeds"
205,1998,0,"seaweeds"
206,1998,508,"seaweeds"
207,1998,73,"seaweeds"
208,1998,2243,"seaweeds"
209,1998,38914,"seaweeds"
210,1998,13967,"seaweeds"
212,1998,0,"seaweeds"
213,1998,0,"seaweeds"
214,1998,90,"seaweeds"
215,1998,0,"seaweeds"
216,1998,9816,"seaweeds"
218,1998,5022,"seaweeds"
219,1998,0,"seaweeds"
220,1998,0,"seaweeds"
221,1998,0,"seaweeds"
222,1998,500,"seaweeds"
223,1998,2849,"seaweeds"
224,1998,52186,"seaweeds"
227,1998,0,"seaweeds"
228,1998,0,"seaweeds"
231,1998,0,"seaweeds"
232,1998,0,"seaweeds"
237,1998,0,"seaweeds"
244,1998,0,"seaweeds"
245,1998,0,"seaweeds"
247,1998,0,"seaweeds"
248,1998,0,"seaweeds"
249,1998,0,"seaweeds"
250,1998,0,"seaweeds"
1,1999,0,"seaweeds"
2,1999,0,"seaweeds"
3,1999,0,"seaweeds"
4,1999,0,"seaweeds"
5,1999,0,"seaweeds"
6,1999,0,"seaweeds"
7,1999,0,"seaweeds"
8,1999,0,"seaweeds"
9,1999,0,"seaweeds"
10,1999,0,"seaweeds"
11,1999,0,"seaweeds"
12,1999,0,"seaweeds"
13,1999,0,"seaweeds"
14,1999,8027,"seaweeds"
15,1999,44044,"seaweeds"
16,1999,1436,"seaweeds"
17,1999,0,"seaweeds"
18,1999,0,"seaweeds"
19,1999,0,"seaweeds"
20,1999,18806,"seaweeds"
21,1999,775,"seaweeds"
24,1999,0,"seaweeds"
25,1999,1223,"seaweeds"
26,1999,0,"seaweeds"
28,1999,0,"seaweeds"
29,1999,0,"seaweeds"
30,1999,0,"seaweeds"
31,1999,0,"seaweeds"
32,1999,0,"seaweeds"
33,1999,0,"seaweeds"
34,1999,0,"seaweeds"
35,1999,0,"seaweeds"
36,1999,0,"seaweeds"
37,1999,1,"seaweeds"
38,1999,0,"seaweeds"
39,1999,0,"seaweeds"
40,1999,12.1,"seaweeds"
41,1999,0,"seaweeds"
42,1999,32,"seaweeds"
43,1999,0,"seaweeds"
44,1999,0,"seaweeds"
45,1999,0,"seaweeds"
46,1999,0,"seaweeds"
47,1999,0,"seaweeds"
48,1999,0,"seaweeds"
49,1999,0,"seaweeds"
50,1999,0,"seaweeds"
51,1999,0,"seaweeds"
52,1999,0,"seaweeds"
53,1999,0,"seaweeds"
54,1999,0,"seaweeds"
55,1999,0,"seaweeds"
56,1999,0,"seaweeds"
57,1999,0,"seaweeds"
58,1999,0,"seaweeds"
59,1999,1158,"seaweeds"
60,1999,0,"seaweeds"
61,1999,0,"seaweeds"
62,1999,23689,"seaweeds"
63,1999,0,"seaweeds"
64,1999,0,"seaweeds"
65,1999,0,"seaweeds"
66,1999,0,"seaweeds"
67,1999,0,"seaweeds"
68,1999,0,"seaweeds"
69,1999,12,"seaweeds"
70,1999,579,"seaweeds"
71,1999,30,"seaweeds"
72,1999,5,"seaweeds"
73,1999,15,"seaweeds"
74,1999,0,"seaweeds"
75,1999,0,"seaweeds"
76,1999,86,"seaweeds"
77,1999,0,"seaweeds"
78,1999,0,"seaweeds"
79,1999,1436,"seaweeds"
80,1999,6,"seaweeds"
81,1999,0,"seaweeds"
82,1999,0,"seaweeds"
84,1999,0,"seaweeds"
85,1999,0,"seaweeds"
86,1999,0,"seaweeds"
88,1999,0,"seaweeds"
89,1999,0,"seaweeds"
90,1999,0,"seaweeds"
91,1999,0,"seaweeds"
92,1999,0,"seaweeds"
93,1999,0,"seaweeds"
94,1999,0,"seaweeds"
95,1999,0,"seaweeds"
96,1999,0,"seaweeds"
97,1999,0,"seaweeds"
98,1999,0,"seaweeds"
99,1999,0,"seaweeds"
100,1999,0,"seaweeds"
101,1999,917,"seaweeds"
102,1999,1270,"seaweeds"
103,1999,0,"seaweeds"
104,1999,0,"seaweeds"
105,1999,0,"seaweeds"
106,1999,0,"seaweeds"
107,1999,0,"seaweeds"
108,1999,0,"seaweeds"
110,1999,0,"seaweeds"
111,1999,0,"seaweeds"
112,1999,77,"seaweeds"
113,1999,0,"seaweeds"
114,1999,0,"seaweeds"
115,1999,0,"seaweeds"
116,1999,0,"seaweeds"
117,1999,0,"seaweeds"
118,1999,0,"seaweeds"
119,1999,0,"seaweeds"
120,1999,0,"seaweeds"
121,1999,0,"seaweeds"
122,1999,0,"seaweeds"
123,1999,0,"seaweeds"
124,1999,0,"seaweeds"
125,1999,0,"seaweeds"
126,1999,11,"seaweeds"
127,1999,0,"seaweeds"
129,1999,0,"seaweeds"
130,1999,18,"seaweeds"
131,1999,0,"seaweeds"
132,1999,2,"seaweeds"
133,1999,0,"seaweeds"
134,1999,0,"seaweeds"
135,1999,2713,"seaweeds"
136,1999,0,"seaweeds"
137,1999,107,"seaweeds"
138,1999,1119,"seaweeds"
139,1999,0,"seaweeds"
140,1999,0,"seaweeds"
141,1999,0,"seaweeds"
143,1999,1,"seaweeds"
144,1999,0,"seaweeds"
145,1999,0,"seaweeds"
146,1999,0,"seaweeds"
147,1999,0,"seaweeds"
148,1999,0,"seaweeds"
149,1999,0,"seaweeds"
150,1999,0,"seaweeds"
151,1999,0,"seaweeds"
152,1999,0,"seaweeds"
153,1999,0,"seaweeds"
154,1999,0,"seaweeds"
155,1999,161,"seaweeds"
156,1999,0,"seaweeds"
157,1999,0,"seaweeds"
158,1999,0,"seaweeds"
159,1999,0,"seaweeds"
161,1999,0,"seaweeds"
162,1999,186,"seaweeds"
163,1999,10311,"seaweeds"
164,1999,0,"seaweeds"
166,1999,0,"seaweeds"
167,1999,0,"seaweeds"
168,1999,0,"seaweeds"
169,1999,0,"seaweeds"
171,1999,393,"seaweeds"
172,1999,88,"seaweeds"
173,1999,0,"seaweeds"
174,1999,26,"seaweeds"
175,1999,1166,"seaweeds"
176,1999,5944,"seaweeds"
177,1999,2959,"seaweeds"
178,1999,0,"seaweeds"
179,1999,8129,"seaweeds"
180,1999,2185,"seaweeds"
181,1999,1588,"seaweeds"
182,1999,11187,"seaweeds"
183,1999,4931,"seaweeds"
184,1999,3605,"seaweeds"
185,1999,0,"seaweeds"
186,1999,0,"seaweeds"
187,1999,19,"seaweeds"
188,1999,4,"seaweeds"
189,1999,34,"seaweeds"
190,1999,0,"seaweeds"
191,1999,0,"seaweeds"
192,1999,0,"seaweeds"
193,1999,0,"seaweeds"
194,1999,0,"seaweeds"
195,1999,0,"seaweeds"
196,1999,0,"seaweeds"
197,1999,0,"seaweeds"
198,1999,0,"seaweeds"
199,1999,0,"seaweeds"
200,1999,0,"seaweeds"
202,1999,2005,"seaweeds"
203,1999,89,"seaweeds"
204,1999,0,"seaweeds"
205,1999,0,"seaweeds"
206,1999,1335,"seaweeds"
207,1999,5,"seaweeds"
208,1999,4255,"seaweeds"
209,1999,41124,"seaweeds"
210,1999,17942,"seaweeds"
212,1999,0,"seaweeds"
213,1999,0,"seaweeds"
214,1999,72,"seaweeds"
215,1999,0,"seaweeds"
216,1999,22005,"seaweeds"
218,1999,6150,"seaweeds"
219,1999,0,"seaweeds"
220,1999,0,"seaweeds"
221,1999,0,"seaweeds"
222,1999,722,"seaweeds"
223,1999,3272,"seaweeds"
224,1999,60775,"seaweeds"
227,1999,0,"seaweeds"
228,1999,0,"seaweeds"
231,1999,0,"seaweeds"
232,1999,0,"seaweeds"
237,1999,0,"seaweeds"
244,1999,0,"seaweeds"
245,1999,0,"seaweeds"
247,1999,0,"seaweeds"
248,1999,0,"seaweeds"
249,1999,0,"seaweeds"
250,1999,0,"seaweeds"
1,2000,0,"seaweeds"
2,2000,0,"seaweeds"
3,2000,0,"seaweeds"
4,2000,0,"seaweeds"
5,2000,0,"seaweeds"
6,2000,0,"seaweeds"
7,2000,0,"seaweeds"
8,2000,0,"seaweeds"
9,2000,0,"seaweeds"
10,2000,0,"seaweeds"
11,2000,0,"seaweeds"
12,2000,0,"seaweeds"
13,2000,0,"seaweeds"
14,2000,4938,"seaweeds"
15,2000,46516,"seaweeds"
16,2000,1086,"seaweeds"
17,2000,0,"seaweeds"
18,2000,191,"seaweeds"
19,2000,0,"seaweeds"
20,2000,18413,"seaweeds"
21,2000,478,"seaweeds"
24,2000,24,"seaweeds"
25,2000,1148,"seaweeds"
26,2000,0,"seaweeds"
28,2000,0,"seaweeds"
29,2000,0,"seaweeds"
30,2000,0,"seaweeds"
31,2000,0,"seaweeds"
32,2000,0,"seaweeds"
33,2000,0,"seaweeds"
34,2000,0,"seaweeds"
35,2000,0,"seaweeds"
36,2000,0,"seaweeds"
37,2000,0,"seaweeds"
38,2000,0,"seaweeds"
39,2000,0,"seaweeds"
40,2000,0.1,"seaweeds"
41,2000,0,"seaweeds"
42,2000,99,"seaweeds"
43,2000,0,"seaweeds"
44,2000,0,"seaweeds"
45,2000,0,"seaweeds"
46,2000,0,"seaweeds"
47,2000,0,"seaweeds"
48,2000,0,"seaweeds"
49,2000,0,"seaweeds"
50,2000,0,"seaweeds"
51,2000,0,"seaweeds"
52,2000,0,"seaweeds"
53,2000,0,"seaweeds"
54,2000,0,"seaweeds"
55,2000,0,"seaweeds"
56,2000,0,"seaweeds"
57,2000,0,"seaweeds"
58,2000,0,"seaweeds"
59,2000,995,"seaweeds"
60,2000,0,"seaweeds"
61,2000,88,"seaweeds"
62,2000,25348,"seaweeds"
63,2000,0,"seaweeds"
64,2000,0,"seaweeds"
65,2000,0,"seaweeds"
66,2000,13,"seaweeds"
67,2000,0,"seaweeds"
68,2000,0,"seaweeds"
69,2000,21,"seaweeds"
70,2000,706,"seaweeds"
71,2000,0,"seaweeds"
72,2000,10,"seaweeds"
73,2000,730,"seaweeds"
74,2000,0,"seaweeds"
75,2000,0,"seaweeds"
76,2000,100,"seaweeds"
77,2000,0,"seaweeds"
78,2000,0,"seaweeds"
79,2000,1452,"seaweeds"
80,2000,4,"seaweeds"
81,2000,0,"seaweeds"
82,2000,0,"seaweeds"
84,2000,0,"seaweeds"
85,2000,0,"seaweeds"
86,2000,0,"seaweeds"
88,2000,0,"seaweeds"
89,2000,0,"seaweeds"
90,2000,0,"seaweeds"
91,2000,0,"seaweeds"
92,2000,0,"seaweeds"
93,2000,0,"seaweeds"
94,2000,0,"seaweeds"
95,2000,0,"seaweeds"
96,2000,0,"seaweeds"
97,2000,0,"seaweeds"
98,2000,0,"seaweeds"
99,2000,0,"seaweeds"
100,2000,0,"seaweeds"
101,2000,477,"seaweeds"
102,2000,1536,"seaweeds"
103,2000,0,"seaweeds"
104,2000,0,"seaweeds"
105,2000,0,"seaweeds"
106,2000,0,"seaweeds"
107,2000,0,"seaweeds"
108,2000,0,"seaweeds"
110,2000,0,"seaweeds"
111,2000,0,"seaweeds"
112,2000,230,"seaweeds"
113,2000,0,"seaweeds"
114,2000,0,"seaweeds"
115,2000,0,"seaweeds"
116,2000,0,"seaweeds"
117,2000,0,"seaweeds"
118,2000,0,"seaweeds"
119,2000,0,"seaweeds"
120,2000,0,"seaweeds"
121,2000,0,"seaweeds"
122,2000,28,"seaweeds"
123,2000,1,"seaweeds"
124,2000,4,"seaweeds"
125,2000,0,"seaweeds"
126,2000,11,"seaweeds"
127,2000,0,"seaweeds"
129,2000,0,"seaweeds"
130,2000,11,"seaweeds"
131,2000,0,"seaweeds"
132,2000,1,"seaweeds"
133,2000,0,"seaweeds"
134,2000,0,"seaweeds"
135,2000,1966,"seaweeds"
136,2000,0,"seaweeds"
137,2000,178,"seaweeds"
138,2000,411.1,"seaweeds"
139,2000,0,"seaweeds"
140,2000,0,"seaweeds"
141,2000,0,"seaweeds"
143,2000,673,"seaweeds"
144,2000,0,"seaweeds"
145,2000,0,"seaweeds"
146,2000,0,"seaweeds"
147,2000,0,"seaweeds"
148,2000,0,"seaweeds"
149,2000,0,"seaweeds"
150,2000,0,"seaweeds"
151,2000,0,"seaweeds"
152,2000,0,"seaweeds"
153,2000,0,"seaweeds"
154,2000,0,"seaweeds"
155,2000,115,"seaweeds"
156,2000,0,"seaweeds"
157,2000,0,"seaweeds"
158,2000,0,"seaweeds"
159,2000,0,"seaweeds"
161,2000,0,"seaweeds"
162,2000,116,"seaweeds"
163,2000,10784,"seaweeds"
164,2000,0,"seaweeds"
166,2000,0,"seaweeds"
167,2000,0,"seaweeds"
168,2000,0,"seaweeds"
169,2000,0,"seaweeds"
171,2000,502,"seaweeds"
172,2000,38,"seaweeds"
173,2000,0,"seaweeds"
174,2000,36,"seaweeds"
175,2000,978,"seaweeds"
176,2000,6179,"seaweeds"
177,2000,3862,"seaweeds"
178,2000,0,"seaweeds"
179,2000,8594,"seaweeds"
180,2000,2574,"seaweeds"
181,2000,2029,"seaweeds"
182,2000,13353,"seaweeds"
183,2000,4752,"seaweeds"
184,2000,4474,"seaweeds"
185,2000,0,"seaweeds"
186,2000,2,"seaweeds"
187,2000,10,"seaweeds"
188,2000,0,"seaweeds"
189,2000,6,"seaweeds"
190,2000,0,"seaweeds"
191,2000,0,"seaweeds"
192,2000,0,"seaweeds"
193,2000,0,"seaweeds"
194,2000,0,"seaweeds"
195,2000,0,"seaweeds"
196,2000,1,"seaweeds"
197,2000,0,"seaweeds"
198,2000,0,"seaweeds"
199,2000,0,"seaweeds"
200,2000,0,"seaweeds"
202,2000,3020,"seaweeds"
203,2000,150,"seaweeds"
204,2000,0,"seaweeds"
205,2000,0,"seaweeds"
206,2000,1537,"seaweeds"
207,2000,202,"seaweeds"
208,2000,2634,"seaweeds"
209,2000,36314,"seaweeds"
210,2000,17270,"seaweeds"
212,2000,0,"seaweeds"
213,2000,0,"seaweeds"
214,2000,23,"seaweeds"
215,2000,0,"seaweeds"
216,2000,23355,"seaweeds"
218,2000,6798,"seaweeds"
219,2000,0,"seaweeds"
220,2000,0,"seaweeds"
221,2000,0,"seaweeds"
222,2000,761,"seaweeds"
223,2000,3011,"seaweeds"
224,2000,63189,"seaweeds"
227,2000,0,"seaweeds"
228,2000,0,"seaweeds"
231,2000,0,"seaweeds"
232,2000,0,"seaweeds"
237,2000,0,"seaweeds"
244,2000,0,"seaweeds"
245,2000,0,"seaweeds"
247,2000,0,"seaweeds"
248,2000,0,"seaweeds"
249,2000,0,"seaweeds"
250,2000,0,"seaweeds"
1,2001,0,"seaweeds"
2,2001,0,"seaweeds"
3,2001,0,"seaweeds"
4,2001,0,"seaweeds"
5,2001,0,"seaweeds"
6,2001,0,"seaweeds"
7,2001,0,"seaweeds"
8,2001,0,"seaweeds"
9,2001,0,"seaweeds"
10,2001,0,"seaweeds"
11,2001,0,"seaweeds"
12,2001,0,"seaweeds"
13,2001,0,"seaweeds"
14,2001,5799,"seaweeds"
15,2001,38472,"seaweeds"
16,2001,1357,"seaweeds"
17,2001,0,"seaweeds"
18,2001,0,"seaweeds"
19,2001,0,"seaweeds"
20,2001,17074,"seaweeds"
21,2001,275,"seaweeds"
24,2001,142,"seaweeds"
25,2001,652,"seaweeds"
26,2001,0,"seaweeds"
28,2001,0,"seaweeds"
29,2001,0,"seaweeds"
30,2001,0,"seaweeds"
31,2001,0,"seaweeds"
32,2001,0,"seaweeds"
33,2001,0,"seaweeds"
34,2001,0,"seaweeds"
35,2001,0,"seaweeds"
36,2001,0,"seaweeds"
37,2001,0,"seaweeds"
38,2001,0,"seaweeds"
39,2001,0,"seaweeds"
40,2001,0.1,"seaweeds"
41,2001,0,"seaweeds"
42,2001,211,"seaweeds"
43,2001,0,"seaweeds"
44,2001,0,"seaweeds"
45,2001,0,"seaweeds"
46,2001,0,"seaweeds"
47,2001,0,"seaweeds"
48,2001,0,"seaweeds"
49,2001,0,"seaweeds"
50,2001,17,"seaweeds"
51,2001,0,"seaweeds"
52,2001,0,"seaweeds"
53,2001,0,"seaweeds"
54,2001,0,"seaweeds"
55,2001,0,"seaweeds"
56,2001,0,"seaweeds"
57,2001,0,"seaweeds"
58,2001,0,"seaweeds"
59,2001,1136,"seaweeds"
60,2001,0,"seaweeds"
61,2001,13,"seaweeds"
62,2001,23258,"seaweeds"
63,2001,0,"seaweeds"
64,2001,0,"seaweeds"
65,2001,0,"seaweeds"
66,2001,35,"seaweeds"
67,2001,0,"seaweeds"
68,2001,0,"seaweeds"
69,2001,40,"seaweeds"
70,2001,1160,"seaweeds"
71,2001,0,"seaweeds"
72,2001,20,"seaweeds"
73,2001,300,"seaweeds"
74,2001,0,"seaweeds"
75,2001,0,"seaweeds"
76,2001,34,"seaweeds"
77,2001,0,"seaweeds"
78,2001,0,"seaweeds"
79,2001,1554,"seaweeds"
80,2001,14.1,"seaweeds"
81,2001,0,"seaweeds"
82,2001,0,"seaweeds"
84,2001,0,"seaweeds"
85,2001,0,"seaweeds"
86,2001,0,"seaweeds"
88,2001,0,"seaweeds"
89,2001,0,"seaweeds"
90,2001,0,"seaweeds"
91,2001,0,"seaweeds"
92,2001,0,"seaweeds"
93,2001,0,"seaweeds"
94,2001,0,"seaweeds"
95,2001,0,"seaweeds"
96,2001,0,"seaweeds"
97,2001,0,"seaweeds"
98,2001,0,"seaweeds"
99,2001,0,"seaweeds"
100,2001,0,"seaweeds"
101,2001,429,"seaweeds"
102,2001,1166,"seaweeds"
103,2001,0,"seaweeds"
104,2001,0,"seaweeds"
105,2001,0,"seaweeds"
106,2001,0,"seaweeds"
107,2001,0,"seaweeds"
108,2001,0,"seaweeds"
110,2001,0,"seaweeds"
111,2001,0,"seaweeds"
112,2001,136,"seaweeds"
113,2001,0,"seaweeds"
114,2001,0,"seaweeds"
115,2001,0,"seaweeds"
116,2001,0,"seaweeds"
117,2001,0,"seaweeds"
118,2001,0,"seaweeds"
119,2001,0,"seaweeds"
120,2001,0,"seaweeds"
121,2001,0,"seaweeds"
122,2001,10,"seaweeds"
123,2001,0,"seaweeds"
124,2001,8,"seaweeds"
125,2001,0,"seaweeds"
126,2001,28,"seaweeds"
127,2001,0,"seaweeds"
129,2001,0,"seaweeds"
130,2001,23,"seaweeds"
131,2001,0,"seaweeds"
132,2001,1,"seaweeds"
133,2001,0,"seaweeds"
134,2001,0,"seaweeds"
135,2001,2034,"seaweeds"
136,2001,0,"seaweeds"
137,2001,115,"seaweeds"
138,2001,912,"seaweeds"
139,2001,0,"seaweeds"
140,2001,0,"seaweeds"
141,2001,0,"seaweeds"
143,2001,2020,"seaweeds"
144,2001,0,"seaweeds"
145,2001,0,"seaweeds"
146,2001,0,"seaweeds"
147,2001,0,"seaweeds"
148,2001,0,"seaweeds"
149,2001,0,"seaweeds"
150,2001,0,"seaweeds"
151,2001,0,"seaweeds"
152,2001,0,"seaweeds"
153,2001,0,"seaweeds"
154,2001,0,"seaweeds"
155,2001,0,"seaweeds"
156,2001,0,"seaweeds"
157,2001,0,"seaweeds"
158,2001,0,"seaweeds"
159,2001,0,"seaweeds"
161,2001,0,"seaweeds"
162,2001,227,"seaweeds"
163,2001,12685,"seaweeds"
164,2001,0,"seaweeds"
166,2001,0,"seaweeds"
167,2001,0,"seaweeds"
168,2001,0,"seaweeds"
169,2001,0,"seaweeds"
171,2001,193,"seaweeds"
172,2001,16,"seaweeds"
173,2001,0,"seaweeds"
174,2001,11,"seaweeds"
175,2001,514,"seaweeds"
176,2001,6356,"seaweeds"
177,2001,3710,"seaweeds"
178,2001,0,"seaweeds"
179,2001,8114,"seaweeds"
180,2001,2454,"seaweeds"
181,2001,3696,"seaweeds"
182,2001,10421,"seaweeds"
183,2001,4682,"seaweeds"
184,2001,2493,"seaweeds"
185,2001,0,"seaweeds"
186,2001,1,"seaweeds"
187,2001,6,"seaweeds"
188,2001,3,"seaweeds"
189,2001,26,"seaweeds"
190,2001,0,"seaweeds"
191,2001,0,"seaweeds"
192,2001,0,"seaweeds"
193,2001,0,"seaweeds"
194,2001,0,"seaweeds"
195,2001,0,"seaweeds"
196,2001,0,"seaweeds"
197,2001,0,"seaweeds"
198,2001,0,"seaweeds"
199,2001,0,"seaweeds"
200,2001,0,"seaweeds"
202,2001,2944,"seaweeds"
203,2001,156,"seaweeds"
204,2001,0,"seaweeds"
205,2001,0,"seaweeds"
206,2001,2011,"seaweeds"
207,2001,4110,"seaweeds"
208,2001,1919,"seaweeds"
209,2001,38331,"seaweeds"
210,2001,15300,"seaweeds"
212,2001,0,"seaweeds"
213,2001,0,"seaweeds"
214,2001,42,"seaweeds"
215,2001,0,"seaweeds"
216,2001,23563,"seaweeds"
218,2001,5357,"seaweeds"
219,2001,0,"seaweeds"
220,2001,0,"seaweeds"
221,2001,0,"seaweeds"
222,2001,1308,"seaweeds"
223,2001,2504,"seaweeds"
224,2001,66337,"seaweeds"
227,2001,0,"seaweeds"
228,2001,0,"seaweeds"
231,2001,0,"seaweeds"
232,2001,0,"seaweeds"
237,2001,0,"seaweeds"
244,2001,0,"seaweeds"
245,2001,0,"seaweeds"
247,2001,0,"seaweeds"
248,2001,0,"seaweeds"
249,2001,0,"seaweeds"
250,2001,0,"seaweeds"
1,2002,0,"seaweeds"
2,2002,0,"seaweeds"
3,2002,0,"seaweeds"
4,2002,0,"seaweeds"
5,2002,0,"seaweeds"
6,2002,0,"seaweeds"
7,2002,0,"seaweeds"
8,2002,0,"seaweeds"
9,2002,0,"seaweeds"
10,2002,0,"seaweeds"
11,2002,0,"seaweeds"
12,2002,0,"seaweeds"
13,2002,0,"seaweeds"
14,2002,4556,"seaweeds"
15,2002,33860,"seaweeds"
16,2002,1925,"seaweeds"
17,2002,0,"seaweeds"
18,2002,0,"seaweeds"
19,2002,0,"seaweeds"
20,2002,15563.1,"seaweeds"
21,2002,474,"seaweeds"
24,2002,91,"seaweeds"
25,2002,932,"seaweeds"
26,2002,0,"seaweeds"
28,2002,0,"seaweeds"
29,2002,0,"seaweeds"
30,2002,0,"seaweeds"
31,2002,0,"seaweeds"
32,2002,0,"seaweeds"
33,2002,0,"seaweeds"
34,2002,0,"seaweeds"
35,2002,0,"seaweeds"
36,2002,0,"seaweeds"
37,2002,0,"seaweeds"
38,2002,0,"seaweeds"
39,2002,0,"seaweeds"
40,2002,4.1,"seaweeds"
41,2002,0,"seaweeds"
42,2002,94,"seaweeds"
43,2002,0,"seaweeds"
44,2002,0,"seaweeds"
45,2002,0,"seaweeds"
46,2002,0,"seaweeds"
47,2002,0,"seaweeds"
48,2002,0,"seaweeds"
49,2002,0,"seaweeds"
50,2002,0,"seaweeds"
51,2002,0,"seaweeds"
52,2002,0,"seaweeds"
53,2002,0,"seaweeds"
54,2002,0,"seaweeds"
55,2002,0,"seaweeds"
56,2002,0,"seaweeds"
57,2002,0,"seaweeds"
58,2002,0,"seaweeds"
59,2002,1442,"seaweeds"
60,2002,0,"seaweeds"
61,2002,15,"seaweeds"
62,2002,22797,"seaweeds"
63,2002,0,"seaweeds"
64,2002,0,"seaweeds"
65,2002,0,"seaweeds"
66,2002,76,"seaweeds"
67,2002,0,"seaweeds"
68,2002,0,"seaweeds"
69,2002,49,"seaweeds"
70,2002,763,"seaweeds"
71,2002,0,"seaweeds"
72,2002,49,"seaweeds"
73,2002,195,"seaweeds"
74,2002,0,"seaweeds"
75,2002,37,"seaweeds"
76,2002,25.1,"seaweeds"
77,2002,0,"seaweeds"
78,2002,0,"seaweeds"
79,2002,1158,"seaweeds"
80,2002,3,"seaweeds"
81,2002,0,"seaweeds"
82,2002,0,"seaweeds"
84,2002,0,"seaweeds"
85,2002,0,"seaweeds"
86,2002,0,"seaweeds"
88,2002,0,"seaweeds"
89,2002,0,"seaweeds"
90,2002,0,"seaweeds"
91,2002,0,"seaweeds"
92,2002,0,"seaweeds"
93,2002,0,"seaweeds"
94,2002,0,"seaweeds"
95,2002,0,"seaweeds"
96,2002,0,"seaweeds"
97,2002,0,"seaweeds"
98,2002,0,"seaweeds"
99,2002,0,"seaweeds"
100,2002,0,"seaweeds"
101,2002,173,"seaweeds"
102,2002,821.1,"seaweeds"
103,2002,0,"seaweeds"
104,2002,0,"seaweeds"
105,2002,0,"seaweeds"
106,2002,0,"seaweeds"
107,2002,0,"seaweeds"
108,2002,0,"seaweeds"
110,2002,0,"seaweeds"
111,2002,0,"seaweeds"
112,2002,101,"seaweeds"
113,2002,0,"seaweeds"
114,2002,0,"seaweeds"
115,2002,0,"seaweeds"
116,2002,0,"seaweeds"
117,2002,0,"seaweeds"
118,2002,0,"seaweeds"
119,2002,0,"seaweeds"
120,2002,0,"seaweeds"
121,2002,0,"seaweeds"
122,2002,13,"seaweeds"
123,2002,3,"seaweeds"
124,2002,2,"seaweeds"
125,2002,0,"seaweeds"
126,2002,2,"seaweeds"
127,2002,0,"seaweeds"
129,2002,0,"seaweeds"
130,2002,15,"seaweeds"
131,2002,0,"seaweeds"
132,2002,0,"seaweeds"
133,2002,0,"seaweeds"
134,2002,0,"seaweeds"
135,2002,2154,"seaweeds"
136,2002,0,"seaweeds"
137,2002,131,"seaweeds"
138,2002,1287,"seaweeds"
139,2002,0,"seaweeds"
140,2002,0,"seaweeds"
141,2002,0,"seaweeds"
143,2002,1332,"seaweeds"
144,2002,0,"seaweeds"
145,2002,0,"seaweeds"
146,2002,0,"seaweeds"
147,2002,0,"seaweeds"
148,2002,0,"seaweeds"
149,2002,0,"seaweeds"
150,2002,0,"seaweeds"
151,2002,0,"seaweeds"
152,2002,0,"seaweeds"
153,2002,0,"seaweeds"
154,2002,0,"seaweeds"
155,2002,37,"seaweeds"
156,2002,0,"seaweeds"
157,2002,0,"seaweeds"
158,2002,0,"seaweeds"
159,2002,0,"seaweeds"
161,2002,0,"seaweeds"
162,2002,221,"seaweeds"
163,2002,14371,"seaweeds"
164,2002,0,"seaweeds"
166,2002,4.74379955673749,"seaweeds"
167,2002,0,"seaweeds"
168,2002,0,"seaweeds"
169,2002,0,"seaweeds"
171,2002,149,"seaweeds"
172,2002,19.1,"seaweeds"
173,2002,0,"seaweeds"
174,2002,19,"seaweeds"
175,2002,558,"seaweeds"
176,2002,9239,"seaweeds"
177,2002,6429,"seaweeds"
178,2002,0,"seaweeds"
179,2002,10583,"seaweeds"
180,2002,3224,"seaweeds"
181,2002,3197,"seaweeds"
182,2002,10744,"seaweeds"
183,2002,4100,"seaweeds"
184,2002,2904,"seaweeds"
185,2002,0,"seaweeds"
186,2002,1,"seaweeds"
187,2002,4,"seaweeds"
188,2002,52.1327831434282,"seaweeds"
189,2002,75,"seaweeds"
190,2002,0,"seaweeds"
191,2002,0,"seaweeds"
192,2002,0,"seaweeds"
193,2002,0,"seaweeds"
194,2002,0,"seaweeds"
195,2002,0,"seaweeds"
196,2002,0,"seaweeds"
197,2002,0,"seaweeds"
198,2002,0,"seaweeds"
199,2002,0,"seaweeds"
200,2002,0,"seaweeds"
202,2002,2272,"seaweeds"
203,2002,228,"seaweeds"
204,2002,0,"seaweeds"
205,2002,0,"seaweeds"
206,2002,3853,"seaweeds"
207,2002,2218,"seaweeds"
208,2002,1787,"seaweeds"
209,2002,44832,"seaweeds"
210,2002,16805,"seaweeds"
212,2002,0,"seaweeds"
213,2002,0,"seaweeds"
214,2002,12,"seaweeds"
215,2002,0,"seaweeds"
216,2002,22842,"seaweeds"
218,2002,6063,"seaweeds"
219,2002,0,"seaweeds"
220,2002,0,"seaweeds"
221,2002,0,"seaweeds"
222,2002,241,"seaweeds"
223,2002,2859,"seaweeds"
224,2002,54929,"seaweeds"
227,2002,0,"seaweeds"
228,2002,0,"seaweeds"
231,2002,0,"seaweeds"
232,2002,0,"seaweeds"
237,2002,0,"seaweeds"
244,2002,0,"seaweeds"
245,2002,0,"seaweeds"
247,2002,0,"seaweeds"
248,2002,0,"seaweeds"
249,2002,0,"seaweeds"
250,2002,0,"seaweeds"
1,2003,0,"seaweeds"
2,2003,0,"seaweeds"
3,2003,0,"seaweeds"
4,2003,0,"seaweeds"
5,2003,0,"seaweeds"
6,2003,0,"seaweeds"
7,2003,0,"seaweeds"
8,2003,0,"seaweeds"
9,2003,0,"seaweeds"
10,2003,0,"seaweeds"
11,2003,0,"seaweeds"
12,2003,0,"seaweeds"
13,2003,0,"seaweeds"
14,2003,6198,"seaweeds"
15,2003,33134,"seaweeds"
16,2003,697,"seaweeds"
17,2003,0,"seaweeds"
18,2003,8,"seaweeds"
19,2003,0,"seaweeds"
20,2003,18387,"seaweeds"
21,2003,508,"seaweeds"
24,2003,250,"seaweeds"
25,2003,870,"seaweeds"
26,2003,0,"seaweeds"
28,2003,0,"seaweeds"
29,2003,0,"seaweeds"
30,2003,0,"seaweeds"
31,2003,0,"seaweeds"
32,2003,0,"seaweeds"
33,2003,0,"seaweeds"
34,2003,0,"seaweeds"
35,2003,0,"seaweeds"
36,2003,0,"seaweeds"
37,2003,1,"seaweeds"
38,2003,0,"seaweeds"
39,2003,0,"seaweeds"
40,2003,43.1,"seaweeds"
41,2003,0,"seaweeds"
42,2003,58,"seaweeds"
43,2003,0.1,"seaweeds"
44,2003,0,"seaweeds"
45,2003,0,"seaweeds"
46,2003,0,"seaweeds"
47,2003,0,"seaweeds"
48,2003,0,"seaweeds"
49,2003,0,"seaweeds"
50,2003,0,"seaweeds"
51,2003,0,"seaweeds"
52,2003,0,"seaweeds"
53,2003,17,"seaweeds"
54,2003,0,"seaweeds"
55,2003,0,"seaweeds"
56,2003,0,"seaweeds"
57,2003,0,"seaweeds"
58,2003,0,"seaweeds"
59,2003,2133,"seaweeds"
60,2003,0,"seaweeds"
61,2003,50,"seaweeds"
62,2003,24701,"seaweeds"
63,2003,0,"seaweeds"
64,2003,0,"seaweeds"
65,2003,0,"seaweeds"
66,2003,169,"seaweeds"
67,2003,0,"seaweeds"
68,2003,0,"seaweeds"
69,2003,26,"seaweeds"
70,2003,482,"seaweeds"
71,2003,7.21592709479955,"seaweeds"
72,2003,43,"seaweeds"
73,2003,418,"seaweeds"
74,2003,0,"seaweeds"
75,2003,23,"seaweeds"
76,2003,28,"seaweeds"
77,2003,0,"seaweeds"
78,2003,0,"seaweeds"
79,2003,2714,"seaweeds"
80,2003,7,"seaweeds"
81,2003,0,"seaweeds"
82,2003,0,"seaweeds"
84,2003,0,"seaweeds"
85,2003,0,"seaweeds"
86,2003,0,"seaweeds"
88,2003,0,"seaweeds"
89,2003,0,"seaweeds"
90,2003,0,"seaweeds"
91,2003,0,"seaweeds"
92,2003,0,"seaweeds"
93,2003,0,"seaweeds"
94,2003,0,"seaweeds"
95,2003,0,"seaweeds"
96,2003,0,"seaweeds"
97,2003,0,"seaweeds"
98,2003,0,"seaweeds"
99,2003,0,"seaweeds"
100,2003,0,"seaweeds"
101,2003,26,"seaweeds"
102,2003,853,"seaweeds"
103,2003,0,"seaweeds"
104,2003,0,"seaweeds"
105,2003,0,"seaweeds"
106,2003,0,"seaweeds"
107,2003,0,"seaweeds"
108,2003,0,"seaweeds"
110,2003,0,"seaweeds"
111,2003,0,"seaweeds"
112,2003,72,"seaweeds"
113,2003,0,"seaweeds"
114,2003,0,"seaweeds"
115,2003,0,"seaweeds"
116,2003,0,"seaweeds"
117,2003,0,"seaweeds"
118,2003,0,"seaweeds"
119,2003,0,"seaweeds"
120,2003,0,"seaweeds"
121,2003,0,"seaweeds"
122,2003,10,"seaweeds"
123,2003,0.1,"seaweeds"
124,2003,0,"seaweeds"
125,2003,0,"seaweeds"
126,2003,1,"seaweeds"
127,2003,0,"seaweeds"
129,2003,0,"seaweeds"
130,2003,0,"seaweeds"
131,2003,0,"seaweeds"
132,2003,0,"seaweeds"
133,2003,0,"seaweeds"
134,2003,0,"seaweeds"
135,2003,1783,"seaweeds"
136,2003,0,"seaweeds"
137,2003,205,"seaweeds"
138,2003,1335,"seaweeds"
139,2003,0,"seaweeds"
140,2003,0,"seaweeds"
141,2003,0,"seaweeds"
143,2003,1926,"seaweeds"
144,2003,0,"seaweeds"
145,2003,0,"seaweeds"
146,2003,0,"seaweeds"
147,2003,0,"seaweeds"
148,2003,0,"seaweeds"
149,2003,0,"seaweeds"
150,2003,0,"seaweeds"
151,2003,0,"seaweeds"
152,2003,0,"seaweeds"
153,2003,0,"seaweeds"
154,2003,0,"seaweeds"
155,2003,385,"seaweeds"
156,2003,0,"seaweeds"
157,2003,0,"seaweeds"
158,2003,0,"seaweeds"
159,2003,0,"seaweeds"
161,2003,0,"seaweeds"
162,2003,210,"seaweeds"
163,2003,16882,"seaweeds"
164,2003,0,"seaweeds"
166,2003,0,"seaweeds"
167,2003,0,"seaweeds"
168,2003,0,"seaweeds"
169,2003,0,"seaweeds"
171,2003,139,"seaweeds"
172,2003,137,"seaweeds"
173,2003,0,"seaweeds"
174,2003,42,"seaweeds"
175,2003,1337,"seaweeds"
176,2003,9461,"seaweeds"
177,2003,7249,"seaweeds"
178,2003,0,"seaweeds"
179,2003,12250,"seaweeds"
180,2003,5753,"seaweeds"
181,2003,3374,"seaweeds"
182,2003,13503,"seaweeds"
183,2003,4250,"seaweeds"
184,2003,3748,"seaweeds"
185,2003,0,"seaweeds"
186,2003,0,"seaweeds"
187,2003,11,"seaweeds"
188,2003,6,"seaweeds"
189,2003,94,"seaweeds"
190,2003,0,"seaweeds"
191,2003,0,"seaweeds"
192,2003,0,"seaweeds"
193,2003,0,"seaweeds"
194,2003,0,"seaweeds"
195,2003,0,"seaweeds"
196,2003,0,"seaweeds"
197,2003,0,"seaweeds"
198,2003,0,"seaweeds"
199,2003,0,"seaweeds"
200,2003,0,"seaweeds"
202,2003,1942,"seaweeds"
203,2003,653,"seaweeds"
204,2003,0,"seaweeds"
205,2003,0,"seaweeds"
206,2003,2965,"seaweeds"
207,2003,610,"seaweeds"
208,2003,1222,"seaweeds"
209,2003,53590,"seaweeds"
210,2003,16252,"seaweeds"
212,2003,0,"seaweeds"
213,2003,0,"seaweeds"
214,2003,26,"seaweeds"
215,2003,0,"seaweeds"
216,2003,26944,"seaweeds"
218,2003,6950,"seaweeds"
219,2003,0,"seaweeds"
220,2003,0,"seaweeds"
221,2003,0,"seaweeds"
222,2003,188,"seaweeds"
223,2003,2209,"seaweeds"
224,2003,59932,"seaweeds"
227,2003,0,"seaweeds"
228,2003,0,"seaweeds"
231,2003,0,"seaweeds"
232,2003,0,"seaweeds"
237,2003,0,"seaweeds"
244,2003,0,"seaweeds"
245,2003,0,"seaweeds"
247,2003,1,"seaweeds"
248,2003,0,"seaweeds"
249,2003,0,"seaweeds"
250,2003,0.127131721822974,"seaweeds"
1,2004,0,"seaweeds"
2,2004,0,"seaweeds"
3,2004,0,"seaweeds"
4,2004,0,"seaweeds"
5,2004,0,"seaweeds"
6,2004,0,"seaweeds"
7,2004,2939.2327372228,"seaweeds"
8,2004,0,"seaweeds"
9,2004,0.0417055983296359,"seaweeds"
10,2004,0,"seaweeds"
11,2004,0,"seaweeds"
12,2004,0,"seaweeds"
13,2004,0,"seaweeds"
14,2004,43998.87451203,"seaweeds"
15,2004,2350416.88417228,"seaweeds"
16,2004,33334.3382594937,"seaweeds"
17,2004,0,"seaweeds"
18,2004,702.672623013229,"seaweeds"
19,2004,0,"seaweeds"
20,2004,36798.4871651365,"seaweeds"
21,2004,224529.484579453,"seaweeds"
24,2004,30168.9271520366,"seaweeds"
25,2004,896,"seaweeds"
26,2004,0,"seaweeds"
28,2004,0,"seaweeds"
29,2004,0,"seaweeds"
30,2004,0,"seaweeds"
31,2004,0,"seaweeds"
32,2004,0,"seaweeds"
33,2004,0,"seaweeds"
34,2004,0,"seaweeds"
35,2004,0,"seaweeds"
36,2004,0,"seaweeds"
37,2004,0.1,"seaweeds"
38,2004,0,"seaweeds"
39,2004,0,"seaweeds"
40,2004,55.3167625623322,"seaweeds"
41,2004,349.772091912427,"seaweeds"
42,2004,276.499677401128,"seaweeds"
43,2004,0,"seaweeds"
44,2004,0,"seaweeds"
45,2004,0,"seaweeds"
46,2004,0,"seaweeds"
47,2004,0,"seaweeds"
48,2004,0,"seaweeds"
49,2004,0,"seaweeds"
50,2004,0,"seaweeds"
51,2004,0,"seaweeds"
52,2004,0,"seaweeds"
53,2004,1,"seaweeds"
54,2004,65,"seaweeds"
55,2004,0,"seaweeds"
56,2004,0,"seaweeds"
57,2004,0,"seaweeds"
58,2004,0,"seaweeds"
59,2004,2871.88977292653,"seaweeds"
60,2004,0,"seaweeds"
61,2004,10,"seaweeds"
62,2004,26957,"seaweeds"
63,2004,0,"seaweeds"
64,2004,0,"seaweeds"
65,2004,0,"seaweeds"
66,2004,124,"seaweeds"
67,2004,0,"seaweeds"
68,2004,0,"seaweeds"
69,2004,45.8098407208387,"seaweeds"
70,2004,956.389861093885,"seaweeds"
71,2004,6,"seaweeds"
72,2004,33.1663631618284,"seaweeds"
73,2004,3217.13722669735,"seaweeds"
74,2004,0,"seaweeds"
75,2004,364.829994780112,"seaweeds"
76,2004,61.7718865402267,"seaweeds"
77,2004,0,"seaweeds"
78,2004,21,"seaweeds"
79,2004,14507.2192943978,"seaweeds"
80,2004,10,"seaweeds"
81,2004,0,"seaweeds"
82,2004,0,"seaweeds"
84,2004,0,"seaweeds"
85,2004,0,"seaweeds"
86,2004,0,"seaweeds"
88,2004,0,"seaweeds"
89,2004,0,"seaweeds"
90,2004,0,"seaweeds"
91,2004,0,"seaweeds"
92,2004,0,"seaweeds"
93,2004,0,"seaweeds"
94,2004,0,"seaweeds"
95,2004,0,"seaweeds"
96,2004,0,"seaweeds"
97,2004,0,"seaweeds"
98,2004,0,"seaweeds"
99,2004,0,"seaweeds"
100,2004,0,"seaweeds"
101,2004,95,"seaweeds"
102,2004,1650.35339702166,"seaweeds"
103,2004,0,"seaweeds"
104,2004,0,"seaweeds"
105,2004,0,"seaweeds"
106,2004,0,"seaweeds"
107,2004,0,"seaweeds"
108,2004,0,"seaweeds"
110,2004,0,"seaweeds"
111,2004,0,"seaweeds"
112,2004,61,"seaweeds"
113,2004,0,"seaweeds"
114,2004,0,"seaweeds"
115,2004,0,"seaweeds"
116,2004,0,"seaweeds"
117,2004,0,"seaweeds"
118,2004,0,"seaweeds"
119,2004,0,"seaweeds"
120,2004,44.2897327707454,"seaweeds"
121,2004,0,"seaweeds"
122,2004,39.8607594936709,"seaweeds"
123,2004,0.885794655414909,"seaweeds"
124,2004,0,"seaweeds"
125,2004,0,"seaweeds"
126,2004,0,"seaweeds"
127,2004,0,"seaweeds"
129,2004,0,"seaweeds"
130,2004,0,"seaweeds"
131,2004,0,"seaweeds"
132,2004,0.555457339434475,"seaweeds"
133,2004,0,"seaweeds"
134,2004,0,"seaweeds"
135,2004,8243.96835443038,"seaweeds"
136,2004,0.1,"seaweeds"
137,2004,197,"seaweeds"
138,2004,23540.2820452331,"seaweeds"
139,2004,0,"seaweeds"
140,2004,0,"seaweeds"
141,2004,0,"seaweeds"
143,2004,30315.4730113093,"seaweeds"
144,2004,0,"seaweeds"
145,2004,0,"seaweeds"
146,2004,0,"seaweeds"
147,2004,0,"seaweeds"
148,2004,0,"seaweeds"
149,2004,0,"seaweeds"
150,2004,0,"seaweeds"
151,2004,0,"seaweeds"
152,2004,0,"seaweeds"
153,2004,0,"seaweeds"
154,2004,0,"seaweeds"
155,2004,2490,"seaweeds"
156,2004,0,"seaweeds"
157,2004,0,"seaweeds"
158,2004,0,"seaweeds"
159,2004,0,"seaweeds"
161,2004,0,"seaweeds"
162,2004,367,"seaweeds"
163,2004,18866,"seaweeds"
164,2004,0,"seaweeds"
166,2004,0,"seaweeds"
167,2004,0,"seaweeds"
168,2004,0,"seaweeds"
169,2004,0,"seaweeds"
171,2004,511.020752279717,"seaweeds"
172,2004,255.510376139859,"seaweeds"
173,2004,0,"seaweeds"
174,2004,7,"seaweeds"
175,2004,1930,"seaweeds"
176,2004,10479,"seaweeds"
177,2004,10481,"seaweeds"
178,2004,0,"seaweeds"
179,2004,18807.8953378304,"seaweeds"
180,2004,6658,"seaweeds"
181,2004,16508.8978826206,"seaweeds"
182,2004,13220,"seaweeds"
183,2004,3499,"seaweeds"
184,2004,5341,"seaweeds"
185,2004,0,"seaweeds"
186,2004,12,"seaweeds"
187,2004,2,"seaweeds"
188,2004,443.071389982372,"seaweeds"
189,2004,20,"seaweeds"
190,2004,0,"seaweeds"
191,2004,0,"seaweeds"
192,2004,0,"seaweeds"
193,2004,0,"seaweeds"
194,2004,0,"seaweeds"
195,2004,0,"seaweeds"
196,2004,0,"seaweeds"
197,2004,0,"seaweeds"
198,2004,0,"seaweeds"
199,2004,0,"seaweeds"
200,2004,0,"seaweeds"
202,2004,26009.6334039306,"seaweeds"
203,2004,4595.54642825529,"seaweeds"
204,2004,0,"seaweeds"
205,2004,0,"seaweeds"
206,2004,1589396.3516922,"seaweeds"
207,2004,24782.471829167,"seaweeds"
208,2004,1246,"seaweeds"
209,2004,11474312.6934619,"seaweeds"
210,2004,57269.813018882,"seaweeds"
212,2004,1628.18655878899,"seaweeds"
213,2004,0,"seaweeds"
214,2004,180.50795490179,"seaweeds"
215,2004,0,"seaweeds"
216,2004,731773.842331665,"seaweeds"
218,2004,8706.99284774234,"seaweeds"
219,2004,0,"seaweeds"
220,2004,0,"seaweeds"
221,2004,0,"seaweeds"
222,2004,125,"seaweeds"
223,2004,10347.4828273491,"seaweeds"
224,2004,261887.026396566,"seaweeds"
227,2004,0,"seaweeds"
228,2004,0,"seaweeds"
231,2004,0,"seaweeds"
232,2004,0,"seaweeds"
237,2004,0,"seaweeds"
244,2004,0,"seaweeds"
245,2004,0,"seaweeds"
247,2004,0,"seaweeds"
248,2004,0,"seaweeds"
249,2004,0,"seaweeds"
250,2004,0,"seaweeds"
1,2005,0,"seaweeds"
2,2005,0,"seaweeds"
3,2005,0,"seaweeds"
4,2005,0,"seaweeds"
5,2005,0,"seaweeds"
6,2005,0,"seaweeds"
7,2005,5149.66470102804,"seaweeds"
8,2005,0,"seaweeds"
9,2005,0.0349841772151899,"seaweeds"
10,2005,0,"seaweeds"
11,2005,0,"seaweeds"
12,2005,0,"seaweeds"
13,2005,0,"seaweeds"
14,2005,31417.7999290643,"seaweeds"
15,2005,2300530.00580371,"seaweeds"
16,2005,46307.5902604377,"seaweeds"
17,2005,0,"seaweeds"
18,2005,975.315284285614,"seaweeds"
19,2005,0,"seaweeds"
20,2005,66048.1249156273,"seaweeds"
21,2005,253358.685095783,"seaweeds"
24,2005,28940.975770087,"seaweeds"
25,2005,1217,"seaweeds"
26,2005,0,"seaweeds"
28,2005,0,"seaweeds"
29,2005,0,"seaweeds"
30,2005,0,"seaweeds"
31,2005,0,"seaweeds"
32,2005,0,"seaweeds"
33,2005,0,"seaweeds"
34,2005,0,"seaweeds"
35,2005,0,"seaweeds"
36,2005,0,"seaweeds"
37,2005,0.1,"seaweeds"
38,2005,0,"seaweeds"
39,2005,0,"seaweeds"
40,2005,81.7558343498577,"seaweeds"
41,2005,222.610712519895,"seaweeds"
42,2005,268.777138695896,"seaweeds"
43,2005,210.805598977173,"seaweeds"
44,2005,0,"seaweeds"
45,2005,0,"seaweeds"
46,2005,0,"seaweeds"
47,2005,0,"seaweeds"
48,2005,0,"seaweeds"
49,2005,0,"seaweeds"
50,2005,149.551093210587,"seaweeds"
51,2005,0,"seaweeds"
52,2005,0,"seaweeds"
53,2005,0.270714683277675,"seaweeds"
54,2005,14.9551093210587,"seaweeds"
55,2005,0,"seaweeds"
56,2005,0,"seaweeds"
57,2005,0,"seaweeds"
58,2005,0,"seaweeds"
59,2005,6101.52302516626,"seaweeds"
60,2005,0,"seaweeds"
61,2005,1335,"seaweeds"
62,2005,33226,"seaweeds"
63,2005,0,"seaweeds"
64,2005,0,"seaweeds"
65,2005,0,"seaweeds"
66,2005,62.6989150090416,"seaweeds"
67,2005,0,"seaweeds"
68,2005,0,"seaweeds"
69,2005,146.973699662298,"seaweeds"
70,2005,3826.67661088276,"seaweeds"
71,2005,0.275504537366732,"seaweeds"
72,2005,37,"seaweeds"
73,2005,871.971860765708,"seaweeds"
74,2005,0,"seaweeds"
75,2005,79.8963158363524,"seaweeds"
76,2005,67.6718696777906,"seaweeds"
77,2005,0,"seaweeds"
78,2005,7.85143239355581,"seaweeds"
79,2005,11952.8711248562,"seaweeds"
80,2005,31,"seaweeds"
81,2005,0,"seaweeds"
82,2005,0,"seaweeds"
84,2005,0,"seaweeds"
85,2005,0,"seaweeds"
86,2005,0,"seaweeds"
88,2005,0,"seaweeds"
89,2005,0,"seaweeds"
90,2005,0,"seaweeds"
91,2005,0,"seaweeds"
92,2005,0,"seaweeds"
93,2005,0,"seaweeds"
94,2005,0,"seaweeds"
95,2005,0,"seaweeds"
96,2005,0,"seaweeds"
97,2005,0,"seaweeds"
98,2005,0,"seaweeds"
99,2005,0,"seaweeds"
100,2005,0,"seaweeds"
101,2005,178,"seaweeds"
102,2005,1189.83774241103,"seaweeds"
103,2005,0,"seaweeds"
104,2005,0,"seaweeds"
105,2005,0,"seaweeds"
106,2005,0,"seaweeds"
107,2005,0,"seaweeds"
108,2005,0,"seaweeds"
110,2005,0,"seaweeds"
111,2005,0,"seaweeds"
112,2005,24,"seaweeds"
113,2005,0,"seaweeds"
114,2005,0,"seaweeds"
115,2005,0.245949367088608,"seaweeds"
116,2005,0,"seaweeds"
117,2005,0,"seaweeds"
118,2005,0,"seaweeds"
119,2005,0,"seaweeds"
120,2005,40.9915611814346,"seaweeds"
121,2005,0,"seaweeds"
122,2005,70.0955696202532,"seaweeds"
123,2005,1,"seaweeds"
124,2005,0,"seaweeds"
125,2005,0,"seaweeds"
126,2005,0.409915611814346,"seaweeds"
127,2005,0,"seaweeds"
129,2005,0,"seaweeds"
130,2005,0,"seaweeds"
131,2005,0,"seaweeds"
132,2005,3.97718097543204,"seaweeds"
133,2005,0,"seaweeds"
134,2005,0,"seaweeds"
135,2005,34801.6531588293,"seaweeds"
136,2005,0.393350134601065,"seaweeds"
137,2005,265,"seaweeds"
138,2005,35523.4573487453,"seaweeds"
139,2005,0,"seaweeds"
140,2005,0,"seaweeds"
141,2005,0,"seaweeds"
143,2005,137323.023521964,"seaweeds"
144,2005,0,"seaweeds"
145,2005,0,"seaweeds"
146,2005,0,"seaweeds"
147,2005,0,"seaweeds"
148,2005,0,"seaweeds"
149,2005,0,"seaweeds"
150,2005,0,"seaweeds"
151,2005,0,"seaweeds"
152,2005,0,"seaweeds"
153,2005,0,"seaweeds"
154,2005,0,"seaweeds"
155,2005,1044.25227048139,"seaweeds"
156,2005,0,"seaweeds"
157,2005,0,"seaweeds"
158,2005,0,"seaweeds"
159,2005,0,"seaweeds"
161,2005,0,"seaweeds"
162,2005,156,"seaweeds"
163,2005,15770,"seaweeds"
164,2005,0,"seaweeds"
166,2005,0,"seaweeds"
167,2005,0,"seaweeds"
168,2005,0,"seaweeds"
169,2005,0,"seaweeds"
171,2005,788.566518856117,"seaweeds"
172,2005,653,"seaweeds"
173,2005,0,"seaweeds"
174,2005,12,"seaweeds"
175,2005,7409.4551520609,"seaweeds"
176,2005,11636,"seaweeds"
177,2005,11453,"seaweeds"
178,2005,0,"seaweeds"
179,2005,17465.5650316637,"seaweeds"
180,2005,19823.0258721993,"seaweeds"
181,2005,126742.893463743,"seaweeds"
182,2005,18204.7719572386,"seaweeds"
183,2005,5937,"seaweeds"
184,2005,7821.85318413611,"seaweeds"
185,2005,0,"seaweeds"
186,2005,9,"seaweeds"
187,2005,4,"seaweeds"
188,2005,426.671409490383,"seaweeds"
189,2005,84.1027826567639,"seaweeds"
190,2005,0,"seaweeds"
191,2005,0,"seaweeds"
192,2005,0,"seaweeds"
193,2005,0,"seaweeds"
194,2005,0,"seaweeds"
195,2005,0,"seaweeds"
196,2005,0,"seaweeds"
197,2005,0,"seaweeds"
198,2005,0,"seaweeds"
199,2005,0,"seaweeds"
200,2005,0,"seaweeds"
202,2005,24079.5857515661,"seaweeds"
203,2005,4239.39194012838,"seaweeds"
204,2005,0,"seaweeds"
205,2005,0,"seaweeds"
206,2005,1377082.88322732,"seaweeds"
207,2005,22982.2138243133,"seaweeds"
208,2005,1576,"seaweeds"
209,2005,12698088.3548924,"seaweeds"
210,2005,63632.5225388282,"seaweeds"
212,2005,1557.49556962025,"seaweeds"
213,2005,0,"seaweeds"
214,2005,99.9472008667467,"seaweeds"
215,2005,0,"seaweeds"
216,2005,1089630.64513227,"seaweeds"
218,2005,8825.64967234841,"seaweeds"
219,2005,0,"seaweeds"
220,2005,0,"seaweeds"
221,2005,0,"seaweeds"
222,2005,269.128904501644,"seaweeds"
223,2005,56256.3513191094,"seaweeds"
224,2005,350067.85383846,"seaweeds"
227,2005,0,"seaweeds"
228,2005,0,"seaweeds"
231,2005,0,"seaweeds"
232,2005,0,"seaweeds"
237,2005,0,"seaweeds"
244,2005,0,"seaweeds"
245,2005,0,"seaweeds"
247,2005,0,"seaweeds"
248,2005,0,"seaweeds"
249,2005,0,"seaweeds"
250,2005,0,"seaweeds"
1,2006,0,"seaweeds"
2,2006,0,"seaweeds"
3,2006,0,"seaweeds"
4,2006,0,"seaweeds"
5,2006,0,"seaweeds"
6,2006,0,"seaweeds"
7,2006,1235.57936498221,"seaweeds"
8,2006,0,"seaweeds"
9,2006,0.679138460491907,"seaweeds"
10,2006,0,"seaweeds"
11,2006,0,"seaweeds"
12,2006,0,"seaweeds"
13,2006,0,"seaweeds"
14,2006,32150.5564597914,"seaweeds"
15,2006,2173501.48453824,"seaweeds"
16,2006,43910.169624068,"seaweeds"
17,2006,0,"seaweeds"
18,2006,413.776225582736,"seaweeds"
19,2006,0,"seaweeds"
20,2006,94443.0710361715,"seaweeds"
21,2006,257130.296357248,"seaweeds"
24,2006,20709.4482716686,"seaweeds"
25,2006,5306,"seaweeds"
26,2006,0,"seaweeds"
28,2006,0,"seaweeds"
29,2006,0,"seaweeds"
30,2006,0,"seaweeds"
31,2006,0,"seaweeds"
32,2006,0,"seaweeds"
33,2006,0,"seaweeds"
34,2006,0,"seaweeds"
35,2006,0,"seaweeds"
36,2006,0,"seaweeds"
37,2006,0.0321063627347199,"seaweeds"
38,2006,0,"seaweeds"
39,2006,0,"seaweeds"
40,2006,144.422701850268,"seaweeds"
41,2006,227.264888617715,"seaweeds"
42,2006,1011.35042614368,"seaweeds"
43,2006,192.798708221993,"seaweeds"
44,2006,0,"seaweeds"
45,2006,0,"seaweeds"
46,2006,0,"seaweeds"
47,2006,0,"seaweeds"
48,2006,0,"seaweeds"
49,2006,0,"seaweeds"
50,2006,135.134371748743,"seaweeds"
51,2006,0,"seaweeds"
52,2006,0,"seaweeds"
53,2006,0.205437698222288,"seaweeds"
54,2006,396.394157129646,"seaweeds"
55,2006,0,"seaweeds"
56,2006,0,"seaweeds"
57,2006,0,"seaweeds"
58,2006,0,"seaweeds"
59,2006,5403.50120661173,"seaweeds"
60,2006,0,"seaweeds"
61,2006,848,"seaweeds"
62,2006,41400,"seaweeds"
63,2006,0,"seaweeds"
64,2006,0,"seaweeds"
65,2006,0,"seaweeds"
66,2006,45.2320675105485,"seaweeds"
67,2006,0,"seaweeds"
68,2006,0,"seaweeds"
69,2006,70.4887987711776,"seaweeds"
70,2006,2265.44882761316,"seaweeds"
71,2006,0.304742860637192,"seaweeds"
72,2006,15.846628753134,"seaweeds"
73,2006,2210.90945392283,"seaweeds"
74,2006,0,"seaweeds"
75,2006,103.612572616645,"seaweeds"
76,2006,270.719191403315,"seaweeds"
77,2006,0,"seaweeds"
78,2006,9.90985392824114,"seaweeds"
79,2006,24923.2826295265,"seaweeds"
80,2006,83,"seaweeds"
81,2006,0,"seaweeds"
82,2006,0,"seaweeds"
84,2006,0,"seaweeds"
85,2006,0,"seaweeds"
86,2006,0,"seaweeds"
88,2006,0,"seaweeds"
89,2006,0,"seaweeds"
90,2006,0,"seaweeds"
91,2006,0,"seaweeds"
92,2006,0,"seaweeds"
93,2006,0,"seaweeds"
94,2006,0,"seaweeds"
95,2006,0,"seaweeds"
96,2006,0,"seaweeds"
97,2006,0,"seaweeds"
98,2006,0,"seaweeds"
99,2006,0,"seaweeds"
100,2006,0,"seaweeds"
101,2006,112.422324378021,"seaweeds"
102,2006,1323.24313084993,"seaweeds"
103,2006,0,"seaweeds"
104,2006,0,"seaweeds"
105,2006,0,"seaweeds"
106,2006,0,"seaweeds"
107,2006,0,"seaweeds"
108,2006,0,"seaweeds"
110,2006,0,"seaweeds"
111,2006,0,"seaweeds"
112,2006,23,"seaweeds"
113,2006,0,"seaweeds"
114,2006,0,"seaweeds"
115,2006,0.144177215189873,"seaweeds"
116,2006,0,"seaweeds"
117,2006,0,"seaweeds"
118,2006,0,"seaweeds"
119,2006,0,"seaweeds"
120,2006,48.0590717299578,"seaweeds"
121,2006,0,"seaweeds"
122,2006,80.5950632911393,"seaweeds"
123,2006,0.640787623066104,"seaweeds"
124,2006,1,"seaweeds"
125,2006,0,"seaweeds"
126,2006,0.640787623066104,"seaweeds"
127,2006,0,"seaweeds"
129,2006,20.036245042458,"seaweeds"
130,2006,0,"seaweeds"
131,2006,0,"seaweeds"
132,2006,3.28121631717496,"seaweeds"
133,2006,0,"seaweeds"
134,2006,0,"seaweeds"
135,2006,13454.7095875854,"seaweeds"
136,2006,2.1,"seaweeds"
137,2006,264,"seaweeds"
138,2006,44621.8075666484,"seaweeds"
139,2006,0,"seaweeds"
140,2006,0,"seaweeds"
141,2006,0,"seaweeds"
143,2006,89449.1788350041,"seaweeds"
144,2006,0,"seaweeds"
145,2006,0,"seaweeds"
146,2006,0,"seaweeds"
147,2006,0,"seaweeds"
148,2006,0,"seaweeds"
149,2006,0,"seaweeds"
150,2006,0,"seaweeds"
151,2006,0,"seaweeds"
152,2006,0,"seaweeds"
153,2006,0,"seaweeds"
154,2006,0,"seaweeds"
155,2006,1262.53249511511,"seaweeds"
156,2006,0,"seaweeds"
157,2006,0,"seaweeds"
158,2006,0,"seaweeds"
159,2006,0,"seaweeds"
161,2006,0,"seaweeds"
162,2006,320,"seaweeds"
163,2006,11808.695624689,"seaweeds"
164,2006,0,"seaweeds"
166,2006,0,"seaweeds"
167,2006,0,"seaweeds"
168,2006,0,"seaweeds"
169,2006,0,"seaweeds"
171,2006,725.148806095665,"seaweeds"
172,2006,921,"seaweeds"
173,2006,0,"seaweeds"
174,2006,23,"seaweeds"
175,2006,4181.78326303133,"seaweeds"
176,2006,14370,"seaweeds"
177,2006,8428,"seaweeds"
178,2006,0,"seaweeds"
179,2006,21647.8907481478,"seaweeds"
180,2006,13414.3410479272,"seaweeds"
181,2006,104870.927638053,"seaweeds"
182,2006,18763.6390828618,"seaweeds"
183,2006,6820,"seaweeds"
184,2006,9018.13907465225,"seaweeds"
185,2006,0,"seaweeds"
186,2006,0.183134600482573,"seaweeds"
187,2006,9,"seaweeds"
188,2006,537.967673518766,"seaweeds"
189,2006,405,"seaweeds"
190,2006,0,"seaweeds"
191,2006,0,"seaweeds"
192,2006,0,"seaweeds"
193,2006,0,"seaweeds"
194,2006,0,"seaweeds"
195,2006,0,"seaweeds"
196,2006,0,"seaweeds"
197,2006,0,"seaweeds"
198,2006,0,"seaweeds"
199,2006,0,"seaweeds"
200,2006,0,"seaweeds"
202,2006,33584.34703685,"seaweeds"
203,2006,6224.76225613532,"seaweeds"
204,2006,0,"seaweeds"
205,2006,0,"seaweeds"
206,2006,118166.868422978,"seaweeds"
207,2006,20634.8644243516,"seaweeds"
208,2006,1325,"seaweeds"
209,2006,13298099.6656274,"seaweeds"
210,2006,65613.2029725309,"seaweeds"
212,2006,40161.9847586231,"seaweeds"
213,2006,0,"seaweeds"
214,2006,97.1291689474121,"seaweeds"
215,2006,0,"seaweeds"
216,2006,1224035.04775728,"seaweeds"
218,2006,13113.6102115033,"seaweeds"
219,2006,0,"seaweeds"
220,2006,0,"seaweeds"
221,2006,0,"seaweeds"
222,2006,133,"seaweeds"
223,2006,37981.3690378227,"seaweeds"
224,2006,384512.068475078,"seaweeds"
227,2006,0,"seaweeds"
228,2006,0,"seaweeds"
231,2006,0,"seaweeds"
232,2006,0,"seaweeds"
237,2006,0,"seaweeds"
244,2006,0,"seaweeds"
245,2006,0,"seaweeds"
247,2006,0,"seaweeds"
248,2006,0,"seaweeds"
249,2006,0,"seaweeds"
250,2006,0,"seaweeds"
1,2007,0,"seaweeds"
2,2007,0,"seaweeds"
3,2007,0,"seaweeds"
4,2007,0,"seaweeds"
5,2007,0,"seaweeds"
6,2007,0,"seaweeds"
7,2007,949.190130604684,"seaweeds"
8,2007,0,"seaweeds"
9,2007,0.0394805761676124,"seaweeds"
10,2007,0,"seaweeds"
11,2007,0,"seaweeds"
12,2007,0,"seaweeds"
13,2007,0,"seaweeds"
14,2007,33837.7523950014,"seaweeds"
15,2007,5110532.68292142,"seaweeds"
16,2007,36679.8523992923,"seaweeds"
17,2007,0,"seaweeds"
18,2007,361.56507299431,"seaweeds"
19,2007,0,"seaweeds"
20,2007,104896.673926232,"seaweeds"
21,2007,235099.463110076,"seaweeds"
24,2007,35411.1760666714,"seaweeds"
25,2007,8026,"seaweeds"
26,2007,0,"seaweeds"
28,2007,0,"seaweeds"
29,2007,0,"seaweeds"
30,2007,0,"seaweeds"
31,2007,0,"seaweeds"
32,2007,0,"seaweeds"
33,2007,0,"seaweeds"
34,2007,0,"seaweeds"
35,2007,0,"seaweeds"
36,2007,0,"seaweeds"
37,2007,0.0247221060032543,"seaweeds"
38,2007,0,"seaweeds"
39,2007,0,"seaweeds"
40,2007,77.3311504112055,"seaweeds"
41,2007,259.433780398151,"seaweeds"
42,2007,1184.80693020596,"seaweeds"
43,2007,148.579857079559,"seaweeds"
44,2007,0,"seaweeds"
45,2007,0,"seaweeds"
46,2007,0,"seaweeds"
47,2007,0,"seaweeds"
48,2007,0,"seaweeds"
49,2007,0,"seaweeds"
50,2007,64.0212250545248,"seaweeds"
51,2007,0,"seaweeds"
52,2007,0,"seaweeds"
53,2007,57,"seaweeds"
54,2007,211.270042679932,"seaweeds"
55,2007,0,"seaweeds"
56,2007,0,"seaweeds"
57,2007,0,"seaweeds"
58,2007,0,"seaweeds"
59,2007,5646.83860193635,"seaweeds"
60,2007,0,"seaweeds"
61,2007,919,"seaweeds"
62,2007,38668,"seaweeds"
63,2007,0,"seaweeds"
64,2007,0,"seaweeds"
65,2007,0,"seaweeds"
66,2007,339.664556962025,"seaweeds"
67,2007,0,"seaweeds"
68,2007,0,"seaweeds"
69,2007,47.1,"seaweeds"
70,2007,1881.98582540803,"seaweeds"
71,2007,13.8787212730027,"seaweeds"
72,2007,7,"seaweeds"
73,2007,812.835150212142,"seaweeds"
74,2007,0,"seaweeds"
75,2007,55,"seaweeds"
76,2007,173.337466835126,"seaweeds"
77,2007,0,"seaweeds"
78,2007,5.52183066095276,"seaweeds"
79,2007,16885.0379224117,"seaweeds"
80,2007,30.2692216083724,"seaweeds"
81,2007,0,"seaweeds"
82,2007,0,"seaweeds"
84,2007,0,"seaweeds"
85,2007,0,"seaweeds"
86,2007,0,"seaweeds"
88,2007,0,"seaweeds"
89,2007,0,"seaweeds"
90,2007,0,"seaweeds"
91,2007,0,"seaweeds"
92,2007,0,"seaweeds"
93,2007,0,"seaweeds"
94,2007,0,"seaweeds"
95,2007,0,"seaweeds"
96,2007,0,"seaweeds"
97,2007,0,"seaweeds"
98,2007,0,"seaweeds"
99,2007,0,"seaweeds"
100,2007,0,"seaweeds"
101,2007,98.6570057127692,"seaweeds"
102,2007,1302.7159992281,"seaweeds"
103,2007,0,"seaweeds"
104,2007,0,"seaweeds"
105,2007,0,"seaweeds"
106,2007,0,"seaweeds"
107,2007,0,"seaweeds"
108,2007,0,"seaweeds"
110,2007,0,"seaweeds"
111,2007,0,"seaweeds"
112,2007,6.61474815400844,"seaweeds"
113,2007,0,"seaweeds"
114,2007,0,"seaweeds"
115,2007,0.105835970464135,"seaweeds"
116,2007,0,"seaweeds"
117,2007,0,"seaweeds"
118,2007,0,"seaweeds"
119,2007,0,"seaweeds"
120,2007,26.4589926160338,"seaweeds"
121,2007,0,"seaweeds"
122,2007,45.2845658623418,"seaweeds"
123,2007,0.264589926160338,"seaweeds"
124,2007,0.132294963080169,"seaweeds"
125,2007,0,"seaweeds"
126,2007,2,"seaweeds"
127,2007,0,"seaweeds"
129,2007,16.9780878404296,"seaweeds"
130,2007,0,"seaweeds"
131,2007,0,"seaweeds"
132,2007,1.41390028241771,"seaweeds"
133,2007,0,"seaweeds"
134,2007,0,"seaweeds"
135,2007,10410.3975274901,"seaweeds"
136,2007,0.792310765886715,"seaweeds"
137,2007,393,"seaweeds"
138,2007,29807.3744538359,"seaweeds"
139,2007,0,"seaweeds"
140,2007,0,"seaweeds"
141,2007,0,"seaweeds"
143,2007,59233.3580977977,"seaweeds"
144,2007,0,"seaweeds"
145,2007,0,"seaweeds"
146,2007,0,"seaweeds"
147,2007,1,"seaweeds"
148,2007,0,"seaweeds"
149,2007,0,"seaweeds"
150,2007,0,"seaweeds"
151,2007,0,"seaweeds"
152,2007,0,"seaweeds"
153,2007,0,"seaweeds"
154,2007,0,"seaweeds"
155,2007,2595.94374120956,"seaweeds"
156,2007,0,"seaweeds"
157,2007,0,"seaweeds"
158,2007,0,"seaweeds"
159,2007,0,"seaweeds"
161,2007,0,"seaweeds"
162,2007,948,"seaweeds"
163,2007,19986,"seaweeds"
164,2007,0,"seaweeds"
166,2007,10.5835970464135,"seaweeds"
167,2007,0,"seaweeds"
168,2007,0,"seaweeds"
169,2007,0,"seaweeds"
171,2007,408.028056501043,"seaweeds"
172,2007,483,"seaweeds"
173,2007,0,"seaweeds"
174,2007,39,"seaweeds"
175,2007,2907,"seaweeds"
176,2007,11162,"seaweeds"
177,2007,10706,"seaweeds"
178,2007,0,"seaweeds"
179,2007,33566.2252784091,"seaweeds"
180,2007,10565,"seaweeds"
181,2007,84063.4291491488,"seaweeds"
182,2007,26433.1798699267,"seaweeds"
183,2007,8551.05510436519,"seaweeds"
184,2007,14668.9304717497,"seaweeds"
185,2007,0,"seaweeds"
186,2007,0.136764421683254,"seaweeds"
187,2007,17,"seaweeds"
188,2007,736.734879881437,"seaweeds"
189,2007,165.38028944075,"seaweeds"
190,2007,0,"seaweeds"
191,2007,0,"seaweeds"
192,2007,0,"seaweeds"
193,2007,0,"seaweeds"
194,2007,0,"seaweeds"
195,2007,0,"seaweeds"
196,2007,0,"seaweeds"
197,2007,0,"seaweeds"
198,2007,0,"seaweeds"
199,2007,0,"seaweeds"
200,2007,0,"seaweeds"
202,2007,35751.771617919,"seaweeds"
203,2007,4403.57939841587,"seaweeds"
204,2007,28.641166818965,"seaweeds"
205,2007,0,"seaweeds"
206,2007,149094.623266741,"seaweeds"
207,2007,47044.8597604438,"seaweeds"
208,2007,1477.4731057296,"seaweeds"
209,2007,12432689.3624071,"seaweeds"
210,2007,60898.630710172,"seaweeds"
212,2007,1860.81825621999,"seaweeds"
213,2007,0,"seaweeds"
214,2007,89.5540952943346,"seaweeds"
215,2007,0,"seaweeds"
216,2007,3528138.61002588,"seaweeds"
218,2007,17685.6221828975,"seaweeds"
219,2007,0,"seaweeds"
220,2007,0,"seaweeds"
221,2007,0,"seaweeds"
222,2007,224,"seaweeds"
223,2007,26988.5978417607,"seaweeds"
224,2007,229477.194086629,"seaweeds"
227,2007,0,"seaweeds"
228,2007,0,"seaweeds"
231,2007,1258.30829720705,"seaweeds"
232,2007,0,"seaweeds"
237,2007,0,"seaweeds"
244,2007,0,"seaweeds"
245,2007,0,"seaweeds"
247,2007,0,"seaweeds"
248,2007,0,"seaweeds"
249,2007,0,"seaweeds"
250,2007,0,"seaweeds"
1,2008,0,"seaweeds"
2,2008,0,"seaweeds"
3,2008,0,"seaweeds"
4,2008,0,"seaweeds"
5,2008,0,"seaweeds"
6,2008,0,"seaweeds"
7,2008,1214.85214177215,"seaweeds"
8,2008,0,"seaweeds"
9,2008,0.02959553379508,"seaweeds"
10,2008,0,"seaweeds"
11,2008,0,"seaweeds"
12,2008,0,"seaweeds"
13,2008,0,"seaweeds"
14,2008,34181.8190872888,"seaweeds"
15,2008,5499341.26598132,"seaweeds"
16,2008,43774.5712843154,"seaweeds"
17,2008,0,"seaweeds"
18,2008,544.162974683544,"seaweeds"
19,2008,0,"seaweeds"
20,2008,156577.504657626,"seaweeds"
21,2008,259708.798928952,"seaweeds"
24,2008,20937.4672092178,"seaweeds"
25,2008,7774,"seaweeds"
26,2008,0,"seaweeds"
28,2008,0,"seaweeds"
29,2008,0,"seaweeds"
30,2008,0,"seaweeds"
31,2008,0,"seaweeds"
32,2008,0,"seaweeds"
33,2008,0,"seaweeds"
34,2008,0,"seaweeds"
35,2008,0,"seaweeds"
36,2008,0,"seaweeds"
37,2008,0.00894096769619568,"seaweeds"
38,2008,0,"seaweeds"
39,2008,0,"seaweeds"
40,2008,114.910260667764,"seaweeds"
41,2008,168.179602365441,"seaweeds"
42,2008,1086.32757508777,"seaweeds"
43,2008,107.470431708272,"seaweeds"
44,2008,0,"seaweeds"
45,2008,0,"seaweeds"
46,2008,0,"seaweeds"
47,2008,0,"seaweeds"
48,2008,0,"seaweeds"
49,2008,0,"seaweeds"
50,2008,22.2672521097046,"seaweeds"
51,2008,0,"seaweeds"
52,2008,0,"seaweeds"
53,2008,19.3422014896008,"seaweeds"
54,2008,94.6358214662447,"seaweeds"
55,2008,0,"seaweeds"
56,2008,0,"seaweeds"
57,2008,0,"seaweeds"
58,2008,0,"seaweeds"
59,2008,4979.42235640813,"seaweeds"
60,2008,0,"seaweeds"
61,2008,707.66161324072,"seaweeds"
62,2008,31396,"seaweeds"
63,2008,0,"seaweeds"
64,2008,0,"seaweeds"
65,2008,0,"seaweeds"
66,2008,37.5798779703811,"seaweeds"
67,2008,0,"seaweeds"
68,2008,0,"seaweeds"
69,2008,162,"seaweeds"
70,2008,1751.31911093598,"seaweeds"
71,2008,24.2148514903774,"seaweeds"
72,2008,10,"seaweeds"
73,2008,1323.37279057192,"seaweeds"
74,2008,0,"seaweeds"
75,2008,107,"seaweeds"
76,2008,86.9536194883966,"seaweeds"
77,2008,0,"seaweeds"
78,2008,16,"seaweeds"
79,2008,6859.53834865506,"seaweeds"
80,2008,21.2523901552152,"seaweeds"
81,2008,0,"seaweeds"
82,2008,0,"seaweeds"
84,2008,0,"seaweeds"
85,2008,0,"seaweeds"
86,2008,0,"seaweeds"
88,2008,0,"seaweeds"
89,2008,0,"seaweeds"
90,2008,0,"seaweeds"
91,2008,0,"seaweeds"
92,2008,0,"seaweeds"
93,2008,0,"seaweeds"
94,2008,0,"seaweeds"
95,2008,0,"seaweeds"
96,2008,0,"seaweeds"
97,2008,0,"seaweeds"
98,2008,0,"seaweeds"
99,2008,0,"seaweeds"
100,2008,0,"seaweeds"
101,2008,194,"seaweeds"
102,2008,1658.93025688511,"seaweeds"
103,2008,0,"seaweeds"
104,2008,0,"seaweeds"
105,2008,0,"seaweeds"
106,2008,0,"seaweeds"
107,2008,0,"seaweeds"
108,2008,0,"seaweeds"
110,2008,0,"seaweeds"
111,2008,0,"seaweeds"
112,2008,0.548662003109038,"seaweeds"
113,2008,0,"seaweeds"
114,2008,0,"seaweeds"
115,2008,0.172828530979347,"seaweeds"
116,2008,0,"seaweeds"
117,2008,0,"seaweeds"
118,2008,0,"seaweeds"
119,2008,0.109732400621808,"seaweeds"
120,2008,6.30961303575394,"seaweeds"
121,2008,0,"seaweeds"
122,2008,9.83476640572951,"seaweeds"
123,2008,0.0274331001554519,"seaweeds"
124,2008,0.0274331001554519,"seaweeds"
125,2008,0,"seaweeds"
126,2008,3,"seaweeds"
127,2008,0,"seaweeds"
129,2008,17.360095692522,"seaweeds"
130,2008,0,"seaweeds"
131,2008,0,"seaweeds"
132,2008,1.26494440329046,"seaweeds"
133,2008,0,"seaweeds"
134,2008,0,"seaweeds"
135,2008,2036,"seaweeds"
136,2008,1.13925627982176,"seaweeds"
137,2008,446,"seaweeds"
138,2008,49327.1969759859,"seaweeds"
139,2008,0,"seaweeds"
140,2008,0,"seaweeds"
141,2008,0,"seaweeds"
143,2008,51560.8950013798,"seaweeds"
144,2008,0,"seaweeds"
145,2008,0,"seaweeds"
146,2008,0,"seaweeds"
147,2008,1,"seaweeds"
148,2008,0,"seaweeds"
149,2008,0,"seaweeds"
150,2008,0,"seaweeds"
151,2008,0,"seaweeds"
152,2008,0,"seaweeds"
153,2008,0,"seaweeds"
154,2008,0,"seaweeds"
155,2008,1248.58978552934,"seaweeds"
156,2008,0,"seaweeds"
157,2008,0,"seaweeds"
158,2008,0,"seaweeds"
159,2008,0,"seaweeds"
161,2008,0,"seaweeds"
162,2008,670,"seaweeds"
163,2008,25514,"seaweeds"
164,2008,0,"seaweeds"
166,2008,2.19464801243615,"seaweeds"
167,2008,0,"seaweeds"
168,2008,0,"seaweeds"
169,2008,0,"seaweeds"
171,2008,651.216377803078,"seaweeds"
172,2008,537.026396669676,"seaweeds"
173,2008,0,"seaweeds"
174,2008,47.6461816945817,"seaweeds"
175,2008,3337.37894302138,"seaweeds"
176,2008,16274,"seaweeds"
177,2008,10028,"seaweeds"
178,2008,0,"seaweeds"
179,2008,32481.2211889307,"seaweeds"
180,2008,11784,"seaweeds"
181,2008,109034.638226569,"seaweeds"
182,2008,23038,"seaweeds"
183,2008,5779.01532297583,"seaweeds"
184,2008,10900.0239507613,"seaweeds"
185,2008,0,"seaweeds"
186,2008,0.0571266591503101,"seaweeds"
187,2008,28,"seaweeds"
188,2008,504.993705122273,"seaweeds"
189,2008,218.914888866997,"seaweeds"
190,2008,0,"seaweeds"
191,2008,0,"seaweeds"
192,2008,0,"seaweeds"
193,2008,0,"seaweeds"
194,2008,0,"seaweeds"
195,2008,0,"seaweeds"
196,2008,0,"seaweeds"
197,2008,0,"seaweeds"
198,2008,0,"seaweeds"
199,2008,0,"seaweeds"
200,2008,0,"seaweeds"
202,2008,28892.5515851766,"seaweeds"
203,2008,3381.36849677293,"seaweeds"
204,2008,7.03352781440027,"seaweeds"
205,2008,1069.40582214916,"seaweeds"
206,2008,169803.453038359,"seaweeds"
207,2008,46696.4873939292,"seaweeds"
208,2008,1919,"seaweeds"
209,2008,14359070.9025096,"seaweeds"
210,2008,66821.1927070318,"seaweeds"
212,2008,1581.53600011942,"seaweeds"
213,2008,0,"seaweeds"
214,2008,42.0115733454254,"seaweeds"
215,2008,0,"seaweeds"
216,2008,4938362.83218887,"seaweeds"
218,2008,19207.9667541669,"seaweeds"
219,2008,0,"seaweeds"
220,2008,0,"seaweeds"
221,2008,0,"seaweeds"
222,2008,230,"seaweeds"
223,2008,24587.3613563648,"seaweeds"
224,2008,236004.127170273,"seaweeds"
227,2008,0,"seaweeds"
228,2008,0,"seaweeds"
231,2008,1299.62513108405,"seaweeds"
232,2008,0,"seaweeds"
237,2008,0,"seaweeds"
244,2008,0,"seaweeds"
245,2008,0,"seaweeds"
247,2008,0,"seaweeds"
248,2008,0,"seaweeds"
249,2008,0,"seaweeds"
250,2008,0,"seaweeds"
1,2009,0,"seaweeds"
2,2009,0,"seaweeds"
3,2009,0,"seaweeds"
4,2009,0,"seaweeds"
5,2009,0,"seaweeds"
6,2009,0,"seaweeds"
7,2009,1269.76050759494,"seaweeds"
8,2009,0,"seaweeds"
9,2009,0.0351614442830463,"seaweeds"
10,2009,0,"seaweeds"
11,2009,0,"seaweeds"
12,2009,0,"seaweeds"
13,2009,0,"seaweeds"
14,2009,39307.0129964234,"seaweeds"
15,2009,3697198.42083144,"seaweeds"
16,2009,31343.5085735887,"seaweeds"
17,2009,0,"seaweeds"
18,2009,458.165506329114,"seaweeds"
19,2009,0,"seaweeds"
20,2009,198996.649734454,"seaweeds"
21,2009,276746.675471738,"seaweeds"
24,2009,3619.10437800831,"seaweeds"
25,2009,3292,"seaweeds"
26,2009,0,"seaweeds"
28,2009,0,"seaweeds"
29,2009,0,"seaweeds"
30,2009,0,"seaweeds"
31,2009,0,"seaweeds"
32,2009,0,"seaweeds"
33,2009,0,"seaweeds"
34,2009,0,"seaweeds"
35,2009,0,"seaweeds"
36,2009,0,"seaweeds"
37,2009,0,"seaweeds"
38,2009,0,"seaweeds"
39,2009,0,"seaweeds"
40,2009,97.0783623475046,"seaweeds"
41,2009,181.761364695226,"seaweeds"
42,2009,1578,"seaweeds"
43,2009,0.207454619294899,"seaweeds"
44,2009,0,"seaweeds"
45,2009,0,"seaweeds"
46,2009,0,"seaweeds"
47,2009,0,"seaweeds"
48,2009,0,"seaweeds"
49,2009,0,"seaweeds"
50,2009,4,"seaweeds"
51,2009,0,"seaweeds"
52,2009,0,"seaweeds"
53,2009,41,"seaweeds"
54,2009,359.010357220572,"seaweeds"
55,2009,0,"seaweeds"
56,2009,0,"seaweeds"
57,2009,0,"seaweeds"
58,2009,0,"seaweeds"
59,2009,2986,"seaweeds"
60,2009,0,"seaweeds"
61,2009,217.300072661745,"seaweeds"
62,2009,28694,"seaweeds"
63,2009,0,"seaweeds"
64,2009,0,"seaweeds"
65,2009,0,"seaweeds"
66,2009,51,"seaweeds"
67,2009,0,"seaweeds"
68,2009,0,"seaweeds"
69,2009,120,"seaweeds"
70,2009,938.033510074618,"seaweeds"
71,2009,199,"seaweeds"
72,2009,58,"seaweeds"
73,2009,3362.93979964454,"seaweeds"
74,2009,0,"seaweeds"
75,2009,149.32278751374,"seaweeds"
76,2009,121.550649516108,"seaweeds"
77,2009,0,"seaweeds"
78,2009,18,"seaweeds"
79,2009,13054.6423324178,"seaweeds"
80,2009,26.2569627720473,"seaweeds"
81,2009,0,"seaweeds"
82,2009,0,"seaweeds"
84,2009,0,"seaweeds"
85,2009,0,"seaweeds"
86,2009,0,"seaweeds"
88,2009,0,"seaweeds"
89,2009,0,"seaweeds"
90,2009,0,"seaweeds"
91,2009,0,"seaweeds"
92,2009,0,"seaweeds"
93,2009,0,"seaweeds"
94,2009,0,"seaweeds"
95,2009,0,"seaweeds"
96,2009,0,"seaweeds"
97,2009,0,"seaweeds"
98,2009,0,"seaweeds"
99,2009,0,"seaweeds"
100,2009,0,"seaweeds"
101,2009,898,"seaweeds"
102,2009,3963.59902926881,"seaweeds"
103,2009,0,"seaweeds"
104,2009,0,"seaweeds"
105,2009,0,"seaweeds"
106,2009,0,"seaweeds"
107,2009,0,"seaweeds"
108,2009,0,"seaweeds"
110,2009,0,"seaweeds"
111,2009,0,"seaweeds"
112,2009,8,"seaweeds"
113,2009,0,"seaweeds"
114,2009,0,"seaweeds"
115,2009,0.647383966244726,"seaweeds"
116,2009,0,"seaweeds"
117,2009,0,"seaweeds"
118,2009,0,"seaweeds"
119,2009,0.215794655414909,"seaweeds"
120,2009,28.0533052039381,"seaweeds"
121,2009,0,"seaweeds"
122,2009,36.8361476793249,"seaweeds"
123,2009,0,"seaweeds"
124,2009,0.107897327707454,"seaweeds"
125,2009,0,"seaweeds"
126,2009,1.40266526019691,"seaweeds"
127,2009,0,"seaweeds"
129,2009,9.52609228256431,"seaweeds"
130,2009,0,"seaweeds"
131,2009,0,"seaweeds"
132,2009,3,"seaweeds"
133,2009,0,"seaweeds"
134,2009,0,"seaweeds"
135,2009,1431,"seaweeds"
136,2009,0.833533074724377,"seaweeds"
137,2009,273,"seaweeds"
138,2009,94686.6255675673,"seaweeds"
139,2009,0,"seaweeds"
140,2009,0,"seaweeds"
141,2009,0,"seaweeds"
143,2009,31167.5664138041,"seaweeds"
144,2009,0,"seaweeds"
145,2009,0,"seaweeds"
146,2009,0,"seaweeds"
147,2009,1,"seaweeds"
148,2009,0,"seaweeds"
149,2009,0,"seaweeds"
150,2009,0,"seaweeds"
151,2009,0,"seaweeds"
152,2009,0,"seaweeds"
153,2009,0,"seaweeds"
154,2009,0,"seaweeds"
155,2009,988.247879746835,"seaweeds"
156,2009,0,"seaweeds"
157,2009,0,"seaweeds"
158,2009,0,"seaweeds"
159,2009,0,"seaweeds"
161,2009,0,"seaweeds"
162,2009,637,"seaweeds"
163,2009,23803,"seaweeds"
164,2009,0,"seaweeds"
166,2009,14.0266526019691,"seaweeds"
167,2009,0,"seaweeds"
168,2009,0,"seaweeds"
169,2009,0,"seaweeds"
171,2009,1812.64972467729,"seaweeds"
172,2009,961.455968467014,"seaweeds"
173,2009,0,"seaweeds"
174,2009,45.5654454323996,"seaweeds"
175,2009,2167,"seaweeds"
176,2009,11043,"seaweeds"
177,2009,8373,"seaweeds"
178,2009,110,"seaweeds"
179,2009,34583.6971478796,"seaweeds"
180,2009,12360,"seaweeds"
181,2009,86022.4833020993,"seaweeds"
182,2009,25654.246126598,"seaweeds"
183,2009,7453.39693233798,"seaweeds"
184,2009,15581.1204085944,"seaweeds"
185,2009,0,"seaweeds"
186,2009,0,"seaweeds"
187,2009,10.1447356164728,"seaweeds"
188,2009,731.381923334207,"seaweeds"
189,2009,191,"seaweeds"
190,2009,0,"seaweeds"
191,2009,0,"seaweeds"
192,2009,0,"seaweeds"
193,2009,0,"seaweeds"
194,2009,0,"seaweeds"
195,2009,0,"seaweeds"
196,2009,0,"seaweeds"
197,2009,0,"seaweeds"
198,2009,0,"seaweeds"
199,2009,0,"seaweeds"
200,2009,0,"seaweeds"
202,2009,36429.5495254143,"seaweeds"
203,2009,3759,"seaweeds"
204,2009,48,"seaweeds"
205,2009,1739.7210120188,"seaweeds"
206,2009,246372.387398198,"seaweeds"
207,2009,29406.3302373656,"seaweeds"
208,2009,1261,"seaweeds"
209,2009,16245493.1190181,"seaweeds"
210,2009,69526.2643832781,"seaweeds"
212,2009,2253.72551348828,"seaweeds"
213,2009,0,"seaweeds"
214,2009,77,"seaweeds"
215,2009,0,"seaweeds"
216,2009,4189551.13528668,"seaweeds"
218,2009,23850.1779895472,"seaweeds"
219,2009,0,"seaweeds"
220,2009,0,"seaweeds"
221,2009,0,"seaweeds"
222,2009,351,"seaweeds"
223,2009,12453.7978878155,"seaweeds"
224,2009,422872.275948468,"seaweeds"
227,2009,0,"seaweeds"
228,2009,0,"seaweeds"
231,2009,864.475250351472,"seaweeds"
232,2009,0,"seaweeds"
237,2009,0,"seaweeds"
244,2009,0,"seaweeds"
245,2009,0,"seaweeds"
247,2009,0,"seaweeds"
248,2009,0,"seaweeds"
249,2009,0,"seaweeds"
250,2009,0,"seaweeds"
1,2010,0,"seaweeds"
2,2010,0,"seaweeds"
3,2010,0,"seaweeds"
4,2010,0,"seaweeds"
5,2010,0,"seaweeds"
6,2010,0,"seaweeds"
7,2010,3727.57570492872,"seaweeds"
8,2010,0,"seaweeds"
9,2010,0.117219710669078,"seaweeds"
10,2010,0,"seaweeds"
11,2010,0,"seaweeds"
12,2010,0,"seaweeds"
13,2010,0,"seaweeds"
14,2010,40856.0783330294,"seaweeds"
15,2010,4202962.15260069,"seaweeds"
16,2010,34666.1788805469,"seaweeds"
17,2010,113.320839816645,"seaweeds"
18,2010,594.934409037386,"seaweeds"
19,2010,0,"seaweeds"
20,2010,224217.72624963,"seaweeds"
21,2010,299577.237443378,"seaweeds"
24,2010,27.437557552067,"seaweeds"
25,2010,3617,"seaweeds"
26,2010,0,"seaweeds"
28,2010,0,"seaweeds"
29,2010,0,"seaweeds"
30,2010,0,"seaweeds"
31,2010,0,"seaweeds"
32,2010,0,"seaweeds"
33,2010,0,"seaweeds"
34,2010,0,"seaweeds"
35,2010,0,"seaweeds"
36,2010,0,"seaweeds"
37,2010,0,"seaweeds"
38,2010,0,"seaweeds"
39,2010,0,"seaweeds"
40,2010,327.706552204535,"seaweeds"
41,2010,134.259401182016,"seaweeds"
42,2010,1128,"seaweeds"
43,2010,3.09739234551352,"seaweeds"
44,2010,0,"seaweeds"
45,2010,0,"seaweeds"
46,2010,0,"seaweeds"
47,2010,0,"seaweeds"
48,2010,0,"seaweeds"
49,2010,0,"seaweeds"
50,2010,1.05755514122972,"seaweeds"
51,2010,0,"seaweeds"
52,2010,0,"seaweeds"
53,2010,69.1863332408625,"seaweeds"
54,2010,234,"seaweeds"
55,2010,0,"seaweeds"
56,2010,0,"seaweeds"
57,2010,0,"seaweeds"
58,2010,0,"seaweeds"
59,2010,3510,"seaweeds"
60,2010,0,"seaweeds"
61,2010,216.067978233856,"seaweeds"
62,2010,32104,"seaweeds"
63,2010,0,"seaweeds"
64,2010,0,"seaweeds"
65,2010,0,"seaweeds"
66,2010,37,"seaweeds"
67,2010,0,"seaweeds"
68,2010,0,"seaweeds"
69,2010,234,"seaweeds"
70,2010,1004.64997050543,"seaweeds"
71,2010,580,"seaweeds"
72,2010,1088.38526363223,"seaweeds"
73,2010,4197.74397042027,"seaweeds"
74,2010,0,"seaweeds"
75,2010,202.31677682841,"seaweeds"
76,2010,40.3986063949754,"seaweeds"
77,2010,0,"seaweeds"
78,2010,11,"seaweeds"
79,2010,10681.6241929626,"seaweeds"
80,2010,99,"seaweeds"
81,2010,0,"seaweeds"
82,2010,0,"seaweeds"
84,2010,0,"seaweeds"
85,2010,0,"seaweeds"
86,2010,0,"seaweeds"
88,2010,0,"seaweeds"
89,2010,0,"seaweeds"
90,2010,0,"seaweeds"
91,2010,0,"seaweeds"
92,2010,0,"seaweeds"
93,2010,0,"seaweeds"
94,2010,0,"seaweeds"
95,2010,0,"seaweeds"
96,2010,0,"seaweeds"
97,2010,0,"seaweeds"
98,2010,0,"seaweeds"
99,2010,0,"seaweeds"
100,2010,0,"seaweeds"
101,2010,215,"seaweeds"
102,2010,1579.95873755878,"seaweeds"
103,2010,0,"seaweeds"
104,2010,0,"seaweeds"
105,2010,0,"seaweeds"
106,2010,0,"seaweeds"
107,2010,0,"seaweeds"
108,2010,0,"seaweeds"
110,2010,0,"seaweeds"
111,2010,0,"seaweeds"
112,2010,4,"seaweeds"
113,2010,0,"seaweeds"
114,2010,0,"seaweeds"
115,2010,0.334177100238211,"seaweeds"
116,2010,0,"seaweeds"
117,2010,0,"seaweeds"
118,2010,0,"seaweeds"
119,2010,0.148523155661427,"seaweeds"
120,2010,16.1518931781802,"seaweeds"
121,2010,0,"seaweeds"
122,2010,22.2478404483589,"seaweeds"
123,2010,0,"seaweeds"
124,2010,0,"seaweeds"
125,2010,0,"seaweeds"
126,2010,1.22531603420677,"seaweeds"
127,2010,0,"seaweeds"
129,2010,5.01793248945148,"seaweeds"
130,2010,0,"seaweeds"
131,2010,0,"seaweeds"
132,2010,2,"seaweeds"
133,2010,0,"seaweeds"
134,2010,0,"seaweeds"
135,2010,2057,"seaweeds"
136,2010,0.286738999397227,"seaweeds"
137,2010,562,"seaweeds"
138,2010,115379.473697288,"seaweeds"
139,2010,0,"seaweeds"
140,2010,0,"seaweeds"
141,2010,0,"seaweeds"
143,2010,29860.6008871546,"seaweeds"
144,2010,0,"seaweeds"
145,2010,0,"seaweeds"
146,2010,0,"seaweeds"
147,2010,2,"seaweeds"
148,2010,0,"seaweeds"
149,2010,0,"seaweeds"
150,2010,0,"seaweeds"
151,2010,0,"seaweeds"
152,2010,0,"seaweeds"
153,2010,0,"seaweeds"
154,2010,0,"seaweeds"
155,2010,630.030047468354,"seaweeds"
156,2010,0,"seaweeds"
157,2010,0,"seaweeds"
158,2010,0,"seaweeds"
159,2010,0,"seaweeds"
161,2010,0,"seaweeds"
162,2010,1617,"seaweeds"
163,2010,21757,"seaweeds"
164,2010,0,"seaweeds"
166,2010,22,"seaweeds"
167,2010,0,"seaweeds"
168,2010,0,"seaweeds"
169,2010,0,"seaweeds"
171,2010,2832.84336923457,"seaweeds"
172,2010,805.083374427222,"seaweeds"
173,2010,0,"seaweeds"
174,2010,69.3393384551296,"seaweeds"
175,2010,2792,"seaweeds"
176,2010,16615,"seaweeds"
177,2010,10066,"seaweeds"
178,2010,189,"seaweeds"
179,2010,34189.4566588469,"seaweeds"
180,2010,10618.1640287622,"seaweeds"
181,2010,117445.430601111,"seaweeds"
182,2010,28599.8006314853,"seaweeds"
183,2010,7409.97771048421,"seaweeds"
184,2010,15627.4944042383,"seaweeds"
185,2010,0,"seaweeds"
186,2010,0,"seaweeds"
187,2010,18,"seaweeds"
188,2010,627.957457401577,"seaweeds"
189,2010,422,"seaweeds"
190,2010,0,"seaweeds"
191,2010,0,"seaweeds"
192,2010,0,"seaweeds"
193,2010,0,"seaweeds"
194,2010,0,"seaweeds"
195,2010,0,"seaweeds"
196,2010,0,"seaweeds"
197,2010,0,"seaweeds"
198,2010,0,"seaweeds"
199,2010,0,"seaweeds"
200,2010,0,"seaweeds"
202,2010,33311.1418420666,"seaweeds"
203,2010,11909.3778117979,"seaweeds"
204,2010,104.513686918157,"seaweeds"
205,2010,3017.0925320368,"seaweeds"
206,2010,295090.037548376,"seaweeds"
207,2010,33284.1245975996,"seaweeds"
208,2010,1529,"seaweeds"
209,2010,18533630.9094389,"seaweeds"
210,2010,71396.5053406551,"seaweeds"
212,2010,10230.1158092224,"seaweeds"
213,2010,0,"seaweeds"
214,2010,232,"seaweeds"
215,2010,0,"seaweeds"
216,2010,6065765.7566243,"seaweeds"
218,2010,24919.8683127983,"seaweeds"
219,2010,0,"seaweeds"
220,2010,0,"seaweeds"
221,2010,0,"seaweeds"
222,2010,658,"seaweeds"
223,2010,10411.8409750035,"seaweeds"
224,2010,429166.757005606,"seaweeds"
227,2010,0,"seaweeds"
228,2010,0,"seaweeds"
231,2010,1562.02653226651,"seaweeds"
232,2010,0,"seaweeds"
237,2010,0,"seaweeds"
244,2010,0,"seaweeds"
245,2010,0,"seaweeds"
247,2010,0,"seaweeds"
248,2010,0,"seaweeds"
249,2010,0,"seaweeds"
250,2010,0,"seaweeds"
1,2011,0,"seaweeds"
2,2011,0,"seaweeds"
3,2011,0,"seaweeds"
4,2011,0,"seaweeds"
5,2011,0,"seaweeds"
6,2011,0,"seaweeds"
7,2011,9016.19401683127,"seaweeds"
8,2011,0,"seaweeds"
9,2011,0,"seaweeds"
10,2011,0,"seaweeds"
11,2011,0,"seaweeds"
12,2011,0,"seaweeds"
13,2011,0,"seaweeds"
14,2011,35999.7781964453,"seaweeds"
15,2011,5901743.81478653,"seaweeds"
16,2011,23421.3468654,"seaweeds"
17,2011,323.498985718922,"seaweeds"
18,2011,886.471246580424,"seaweeds"
19,2011,0,"seaweeds"
20,2011,243340.886013315,"seaweeds"
21,2011,320767.392108909,"seaweeds"
24,2011,36.6946656590391,"seaweeds"
25,2011,3126,"seaweeds"
26,2011,0,"seaweeds"
28,2011,0,"seaweeds"
29,2011,0,"seaweeds"
30,2011,0,"seaweeds"
31,2011,0,"seaweeds"
32,2011,0,"seaweeds"
33,2011,0,"seaweeds"
34,2011,0,"seaweeds"
35,2011,0,"seaweeds"
36,2011,0,"seaweeds"
37,2011,0,"seaweeds"
38,2011,0,"seaweeds"
39,2011,0,"seaweeds"
40,2011,320.039873629516,"seaweeds"
41,2011,80.2204394748032,"seaweeds"
42,2011,1015.41981501391,"seaweeds"
43,2011,15.6833703763056,"seaweeds"
44,2011,0,"seaweeds"
45,2011,0,"seaweeds"
46,2011,0,"seaweeds"
47,2011,0,"seaweeds"
48,2011,0,"seaweeds"
49,2011,0,"seaweeds"
50,2011,0.684519000838772,"seaweeds"
51,2011,0,"seaweeds"
52,2011,0,"seaweeds"
53,2011,26.9060070750478,"seaweeds"
54,2011,147,"seaweeds"
55,2011,0,"seaweeds"
56,2011,0,"seaweeds"
57,2011,0,"seaweeds"
58,2011,0,"seaweeds"
59,2011,3375.33478464223,"seaweeds"
60,2011,0,"seaweeds"
61,2011,185.65652644607,"seaweeds"
62,2011,29195,"seaweeds"
63,2011,0,"seaweeds"
64,2011,0,"seaweeds"
65,2011,0,"seaweeds"
66,2011,30.0741172551632,"seaweeds"
67,2011,0,"seaweeds"
68,2011,0,"seaweeds"
69,2011,398,"seaweeds"
70,2011,765.413165519996,"seaweeds"
71,2011,445,"seaweeds"
72,2011,8367.29103961184,"seaweeds"
73,2011,7691.08247372176,"seaweeds"
74,2011,0,"seaweeds"
75,2011,171.264038650665,"seaweeds"
76,2011,112,"seaweeds"
77,2011,0,"seaweeds"
78,2011,2.80652790343896,"seaweeds"
79,2011,9466,"seaweeds"
80,2011,246.1,"seaweeds"
81,2011,0,"seaweeds"
82,2011,0,"seaweeds"
84,2011,0,"seaweeds"
85,2011,0,"seaweeds"
86,2011,0,"seaweeds"
88,2011,0,"seaweeds"
89,2011,0,"seaweeds"
90,2011,0,"seaweeds"
91,2011,0,"seaweeds"
92,2011,0,"seaweeds"
93,2011,0,"seaweeds"
94,2011,0,"seaweeds"
95,2011,0,"seaweeds"
96,2011,0,"seaweeds"
97,2011,0,"seaweeds"
98,2011,0,"seaweeds"
99,2011,0,"seaweeds"
100,2011,0,"seaweeds"
101,2011,210.310339598535,"seaweeds"
102,2011,1675.23757590259,"seaweeds"
103,2011,0,"seaweeds"
104,2011,0,"seaweeds"
105,2011,0,"seaweeds"
106,2011,0,"seaweeds"
107,2011,0,"seaweeds"
108,2011,0,"seaweeds"
110,2011,0,"seaweeds"
111,2011,0,"seaweeds"
112,2011,0.848101265822785,"seaweeds"
113,2011,0,"seaweeds"
114,2011,0,"seaweeds"
115,2011,0.120854430379747,"seaweeds"
116,2011,0,"seaweeds"
117,2011,0,"seaweeds"
118,2011,0,"seaweeds"
119,2011,0.0424050632911392,"seaweeds"
120,2011,6.78481012658228,"seaweeds"
121,2011,0,"seaweeds"
122,2011,8.62518987341772,"seaweeds"
123,2011,0,"seaweeds"
124,2011,0,"seaweeds"
125,2011,0,"seaweeds"
126,2011,0.445253164556962,"seaweeds"
127,2011,0,"seaweeds"
129,2011,3.22641334044651,"seaweeds"
130,2011,4,"seaweeds"
131,2011,0,"seaweeds"
132,2011,0.250422575389904,"seaweeds"
133,2011,0,"seaweeds"
134,2011,0,"seaweeds"
135,2011,4526.65791664646,"seaweeds"
136,2011,1.29056533617861,"seaweeds"
137,2011,580,"seaweeds"
138,2011,102926.683556155,"seaweeds"
139,2011,0,"seaweeds"
140,2011,0,"seaweeds"
141,2011,0,"seaweeds"
143,2011,31290.0731546464,"seaweeds"
144,2011,0,"seaweeds"
145,2011,0,"seaweeds"
146,2011,0,"seaweeds"
147,2011,0.118100082810836,"seaweeds"
148,2011,0,"seaweeds"
149,2011,0,"seaweeds"
150,2011,0,"seaweeds"
151,2011,0,"seaweeds"
152,2011,0,"seaweeds"
153,2011,0,"seaweeds"
154,2011,0,"seaweeds"
155,2011,191,"seaweeds"
156,2011,0,"seaweeds"
157,2011,0,"seaweeds"
158,2011,0,"seaweeds"
159,2011,0,"seaweeds"
161,2011,0,"seaweeds"
162,2011,1491,"seaweeds"
163,2011,24983,"seaweeds"
164,2011,0,"seaweeds"
166,2011,1.92943037974684,"seaweeds"
167,2011,0,"seaweeds"
168,2011,0,"seaweeds"
169,2011,0,"seaweeds"
171,2011,2821.01031176727,"seaweeds"
172,2011,613.660520992961,"seaweeds"
173,2011,0,"seaweeds"
174,2011,76.7331494255635,"seaweeds"
175,2011,4264.97764841892,"seaweeds"
176,2011,18447,"seaweeds"
177,2011,11521,"seaweeds"
178,2011,153.358204351395,"seaweeds"
179,2011,31051.1289581394,"seaweeds"
180,2011,14766.8683116751,"seaweeds"
181,2011,197206.325500071,"seaweeds"
182,2011,37082.5451371074,"seaweeds"
183,2011,6778.44246705005,"seaweeds"
184,2011,16446.8556146628,"seaweeds"
185,2011,0,"seaweeds"
186,2011,0,"seaweeds"
187,2011,13.8004217892037,"seaweeds"
188,2011,749.348781849925,"seaweeds"
189,2011,859,"seaweeds"
190,2011,0,"seaweeds"
191,2011,0,"seaweeds"
192,2011,0,"seaweeds"
193,2011,0,"seaweeds"
194,2011,0,"seaweeds"
195,2011,0,"seaweeds"
196,2011,24,"seaweeds"
197,2011,0,"seaweeds"
198,2011,0,"seaweeds"
199,2011,0,"seaweeds"
200,2011,0,"seaweeds"
202,2011,38446.3494095451,"seaweeds"
203,2011,11383.2533533852,"seaweeds"
204,2011,174,"seaweeds"
205,2011,5000.13034688355,"seaweeds"
206,2011,261881.935211597,"seaweeds"
207,2011,44664.6361028211,"seaweeds"
208,2011,1672,"seaweeds"
209,2011,20937265.9418107,"seaweeds"
210,2011,68554.3478473535,"seaweeds"
212,2011,2271.8025,"seaweeds"
213,2011,0,"seaweeds"
214,2011,240,"seaweeds"
215,2011,0,"seaweeds"
216,2011,10705963.5007282,"seaweeds"
218,2011,28118.6308189423,"seaweeds"
219,2011,0,"seaweeds"
220,2011,0,"seaweeds"
221,2011,0,"seaweeds"
222,2011,610,"seaweeds"
223,2011,9402.15542864175,"seaweeds"
224,2011,326677.188680788,"seaweeds"
227,2011,0,"seaweeds"
228,2011,0,"seaweeds"
231,2011,2035.27389760019,"seaweeds"
232,2011,0,"seaweeds"
237,2011,0,"seaweeds"
244,2011,0,"seaweeds"
245,2011,0,"seaweeds"
247,2011,0,"seaweeds"
248,2011,0,"seaweeds"
249,2011,0,"seaweeds"
250,2011,0.1,"seaweeds"
1,2012,0,"seaweeds"
2,2012,0,"seaweeds"
3,2012,0,"seaweeds"
4,2012,0,"seaweeds"
5,2012,0,"seaweeds"
6,2012,0,"seaweeds"
7,2012,6678.32758371338,"seaweeds"
8,2012,0,"seaweeds"
9,2012,0,"seaweeds"
10,2012,0,"seaweeds"
11,2012,0,"seaweeds"
12,2012,0,"seaweeds"
13,2012,0,"seaweeds"
14,2012,39412.256555104,"seaweeds"
15,2012,5882318.55394593,"seaweeds"
16,2012,14583.4194802234,"seaweeds"
17,2012,614.927877651766,"seaweeds"
18,2012,450.414705189086,"seaweeds"
19,2012,0,"seaweeds"
20,2012,324731.403805193,"seaweeds"
21,2012,418629.401561673,"seaweeds"
24,2012,57.1660604858876,"seaweeds"
25,2012,4165,"seaweeds"
26,2012,0,"seaweeds"
28,2012,0,"seaweeds"
29,2012,0,"seaweeds"
30,2012,0,"seaweeds"
31,2012,0,"seaweeds"
32,2012,0,"seaweeds"
33,2012,0,"seaweeds"
34,2012,0,"seaweeds"
35,2012,0,"seaweeds"
36,2012,0,"seaweeds"
37,2012,0,"seaweeds"
38,2012,0,"seaweeds"
39,2012,0,"seaweeds"
40,2012,159.281991427533,"seaweeds"
41,2012,20.414085891028,"seaweeds"
42,2012,863.281837739561,"seaweeds"
43,2012,48.4128519154815,"seaweeds"
44,2012,0,"seaweeds"
45,2012,0,"seaweeds"
46,2012,0,"seaweeds"
47,2012,0,"seaweeds"
48,2012,0,"seaweeds"
49,2012,0,"seaweeds"
50,2012,0.976192059716288,"seaweeds"
51,2012,0,"seaweeds"
52,2012,0,"seaweeds"
53,2012,20.8034728311648,"seaweeds"
54,2012,197.19079606269,"seaweeds"
55,2012,0,"seaweeds"
56,2012,0,"seaweeds"
57,2012,0,"seaweeds"
58,2012,0,"seaweeds"
59,2012,3427,"seaweeds"
60,2012,0,"seaweeds"
61,2012,278.791324554162,"seaweeds"
62,2012,38947,"seaweeds"
63,2012,0,"seaweeds"
64,2012,0,"seaweeds"
65,2012,0,"seaweeds"
66,2012,118,"seaweeds"
67,2012,0,"seaweeds"
68,2012,0,"seaweeds"
69,2012,504,"seaweeds"
70,2012,202.983523965878,"seaweeds"
71,2012,271,"seaweeds"
72,2012,12904.6325775582,"seaweeds"
73,2012,18327.8946434103,"seaweeds"
74,2012,0.390476823886515,"seaweeds"
75,2012,138.507772185432,"seaweeds"
76,2012,44.0262618932046,"seaweeds"
77,2012,0,"seaweeds"
78,2012,12.1,"seaweeds"
79,2012,12820.7207970779,"seaweeds"
80,2012,225,"seaweeds"
81,2012,0,"seaweeds"
82,2012,0,"seaweeds"
84,2012,0,"seaweeds"
85,2012,0,"seaweeds"
86,2012,0,"seaweeds"
88,2012,0,"seaweeds"
89,2012,0,"seaweeds"
90,2012,0,"seaweeds"
91,2012,0,"seaweeds"
92,2012,0,"seaweeds"
93,2012,0,"seaweeds"
94,2012,0,"seaweeds"
95,2012,0,"seaweeds"
96,2012,0,"seaweeds"
97,2012,0,"seaweeds"
98,2012,0,"seaweeds"
99,2012,0,"seaweeds"
100,2012,0,"seaweeds"
101,2012,220.295214631765,"seaweeds"
102,2012,1909.83585242091,"seaweeds"
103,2012,0,"seaweeds"
104,2012,0,"seaweeds"
105,2012,0,"seaweeds"
106,2012,0,"seaweeds"
107,2012,0,"seaweeds"
108,2012,0,"seaweeds"
110,2012,0,"seaweeds"
111,2012,0,"seaweeds"
112,2012,3.62652405481775,"seaweeds"
113,2012,0,"seaweeds"
114,2012,0,"seaweeds"
115,2012,24,"seaweeds"
116,2012,0,"seaweeds"
117,2012,0,"seaweeds"
118,2012,0,"seaweeds"
119,2012,2,"seaweeds"
120,2012,29.012192438542,"seaweeds"
121,2012,0,"seaweeds"
122,2012,43.4910897274018,"seaweeds"
123,2012,0,"seaweeds"
124,2012,0,"seaweeds"
125,2012,0,"seaweeds"
126,2012,4,"seaweeds"
127,2012,0.362652405481775,"seaweeds"
129,2012,0,"seaweeds"
130,2012,1,"seaweeds"
131,2012,0,"seaweeds"
132,2012,0.282450053777322,"seaweeds"
133,2012,0,"seaweeds"
134,2012,0,"seaweeds"
135,2012,2250.14386575192,"seaweeds"
136,2012,4,"seaweeds"
137,2012,643,"seaweeds"
138,2012,124754.516902744,"seaweeds"
139,2012,0,"seaweeds"
140,2012,0,"seaweeds"
141,2012,0,"seaweeds"
143,2012,17338.1089344685,"seaweeds"
144,2012,0,"seaweeds"
145,2012,0.643881122810081,"seaweeds"
146,2012,0,"seaweeds"
147,2012,1,"seaweeds"
148,2012,0,"seaweeds"
149,2012,0,"seaweeds"
150,2012,0,"seaweeds"
151,2012,0,"seaweeds"
152,2012,0,"seaweeds"
153,2012,0,"seaweeds"
154,2012,0,"seaweeds"
155,2012,596.496796253478,"seaweeds"
156,2012,0,"seaweeds"
157,2012,0,"seaweeds"
158,2012,0,"seaweeds"
159,2012,0,"seaweeds"
161,2012,0,"seaweeds"
162,2012,2753.1,"seaweeds"
163,2012,19814,"seaweeds"
164,2012,34.9675285341579,"seaweeds"
166,2012,8.34100532608081,"seaweeds"
167,2012,0,"seaweeds"
168,2012,0,"seaweeds"
169,2012,0,"seaweeds"
171,2012,3751.64283929728,"seaweeds"
172,2012,631.558320246092,"seaweeds"
173,2012,0,"seaweeds"
174,2012,133.144325860289,"seaweeds"
175,2012,5104,"seaweeds"
176,2012,13069,"seaweeds"
177,2012,9790,"seaweeds"
178,2012,265.310662214348,"seaweeds"
179,2012,28731.5870460225,"seaweeds"
180,2012,11388.6473597033,"seaweeds"
181,2012,175042.302641535,"seaweeds"
182,2012,27431,"seaweeds"
183,2012,5993,"seaweeds"
184,2012,10633,"seaweeds"
185,2012,0,"seaweeds"
186,2012,0,"seaweeds"
187,2012,15.397181046057,"seaweeds"
188,2012,306,"seaweeds"
189,2012,591,"seaweeds"
190,2012,0,"seaweeds"
191,2012,0,"seaweeds"
192,2012,0,"seaweeds"
193,2012,0,"seaweeds"
194,2012,0,"seaweeds"
195,2012,0,"seaweeds"
196,2012,30,"seaweeds"
197,2012,0,"seaweeds"
198,2012,0,"seaweeds"
199,2012,0,"seaweeds"
200,2012,0,"seaweeds"
202,2012,43153.3301134377,"seaweeds"
203,2012,9010,"seaweeds"
204,2012,150.407379748865,"seaweeds"
205,2012,7349.36541396212,"seaweeds"
206,2012,264139.805819809,"seaweeds"
207,2012,47167.8257949627,"seaweeds"
208,2012,2183,"seaweeds"
209,2012,29213791.7186753,"seaweeds"
210,2012,86622.4189458011,"seaweeds"
212,2012,33351.631253243,"seaweeds"
213,2012,0,"seaweeds"
214,2012,399.912305650885,"seaweeds"
215,2012,0,"seaweeds"
216,2012,13781312.0248528,"seaweeds"
218,2012,30584.6703012556,"seaweeds"
219,2012,0,"seaweeds"
220,2012,0,"seaweeds"
221,2012,0,"seaweeds"
222,2012,277,"seaweeds"
223,2012,4987.18123672549,"seaweeds"
224,2012,390355.507009574,"seaweeds"
227,2012,0,"seaweeds"
228,2012,0,"seaweeds"
231,2012,2005.0155038065,"seaweeds"
232,2012,0,"seaweeds"
237,2012,0,"seaweeds"
244,2012,0,"seaweeds"
245,2012,0,"seaweeds"
247,2012,0.1,"seaweeds"
248,2012,0,"seaweeds"
249,2012,0,"seaweeds"
250,2012,0.1,"seaweeds"
1,2013,0,"seaweeds"
2,2013,0,"seaweeds"
3,2013,0,"seaweeds"
4,2013,0,"seaweeds"
5,2013,0,"seaweeds"
6,2013,0,"seaweeds"
7,2013,10172.8969357069,"seaweeds"
8,2013,0,"seaweeds"
9,2013,0,"seaweeds"
10,2013,0,"seaweeds"
11,2013,0,"seaweeds"
12,2013,0,"seaweeds"
13,2013,0,"seaweeds"
14,2013,31603.4576776703,"seaweeds"
15,2013,6497237.27441515,"seaweeds"
16,2013,11051.2600676057,"seaweeds"
17,2013,1151.68347750576,"seaweeds"
18,2013,449.50555122043,"seaweeds"
19,2013,0,"seaweeds"
20,2013,296871.294739192,"seaweeds"
21,2013,359657.372326531,"seaweeds"
24,2013,64.8099239059287,"seaweeds"
25,2013,6433,"seaweeds"
26,2013,0,"seaweeds"
28,2013,0,"seaweeds"
29,2013,0,"seaweeds"
30,2013,0,"seaweeds"
31,2013,0,"seaweeds"
32,2013,0,"seaweeds"
33,2013,0,"seaweeds"
34,2013,0,"seaweeds"
35,2013,0,"seaweeds"
36,2013,0,"seaweeds"
37,2013,0,"seaweeds"
38,2013,0,"seaweeds"
39,2013,0,"seaweeds"
40,2013,170.104937888728,"seaweeds"
41,2013,0,"seaweeds"
42,2013,868.940855578191,"seaweeds"
43,2013,81.407237734513,"seaweeds"
44,2013,0,"seaweeds"
45,2013,0,"seaweeds"
46,2013,0,"seaweeds"
47,2013,0,"seaweeds"
48,2013,0,"seaweeds"
49,2013,0,"seaweeds"
50,2013,0,"seaweeds"
51,2013,0,"seaweeds"
52,2013,0,"seaweeds"
53,2013,0.0615430310740694,"seaweeds"
54,2013,159.660493462679,"seaweeds"
55,2013,0,"seaweeds"
56,2013,0,"seaweeds"
57,2013,0,"seaweeds"
58,2013,0,"seaweeds"
59,2013,4611,"seaweeds"
60,2013,0,"seaweeds"
61,2013,215.507488714088,"seaweeds"
62,2013,42220,"seaweeds"
63,2013,0,"seaweeds"
64,2013,0,"seaweeds"
65,2013,0,"seaweeds"
66,2013,54.9926715522985,"seaweeds"
67,2013,0,"seaweeds"
68,2013,0,"seaweeds"
69,2013,600,"seaweeds"
70,2013,177.087027682319,"seaweeds"
71,2013,390,"seaweeds"
72,2013,13113.6906122349,"seaweeds"
73,2013,18318.9424033068,"seaweeds"
74,2013,0.414702580422543,"seaweeds"
75,2013,143.108919075273,"seaweeds"
76,2013,101.809483493734,"seaweeds"
77,2013,0,"seaweeds"
78,2013,7.2572951573945,"seaweeds"
79,2013,30077.1340503058,"seaweeds"
80,2013,246,"seaweeds"
81,2013,8.29405160845086,"seaweeds"
82,2013,0,"seaweeds"
84,2013,0,"seaweeds"
85,2013,0,"seaweeds"
86,2013,0,"seaweeds"
88,2013,0,"seaweeds"
89,2013,0,"seaweeds"
90,2013,0,"seaweeds"
91,2013,0,"seaweeds"
92,2013,0,"seaweeds"
93,2013,0,"seaweeds"
94,2013,0,"seaweeds"
95,2013,0,"seaweeds"
96,2013,0,"seaweeds"
97,2013,0,"seaweeds"
98,2013,0,"seaweeds"
99,2013,0,"seaweeds"
100,2013,0,"seaweeds"
101,2013,162.41607811682,"seaweeds"
102,2013,1530.86197896745,"seaweeds"
103,2013,0,"seaweeds"
104,2013,0,"seaweeds"
105,2013,0,"seaweeds"
106,2013,0,"seaweeds"
107,2013,0,"seaweeds"
108,2013,0,"seaweeds"
110,2013,0,"seaweeds"
111,2013,0,"seaweeds"
112,2013,0.693960498658896,"seaweeds"
113,2013,0,"seaweeds"
114,2013,0,"seaweeds"
115,2013,6,"seaweeds"
116,2013,0,"seaweeds"
117,2013,0,"seaweeds"
118,2013,0,"seaweeds"
119,2013,0.443785618508152,"seaweeds"
120,2013,22.2067359570847,"seaweeds"
121,2013,0,"seaweeds"
122,2013,41.9707309588901,"seaweeds"
123,2013,0,"seaweeds"
124,2013,0,"seaweeds"
125,2013,0,"seaweeds"
126,2013,3,"seaweeds"
127,2013,2,"seaweeds"
129,2013,9,"seaweeds"
130,2013,0.0686513026988229,"seaweeds"
131,2013,0,"seaweeds"
132,2013,78.4485936131191,"seaweeds"
133,2013,0,"seaweeds"
134,2013,0,"seaweeds"
135,2013,2595,"seaweeds"
136,2013,0.480559118891761,"seaweeds"
137,2013,219,"seaweeds"
138,2013,129532.347049169,"seaweeds"
139,2013,0,"seaweeds"
140,2013,0,"seaweeds"
141,2013,0,"seaweeds"
143,2013,14770.3586624527,"seaweeds"
144,2013,0,"seaweeds"
145,2013,0.302454359833166,"seaweeds"
146,2013,0,"seaweeds"
147,2013,7,"seaweeds"
148,2013,0,"seaweeds"
149,2013,0,"seaweeds"
150,2013,0,"seaweeds"
151,2013,0,"seaweeds"
152,2013,0,"seaweeds"
153,2013,0,"seaweeds"
154,2013,0,"seaweeds"
155,2013,4393.21076760792,"seaweeds"
156,2013,0,"seaweeds"
157,2013,0,"seaweeds"
158,2013,0,"seaweeds"
159,2013,0,"seaweeds"
161,2013,0,"seaweeds"
162,2013,2503,"seaweeds"
163,2013,23257,"seaweeds"
164,2013,18.5797885624094,"seaweeds"
166,2013,2.98403014423325,"seaweeds"
167,2013,0,"seaweeds"
168,2013,0,"seaweeds"
169,2013,0,"seaweeds"
171,2013,3480.81323716247,"seaweeds"
172,2013,499,"seaweeds"
173,2013,0,"seaweeds"
174,2013,125.236682916659,"seaweeds"
175,2013,5197,"seaweeds"
176,2013,19984,"seaweeds"
177,2013,13129,"seaweeds"
178,2013,271.206413072721,"seaweeds"
179,2013,26668.2886904477,"seaweeds"
180,2013,9651.31862227633,"seaweeds"
181,2013,187332.820348847,"seaweeds"
182,2013,43099.0625001657,"seaweeds"
183,2013,14170.3692616271,"seaweeds"
184,2013,16000.29573504,"seaweeds"
185,2013,0,"seaweeds"
186,2013,0,"seaweeds"
187,2013,24.4430611972123,"seaweeds"
188,2013,634,"seaweeds"
189,2013,529,"seaweeds"
190,2013,0,"seaweeds"
191,2013,0,"seaweeds"
192,2013,0,"seaweeds"
193,2013,0,"seaweeds"
194,2013,0,"seaweeds"
195,2013,0,"seaweeds"
196,2013,406,"seaweeds"
197,2013,0,"seaweeds"
198,2013,0,"seaweeds"
199,2013,0,"seaweeds"
200,2013,0,"seaweeds"
202,2013,44279.179422308,"seaweeds"
203,2013,9095,"seaweeds"
204,2013,193.245117572578,"seaweeds"
205,2013,8709.49592040497,"seaweeds"
206,2013,281244.670294597,"seaweeds"
207,2013,53193.2406510914,"seaweeds"
208,2013,2800,"seaweeds"
209,2013,27325483.0691671,"seaweeds"
210,2013,73843.5439146626,"seaweeds"
212,2013,3243.03727070371,"seaweeds"
213,2013,0,"seaweeds"
214,2013,356.273567831122,"seaweeds"
215,2013,16.5881032169017,"seaweeds"
216,2013,20943164.4088475,"seaweeds"
218,2013,34722.0964989678,"seaweeds"
219,2013,0,"seaweeds"
220,2013,0,"seaweeds"
221,2013,0,"seaweeds"
222,2013,433,"seaweeds"
223,2013,4018.55985192336,"seaweeds"
224,2013,357818.357530616,"seaweeds"
227,2013,0,"seaweeds"
228,2013,0,"seaweeds"
231,2013,2830.66873530306,"seaweeds"
232,2013,0,"seaweeds"
237,2013,0,"seaweeds"
244,2013,0,"seaweeds"
245,2013,0,"seaweeds"
247,2013,0.0271191522454066,"seaweeds"
248,2013,0,"seaweeds"
249,2013,0,"seaweeds"
250,2013,0.1,"seaweeds"
1,2014,0,"seaweeds"
2,2014,0,"seaweeds"
3,2014,0,"seaweeds"
4,2014,0,"seaweeds"
5,2014,0,"seaweeds"
6,2014,0,"seaweeds"
7,2014,9728.82188842556,"seaweeds"
8,2014,0,"seaweeds"
9,2014,0,"seaweeds"
10,2014,0,"seaweeds"
11,2014,0,"seaweeds"
12,2014,0,"seaweeds"
13,2014,0,"seaweeds"
14,2014,23740.6470917767,"seaweeds"
15,2014,7689857.35957863,"seaweeds"
16,2014,10300.3235974078,"seaweeds"
17,2014,1439.61206392485,"seaweeds"
18,2014,486.433682098503,"seaweeds"
19,2014,0,"seaweeds"
20,2014,321841.984858322,"seaweeds"
21,2014,366798.063922446,"seaweeds"
24,2014,29.2505620345986,"seaweeds"
25,2014,5521,"seaweeds"
26,2014,0,"seaweeds"
28,2014,0,"seaweeds"
29,2014,0,"seaweeds"
30,2014,0,"seaweeds"
31,2014,0,"seaweeds"
32,2014,0,"seaweeds"
33,2014,0,"seaweeds"
34,2014,0,"seaweeds"
35,2014,0,"seaweeds"
36,2014,0,"seaweeds"
37,2014,0.1,"seaweeds"
38,2014,0,"seaweeds"
39,2014,0,"seaweeds"
40,2014,392.442951926149,"seaweeds"
41,2014,0,"seaweeds"
42,2014,1426.88029417463,"seaweeds"
43,2014,142.227880392663,"seaweeds"
44,2014,0,"seaweeds"
45,2014,0,"seaweeds"
46,2014,0,"seaweeds"
47,2014,0,"seaweeds"
48,2014,0,"seaweeds"
49,2014,0,"seaweeds"
50,2014,0,"seaweeds"
51,2014,0,"seaweeds"
52,2014,0,"seaweeds"
53,2014,0,"seaweeds"
54,2014,46.6709468130131,"seaweeds"
55,2014,0,"seaweeds"
56,2014,0,"seaweeds"
57,2014,0,"seaweeds"
58,2014,0,"seaweeds"
59,2014,5910,"seaweeds"
60,2014,0,"seaweeds"
61,2014,1166,"seaweeds"
62,2014,40119.5077224628,"seaweeds"
63,2014,0,"seaweeds"
64,2014,0,"seaweeds"
65,2014,0,"seaweeds"
66,2014,233.98815713417,"seaweeds"
67,2014,0,"seaweeds"
68,2014,0,"seaweeds"
69,2014,1361,"seaweeds"
70,2014,60.8917104177756,"seaweeds"
71,2014,419,"seaweeds"
72,2014,7370.56282984782,"seaweeds"
73,2014,18462.5814237521,"seaweeds"
74,2014,0.270556213408772,"seaweeds"
75,2014,97.1893665965968,"seaweeds"
76,2014,95.3710652265921,"seaweeds"
77,2014,24.3500592067895,"seaweeds"
78,2014,8.1,"seaweeds"
79,2014,26623.5430680634,"seaweeds"
80,2014,216,"seaweeds"
81,2014,4.05834320113158,"seaweeds"
82,2014,24.3613678835314,"seaweeds"
84,2014,0,"seaweeds"
85,2014,0,"seaweeds"
86,2014,0,"seaweeds"
88,2014,0,"seaweeds"
89,2014,0,"seaweeds"
90,2014,0,"seaweeds"
91,2014,0,"seaweeds"
92,2014,0,"seaweeds"
93,2014,0,"seaweeds"
94,2014,0,"seaweeds"
95,2014,0,"seaweeds"
96,2014,0,"seaweeds"
97,2014,0,"seaweeds"
98,2014,0,"seaweeds"
99,2014,0,"seaweeds"
100,2014,0,"seaweeds"
101,2014,102.845255017145,"seaweeds"
102,2014,2337,"seaweeds"
103,2014,0,"seaweeds"
104,2014,0,"seaweeds"
105,2014,0,"seaweeds"
106,2014,0,"seaweeds"
107,2014,0,"seaweeds"
108,2014,0,"seaweeds"
110,2014,0,"seaweeds"
111,2014,0,"seaweeds"
112,2014,0,"seaweeds"
113,2014,0,"seaweeds"
114,2014,0,"seaweeds"
115,2014,8,"seaweeds"
116,2014,0,"seaweeds"
117,2014,0,"seaweeds"
118,2014,0,"seaweeds"
119,2014,0.413353823248527,"seaweeds"
120,2014,24.517881849701,"seaweeds"
121,2014,0,"seaweeds"
122,2014,49.9245369164536,"seaweeds"
123,2014,0,"seaweeds"
124,2014,0,"seaweeds"
125,2014,0,"seaweeds"
126,2014,3.08047658684924,"seaweeds"
127,2014,2.41092504855393,"seaweeds"
129,2014,99.630483487328,"seaweeds"
130,2014,16,"seaweeds"
131,2014,0,"seaweeds"
132,2014,116.818473682141,"seaweeds"
133,2014,0,"seaweeds"
134,2014,0,"seaweeds"
135,2014,6552,"seaweeds"
136,2014,2.53604867058653,"seaweeds"
137,2014,381,"seaweeds"
138,2014,198509.732742597,"seaweeds"
139,2014,0,"seaweeds"
140,2014,0,"seaweeds"
141,2014,21.0099642052172,"seaweeds"
143,2014,24979.5459377959,"seaweeds"
144,2014,0,"seaweeds"
145,2014,0.309881477953056,"seaweeds"
146,2014,0,"seaweeds"
147,2014,1,"seaweeds"
148,2014,0,"seaweeds"
149,2014,0,"seaweeds"
150,2014,0,"seaweeds"
151,2014,0,"seaweeds"
152,2014,0,"seaweeds"
153,2014,0,"seaweeds"
154,2014,0,"seaweeds"
155,2014,682.322412509307,"seaweeds"
156,2014,0,"seaweeds"
157,2014,0,"seaweeds"
158,2014,0,"seaweeds"
159,2014,0,"seaweeds"
161,2014,0,"seaweeds"
162,2014,1069.66061270667,"seaweeds"
163,2014,23547,"seaweeds"
164,2014,75.9413736196016,"seaweeds"
166,2014,0.383091903901577,"seaweeds"
167,2014,0,"seaweeds"
168,2014,0,"seaweeds"
169,2014,0,"seaweeds"
171,2014,5034.99603950924,"seaweeds"
172,2014,774,"seaweeds"
173,2014,0,"seaweeds"
174,2014,178.988178409522,"seaweeds"
175,2014,6149.59792997841,"seaweeds"
176,2014,21110,"seaweeds"
177,2014,12606,"seaweeds"
178,2014,343.1,"seaweeds"
179,2014,27602.6387318593,"seaweeds"
180,2014,15239.1963820364,"seaweeds"
181,2014,331906.768820787,"seaweeds"
182,2014,47035.7110411283,"seaweeds"
183,2014,13417.0233618549,"seaweeds"
184,2014,21248,"seaweeds"
185,2014,0,"seaweeds"
186,2014,0,"seaweeds"
187,2014,22.5342652922666,"seaweeds"
188,2014,457.993716210391,"seaweeds"
189,2014,676.867859530984,"seaweeds"
190,2014,0,"seaweeds"
191,2014,0,"seaweeds"
192,2014,0,"seaweeds"
193,2014,0,"seaweeds"
194,2014,0,"seaweeds"
195,2014,0,"seaweeds"
196,2014,304.184604274422,"seaweeds"
197,2014,0,"seaweeds"
198,2014,0,"seaweeds"
199,2014,0,"seaweeds"
200,2014,0,"seaweeds"
202,2014,57740.8696210201,"seaweeds"
203,2014,15105.6968276395,"seaweeds"
204,2014,349.109437794334,"seaweeds"
205,2014,10698.7276905841,"seaweeds"
206,2014,483642.982134177,"seaweeds"
207,2014,62618.9713915287,"seaweeds"
208,2014,2753,"seaweeds"
209,2014,27069140.0285381,"seaweeds"
210,2014,73256.2051383253,"seaweeds"
212,2014,45803.1817590139,"seaweeds"
213,2014,0,"seaweeds"
214,2014,412.243478662828,"seaweeds"
215,2014,12.1750296033947,"seaweeds"
216,2014,32095254.6589134,"seaweeds"
218,2014,38127.3139121909,"seaweeds"
219,2014,0,"seaweeds"
220,2014,0,"seaweeds"
221,2014,0,"seaweeds"
222,2014,1026,"seaweeds"
223,2014,6515.41301470199,"seaweeds"
224,2014,533961.154064167,"seaweeds"
227,2014,0,"seaweeds"
228,2014,0,"seaweeds"
231,2014,2737.85260643843,"seaweeds"
232,2014,0,"seaweeds"
237,2014,0,"seaweeds"
244,2014,0,"seaweeds"
245,2014,0,"seaweeds"
247,2014,0.0449964838255978,"seaweeds"
248,2014,0,"seaweeds"
249,2014,0,"seaweeds"
250,2014,0.134989451476793,"seaweeds"
1,2015,0,"seaweeds"
2,2015,0,"seaweeds"
3,2015,0,"seaweeds"
4,2015,0,"seaweeds"
5,2015,0,"seaweeds"
6,2015,0,"seaweeds"
7,2015,11611.0526095083,"seaweeds"
8,2015,0,"seaweeds"
9,2015,0,"seaweeds"
10,2015,0,"seaweeds"
11,2015,0,"seaweeds"
12,2015,0,"seaweeds"
13,2015,0,"seaweeds"
14,2015,13999.8592007224,"seaweeds"
15,2015,7061925.03990703,"seaweeds"
16,2015,7019.92509454806,"seaweeds"
17,2015,1990.55223956467,"seaweeds"
18,2015,542.877883517637,"seaweeds"
19,2015,0,"seaweeds"
20,2015,322783.666229754,"seaweeds"
21,2015,337035.86080607,"seaweeds"
24,2015,229.519139968181,"seaweeds"
25,2015,5965,"seaweeds"
26,2015,0,"seaweeds"
28,2015,0,"seaweeds"
29,2015,0,"seaweeds"
30,2015,0,"seaweeds"
31,2015,0,"seaweeds"
32,2015,0,"seaweeds"
33,2015,0,"seaweeds"
34,2015,0,"seaweeds"
35,2015,0,"seaweeds"
36,2015,0,"seaweeds"
37,2015,0.1,"seaweeds"
38,2015,0,"seaweeds"
39,2015,0,"seaweeds"
40,2015,6620.66167093941,"seaweeds"
41,2015,0,"seaweeds"
42,2015,3001.16102596883,"seaweeds"
43,2015,164.766178865136,"seaweeds"
44,2015,0,"seaweeds"
45,2015,0,"seaweeds"
46,2015,0,"seaweeds"
47,2015,0,"seaweeds"
48,2015,0,"seaweeds"
49,2015,0,"seaweeds"
50,2015,0,"seaweeds"
51,2015,0,"seaweeds"
52,2015,0,"seaweeds"
53,2015,23,"seaweeds"
54,2015,0,"seaweeds"
55,2015,0,"seaweeds"
56,2015,0,"seaweeds"
57,2015,0,"seaweeds"
58,2015,0,"seaweeds"
59,2015,4911,"seaweeds"
60,2015,0,"seaweeds"
61,2015,919,"seaweeds"
62,2015,32999,"seaweeds"
63,2015,0,"seaweeds"
64,2015,0,"seaweeds"
65,2015,0,"seaweeds"
66,2015,13.3222573839662,"seaweeds"
67,2015,0,"seaweeds"
68,2015,0,"seaweeds"
69,2015,1545,"seaweeds"
70,2015,41.0986182427382,"seaweeds"
71,2015,186,"seaweeds"
72,2015,29.9995752845583,"seaweeds"
73,2015,12999.4443300025,"seaweeds"
74,2015,0.0957641950206433,"seaweeds"
75,2015,84.0818450947815,"seaweeds"
76,2015,19,"seaweeds"
77,2015,5.7458517012386,"seaweeds"
78,2015,11,"seaweeds"
79,2015,11086.9081501249,"seaweeds"
80,2015,150,"seaweeds"
81,2015,2.55371186721716,"seaweeds"
82,2015,17.8517056680341,"seaweeds"
84,2015,0,"seaweeds"
85,2015,0,"seaweeds"
86,2015,0,"seaweeds"
88,2015,0,"seaweeds"
89,2015,0,"seaweeds"
90,2015,0,"seaweeds"
91,2015,0,"seaweeds"
92,2015,0,"seaweeds"
93,2015,0,"seaweeds"
94,2015,0,"seaweeds"
95,2015,0,"seaweeds"
96,2015,0,"seaweeds"
97,2015,0,"seaweeds"
98,2015,0,"seaweeds"
99,2015,0,"seaweeds"
100,2015,0,"seaweeds"
101,2015,123.112128223409,"seaweeds"
102,2015,1489.9724236269,"seaweeds"
103,2015,0,"seaweeds"
104,2015,0,"seaweeds"
105,2015,0,"seaweeds"
106,2015,0,"seaweeds"
107,2015,0,"seaweeds"
108,2015,0,"seaweeds"
110,2015,0,"seaweeds"
111,2015,0,"seaweeds"
112,2015,0,"seaweeds"
113,2015,0,"seaweeds"
114,2015,0,"seaweeds"
115,2015,30.1714675632911,"seaweeds"
116,2015,0,"seaweeds"
117,2015,0,"seaweeds"
118,2015,0,"seaweeds"
119,2015,1.67291002692725,"seaweeds"
120,2015,105.429588607595,"seaweeds"
121,2015,0,"seaweeds"
122,2015,178.051969936709,"seaweeds"
123,2015,0,"seaweeds"
124,2015,0,"seaweeds"
125,2015,15.6283860759494,"seaweeds"
126,2015,15.5680590875504,"seaweeds"
127,2015,11.2251503164557,"seaweeds"
129,2015,150.805051589401,"seaweeds"
130,2015,2.35020859619846,"seaweeds"
131,2015,0,"seaweeds"
132,2015,136.350577567564,"seaweeds"
133,2015,0,"seaweeds"
134,2015,0,"seaweeds"
135,2015,5979.32237016159,"seaweeds"
136,2015,2.93776074524808,"seaweeds"
137,2015,526,"seaweeds"
138,2015,226426.236261005,"seaweeds"
139,2015,0,"seaweeds"
140,2015,0,"seaweeds"
141,2015,100.809714172418,"seaweeds"
143,2015,32621.4377327849,"seaweeds"
144,2015,0,"seaweeds"
145,2015,0.472397910836072,"seaweeds"
146,2015,0,"seaweeds"
147,2015,0.104245780590717,"seaweeds"
148,2015,0,"seaweeds"
149,2015,0,"seaweeds"
150,2015,0,"seaweeds"
151,2015,0,"seaweeds"
152,2015,0,"seaweeds"
153,2015,0,"seaweeds"
154,2015,0,"seaweeds"
155,2015,137.865044831224,"seaweeds"
156,2015,0,"seaweeds"
157,2015,0,"seaweeds"
158,2015,0,"seaweeds"
159,2015,0,"seaweeds"
161,2015,0,"seaweeds"
162,2015,1120,"seaweeds"
163,2015,21045,"seaweeds"
164,2015,73.271670000814,"seaweeds"
166,2015,1.24034810126582,"seaweeds"
167,2015,0,"seaweeds"
168,2015,0,"seaweeds"
169,2015,0,"seaweeds"
171,2015,5789.65889311277,"seaweeds"
172,2015,935,"seaweeds"
173,2015,0,"seaweeds"
174,2015,187.101713006657,"seaweeds"
175,2015,6478.93734711673,"seaweeds"
176,2015,20151,"seaweeds"
177,2015,7310,"seaweeds"
178,2015,141.570362438655,"seaweeds"
179,2015,20750.9101362155,"seaweeds"
180,2015,17086.6324349407,"seaweeds"
181,2015,387343.139387948,"seaweeds"
182,2015,44827,"seaweeds"
183,2015,12241.8071618544,"seaweeds"
184,2015,14111.7733305809,"seaweeds"
185,2015,0,"seaweeds"
186,2015,0,"seaweeds"
187,2015,16.5128277429315,"seaweeds"
188,2015,237.873978026554,"seaweeds"
189,2015,749.311211498499,"seaweeds"
190,2015,0,"seaweeds"
191,2015,0,"seaweeds"
192,2015,0,"seaweeds"
193,2015,0,"seaweeds"
194,2015,0,"seaweeds"
195,2015,0.2,"seaweeds"
196,2015,18.6970991561181,"seaweeds"
197,2015,0,"seaweeds"
198,2015,0,"seaweeds"
199,2015,0,"seaweeds"
200,2015,0,"seaweeds"
202,2015,64709.5441163065,"seaweeds"
203,2015,14993.0439627337,"seaweeds"
204,2015,549.07858779078,"seaweeds"
205,2015,10223.9692760772,"seaweeds"
206,2015,961326.189719942,"seaweeds"
207,2015,57684.7207625902,"seaweeds"
208,2015,2725,"seaweeds"
209,2015,24232203.1785265,"seaweeds"
210,2015,68813.7211201468,"seaweeds"
212,2015,36246.8067042108,"seaweeds"
213,2015,0,"seaweeds"
214,2015,218.753886145281,"seaweeds"
215,2015,3.95825339418659,"seaweeds"
216,2015,36769608.4286522,"seaweeds"
218,2015,41164.8330252662,"seaweeds"
219,2015,0,"seaweeds"
220,2015,0,"seaweeds"
221,2015,0,"seaweeds"
222,2015,684,"seaweeds"
223,2015,10705.4814553671,"seaweeds"
224,2015,614318.816919955,"seaweeds"
227,2015,0,"seaweeds"
228,2015,0,"seaweeds"
231,2015,2871.78826350431,"seaweeds"
232,2015,0,"seaweeds"
237,2015,0,"seaweeds"
244,2015,0,"seaweeds"
245,2015,0,"seaweeds"
247,2015,8.1,"seaweeds"
248,2015,0,"seaweeds"
249,2015,0,"seaweeds"
250,2015,0.175433552575948,"seaweeds"
1,2016,0,"seaweeds"
2,2016,0,"seaweeds"
3,2016,0,"seaweeds"
4,2016,0,"seaweeds"
5,2016,0,"seaweeds"
6,2016,0,"seaweeds"
7,2016,202651.927755277,"seaweeds"
8,2016,0,"seaweeds"
9,2016,0,"seaweeds"
10,2016,0,"seaweeds"
11,2016,0,"seaweeds"
12,2016,0,"seaweeds"
13,2016,0,"seaweeds"
14,2016,9679.00133180958,"seaweeds"
15,2016,7053671.51821593,"seaweeds"
16,2016,5455.07319872001,"seaweeds"
17,2016,34675.1412068643,"seaweeds"
18,2016,7250.25679779891,"seaweeds"
19,2016,0,"seaweeds"
20,2016,323687.784534879,"seaweeds"
21,2016,335617.705455594,"seaweeds"
24,2016,2588.83783436201,"seaweeds"
25,2016,5294,"seaweeds"
26,2016,0,"seaweeds"
28,2016,0,"seaweeds"
29,2016,0,"seaweeds"
30,2016,0,"seaweeds"
31,2016,0,"seaweeds"
32,2016,0,"seaweeds"
33,2016,0,"seaweeds"
34,2016,0,"seaweeds"
35,2016,0,"seaweeds"
36,2016,0,"seaweeds"
37,2016,1,"seaweeds"
38,2016,0,"seaweeds"
39,2016,0,"seaweeds"
40,2016,5411.59444654386,"seaweeds"
41,2016,0,"seaweeds"
42,2016,30626.9235370082,"seaweeds"
43,2016,1024.54814000835,"seaweeds"
44,2016,0,"seaweeds"
45,2016,0,"seaweeds"
46,2016,0,"seaweeds"
47,2016,0,"seaweeds"
48,2016,0,"seaweeds"
49,2016,0,"seaweeds"
50,2016,0,"seaweeds"
51,2016,0,"seaweeds"
52,2016,0,"seaweeds"
53,2016,15,"seaweeds"
54,2016,0,"seaweeds"
55,2016,0,"seaweeds"
56,2016,0,"seaweeds"
57,2016,0,"seaweeds"
58,2016,0,"seaweeds"
59,2016,4835,"seaweeds"
60,2016,0,"seaweeds"
61,2016,950,"seaweeds"
62,2016,36994,"seaweeds"
63,2016,0,"seaweeds"
64,2016,0,"seaweeds"
65,2016,0,"seaweeds"
66,2016,77,"seaweeds"
67,2016,0,"seaweeds"
68,2016,0,"seaweeds"
69,2016,717.676666829113,"seaweeds"
70,2016,49,"seaweeds"
71,2016,131,"seaweeds"
72,2016,46.1,"seaweeds"
73,2016,5875.23443355682,"seaweeds"
74,2016,0,"seaweeds"
75,2016,159,"seaweeds"
76,2016,97.8990780907732,"seaweeds"
77,2016,18.4715241680704,"seaweeds"
78,2016,23,"seaweeds"
79,2016,56912.1513261376,"seaweeds"
80,2016,152.168314477411,"seaweeds"
81,2016,13.8536431260528,"seaweeds"
82,2016,19.8326308521654,"seaweeds"
84,2016,0,"seaweeds"
85,2016,0,"seaweeds"
86,2016,0,"seaweeds"
88,2016,0,"seaweeds"
89,2016,0,"seaweeds"
90,2016,0,"seaweeds"
91,2016,0,"seaweeds"
92,2016,0,"seaweeds"
93,2016,0,"seaweeds"
94,2016,0,"seaweeds"
95,2016,0,"seaweeds"
96,2016,0,"seaweeds"
97,2016,0,"seaweeds"
98,2016,0,"seaweeds"
99,2016,0,"seaweeds"
100,2016,0,"seaweeds"
101,2016,86.5577829564112,"seaweeds"
102,2016,2114,"seaweeds"
103,2016,0,"seaweeds"
104,2016,0,"seaweeds"
105,2016,0,"seaweeds"
106,2016,0.378995253164557,"seaweeds"
107,2016,0,"seaweeds"
108,2016,0,"seaweeds"
110,2016,0,"seaweeds"
111,2016,0,"seaweeds"
112,2016,0,"seaweeds"
113,2016,0,"seaweeds"
114,2016,0,"seaweeds"
115,2016,463.881038394042,"seaweeds"
116,2016,0,"seaweeds"
117,2016,0,"seaweeds"
118,2016,0,"seaweeds"
119,2016,0,"seaweeds"
120,2016,21.9409782717384,"seaweeds"
121,2016,0,"seaweeds"
122,2016,37.2448106162759,"seaweeds"
123,2016,0,"seaweeds"
124,2016,0.1,"seaweeds"
125,2016,25.7806494692926,"seaweeds"
126,2016,10.12,"seaweeds"
127,2016,2.91327433719193,"seaweeds"
129,2016,190.151755434689,"seaweeds"
130,2016,22,"seaweeds"
131,2016,0,"seaweeds"
132,2016,140.795872801085,"seaweeds"
133,2016,0,"seaweeds"
134,2016,0,"seaweeds"
135,2016,6812.05506533176,"seaweeds"
136,2016,1.60175967273505,"seaweeds"
137,2016,1329,"seaweeds"
138,2016,220442.245676126,"seaweeds"
139,2016,0,"seaweeds"
140,2016,0,"seaweeds"
141,2016,117.83,"seaweeds"
143,2016,27937.7705709022,"seaweeds"
144,2016,0,"seaweeds"
145,2016,0.166514307848982,"seaweeds"
146,2016,0,"seaweeds"
147,2016,3.25,"seaweeds"
148,2016,0,"seaweeds"
149,2016,0,"seaweeds"
150,2016,0,"seaweeds"
151,2016,0,"seaweeds"
152,2016,0.356514333581534,"seaweeds"
153,2016,0,"seaweeds"
154,2016,0,"seaweeds"
155,2016,993.783704858526,"seaweeds"
156,2016,0,"seaweeds"
157,2016,0,"seaweeds"
158,2016,0,"seaweeds"
159,2016,0,"seaweeds"
161,2016,0,"seaweeds"
162,2016,1212.1,"seaweeds"
163,2016,17077,"seaweeds"
164,2016,82.8750454673113,"seaweeds"
166,2016,1,"seaweeds"
167,2016,0,"seaweeds"
168,2016,0,"seaweeds"
169,2016,0,"seaweeds"
171,2016,5969.556456459,"seaweeds"
172,2016,1120.4911699545,"seaweeds"
173,2016,0,"seaweeds"
174,2016,45.9579489663191,"seaweeds"
175,2016,4161.19255314606,"seaweeds"
176,2016,18784,"seaweeds"
177,2016,8575,"seaweeds"
178,2016,749,"seaweeds"
179,2016,27729.3025931444,"seaweeds"
180,2016,12706.7068319558,"seaweeds"
181,2016,294276.073860886,"seaweeds"
182,2016,73324.0694934343,"seaweeds"
183,2016,27468.1937302491,"seaweeds"
184,2016,25725.7554482374,"seaweeds"
185,2016,0,"seaweeds"
186,2016,0,"seaweeds"
187,2016,13.1,"seaweeds"
188,2016,279.073448419756,"seaweeds"
189,2016,661,"seaweeds"
190,2016,0,"seaweeds"
191,2016,67.4642791624005,"seaweeds"
192,2016,0,"seaweeds"
193,2016,0,"seaweeds"
194,2016,0,"seaweeds"
195,2016,1,"seaweeds"
196,2016,108.10839596519,"seaweeds"
197,2016,0,"seaweeds"
198,2016,0,"seaweeds"
199,2016,0,"seaweeds"
200,2016,0,"seaweeds"
202,2016,388816.160450154,"seaweeds"
203,2016,9882.46276792977,"seaweeds"
204,2016,359.341182420305,"seaweeds"
205,2016,7080.05577447775,"seaweeds"
206,2016,6064594.74439531,"seaweeds"
207,2016,52126.3118135815,"seaweeds"
208,2016,2656,"seaweeds"
209,2016,23006333.5716167,"seaweeds"
210,2016,62770.2504275867,"seaweeds"
212,2016,27162.2285030194,"seaweeds"
213,2016,0,"seaweeds"
214,2016,213.666599682579,"seaweeds"
215,2016,14.3154312302546,"seaweeds"
216,2016,43514850.7495402,"seaweeds"
218,2016,40664.6424237896,"seaweeds"
219,2016,0,"seaweeds"
220,2016,0,"seaweeds"
221,2016,0,"seaweeds"
222,2016,1063,"seaweeds"
223,2016,12400.9865627451,"seaweeds"
224,2016,642494.893065141,"seaweeds"
227,2016,0,"seaweeds"
228,2016,0,"seaweeds"
231,2016,3242.69215392367,"seaweeds"
232,2016,0,"seaweeds"
237,2016,0,"seaweeds"
244,2016,0,"seaweeds"
245,2016,0,"seaweeds"
247,2016,174,"seaweeds"
248,2016,0,"seaweeds"
249,2016,0,"seaweeds"
250,2016,0.624123816779408,"seaweeds"
1,2017,0,"seaweeds"
2,2017,0,"seaweeds"
3,2017,0,"seaweeds"
4,2017,0,"seaweeds"
5,2017,0,"seaweeds"
6,2017,0,"seaweeds"
7,2017,13821.724226361,"seaweeds"
8,2017,0,"seaweeds"
9,2017,0,"seaweeds"
10,2017,0,"seaweeds"
11,2017,0,"seaweeds"
12,2017,0,"seaweeds"
13,2017,0,"seaweeds"
14,2017,5771.98109988008,"seaweeds"
15,2017,7211145.0336041,"seaweeds"
16,2017,5707.10562254866,"seaweeds"
17,2017,2609.68450289275,"seaweeds"
18,2017,559.895947893355,"seaweeds"
19,2017,0,"seaweeds"
20,2017,371622.472947284,"seaweeds"
21,2017,362561.843668752,"seaweeds"
24,2017,3820.19244193258,"seaweeds"
25,2017,5676,"seaweeds"
26,2017,0,"seaweeds"
28,2017,0,"seaweeds"
29,2017,0,"seaweeds"
30,2017,0,"seaweeds"
31,2017,0,"seaweeds"
32,2017,0,"seaweeds"
33,2017,0,"seaweeds"
34,2017,0,"seaweeds"
35,2017,0,"seaweeds"
36,2017,0,"seaweeds"
37,2017,0.0440358329076911,"seaweeds"
38,2017,0,"seaweeds"
39,2017,0,"seaweeds"
40,2017,6456.07457185639,"seaweeds"
41,2017,0,"seaweeds"
42,2017,7553.53687598891,"seaweeds"
43,2017,206.087698007994,"seaweeds"
44,2017,0,"seaweeds"
45,2017,0,"seaweeds"
46,2017,0,"seaweeds"
47,2017,0,"seaweeds"
48,2017,0,"seaweeds"
49,2017,0,"seaweeds"
50,2017,0,"seaweeds"
51,2017,0,"seaweeds"
52,2017,0,"seaweeds"
53,2017,20.2855002266513,"seaweeds"
54,2017,0,"seaweeds"
55,2017,0,"seaweeds"
56,2017,0,"seaweeds"
57,2017,0,"seaweeds"
58,2017,0,"seaweeds"
59,2017,5393,"seaweeds"
60,2017,0,"seaweeds"
61,2017,1684,"seaweeds"
62,2017,39633,"seaweeds"
63,2017,0,"seaweeds"
64,2017,0,"seaweeds"
65,2017,0,"seaweeds"
66,2017,194.645247890295,"seaweeds"
67,2017,0,"seaweeds"
68,2017,1.55222011161623,"seaweeds"
69,2017,501.949631737883,"seaweeds"
70,2017,55.1,"seaweeds"
71,2017,104,"seaweeds"
72,2017,56.1,"seaweeds"
73,2017,8667.15869742482,"seaweeds"
74,2017,0,"seaweeds"
75,2017,138,"seaweeds"
76,2017,149.022961683086,"seaweeds"
77,2017,10.3488167835476,"seaweeds"
78,2017,32.1,"seaweeds"
79,2017,31875.3905750051,"seaweeds"
80,2017,131,"seaweeds"
81,2017,60,"seaweeds"
82,2017,8.53721061388929,"seaweeds"
84,2017,0,"seaweeds"
85,2017,0,"seaweeds"
86,2017,0,"seaweeds"
88,2017,0,"seaweeds"
89,2017,0,"seaweeds"
90,2017,0,"seaweeds"
91,2017,0,"seaweeds"
92,2017,0,"seaweeds"
93,2017,0,"seaweeds"
94,2017,0,"seaweeds"
95,2017,0,"seaweeds"
96,2017,0,"seaweeds"
97,2017,22.89944092827,"seaweeds"
98,2017,0,"seaweeds"
99,2017,0,"seaweeds"
100,2017,0,"seaweeds"
101,2017,109.694238701137,"seaweeds"
102,2017,2217,"seaweeds"
103,2017,0,"seaweeds"
104,2017,0,"seaweeds"
105,2017,0,"seaweeds"
106,2017,5,"seaweeds"
107,2017,0,"seaweeds"
108,2017,0,"seaweeds"
110,2017,63.5544465825229,"seaweeds"
111,2017,0,"seaweeds"
112,2017,0,"seaweeds"
113,2017,0,"seaweeds"
114,2017,0,"seaweeds"
115,2017,1503.39612636552,"seaweeds"
116,2017,0,"seaweeds"
117,2017,0,"seaweeds"
118,2017,0,"seaweeds"
119,2017,1,"seaweeds"
120,2017,74.5391657449342,"seaweeds"
121,2017,0,"seaweeds"
122,2017,98.6859323323063,"seaweeds"
123,2017,0,"seaweeds"
124,2017,0.196155699328774,"seaweeds"
125,2017,97.6855382657296,"seaweeds"
126,2017,15.8871268905594,"seaweeds"
127,2017,9.35662685798253,"seaweeds"
129,2017,868.267029992139,"seaweeds"
130,2017,26.4935848263898,"seaweeds"
131,2017,0,"seaweeds"
132,2017,4.13304108724379,"seaweeds"
133,2017,18,"seaweeds"
134,2017,0,"seaweeds"
135,2017,31190.1748637953,"seaweeds"
136,2017,7.22552313446995,"seaweeds"
137,2017,996,"seaweeds"
138,2017,137877.184079204,"seaweeds"
139,2017,0,"seaweeds"
140,2017,0,"seaweeds"
141,2017,136.680755019478,"seaweeds"
143,2017,22592.9215380935,"seaweeds"
144,2017,0,"seaweeds"
145,2017,0.259405494438183,"seaweeds"
146,2017,0,"seaweeds"
147,2017,1.03407959811701,"seaweeds"
148,2017,0,"seaweeds"
149,2017,0,"seaweeds"
150,2017,0,"seaweeds"
151,2017,0,"seaweeds"
152,2017,0.266859251126971,"seaweeds"
153,2017,0,"seaweeds"
154,2017,0,"seaweeds"
155,2017,657.140905900166,"seaweeds"
156,2017,0,"seaweeds"
157,2017,0,"seaweeds"
158,2017,0,"seaweeds"
159,2017,0,"seaweeds"
161,2017,0,"seaweeds"
162,2017,1910,"seaweeds"
163,2017,20959,"seaweeds"
164,2017,256.481986196568,"seaweeds"
166,2017,0.784622797315097,"seaweeds"
167,2017,0,"seaweeds"
168,2017,0,"seaweeds"
169,2017,0,"seaweeds"
171,2017,3835.72877677431,"seaweeds"
172,2017,837.540777744047,"seaweeds"
173,2017,0.533295624160489,"seaweeds"
174,2017,57.1,"seaweeds"
175,2017,5037,"seaweeds"
176,2017,17883,"seaweeds"
177,2017,9507,"seaweeds"
178,2017,955,"seaweeds"
179,2017,32615.352295882,"seaweeds"
180,2017,12245,"seaweeds"
181,2017,262722.123387322,"seaweeds"
182,2017,48786,"seaweeds"
183,2017,16554.4274903871,"seaweeds"
184,2017,19943,"seaweeds"
185,2017,0,"seaweeds"
186,2017,0,"seaweeds"
187,2017,5.1,"seaweeds"
188,2017,79.551280720332,"seaweeds"
189,2017,755,"seaweeds"
190,2017,0,"seaweeds"
191,2017,105.935390072512,"seaweeds"
192,2017,0,"seaweeds"
193,2017,0,"seaweeds"
194,2017,0,"seaweeds"
195,2017,1.9082867440225,"seaweeds"
196,2017,0.286243011603376,"seaweeds"
197,2017,0,"seaweeds"
198,2017,0,"seaweeds"
199,2017,0,"seaweeds"
200,2017,0,"seaweeds"
202,2017,72736.1958124453,"seaweeds"
203,2017,10877.2542673656,"seaweeds"
204,2017,276.546673511444,"seaweeds"
205,2017,5658.23827645147,"seaweeds"
206,2017,8630197.16745747,"seaweeds"
207,2017,49840.0730386399,"seaweeds"
208,2017,3208,"seaweeds"
209,2017,23334876.5777886,"seaweeds"
210,2017,64682.2236181309,"seaweeds"
212,2017,24433.835920379,"seaweeds"
213,2017,0,"seaweeds"
214,2017,739.274878340757,"seaweeds"
215,2017,3.79456615396746,"seaweeds"
216,2017,46892342.697086,"seaweeds"
218,2017,42668.4396454419,"seaweeds"
219,2017,0,"seaweeds"
220,2017,0,"seaweeds"
221,2017,0,"seaweeds"
222,2017,1713,"seaweeds"
223,2017,14056.4055271218,"seaweeds"
224,2017,408717.766356598,"seaweeds"
227,2017,0,"seaweeds"
228,2017,0,"seaweeds"
231,2017,3002.7713517374,"seaweeds"
232,2017,0,"seaweeds"
237,2017,0,"seaweeds"
244,2017,0,"seaweeds"
245,2017,0,"seaweeds"
247,2017,275.1,"seaweeds"
248,2017,0,"seaweeds"
249,2017,0,"seaweeds"
250,2017,0,"seaweeds"
1,2018,0,"seaweeds"
2,2018,0,"seaweeds"
3,2018,0,"seaweeds"
4,2018,0,"seaweeds"
5,2018,0,"seaweeds"
6,2018,0,"seaweeds"
7,2018,213932.639508806,"seaweeds"
8,2018,0,"seaweeds"
9,2018,0,"seaweeds"
10,2018,0,"seaweeds"
11,2018,0,"seaweeds"
12,2018,0,"seaweeds"
13,2018,0,"seaweeds"
14,2018,5841,"seaweeds"
15,2018,6261941.50484316,"seaweeds"
16,2018,22770.2292977628,"seaweeds"
17,2018,40419.5585529031,"seaweeds"
18,2018,5114.91140960374,"seaweeds"
19,2018,0,"seaweeds"
20,2018,423212.118418476,"seaweeds"
21,2018,387696.94036774,"seaweeds"
24,2018,5412.13026987289,"seaweeds"
25,2018,6329,"seaweeds"
26,2018,0,"seaweeds"
28,2018,0,"seaweeds"
29,2018,0,"seaweeds"
30,2018,0,"seaweeds"
31,2018,0,"seaweeds"
32,2018,0,"seaweeds"
33,2018,0,"seaweeds"
34,2018,0,"seaweeds"
35,2018,0,"seaweeds"
36,2018,0,"seaweeds"
37,2018,2,"seaweeds"
38,2018,0,"seaweeds"
39,2018,0,"seaweeds"
40,2018,6388.904401696,"seaweeds"
41,2018,0,"seaweeds"
42,2018,56870.0129336918,"seaweeds"
43,2018,1842.96512112237,"seaweeds"
44,2018,0,"seaweeds"
45,2018,0,"seaweeds"
46,2018,0,"seaweeds"
47,2018,0,"seaweeds"
48,2018,0,"seaweeds"
49,2018,0,"seaweeds"
50,2018,0,"seaweeds"
51,2018,0,"seaweeds"
52,2018,67.5844593743077,"seaweeds"
53,2018,20.5282667005268,"seaweeds"
54,2018,301,"seaweeds"
55,2018,0,"seaweeds"
56,2018,0,"seaweeds"
57,2018,0,"seaweeds"
58,2018,0,"seaweeds"
59,2018,6009,"seaweeds"
60,2018,0,"seaweeds"
61,2018,729.176942858096,"seaweeds"
62,2018,42074,"seaweeds"
63,2018,0,"seaweeds"
64,2018,0,"seaweeds"
65,2018,0,"seaweeds"
66,2018,79,"seaweeds"
67,2018,0,"seaweeds"
68,2018,1.40958698942183,"seaweeds"
69,2018,1230.22577483503,"seaweeds"
70,2018,66,"seaweeds"
71,2018,166.371663207505,"seaweeds"
72,2018,93.7035804272152,"seaweeds"
73,2018,33465.5644382911,"seaweeds"
74,2018,0,"seaweeds"
75,2018,524.612562527878,"seaweeds"
76,2018,333.577581626047,"seaweeds"
77,2018,1,"seaweeds"
78,2018,34.1,"seaweeds"
79,2018,26614.277355464,"seaweeds"
80,2018,164,"seaweeds"
81,2018,20,"seaweeds"
82,2018,4.58115771562096,"seaweeds"
84,2018,0,"seaweeds"
85,2018,0,"seaweeds"
86,2018,0,"seaweeds"
88,2018,0,"seaweeds"
89,2018,0,"seaweeds"
90,2018,0,"seaweeds"
91,2018,0,"seaweeds"
92,2018,0,"seaweeds"
93,2018,0,"seaweeds"
94,2018,0,"seaweeds"
95,2018,0,"seaweeds"
96,2018,0,"seaweeds"
97,2018,4.7782452883263,"seaweeds"
98,2018,0,"seaweeds"
99,2018,0,"seaweeds"
100,2018,0,"seaweeds"
101,2018,65.657862332025,"seaweeds"
102,2018,2521,"seaweeds"
103,2018,0,"seaweeds"
104,2018,0,"seaweeds"
105,2018,0,"seaweeds"
106,2018,0.0793398968588842,"seaweeds"
107,2018,0,"seaweeds"
108,2018,0,"seaweeds"
110,2018,130.05,"seaweeds"
111,2018,0,"seaweeds"
112,2018,0,"seaweeds"
113,2018,0,"seaweeds"
114,2018,0,"seaweeds"
115,2018,856.397877941282,"seaweeds"
116,2018,0,"seaweeds"
117,2018,0,"seaweeds"
118,2018,0,"seaweeds"
119,2018,1.21965308737849,"seaweeds"
120,2018,44.7579114634307,"seaweeds"
121,2018,0,"seaweeds"
122,2018,80.8663565365534,"seaweeds"
123,2018,5.08002295109938,"seaweeds"
124,2018,0.111894778658577,"seaweeds"
125,2018,61.9337599875222,"seaweeds"
126,2018,57.38,"seaweeds"
127,2018,5.04645451750181,"seaweeds"
129,2018,215.877565521479,"seaweeds"
130,2018,7.17598555750067,"seaweeds"
131,2018,0,"seaweeds"
132,2018,1.42000340661836,"seaweeds"
133,2018,97,"seaweeds"
134,2018,0,"seaweeds"
135,2018,14471.570874293,"seaweeds"
136,2018,4.18599157520873,"seaweeds"
137,2018,1076,"seaweeds"
138,2018,136299.930622795,"seaweeds"
139,2018,128.962127564704,"seaweeds"
140,2018,0,"seaweeds"
141,2018,430.230591234246,"seaweeds"
143,2018,44692.8426914469,"seaweeds"
144,2018,0,"seaweeds"
145,2018,0.536046089252737,"seaweeds"
146,2018,0,"seaweeds"
147,2018,0.0439741460230173,"seaweeds"
148,2018,0,"seaweeds"
149,2018,0,"seaweeds"
150,2018,0,"seaweeds"
151,2018,0,"seaweeds"
152,2018,0.0140080690158264,"seaweeds"
153,2018,0,"seaweeds"
154,2018,0,"seaweeds"
155,2018,131,"seaweeds"
156,2018,0,"seaweeds"
157,2018,0,"seaweeds"
158,2018,0,"seaweeds"
159,2018,0,"seaweeds"
161,2018,0,"seaweeds"
162,2018,2235.46743189693,"seaweeds"
163,2018,19717,"seaweeds"
164,2018,136.941724388971,"seaweeds"
166,2018,0.223789557317153,"seaweeds"
167,2018,0,"seaweeds"
168,2018,0,"seaweeds"
169,2018,0,"seaweeds"
171,2018,3956.00039961997,"seaweeds"
172,2018,627.512414506532,"seaweeds"
173,2018,0.516364875133949,"seaweeds"
174,2018,122.48653139425,"seaweeds"
175,2018,8890.59241330126,"seaweeds"
176,2018,17691,"seaweeds"
177,2018,13220,"seaweeds"
178,2018,4214.74880125678,"seaweeds"
179,2018,45660.0938610992,"seaweeds"
180,2018,24591.1143444693,"seaweeds"
181,2018,632655.263711356,"seaweeds"
182,2018,47905,"seaweeds"
183,2018,24139.1771938489,"seaweeds"
184,2018,23509,"seaweeds"
185,2018,0,"seaweeds"
186,2018,0,"seaweeds"
187,2018,6,"seaweeds"
188,2018,47.5735608929869,"seaweeds"
189,2018,1586.6964241881,"seaweeds"
190,2018,0,"seaweeds"
191,2018,123.889890262828,"seaweeds"
192,2018,0,"seaweeds"
193,2018,0,"seaweeds"
194,2018,0,"seaweeds"
195,2018,0.178514767932489,"seaweeds"
196,2018,0.0297524613220816,"seaweeds"
197,2018,0,"seaweeds"
198,2018,0,"seaweeds"
199,2018,0,"seaweeds"
200,2018,0,"seaweeds"
202,2018,528351.377231528,"seaweeds"
203,2018,12293.4605571194,"seaweeds"
204,2018,243.518264710596,"seaweeds"
205,2018,4170.88115006984,"seaweeds"
206,2018,2866140.51576445,"seaweeds"
207,2018,47319.6128666603,"seaweeds"
208,2018,2386,"seaweeds"
209,2018,25538175.6203034,"seaweeds"
210,2018,67029.4385187305,"seaweeds"
212,2018,8269.01671602256,"seaweeds"
213,2018,0,"seaweeds"
214,2018,590.157781785426,"seaweeds"
215,2018,0.241373069193956,"seaweeds"
216,2018,41587519.8877604,"seaweeds"
218,2018,39602.1211242554,"seaweeds"
219,2018,0,"seaweeds"
220,2018,0,"seaweeds"
221,2018,0,"seaweeds"
222,2018,1955,"seaweeds"
223,2018,39654.8135216051,"seaweeds"
224,2018,373571.914388783,"seaweeds"
227,2018,0,"seaweeds"
228,2018,0,"seaweeds"
231,2018,2539.98893531941,"seaweeds"
232,2018,0,"seaweeds"
237,2018,0,"seaweeds"
244,2018,0,"seaweeds"
245,2018,0,"seaweeds"
247,2018,25.0464749095841,"seaweeds"
248,2018,0,"seaweeds"
249,2018,0,"seaweeds"
250,2018,0,"seaweeds"
1,2019,0,"seaweeds"
2,2019,0,"seaweeds"
3,2019,0,"seaweeds"
4,2019,0,"seaweeds"
5,2019,0,"seaweeds"
6,2019,0,"seaweeds"
7,2019,7386.27855547282,"seaweeds"
8,2019,0,"seaweeds"
9,2019,0,"seaweeds"
10,2019,0,"seaweeds"
11,2019,0,"seaweeds"
12,2019,0,"seaweeds"
13,2019,0,"seaweeds"
14,2019,6085.42000629941,"seaweeds"
15,2019,8436299.48739192,"seaweeds"
16,2019,24410.3978693069,"seaweeds"
17,2019,1324.95555658972,"seaweeds"
18,2019,114.111004873756,"seaweeds"
19,2019,0,"seaweeds"
20,2019,451367.787501352,"seaweeds"
21,2019,388207.105496615,"seaweeds"
24,2019,9906.37042537564,"seaweeds"
25,2019,4492.71,"seaweeds"
26,2019,0,"seaweeds"
28,2019,0,"seaweeds"
29,2019,0,"seaweeds"
30,2019,0,"seaweeds"
31,2019,0,"seaweeds"
32,2019,0,"seaweeds"
33,2019,0,"seaweeds"
34,2019,0,"seaweeds"
35,2019,0,"seaweeds"
36,2019,0,"seaweeds"
37,2019,19.94,"seaweeds"
38,2019,0,"seaweeds"
39,2019,0,"seaweeds"
40,2019,1484.72918853933,"seaweeds"
41,2019,0,"seaweeds"
42,2019,9111.3527468979,"seaweeds"
43,2019,419.965438911964,"seaweeds"
44,2019,0,"seaweeds"
45,2019,0,"seaweeds"
46,2019,0,"seaweeds"
47,2019,0,"seaweeds"
48,2019,0,"seaweeds"
49,2019,0,"seaweeds"
50,2019,0,"seaweeds"
51,2019,0,"seaweeds"
52,2019,57.07,"seaweeds"
53,2019,22.016124050754,"seaweeds"
54,2019,627.88,"seaweeds"
55,2019,0,"seaweeds"
56,2019,0,"seaweeds"
57,2019,0,"seaweeds"
58,2019,0,"seaweeds"
59,2019,5810.27,"seaweeds"
60,2019,0,"seaweeds"
61,2019,684.17,"seaweeds"
62,2019,39380.08,"seaweeds"
63,2019,0,"seaweeds"
64,2019,0,"seaweeds"
65,2019,0,"seaweeds"
66,2019,771.286599888188,"seaweeds"
67,2019,0,"seaweeds"
68,2019,508.73,"seaweeds"
69,2019,933.193826381377,"seaweeds"
70,2019,16.3524222966225,"seaweeds"
71,2019,225.97,"seaweeds"
72,2019,28.5778594277787,"seaweeds"
73,2019,18330.0778277164,"seaweeds"
74,2019,1.4,"seaweeds"
75,2019,217.626947030544,"seaweeds"
76,2019,270.179654623571,"seaweeds"
77,2019,0.362601302960399,"seaweeds"
78,2019,16.41,"seaweeds"
79,2019,21213.2142750173,"seaweeds"
80,2019,185.15,"seaweeds"
81,2019,8.63654190914807,"seaweeds"
82,2019,4.46,"seaweeds"
84,2019,0,"seaweeds"
85,2019,0,"seaweeds"
86,2019,0,"seaweeds"
88,2019,0,"seaweeds"
89,2019,0,"seaweeds"
90,2019,0,"seaweeds"
91,2019,0,"seaweeds"
92,2019,0,"seaweeds"
93,2019,0,"seaweeds"
94,2019,0,"seaweeds"
95,2019,0,"seaweeds"
96,2019,0,"seaweeds"
97,2019,131.333173672236,"seaweeds"
98,2019,0,"seaweeds"
99,2019,0,"seaweeds"
100,2019,0,"seaweeds"
101,2019,31.1799267133341,"seaweeds"
102,2019,2034.14,"seaweeds"
103,2019,0,"seaweeds"
104,2019,0,"seaweeds"
105,2019,0,"seaweeds"
106,2019,4.01,"seaweeds"
107,2019,0,"seaweeds"
108,2019,0,"seaweeds"
110,2019,144.57,"seaweeds"
111,2019,0,"seaweeds"
112,2019,0,"seaweeds"
113,2019,0,"seaweeds"
114,2019,0,"seaweeds"
115,2019,1247.37755680441,"seaweeds"
116,2019,0,"seaweeds"
117,2019,0,"seaweeds"
118,2019,0,"seaweeds"
119,2019,3.39142951015407,"seaweeds"
120,2019,65.2197982721936,"seaweeds"
121,2019,0,"seaweeds"
122,2019,264.873905732946,"seaweeds"
123,2019,7.40244710389397,"seaweeds"
124,2019,0.179354445248532,"seaweeds"
125,2019,120.47727235831,"seaweeds"
126,2019,145.289385345212,"seaweeds"
127,2019,10.23,"seaweeds"
129,2019,114.362274884712,"seaweeds"
130,2019,10.9495795102384,"seaweeds"
131,2019,0,"seaweeds"
132,2019,0.521211244510628,"seaweeds"
133,2019,140.68,"seaweeds"
134,2019,0,"seaweeds"
135,2019,21152.8032378604,"seaweeds"
136,2019,5.61749362147317,"seaweeds"
137,2019,1238.39791695725,"seaweeds"
138,2019,607315.081498161,"seaweeds"
139,2019,22584.3438302678,"seaweeds"
140,2019,0,"seaweeds"
141,2019,443.02518352124,"seaweeds"
143,2019,36917.5177744405,"seaweeds"
144,2019,0,"seaweeds"
145,2019,0.33,"seaweeds"
146,2019,0,"seaweeds"
147,2019,0.0594718558581384,"seaweeds"
148,2019,0,"seaweeds"
149,2019,0,"seaweeds"
150,2019,0,"seaweeds"
151,2019,0,"seaweeds"
152,2019,0.0295262747597779,"seaweeds"
153,2019,0,"seaweeds"
154,2019,0,"seaweeds"
155,2019,130.62,"seaweeds"
156,2019,0,"seaweeds"
157,2019,0,"seaweeds"
158,2019,0,"seaweeds"
159,2019,0,"seaweeds"
161,2019,0,"seaweeds"
162,2019,1769.72379385255,"seaweeds"
163,2019,20039.18,"seaweeds"
164,2019,209.988602607461,"seaweeds"
166,2019,0.391318789633162,"seaweeds"
167,2019,0,"seaweeds"
168,2019,0,"seaweeds"
169,2019,0,"seaweeds"
171,2019,17598.6976709013,"seaweeds"
172,2019,2007.18450261043,"seaweeds"
173,2019,1.45939148462976,"seaweeds"
174,2019,99.7066421052679,"seaweeds"
175,2019,8000.09832456532,"seaweeds"
176,2019,16448.72,"seaweeds"
177,2019,12560.12,"seaweeds"
178,2019,1619.71373221768,"seaweeds"
179,2019,54572.4038842357,"seaweeds"
180,2019,21942.0374816843,"seaweeds"
181,2019,543951.525883917,"seaweeds"
182,2019,51230.8993666101,"seaweeds"
183,2019,29241.9553284978,"seaweeds"
184,2019,22632.8209918854,"seaweeds"
185,2019,0,"seaweeds"
186,2019,0,"seaweeds"
187,2019,16.61,"seaweeds"
188,2019,205.8,"seaweeds"
189,2019,1163.70131363156,"seaweeds"
190,2019,0,"seaweeds"
191,2019,91.8245995173307,"seaweeds"
192,2019,0,"seaweeds"
193,2019,0,"seaweeds"
194,2019,0,"seaweeds"
195,2019,3.32769865723571,"seaweeds"
196,2019,0,"seaweeds"
197,2019,0,"seaweeds"
198,2019,0,"seaweeds"
199,2019,0,"seaweeds"
200,2019,0,"seaweeds"
202,2019,81796.2039733446,"seaweeds"
203,2019,13461.6321730305,"seaweeds"
204,2019,56.9040005504212,"seaweeds"
205,2019,2940.24570765117,"seaweeds"
206,2019,1249855.16518806,"seaweeds"
207,2019,65464.3783441733,"seaweeds"
208,2019,4061.6,"seaweeds"
209,2019,26501888.1410298,"seaweeds"
210,2019,62856.4357355024,"seaweeds"
212,2019,363.356586781441,"seaweeds"
213,2019,0,"seaweeds"
214,2019,581.259799984587,"seaweeds"
215,2019,0,"seaweeds"
216,2019,54652951.968229,"seaweeds"
218,2019,40147.1122476507,"seaweeds"
219,2019,0,"seaweeds"
220,2019,0,"seaweeds"
221,2019,0,"seaweeds"
222,2019,1887.59,"seaweeds"
223,2019,34636.5568770809,"seaweeds"
224,2019,1461218.22579952,"seaweeds"
227,2019,0,"seaweeds"
228,2019,0,"seaweeds"
231,2019,3659.16973402055,"seaweeds"
232,2019,0,"seaweeds"
237,2019,0,"seaweeds"
244,2019,0,"seaweeds"
245,2019,0,"seaweeds"
247,2019,46.67,"seaweeds"
248,2019,0,"seaweeds"
249,2019,0,"seaweeds"
250,2019,0,"seaweeds"
1,2020,0,"seaweeds"
2,2020,0,"seaweeds"
3,2020,0,"seaweeds"
4,2020,0,"seaweeds"
5,2020,0,"seaweeds"
6,2020,0,"seaweeds"
7,2020,5310.53981986581,"seaweeds"
8,2020,0,"seaweeds"
9,2020,0,"seaweeds"
10,2020,0,"seaweeds"
11,2020,0,"seaweeds"
12,2020,0,"seaweeds"
13,2020,0,"seaweeds"
14,2020,8504.29908685235,"seaweeds"
15,2020,6639140.84304016,"seaweeds"
16,2020,22737.3198230974,"seaweeds"
17,2020,806.507215633827,"seaweeds"
18,2020,126.198639559598,"seaweeds"
19,2020,0,"seaweeds"
20,2020,639096.496032597,"seaweeds"
21,2020,501208.019631091,"seaweeds"
24,2020,6427.46035629943,"seaweeds"
25,2020,3453.24,"seaweeds"
26,2020,0,"seaweeds"
28,2020,0,"seaweeds"
29,2020,0,"seaweeds"
30,2020,0,"seaweeds"
31,2020,0,"seaweeds"
32,2020,0,"seaweeds"
33,2020,0,"seaweeds"
34,2020,0,"seaweeds"
35,2020,0,"seaweeds"
36,2020,0,"seaweeds"
37,2020,4.33957009884741,"seaweeds"
38,2020,0,"seaweeds"
39,2020,0,"seaweeds"
40,2020,2252.48386546566,"seaweeds"
41,2020,0,"seaweeds"
42,2020,15168.9502959023,"seaweeds"
43,2020,1054.74482637348,"seaweeds"
44,2020,0,"seaweeds"
45,2020,0,"seaweeds"
46,2020,0,"seaweeds"
47,2020,0,"seaweeds"
48,2020,0,"seaweeds"
49,2020,0,"seaweeds"
50,2020,0,"seaweeds"
51,2020,0,"seaweeds"
52,2020,70.8964572377772,"seaweeds"
53,2020,23.5705007129641,"seaweeds"
54,2020,1031.66,"seaweeds"
55,2020,0,"seaweeds"
56,2020,0,"seaweeds"
57,2020,0,"seaweeds"
58,2020,0,"seaweeds"
59,2020,4611.07486592892,"seaweeds"
60,2020,0,"seaweeds"
61,2020,453.529100267781,"seaweeds"
62,2020,32364.28,"seaweeds"
63,2020,0,"seaweeds"
64,2020,0,"seaweeds"
65,2020,0,"seaweeds"
66,2020,560.138994861746,"seaweeds"
67,2020,0,"seaweeds"
68,2020,102.087511391466,"seaweeds"
69,2020,727.737653318886,"seaweeds"
70,2020,39.92,"seaweeds"
71,2020,322.07,"seaweeds"
72,2020,24.9844739216626,"seaweeds"
73,2020,52270.5901615835,"seaweeds"
74,2020,1.38397560979523,"seaweeds"
75,2020,373.371328158925,"seaweeds"
76,2020,375.168108303292,"seaweeds"
77,2020,1.67640745716531,"seaweeds"
78,2020,8.37391742401729,"seaweeds"
79,2020,29181.900758874,"seaweeds"
80,2020,193.12,"seaweeds"
81,2020,9.55454152189171,"seaweeds"
82,2020,2.09923702639839,"seaweeds"
84,2020,0,"seaweeds"
85,2020,0,"seaweeds"
86,2020,0,"seaweeds"
88,2020,0,"seaweeds"
89,2020,0,"seaweeds"
90,2020,0,"seaweeds"
91,2020,0,"seaweeds"
92,2020,0,"seaweeds"
93,2020,0,"seaweeds"
94,2020,0,"seaweeds"
95,2020,0,"seaweeds"
96,2020,0,"seaweeds"
97,2020,170.598349472416,"seaweeds"
98,2020,0,"seaweeds"
99,2020,0,"seaweeds"
100,2020,0,"seaweeds"
101,2020,11.8689256981693,"seaweeds"
102,2020,3444.43,"seaweeds"
103,2020,0,"seaweeds"
104,2020,0,"seaweeds"
105,2020,0,"seaweeds"
106,2020,33.49,"seaweeds"
107,2020,0,"seaweeds"
108,2020,0,"seaweeds"
110,2020,83.6589951223523,"seaweeds"
111,2020,0,"seaweeds"
112,2020,0,"seaweeds"
113,2020,0,"seaweeds"
114,2020,0,"seaweeds"
115,2020,13.8609745602719,"seaweeds"
116,2020,0,"seaweeds"
117,2020,0,"seaweeds"
118,2020,0,"seaweeds"
119,2020,7.15064253045791,"seaweeds"
120,2020,70.4496801030335,"seaweeds"
121,2020,0,"seaweeds"
122,2020,1709.37,"seaweeds"
123,2020,7.99603869169431,"seaweeds"
124,2020,0.0176124200257584,"seaweeds"
125,2020,129.979659790097,"seaweeds"
126,2020,262.689244684186,"seaweeds"
127,2020,71.08,"seaweeds"
129,2020,198.755517269559,"seaweeds"
130,2020,3.39338688021199,"seaweeds"
131,2020,0,"seaweeds"
132,2020,0,"seaweeds"
133,2020,100.9,"seaweeds"
134,2020,0,"seaweeds"
135,2020,26405.009807949,"seaweeds"
136,2020,5.74543352306779,"seaweeds"
137,2020,1174.03033171555,"seaweeds"
138,2020,614851.098903214,"seaweeds"
139,2020,43428.0045620008,"seaweeds"
140,2020,0,"seaweeds"
141,2020,446.946326446223,"seaweeds"
143,2020,28179.7714238609,"seaweeds"
144,2020,0,"seaweeds"
145,2020,1.42203185858997,"seaweeds"
146,2020,0,"seaweeds"
147,2020,0.0258597784500424,"seaweeds"
148,2020,0,"seaweeds"
149,2020,0,"seaweeds"
150,2020,0,"seaweeds"
151,2020,0,"seaweeds"
152,2020,0.0254976826542444,"seaweeds"
153,2020,0,"seaweeds"
154,2020,0,"seaweeds"
155,2020,160.98,"seaweeds"
156,2020,0,"seaweeds"
157,2020,0,"seaweeds"
158,2020,0,"seaweeds"
159,2020,0,"seaweeds"
161,2020,0,"seaweeds"
162,2020,1286.53117698686,"seaweeds"
163,2020,22411.86,"seaweeds"
164,2020,280.002894572921,"seaweeds"
166,2020,158.85,"seaweeds"
167,2020,0,"seaweeds"
168,2020,0,"seaweeds"
169,2020,0,"seaweeds"
171,2020,52735.9502567224,"seaweeds"
172,2020,909.675858875559,"seaweeds"
173,2020,4.26,"seaweeds"
174,2020,81.995925588015,"seaweeds"
175,2020,7730.52,"seaweeds"
176,2020,14876.67,"seaweeds"
177,2020,10625.59,"seaweeds"
178,2020,2265.96616443486,"seaweeds"
179,2020,58038.5254092012,"seaweeds"
180,2020,19911.5470776861,"seaweeds"
181,2020,494453.481113427,"seaweeds"
182,2020,52327.58,"seaweeds"
183,2020,20104.8774411311,"seaweeds"
184,2020,19903.5121663681,"seaweeds"
185,2020,0,"seaweeds"
186,2020,0,"seaweeds"
187,2020,9.24,"seaweeds"
188,2020,102.58,"seaweeds"
189,2020,1116.29500899313,"seaweeds"
190,2020,0,"seaweeds"
191,2020,182.613907990744,"seaweeds"
192,2020,0,"seaweeds"
193,2020,0,"seaweeds"
194,2020,0,"seaweeds"
195,2020,2.71159956018826,"seaweeds"
196,2020,0,"seaweeds"
197,2020,0,"seaweeds"
198,2020,0,"seaweeds"
199,2020,0,"seaweeds"
200,2020,0,"seaweeds"
202,2020,157027.772888418,"seaweeds"
203,2020,21066.3885675119,"seaweeds"
204,2020,150.10473775898,"seaweeds"
205,2020,4109.13721934353,"seaweeds"
206,2020,2104170.60261845,"seaweeds"
207,2020,53014.3129944023,"seaweeds"
208,2020,4436.36,"seaweeds"
209,2020,35517688.2143075,"seaweeds"
210,2020,82891.7315236311,"seaweeds"
212,2020,377.70493223743,"seaweeds"
213,2020,0,"seaweeds"
214,2020,582.752939918954,"seaweeds"
215,2020,0,"seaweeds"
216,2020,41021129.7004066,"seaweeds"
218,2020,41370.4281891339,"seaweeds"
219,2020,0,"seaweeds"
220,2020,0,"seaweeds"
221,2020,0,"seaweeds"
222,2020,1052.49,"seaweeds"
223,2020,27753.3674612514,"seaweeds"
224,2020,1347394.73618478,"seaweeds"
227,2020,0,"seaweeds"
228,2020,0,"seaweeds"
231,2020,2949.80064661085,"seaweeds"
232,2020,0,"seaweeds"
237,2020,0,"seaweeds"
244,2020,0,"seaweeds"
245,2020,0,"seaweeds"
247,2020,486.27,"seaweeds"
248,2020,0,"seaweeds"
249,2020,0,"seaweeds"
250,2020,0,"seaweeds"
1,2021,0,"seaweeds"
2,2021,0,"seaweeds"
3,2021,0,"seaweeds"
4,2021,0,"seaweeds"
5,2021,0,"seaweeds"
6,2021,0,"seaweeds"
7,2021,4663.95503050532,"seaweeds"
8,2021,0,"seaweeds"
9,2021,0,"seaweeds"
10,2021,0,"seaweeds"
11,2021,0,"seaweeds"
12,2021,0,"seaweeds"
13,2021,0,"seaweeds"
14,2021,7223.03079165809,"seaweeds"
15,2021,6397890.24701996,"seaweeds"
16,2021,5312.83499246647,"seaweeds"
17,2021,360.915967010194,"seaweeds"
18,2021,77.6370346813039,"seaweeds"
19,2021,0,"seaweeds"
20,2021,578646.287123045,"seaweeds"
21,2021,439627.702644224,"seaweeds"
24,2021,6267.28260640539,"seaweeds"
25,2021,3941.64,"seaweeds"
26,2021,0,"seaweeds"
28,2021,0,"seaweeds"
29,2021,0,"seaweeds"
30,2021,0,"seaweeds"
31,2021,0,"seaweeds"
32,2021,0,"seaweeds"
33,2021,0,"seaweeds"
34,2021,0,"seaweeds"
35,2021,0,"seaweeds"
36,2021,0,"seaweeds"
37,2021,5.81373199078035,"seaweeds"
38,2021,0,"seaweeds"
39,2021,0,"seaweeds"
40,2021,1158.94444008062,"seaweeds"
41,2021,0,"seaweeds"
42,2021,16787.1181532535,"seaweeds"
43,2021,1622.13013580185,"seaweeds"
44,2021,0,"seaweeds"
45,2021,0,"seaweeds"
46,2021,0,"seaweeds"
47,2021,0,"seaweeds"
48,2021,0,"seaweeds"
49,2021,0,"seaweeds"
50,2021,0,"seaweeds"
51,2021,0,"seaweeds"
52,2021,51.5317023385983,"seaweeds"
53,2021,48.22,"seaweeds"
54,2021,1530.85,"seaweeds"
55,2021,0,"seaweeds"
56,2021,0,"seaweeds"
57,2021,0,"seaweeds"
58,2021,0,"seaweeds"
59,2021,5229.75554218271,"seaweeds"
60,2021,0,"seaweeds"
61,2021,336.833847656518,"seaweeds"
62,2021,29154.46,"seaweeds"
63,2021,0,"seaweeds"
64,2021,0,"seaweeds"
65,2021,0,"seaweeds"
66,2021,7.33188844936709,"seaweeds"
67,2021,0,"seaweeds"
68,2021,148.707088569297,"seaweeds"
69,2021,688.345447030907,"seaweeds"
70,2021,35.49,"seaweeds"
71,2021,614.62,"seaweeds"
72,2021,29.94,"seaweeds"
73,2021,91524.0281248215,"seaweeds"
74,2021,2.25,"seaweeds"
75,2021,461.974783320238,"seaweeds"
76,2021,506.381748804207,"seaweeds"
77,2021,1.28542564177794,"seaweeds"
78,2021,22.4,"seaweeds"
79,2021,21657.3015521623,"seaweeds"
80,2021,244.840487304827,"seaweeds"
81,2021,3.08138794055604,"seaweeds"
82,2021,2.83161704670194,"seaweeds"
84,2021,0,"seaweeds"
85,2021,0,"seaweeds"
86,2021,0,"seaweeds"
88,2021,0,"seaweeds"
89,2021,0,"seaweeds"
90,2021,0,"seaweeds"
91,2021,0,"seaweeds"
92,2021,0,"seaweeds"
93,2021,0,"seaweeds"
94,2021,0,"seaweeds"
95,2021,0,"seaweeds"
96,2021,0,"seaweeds"
97,2021,4.51006471518987,"seaweeds"
98,2021,0,"seaweeds"
99,2021,0,"seaweeds"
100,2021,0,"seaweeds"
101,2021,1.67,"seaweeds"
102,2021,7730.43361777259,"seaweeds"
103,2021,0,"seaweeds"
104,2021,0,"seaweeds"
105,2021,0,"seaweeds"
106,2021,0.4,"seaweeds"
107,2021,0,"seaweeds"
108,2021,0,"seaweeds"
110,2021,333.56,"seaweeds"
111,2021,0,"seaweeds"
112,2021,0,"seaweeds"
113,2021,0,"seaweeds"
114,2021,0,"seaweeds"
115,2021,8.99160683467989,"seaweeds"
116,2021,0,"seaweeds"
117,2021,0,"seaweeds"
118,2021,0,"seaweeds"
119,2021,15.8487075958453,"seaweeds"
120,2021,106.725303675726,"seaweeds"
121,2021,0,"seaweeds"
122,2021,1572.07,"seaweeds"
123,2021,12.1133219671949,"seaweeds"
124,2021,0.0266813259189314,"seaweeds"
125,2021,206.513462612529,"seaweeds"
126,2021,428.662182213552,"seaweeds"
127,2021,92.0505744203134,"seaweeds"
129,2021,279.623199347593,"seaweeds"
130,2021,2.54202908497812,"seaweeds"
131,2021,0,"seaweeds"
132,2021,0,"seaweeds"
133,2021,201.5,"seaweeds"
134,2021,0,"seaweeds"
135,2021,23871.6867312125,"seaweeds"
136,2021,4.63666446775239,"seaweeds"
137,2021,926.710028142236,"seaweeds"
138,2021,467853.536008233,"seaweeds"
139,2021,42636.1832915245,"seaweeds"
140,2021,0,"seaweeds"
141,2021,482.461549845664,"seaweeds"
143,2021,23229.0960428367,"seaweeds"
144,2021,0,"seaweeds"
145,2021,3.66,"seaweeds"
146,2021,0,"seaweeds"
147,2021,4.82,"seaweeds"
148,2021,0,"seaweeds"
149,2021,0,"seaweeds"
150,2021,0,"seaweeds"
151,2021,0,"seaweeds"
152,2021,0.421083319278499,"seaweeds"
153,2021,0,"seaweeds"
154,2021,0,"seaweeds"
155,2021,2117.73328348139,"seaweeds"
156,2021,0,"seaweeds"
157,2021,0,"seaweeds"
158,2021,0,"seaweeds"
159,2021,0,"seaweeds"
161,2021,0,"seaweeds"
162,2021,1081.33,"seaweeds"
163,2021,27092.08,"seaweeds"
164,2021,278.436919107936,"seaweeds"
166,2021,109.24,"seaweeds"
167,2021,0,"seaweeds"
168,2021,0,"seaweeds"
169,2021,0,"seaweeds"
171,2021,67299.3738572326,"seaweeds"
172,2021,53.4897563141262,"seaweeds"
173,2021,1.8,"seaweeds"
174,2021,40.1570797014408,"seaweeds"
175,2021,11597.4,"seaweeds"
176,2021,16874.74,"seaweeds"
177,2021,12953.74,"seaweeds"
178,2021,2646.76560637915,"seaweeds"
179,2021,77182.6410600106,"seaweeds"
180,2021,17471.127572701,"seaweeds"
181,2021,447330.690526724,"seaweeds"
182,2021,77678.7593762079,"seaweeds"
183,2021,27922.4341166755,"seaweeds"
184,2021,30843.2942939659,"seaweeds"
185,2021,0,"seaweeds"
186,2021,0,"seaweeds"
187,2021,52.4,"seaweeds"
188,2021,395.01,"seaweeds"
189,2021,2063.43,"seaweeds"
190,2021,0,"seaweeds"
191,2021,223.13566093084,"seaweeds"
192,2021,0,"seaweeds"
193,2021,0,"seaweeds"
194,2021,0,"seaweeds"
195,2021,0.0259996044303797,"seaweeds"
196,2021,0,"seaweeds"
197,2021,0,"seaweeds"
198,2021,0,"seaweeds"
199,2021,0,"seaweeds"
200,2021,0,"seaweeds"
202,2021,216710.700975866,"seaweeds"
203,2021,15403.4804093412,"seaweeds"
204,2021,164.191424040709,"seaweeds"
205,2021,4165.93081504667,"seaweeds"
206,2021,5366119.71198772,"seaweeds"
207,2021,59425.7323679916,"seaweeds"
208,2021,3055.14,"seaweeds"
209,2021,32576137.3083861,"seaweeds"
210,2021,70511.1790478826,"seaweeds"
212,2021,0,"seaweeds"
213,2021,0,"seaweeds"
214,2021,241.088185121445,"seaweeds"
215,2021,5.7,"seaweeds"
216,2021,38361737.46145,"seaweeds"
218,2021,43803.2477962858,"seaweeds"
219,2021,0,"seaweeds"
220,2021,0,"seaweeds"
221,2021,0,"seaweeds"
222,2021,1498.08,"seaweeds"
223,2021,21960.9976399101,"seaweeds"
224,2021,862994.869131222,"seaweeds"
227,2021,0,"seaweeds"
228,2021,0,"seaweeds"
231,2021,2825.82790626974,"seaweeds"
232,2021,0,"seaweeds"
237,2021,0,"seaweeds"
244,2021,0,"seaweeds"
245,2021,0,"seaweeds"
247,2021,961.73,"seaweeds"
248,2021,0,"seaweeds"
249,2021,0,"seaweeds"
250,2021,0,"seaweeds"
1,2022,0,"seaweeds"
2,2022,0,"seaweeds"
3,2022,0,"seaweeds"
4,2022,0,"seaweeds"
5,2022,0,"seaweeds"
6,2022,0,"seaweeds"
7,2022,6026.8804248153,"seaweeds"
8,2022,0,"seaweeds"
9,2022,0,"seaweeds"
10,2022,0,"seaweeds"
11,2022,0,"seaweeds"
12,2022,0,"seaweeds"
13,2022,0,"seaweeds"
14,2022,6679.16581991281,"seaweeds"
15,2022,6339625.67104356,"seaweeds"
16,2022,9953.49493052502,"seaweeds"
17,2022,357.253919382261,"seaweeds"
18,2022,68.4195384998754,"seaweeds"
19,2022,0,"seaweeds"
20,2022,575507.724235003,"seaweeds"
21,2022,432037.239725914,"seaweeds"
24,2022,5046.00909535696,"seaweeds"
25,2022,5697.66,"seaweeds"
26,2022,0,"seaweeds"
28,2022,0,"seaweeds"
29,2022,0,"seaweeds"
30,2022,0,"seaweeds"
31,2022,0,"seaweeds"
32,2022,0,"seaweeds"
33,2022,0,"seaweeds"
34,2022,0,"seaweeds"
35,2022,0,"seaweeds"
36,2022,0,"seaweeds"
37,2022,11.1057698403979,"seaweeds"
38,2022,0,"seaweeds"
39,2022,0,"seaweeds"
40,2022,1022.64496291194,"seaweeds"
41,2022,0,"seaweeds"
42,2022,41968.0481676812,"seaweeds"
43,2022,3495.48332405719,"seaweeds"
44,2022,0,"seaweeds"
45,2022,0,"seaweeds"
46,2022,0,"seaweeds"
47,2022,0,"seaweeds"
48,2022,0,"seaweeds"
49,2022,0,"seaweeds"
50,2022,0,"seaweeds"
51,2022,0,"seaweeds"
52,2022,52.8262665786193,"seaweeds"
53,2022,126.14,"seaweeds"
54,2022,908.63,"seaweeds"
55,2022,0,"seaweeds"
56,2022,0,"seaweeds"
57,2022,0,"seaweeds"
58,2022,0,"seaweeds"
59,2022,4577.12,"seaweeds"
60,2022,0,"seaweeds"
61,2022,326.325376382725,"seaweeds"
62,2022,28453.92,"seaweeds"
63,2022,0,"seaweeds"
64,2022,0,"seaweeds"
65,2022,0,"seaweeds"
66,2022,25.8264059781727,"seaweeds"
67,2022,0,"seaweeds"
68,2022,106.224341821348,"seaweeds"
69,2022,1068.58244690464,"seaweeds"
70,2022,26.73,"seaweeds"
71,2022,532.896377900207,"seaweeds"
72,2022,17.46,"seaweeds"
73,2022,94882.1017230473,"seaweeds"
74,2022,2.76840844385332,"seaweeds"
75,2022,320.253379734401,"seaweeds"
76,2022,538.379940281002,"seaweeds"
77,2022,63.698561558116,"seaweeds"
78,2022,20.48,"seaweeds"
79,2022,13217.3382702364,"seaweeds"
80,2022,483.04,"seaweeds"
81,2022,10.88,"seaweeds"
82,2022,1.6909318978247,"seaweeds"
84,2022,0,"seaweeds"
85,2022,0,"seaweeds"
86,2022,0,"seaweeds"
88,2022,0,"seaweeds"
89,2022,0,"seaweeds"
90,2022,0,"seaweeds"
91,2022,0,"seaweeds"
92,2022,0,"seaweeds"
93,2022,0,"seaweeds"
94,2022,0,"seaweeds"
95,2022,0,"seaweeds"
96,2022,0,"seaweeds"
97,2022,32.1041643561344,"seaweeds"
98,2022,0,"seaweeds"
99,2022,0,"seaweeds"
100,2022,0,"seaweeds"
101,2022,0.49280450880653,"seaweeds"
102,2022,7742.53,"seaweeds"
103,2022,0,"seaweeds"
104,2022,0,"seaweeds"
105,2022,0,"seaweeds"
106,2022,1.27015111368062,"seaweeds"
107,2022,0,"seaweeds"
108,2022,0,"seaweeds"
110,2022,90.5587142254222,"seaweeds"
111,2022,0,"seaweeds"
112,2022,0,"seaweeds"
113,2022,0,"seaweeds"
114,2022,0,"seaweeds"
115,2022,13.1725764499825,"seaweeds"
116,2022,0,"seaweeds"
117,2022,0,"seaweeds"
118,2022,0,"seaweeds"
119,2022,15.2397253419664,"seaweeds"
120,2022,87.9637826376126,"seaweeds"
121,2022,0,"seaweeds"
122,2022,1249.35620208571,"seaweeds"
123,2022,0,"seaweeds"
124,2022,0.0219909456594031,"seaweeds"
125,2022,180.105844950512,"seaweeds"
126,2022,288.279306649116,"seaweeds"
127,2022,122.8,"seaweeds"
129,2022,30.2840369831502,"seaweeds"
130,2022,0.218027624068756,"seaweeds"
131,2022,0,"seaweeds"
132,2022,0,"seaweeds"
133,2022,1.67881270532942,"seaweeds"
134,2022,0,"seaweeds"
135,2022,3382.58,"seaweeds"
136,2022,0.71,"seaweeds"
137,2022,962.22,"seaweeds"
138,2022,240025.238639638,"seaweeds"
139,2022,49440.6957227835,"seaweeds"
140,2022,0,"seaweeds"
141,2022,657.121355754851,"seaweeds"
143,2022,31803.9625537078,"seaweeds"
144,2022,0,"seaweeds"
145,2022,4.078696723534,"seaweeds"
146,2022,0,"seaweeds"
147,2022,0.085465373511676,"seaweeds"
148,2022,0,"seaweeds"
149,2022,0,"seaweeds"
150,2022,0,"seaweeds"
151,2022,0,"seaweeds"
152,2022,0.0783432590523696,"seaweeds"
153,2022,0,"seaweeds"
154,2022,0,"seaweeds"
155,2022,251.980409570258,"seaweeds"
156,2022,0,"seaweeds"
157,2022,0,"seaweeds"
158,2022,0,"seaweeds"
159,2022,0,"seaweeds"
161,2022,0,"seaweeds"
162,2022,432.868113226058,"seaweeds"
163,2022,22146.24,"seaweeds"
164,2022,26.7737922356432,"seaweeds"
166,2022,36.4609879032904,"seaweeds"
167,2022,0,"seaweeds"
168,2022,0,"seaweeds"
169,2022,0,"seaweeds"
171,2022,37002.3001784722,"seaweeds"
172,2022,0,"seaweeds"
173,2022,0.136797575426542,"seaweeds"
174,2022,74.1000215170914,"seaweeds"
175,2022,8851.61,"seaweeds"
176,2022,16406.82,"seaweeds"
177,2022,14844.06,"seaweeds"
178,2022,1598.66652172719,"seaweeds"
179,2022,67428.4506610666,"seaweeds"
180,2022,21118.5712205966,"seaweeds"
181,2022,547324.193507113,"seaweeds"
182,2022,58727.8,"seaweeds"
183,2022,11621.7072964733,"seaweeds"
184,2022,21322.1101333622,"seaweeds"
185,2022,0,"seaweeds"
186,2022,0,"seaweeds"
187,2022,22.01,"seaweeds"
188,2022,230.94,"seaweeds"
189,2022,2367.63,"seaweeds"
190,2022,0,"seaweeds"
191,2022,201.865122595878,"seaweeds"
192,2022,0,"seaweeds"
193,2022,0,"seaweeds"
194,2022,0,"seaweeds"
195,2022,0.14,"seaweeds"
196,2022,0,"seaweeds"
197,2022,0,"seaweeds"
198,2022,0,"seaweeds"
199,2022,0,"seaweeds"
200,2022,0,"seaweeds"
202,2022,456272.145838266,"seaweeds"
203,2022,14189.4582196042,"seaweeds"
204,2022,203.471476356588,"seaweeds"
205,2022,2747.02999882026,"seaweeds"
206,2022,6313476.06675194,"seaweeds"
207,2022,55023.4943355501,"seaweeds"
208,2022,2353.22,"seaweeds"
209,2022,36717632.2125117,"seaweeds"
210,2022,65789.274946489,"seaweeds"
212,2022,0,"seaweeds"
213,2022,0,"seaweeds"
214,2022,136.652374251506,"seaweeds"
215,2022,1.51004096937454,"seaweeds"
216,2022,36281046.0624202,"seaweeds"
218,2022,43369.0903239775,"seaweeds"
219,2022,0,"seaweeds"
220,2022,0,"seaweeds"
221,2022,0,"seaweeds"
222,2022,1121.72,"seaweeds"
223,2022,20894.7417507283,"seaweeds"
224,2022,408872.175629567,"seaweeds"
227,2022,0,"seaweeds"
228,2022,0,"seaweeds"
231,2022,2767.64455768844,"seaweeds"
232,2022,0,"seaweeds"
237,2022,0,"seaweeds"
244,2022,0,"seaweeds"
245,2022,0,"seaweeds"
247,2022,679.55,"seaweeds"
248,2022,0,"seaweeds"
249,2022,0,"seaweeds"
250,2022,0,"seaweeds"
1,2023,0,"seaweeds"
2,2023,0,"seaweeds"
3,2023,0,"seaweeds"
4,2023,0,"seaweeds"
5,2023,0,"seaweeds"
6,2023,0,"seaweeds"
7,2023,3931.50067461272,"seaweeds"
8,2023,0,"seaweeds"
9,2023,0,"seaweeds"
10,2023,0,"seaweeds"
11,2023,0,"seaweeds"
12,2023,0,"seaweeds"
13,2023,0,"seaweeds"
14,2023,7255.00356146299,"seaweeds"
15,2023,8304530.24524482,"seaweeds"
16,2023,10678.6803461383,"seaweeds"
17,2023,289.751640722034,"seaweeds"
18,2023,78.9529319203797,"seaweeds"
19,2023,0,"seaweeds"
20,2023,711995.109349747,"seaweeds"
21,2023,532631.206780445,"seaweeds"
24,2023,5070.09881801414,"seaweeds"
25,2023,5018.66,"seaweeds"
26,2023,0,"seaweeds"
28,2023,0,"seaweeds"
29,2023,0,"seaweeds"
30,2023,0,"seaweeds"
31,2023,0,"seaweeds"
32,2023,0,"seaweeds"
33,2023,0,"seaweeds"
34,2023,0,"seaweeds"
35,2023,0,"seaweeds"
36,2023,0,"seaweeds"
37,2023,0.597828347510041,"seaweeds"
38,2023,0,"seaweeds"
39,2023,0,"seaweeds"
40,2023,3599.96872516287,"seaweeds"
41,2023,0,"seaweeds"
42,2023,29637.3668401979,"seaweeds"
43,2023,1899.53459287103,"seaweeds"
44,2023,0,"seaweeds"
45,2023,0,"seaweeds"
46,2023,0,"seaweeds"
47,2023,0,"seaweeds"
48,2023,0,"seaweeds"
49,2023,0,"seaweeds"
50,2023,0,"seaweeds"
51,2023,0,"seaweeds"
52,2023,56,"seaweeds"
53,2023,95.5334421955836,"seaweeds"
54,2023,497.51,"seaweeds"
55,2023,0,"seaweeds"
56,2023,0,"seaweeds"
57,2023,0,"seaweeds"
58,2023,0,"seaweeds"
59,2023,4246.6,"seaweeds"
60,2023,0,"seaweeds"
61,2023,391.916668711189,"seaweeds"
62,2023,37432.82,"seaweeds"
63,2023,0,"seaweeds"
64,2023,0,"seaweeds"
65,2023,0,"seaweeds"
66,2023,13.01,"seaweeds"
67,2023,0,"seaweeds"
68,2023,0,"seaweeds"
69,2023,1120.99429915131,"seaweeds"
70,2023,40.83,"seaweeds"
71,2023,542.837082343058,"seaweeds"
72,2023,28.04,"seaweeds"
73,2023,94971.4922292898,"seaweeds"
74,2023,1.8625852714576,"seaweeds"
75,2023,207.993491042938,"seaweeds"
76,2023,646.060983720961,"seaweeds"
77,2023,59.3466232118177,"seaweeds"
78,2023,12.7327590282286,"seaweeds"
79,2023,5726.821087203,"seaweeds"
80,2023,456.37,"seaweeds"
81,2023,10.88,"seaweeds"
82,2023,2.2084120515165,"seaweeds"
84,2023,0,"seaweeds"
85,2023,0,"seaweeds"
86,2023,0,"seaweeds"
88,2023,0,"seaweeds"
89,2023,0,"seaweeds"
90,2023,0,"seaweeds"
91,2023,0,"seaweeds"
92,2023,0,"seaweeds"
93,2023,0,"seaweeds"
94,2023,0,"seaweeds"
95,2023,0,"seaweeds"
96,2023,0,"seaweeds"
97,2023,19.3921704702207,"seaweeds"
98,2023,0,"seaweeds"
99,2023,0,"seaweeds"
100,2023,0,"seaweeds"
101,2023,35.88,"seaweeds"
102,2023,4558.05,"seaweeds"
103,2023,0,"seaweeds"
104,2023,0,"seaweeds"
105,2023,0,"seaweeds"
106,2023,1.00590402973872,"seaweeds"
107,2023,0,"seaweeds"
108,2023,0,"seaweeds"
110,2023,85.3697151209911,"seaweeds"
111,2023,0,"seaweeds"
112,2023,0,"seaweeds"
113,2023,0,"seaweeds"
114,2023,0,"seaweeds"
115,2023,16.8874557824291,"seaweeds"
116,2023,0,"seaweeds"
117,2023,0,"seaweeds"
118,2023,0,"seaweeds"
119,2023,20.5135965946071,"seaweeds"
120,2023,103.604023205086,"seaweeds"
121,2023,0,"seaweeds"
122,2023,1672.87,"seaweeds"
123,2023,0,"seaweeds"
124,2023,0,"seaweeds"
125,2023,219.122509078757,"seaweeds"
126,2023,221.039183508051,"seaweeds"
127,2023,146.029870707569,"seaweeds"
129,2023,236.104049086799,"seaweeds"
130,2023,6.63,"seaweeds"
131,2023,0,"seaweeds"
132,2023,0,"seaweeds"
133,2023,33.61,"seaweeds"
134,2023,0,"seaweeds"
135,2023,9494.61683324313,"seaweeds"
136,2023,5.26792963562141,"seaweeds"
137,2023,1226.4,"seaweeds"
138,2023,246480.245372534,"seaweeds"
139,2023,53057.0823043891,"seaweeds"
140,2023,0,"seaweeds"
141,2023,493.019493653785,"seaweeds"
143,2023,23301.961536189,"seaweeds"
144,2023,0,"seaweeds"
145,2023,2.90077947668231,"seaweeds"
146,2023,0,"seaweeds"
147,2023,0.0763590390863314,"seaweeds"
148,2023,0,"seaweeds"
149,2023,0,"seaweeds"
150,2023,0,"seaweeds"
151,2023,0,"seaweeds"
152,2023,0.108614369847049,"seaweeds"
153,2023,0,"seaweeds"
154,2023,0,"seaweeds"
155,2023,193.372903232877,"seaweeds"
156,2023,0,"seaweeds"
157,2023,0,"seaweeds"
158,2023,0,"seaweeds"
159,2023,0,"seaweeds"
161,2023,0,"seaweeds"
162,2023,472.603867426749,"seaweeds"
163,2023,17130.81,"seaweeds"
164,2023,167.181459907269,"seaweeds"
166,2023,49.8594361674478,"seaweeds"
167,2023,0,"seaweeds"
168,2023,0,"seaweeds"
169,2023,0,"seaweeds"
171,2023,42256.3214059303,"seaweeds"
172,2023,0,"seaweeds"
173,2023,0.123150853711183,"seaweeds"
174,2023,49.8767817925487,"seaweeds"
175,2023,8260.8,"seaweeds"
176,2023,15581.51,"seaweeds"
177,2023,17252.69,"seaweeds"
178,2023,1359.30432083207,"seaweeds"
179,2023,76797.3058127016,"seaweeds"
180,2023,17312.77,"seaweeds"
181,2023,368561.474861809,"seaweeds"
182,2023,94350.1984018968,"seaweeds"
183,2023,15015.7822568505,"seaweeds"
184,2023,35104.3921585131,"seaweeds"
185,2023,0,"seaweeds"
186,2023,0,"seaweeds"
187,2023,66.9,"seaweeds"
188,2023,335.573469351865,"seaweeds"
189,2023,3182.12,"seaweeds"
190,2023,0,"seaweeds"
191,2023,510.632103144325,"seaweeds"
192,2023,0,"seaweeds"
193,2023,0,"seaweeds"
194,2023,0,"seaweeds"
195,2023,0.14,"seaweeds"
196,2023,0,"seaweeds"
197,2023,0,"seaweeds"
198,2023,0,"seaweeds"
199,2023,0,"seaweeds"
200,2023,0,"seaweeds"
202,2023,276956.401218132,"seaweeds"
203,2023,22341.1876788461,"seaweeds"
204,2023,380.205191722871,"seaweeds"
205,2023,2912.10984138121,"seaweeds"
206,2023,7381288.38720091,"seaweeds"
207,2023,66284.4257393355,"seaweeds"
208,2023,1785.17,"seaweeds"
209,2023,48402705.8826051,"seaweeds"
210,2023,80217.4494949055,"seaweeds"
212,2023,0,"seaweeds"
213,2023,0,"seaweeds"
214,2023,0,"seaweeds"
215,2023,1.3969389535932,"seaweeds"
216,2023,46420198.4490969,"seaweeds"
218,2023,43789.7539902061,"seaweeds"
219,2023,0,"seaweeds"
220,2023,0,"seaweeds"
221,2023,0,"seaweeds"
222,2023,1490.56,"seaweeds"
223,2023,11587.4497093675,"seaweeds"
224,2023,416873.105832861,"seaweeds"
227,2023,0,"seaweeds"
228,2023,0,"seaweeds"
231,2023,3549.0691726099,"seaweeds"
232,2023,0,"seaweeds"
237,2023,0,"seaweeds"
244,2023,0,"seaweeds"
245,2023,0,"seaweeds"
247,2023,413.332065527906,"seaweeds"
248,2023,0,"seaweeds"
249,2023,0,"seaweeds"
250,2023,0,"seaweeds"
