"rgn_id","year","usd_weight","product"
1,1990,0,"seaweeds"
2,1990,0,"seaweeds"
3,1990,0,"seaweeds"
4,1990,0,"seaweeds"
5,1990,0,"seaweeds"
6,1990,0,"seaweeds"
7,1990,0,"seaweeds"
8,1990,0,"seaweeds"
9,1990,0,"seaweeds"
10,1990,0,"seaweeds"
11,1990,0,"seaweeds"
12,1990,0,"seaweeds"
13,1990,0,"seaweeds"
14,1990,17450,"seaweeds"
15,1990,0,"seaweeds"
16,1990,679,"seaweeds"
17,1990,0,"seaweeds"
18,1990,0,"seaweeds"
19,1990,0,"seaweeds"
20,1990,21275,"seaweeds"
21,1990,0,"seaweeds"
24,1990,0,"seaweeds"
25,1990,1327,"seaweeds"
26,1990,0,"seaweeds"
28,1990,0,"seaweeds"
29,1990,0,"seaweeds"
30,1990,0,"seaweeds"
31,1990,0,"seaweeds"
32,1990,0,"seaweeds"
33,1990,0,"seaweeds"
34,1990,0,"seaweeds"
35,1990,0,"seaweeds"
36,1990,0,"seaweeds"
37,1990,0,"seaweeds"
38,1990,0,"seaweeds"
39,1990,0,"seaweeds"
40,1990,0,"seaweeds"
41,1990,0,"seaweeds"
42,1990,109,"seaweeds"
43,1990,0,"seaweeds"
44,1990,0,"seaweeds"
45,1990,0,"seaweeds"
46,1990,0,"seaweeds"
47,1990,0,"seaweeds"
48,1990,0,"seaweeds"
49,1990,0,"seaweeds"
50,1990,0,"seaweeds"
51,1990,0,"seaweeds"
52,1990,0,"seaweeds"
53,1990,0,"seaweeds"
54,1990,0,"seaweeds"
55,1990,0,"seaweeds"
56,1990,0,"seaweeds"
57,1990,0,"seaweeds"
58,1990,0,"seaweeds"
59,1990,155,"seaweeds"
60,1990,0,"seaweeds"
61,1990,0,"seaweeds"
62,1990,0,"seaweeds"
63,1990,0,"seaweeds"
64,1990,0,"seaweeds"
65,1990,0,"seaweeds"
66,1990,0,"seaweeds"
67,1990,0,"seaweeds"
68,1990,0,"seaweeds"
69,1990,0,"seaweeds"
70,1990,0,"seaweeds"
71,1990,0,"seaweeds"
72,1990,0,"seaweeds"
73,1990,0,"seaweeds"
74,1990,0,"seaweeds"
75,1990,0,"seaweeds"
76,1990,0,"seaweeds"
77,1990,0,"seaweeds"
78,1990,0,"seaweeds"
79,1990,1302,"seaweeds"
80,1990,4.5,"seaweeds"
81,1990,0,"seaweeds"
82,1990,0,"seaweeds"
84,1990,0,"seaweeds"
85,1990,0,"seaweeds"
86,1990,0,"seaweeds"
88,1990,0,"seaweeds"
89,1990,0,"seaweeds"
90,1990,0,"seaweeds"
91,1990,0,"seaweeds"
92,1990,0,"seaweeds"
93,1990,0,"seaweeds"
94,1990,0,"seaweeds"
95,1990,0,"seaweeds"
96,1990,0,"seaweeds"
97,1990,0,"seaweeds"
98,1990,0,"seaweeds"
99,1990,0,"seaweeds"
100,1990,0,"seaweeds"
101,1990,0,"seaweeds"
102,1990,0,"seaweeds"
103,1990,0,"seaweeds"
104,1990,0,"seaweeds"
105,1990,0,"seaweeds"
106,1990,0,"seaweeds"
107,1990,0,"seaweeds"
108,1990,0,"seaweeds"
110,1990,0,"seaweeds"
111,1990,0,"seaweeds"
112,1990,0,"seaweeds"
113,1990,0,"seaweeds"
114,1990,0,"seaweeds"
115,1990,0,"seaweeds"
116,1990,0,"seaweeds"
117,1990,0,"seaweeds"
118,1990,0,"seaweeds"
119,1990,0,"seaweeds"
120,1990,0,"seaweeds"
121,1990,0,"seaweeds"
122,1990,0,"seaweeds"
123,1990,0,"seaweeds"
124,1990,0,"seaweeds"
125,1990,0,"seaweeds"
126,1990,0,"seaweeds"
127,1990,0,"seaweeds"
129,1990,0,"seaweeds"
130,1990,51,"seaweeds"
131,1990,0,"seaweeds"
132,1990,0,"seaweeds"
133,1990,0,"seaweeds"
134,1990,0,"seaweeds"
135,1990,1634,"seaweeds"
136,1990,0,"seaweeds"
137,1990,0,"seaweeds"
138,1990,232,"seaweeds"
139,1990,0,"seaweeds"
140,1990,0,"seaweeds"
141,1990,0,"seaweeds"
143,1990,0,"seaweeds"
144,1990,0,"seaweeds"
145,1990,0,"seaweeds"
146,1990,0,"seaweeds"
147,1990,0,"seaweeds"
148,1990,0,"seaweeds"
149,1990,0,"seaweeds"
150,1990,0,"seaweeds"
151,1990,0,"seaweeds"
152,1990,0,"seaweeds"
153,1990,0,"seaweeds"
154,1990,0,"seaweeds"
155,1990,0,"seaweeds"
156,1990,0,"seaweeds"
157,1990,0,"seaweeds"
158,1990,0,"seaweeds"
159,1990,0,"seaweeds"
161,1990,0,"seaweeds"
162,1990,20,"seaweeds"
163,1990,9904,"seaweeds"
164,1990,0,"seaweeds"
166,1990,0,"seaweeds"
167,1990,0,"seaweeds"
168,1990,0,"seaweeds"
169,1990,0,"seaweeds"
171,1990,2,"seaweeds"
172,1990,0,"seaweeds"
173,1990,0,"seaweeds"
174,1990,0,"seaweeds"
175,1990,588,"seaweeds"
176,1990,171,"seaweeds"
177,1990,37,"seaweeds"
178,1990,0,"seaweeds"
179,1990,1952,"seaweeds"
180,1990,1665,"seaweeds"
181,1990,1397,"seaweeds"
182,1990,564,"seaweeds"
183,1990,433,"seaweeds"
184,1990,235,"seaweeds"
185,1990,0,"seaweeds"
186,1990,0,"seaweeds"
187,1990,0,"seaweeds"
188,1990,0,"seaweeds"
189,1990,0,"seaweeds"
190,1990,0,"seaweeds"
191,1990,0,"seaweeds"
192,1990,0,"seaweeds"
193,1990,0,"seaweeds"
194,1990,0,"seaweeds"
195,1990,0,"seaweeds"
196,1990,0,"seaweeds"
197,1990,0,"seaweeds"
198,1990,0,"seaweeds"
199,1990,0,"seaweeds"
200,1990,0,"seaweeds"
202,1990,0,"seaweeds"
203,1990,0,"seaweeds"
204,1990,0,"seaweeds"
205,1990,0,"seaweeds"
206,1990,160,"seaweeds"
207,1990,0,"seaweeds"
208,1990,0,"seaweeds"
209,1990,474,"seaweeds"
210,1990,42590,"seaweeds"
212,1990,565,"seaweeds"
213,1990,0,"seaweeds"
214,1990,0,"seaweeds"
215,1990,0,"seaweeds"
216,1990,7865,"seaweeds"
218,1990,6943,"seaweeds"
219,1990,0,"seaweeds"
220,1990,0,"seaweeds"
221,1990,0,"seaweeds"
222,1990,0,"seaweeds"
223,1990,2498,"seaweeds"
224,1990,18574,"seaweeds"
227,1990,0,"seaweeds"
228,1990,0,"seaweeds"
231,1990,0,"seaweeds"
232,1990,0,"seaweeds"
237,1990,0,"seaweeds"
244,1990,0,"seaweeds"
245,1990,0,"seaweeds"
247,1990,0,"seaweeds"
248,1990,0,"seaweeds"
249,1990,0,"seaweeds"
250,1990,0,"seaweeds"
1,1991,0,"seaweeds"
2,1991,0,"seaweeds"
3,1991,0,"seaweeds"
4,1991,0,"seaweeds"
5,1991,0,"seaweeds"
6,1991,0,"seaweeds"
7,1991,0,"seaweeds"
8,1991,0,"seaweeds"
9,1991,0,"seaweeds"
10,1991,0,"seaweeds"
11,1991,0,"seaweeds"
12,1991,0,"seaweeds"
13,1991,0,"seaweeds"
14,1991,18500,"seaweeds"
15,1991,21245,"seaweeds"
16,1991,1486,"seaweeds"
17,1991,0,"seaweeds"
18,1991,0,"seaweeds"
19,1991,0,"seaweeds"
20,1991,22310,"seaweeds"
21,1991,0,"seaweeds"
24,1991,0,"seaweeds"
25,1991,1249,"seaweeds"
26,1991,0,"seaweeds"
28,1991,0,"seaweeds"
29,1991,0,"seaweeds"
30,1991,0,"seaweeds"
31,1991,0,"seaweeds"
32,1991,0,"seaweeds"
33,1991,0,"seaweeds"
34,1991,0,"seaweeds"
35,1991,0,"seaweeds"
36,1991,0,"seaweeds"
37,1991,0,"seaweeds"
38,1991,0,"seaweeds"
39,1991,0,"seaweeds"
40,1991,0,"seaweeds"
41,1991,0,"seaweeds"
42,1991,197,"seaweeds"
43,1991,0,"seaweeds"
44,1991,0,"seaweeds"
45,1991,0,"seaweeds"
46,1991,0,"seaweeds"
47,1991,0,"seaweeds"
48,1991,0,"seaweeds"
49,1991,0,"seaweeds"
50,1991,0,"seaweeds"
51,1991,0,"seaweeds"
52,1991,0,"seaweeds"
53,1991,0,"seaweeds"
54,1991,0,"seaweeds"
55,1991,0,"seaweeds"
56,1991,0,"seaweeds"
57,1991,0,"seaweeds"
58,1991,0,"seaweeds"
59,1991,141,"seaweeds"
60,1991,0,"seaweeds"
61,1991,0,"seaweeds"
62,1991,0,"seaweeds"
63,1991,0,"seaweeds"
64,1991,0,"seaweeds"
65,1991,0,"seaweeds"
66,1991,0,"seaweeds"
67,1991,0,"seaweeds"
68,1991,0,"seaweeds"
69,1991,0,"seaweeds"
70,1991,0,"seaweeds"
71,1991,0,"seaweeds"
72,1991,0,"seaweeds"
73,1991,0,"seaweeds"
74,1991,0,"seaweeds"
75,1991,0,"seaweeds"
76,1991,0,"seaweeds"
77,1991,0,"seaweeds"
78,1991,0,"seaweeds"
79,1991,2510,"seaweeds"
80,1991,217,"seaweeds"
81,1991,0,"seaweeds"
82,1991,0,"seaweeds"
84,1991,0,"seaweeds"
85,1991,0,"seaweeds"
86,1991,0,"seaweeds"
88,1991,0,"seaweeds"
89,1991,0,"seaweeds"
90,1991,0,"seaweeds"
91,1991,0,"seaweeds"
92,1991,0,"seaweeds"
93,1991,0,"seaweeds"
94,1991,0,"seaweeds"
95,1991,0,"seaweeds"
96,1991,0,"seaweeds"
97,1991,0,"seaweeds"
98,1991,0,"seaweeds"
99,1991,0,"seaweeds"
100,1991,0,"seaweeds"
101,1991,0,"seaweeds"
102,1991,0,"seaweeds"
103,1991,0,"seaweeds"
104,1991,0,"seaweeds"
105,1991,0,"seaweeds"
106,1991,0,"seaweeds"
107,1991,0,"seaweeds"
108,1991,0,"seaweeds"
110,1991,0,"seaweeds"
111,1991,0,"seaweeds"
112,1991,0,"seaweeds"
113,1991,0,"seaweeds"
114,1991,0,"seaweeds"
115,1991,0,"seaweeds"
116,1991,0,"seaweeds"
117,1991,0,"seaweeds"
118,1991,0,"seaweeds"
119,1991,0,"seaweeds"
120,1991,0,"seaweeds"
121,1991,0,"seaweeds"
122,1991,0,"seaweeds"
123,1991,0,"seaweeds"
124,1991,0,"seaweeds"
125,1991,0,"seaweeds"
126,1991,0,"seaweeds"
127,1991,0,"seaweeds"
129,1991,0,"seaweeds"
130,1991,290,"seaweeds"
131,1991,0,"seaweeds"
132,1991,0,"seaweeds"
133,1991,0,"seaweeds"
134,1991,0,"seaweeds"
135,1991,1549,"seaweeds"
136,1991,0,"seaweeds"
137,1991,0,"seaweeds"
138,1991,242,"seaweeds"
139,1991,0,"seaweeds"
140,1991,0,"seaweeds"
141,1991,0,"seaweeds"
143,1991,0,"seaweeds"
144,1991,0,"seaweeds"
145,1991,0,"seaweeds"
146,1991,0,"seaweeds"
147,1991,0,"seaweeds"
148,1991,0,"seaweeds"
149,1991,0,"seaweeds"
150,1991,0,"seaweeds"
151,1991,0,"seaweeds"
152,1991,0,"seaweeds"
153,1991,0,"seaweeds"
154,1991,0,"seaweeds"
155,1991,0,"seaweeds"
156,1991,0,"seaweeds"
157,1991,0,"seaweeds"
158,1991,0,"seaweeds"
159,1991,0,"seaweeds"
161,1991,0,"seaweeds"
162,1991,49,"seaweeds"
163,1991,13073,"seaweeds"
164,1991,0,"seaweeds"
166,1991,26,"seaweeds"
167,1991,0,"seaweeds"
168,1991,0,"seaweeds"
169,1991,0,"seaweeds"
171,1991,266,"seaweeds"
172,1991,369,"seaweeds"
173,1991,0,"seaweeds"
174,1991,0,"seaweeds"
175,1991,296,"seaweeds"
176,1991,181,"seaweeds"
177,1991,66,"seaweeds"
178,1991,0,"seaweeds"
179,1991,3502,"seaweeds"
180,1991,839,"seaweeds"
181,1991,1451,"seaweeds"
182,1991,1202,"seaweeds"
183,1991,2996,"seaweeds"
184,1991,86,"seaweeds"
185,1991,0,"seaweeds"
186,1991,0,"seaweeds"
187,1991,0,"seaweeds"
188,1991,0,"seaweeds"
189,1991,0,"seaweeds"
190,1991,0,"seaweeds"
191,1991,0,"seaweeds"
192,1991,0,"seaweeds"
193,1991,0,"seaweeds"
194,1991,0,"seaweeds"
195,1991,0,"seaweeds"
196,1991,0,"seaweeds"
197,1991,0,"seaweeds"
198,1991,0,"seaweeds"
199,1991,0,"seaweeds"
200,1991,0,"seaweeds"
202,1991,0,"seaweeds"
203,1991,0,"seaweeds"
204,1991,0,"seaweeds"
205,1991,0,"seaweeds"
206,1991,220,"seaweeds"
207,1991,0,"seaweeds"
208,1991,0,"seaweeds"
209,1991,1485,"seaweeds"
210,1991,37162,"seaweeds"
212,1991,527,"seaweeds"
213,1991,0,"seaweeds"
214,1991,0,"seaweeds"
215,1991,0,"seaweeds"
216,1991,5676,"seaweeds"
218,1991,4419,"seaweeds"
219,1991,0,"seaweeds"
220,1991,0,"seaweeds"
221,1991,0,"seaweeds"
222,1991,0,"seaweeds"
223,1991,2325,"seaweeds"
224,1991,17586,"seaweeds"
227,1991,0,"seaweeds"
228,1991,0,"seaweeds"
231,1991,0,"seaweeds"
232,1991,0,"seaweeds"
237,1991,0,"seaweeds"
244,1991,0,"seaweeds"
245,1991,0,"seaweeds"
247,1991,0,"seaweeds"
248,1991,0,"seaweeds"
249,1991,0,"seaweeds"
250,1991,0,"seaweeds"
1,1992,0,"seaweeds"
2,1992,0,"seaweeds"
3,1992,0,"seaweeds"
4,1992,0,"seaweeds"
5,1992,0,"seaweeds"
6,1992,0,"seaweeds"
7,1992,0,"seaweeds"
8,1992,0,"seaweeds"
9,1992,0,"seaweeds"
10,1992,0,"seaweeds"
11,1992,0,"seaweeds"
12,1992,0,"seaweeds"
13,1992,0,"seaweeds"
14,1992,19450,"seaweeds"
15,1992,18550,"seaweeds"
16,1992,1290,"seaweeds"
17,1992,0,"seaweeds"
18,1992,0,"seaweeds"
19,1992,0,"seaweeds"
20,1992,22504,"seaweeds"
21,1992,0,"seaweeds"
24,1992,0,"seaweeds"
25,1992,1222,"seaweeds"
26,1992,0,"seaweeds"
28,1992,0,"seaweeds"
29,1992,0,"seaweeds"
30,1992,0,"seaweeds"
31,1992,0,"seaweeds"
32,1992,0,"seaweeds"
33,1992,0,"seaweeds"
34,1992,0,"seaweeds"
35,1992,0,"seaweeds"
36,1992,0,"seaweeds"
37,1992,0,"seaweeds"
38,1992,0,"seaweeds"
39,1992,0,"seaweeds"
40,1992,0,"seaweeds"
41,1992,0,"seaweeds"
42,1992,494,"seaweeds"
43,1992,0,"seaweeds"
44,1992,0,"seaweeds"
45,1992,0,"seaweeds"
46,1992,0,"seaweeds"
47,1992,0,"seaweeds"
48,1992,0,"seaweeds"
49,1992,0,"seaweeds"
50,1992,0,"seaweeds"
51,1992,0,"seaweeds"
52,1992,0,"seaweeds"
53,1992,0,"seaweeds"
54,1992,0,"seaweeds"
55,1992,0,"seaweeds"
56,1992,0,"seaweeds"
57,1992,0,"seaweeds"
58,1992,0,"seaweeds"
59,1992,180,"seaweeds"
60,1992,0,"seaweeds"
61,1992,0,"seaweeds"
62,1992,0,"seaweeds"
63,1992,0,"seaweeds"
64,1992,0,"seaweeds"
65,1992,0,"seaweeds"
66,1992,0,"seaweeds"
67,1992,0,"seaweeds"
68,1992,0,"seaweeds"
69,1992,0,"seaweeds"
70,1992,0,"seaweeds"
71,1992,0,"seaweeds"
72,1992,0,"seaweeds"
73,1992,0,"seaweeds"
74,1992,0,"seaweeds"
75,1992,0,"seaweeds"
76,1992,0,"seaweeds"
77,1992,0,"seaweeds"
78,1992,0,"seaweeds"
79,1992,1637,"seaweeds"
80,1992,105,"seaweeds"
81,1992,0,"seaweeds"
82,1992,0,"seaweeds"
84,1992,0,"seaweeds"
85,1992,0,"seaweeds"
86,1992,0,"seaweeds"
88,1992,0,"seaweeds"
89,1992,0,"seaweeds"
90,1992,0,"seaweeds"
91,1992,0,"seaweeds"
92,1992,0,"seaweeds"
93,1992,0,"seaweeds"
94,1992,0,"seaweeds"
95,1992,0,"seaweeds"
96,1992,0,"seaweeds"
97,1992,0,"seaweeds"
98,1992,0,"seaweeds"
99,1992,0,"seaweeds"
100,1992,0,"seaweeds"
101,1992,0,"seaweeds"
102,1992,0,"seaweeds"
103,1992,0,"seaweeds"
104,1992,0,"seaweeds"
105,1992,0,"seaweeds"
106,1992,0,"seaweeds"
107,1992,0,"seaweeds"
108,1992,0,"seaweeds"
110,1992,0,"seaweeds"
111,1992,0,"seaweeds"
112,1992,0,"seaweeds"
113,1992,0,"seaweeds"
114,1992,0,"seaweeds"
115,1992,0,"seaweeds"
116,1992,0,"seaweeds"
117,1992,0,"seaweeds"
118,1992,0,"seaweeds"
119,1992,0,"seaweeds"
120,1992,0,"seaweeds"
121,1992,0,"seaweeds"
122,1992,0,"seaweeds"
123,1992,0,"seaweeds"
124,1992,0,"seaweeds"
125,1992,0,"seaweeds"
126,1992,0,"seaweeds"
127,1992,0,"seaweeds"
129,1992,0,"seaweeds"
130,1992,0,"seaweeds"
131,1992,0,"seaweeds"
132,1992,0,"seaweeds"
133,1992,0,"seaweeds"
134,1992,0,"seaweeds"
135,1992,2644,"seaweeds"
136,1992,0,"seaweeds"
137,1992,0,"seaweeds"
138,1992,201,"seaweeds"
139,1992,0,"seaweeds"
140,1992,0,"seaweeds"
141,1992,0,"seaweeds"
143,1992,0,"seaweeds"
144,1992,0,"seaweeds"
145,1992,0,"seaweeds"
146,1992,0,"seaweeds"
147,1992,0,"seaweeds"
148,1992,0,"seaweeds"
149,1992,0,"seaweeds"
150,1992,0,"seaweeds"
151,1992,0,"seaweeds"
152,1992,0,"seaweeds"
153,1992,0,"seaweeds"
154,1992,0,"seaweeds"
155,1992,0,"seaweeds"
156,1992,0,"seaweeds"
157,1992,0,"seaweeds"
158,1992,0,"seaweeds"
159,1992,0,"seaweeds"
161,1992,0,"seaweeds"
162,1992,152,"seaweeds"
163,1992,11876,"seaweeds"
164,1992,0,"seaweeds"
166,1992,14,"seaweeds"
167,1992,0,"seaweeds"
168,1992,0,"seaweeds"
169,1992,0,"seaweeds"
171,1992,183,"seaweeds"
172,1992,96,"seaweeds"
173,1992,0,"seaweeds"
174,1992,0,"seaweeds"
175,1992,86,"seaweeds"
176,1992,140,"seaweeds"
177,1992,89,"seaweeds"
178,1992,0,"seaweeds"
179,1992,4051,"seaweeds"
180,1992,1297,"seaweeds"
181,1992,1366,"seaweeds"
182,1992,464,"seaweeds"
183,1992,2779,"seaweeds"
184,1992,54,"seaweeds"
185,1992,0,"seaweeds"
186,1992,0,"seaweeds"
187,1992,0,"seaweeds"
188,1992,0,"seaweeds"
189,1992,0,"seaweeds"
190,1992,0,"seaweeds"
191,1992,0,"seaweeds"
192,1992,0,"seaweeds"
193,1992,0,"seaweeds"
194,1992,0,"seaweeds"
195,1992,0,"seaweeds"
196,1992,0,"seaweeds"
197,1992,0,"seaweeds"
198,1992,0,"seaweeds"
199,1992,0,"seaweeds"
200,1992,0,"seaweeds"
202,1992,0,"seaweeds"
203,1992,0,"seaweeds"
204,1992,0,"seaweeds"
205,1992,0,"seaweeds"
206,1992,205,"seaweeds"
207,1992,0,"seaweeds"
208,1992,0,"seaweeds"
209,1992,2903,"seaweeds"
210,1992,52651,"seaweeds"
212,1992,482,"seaweeds"
213,1992,0,"seaweeds"
214,1992,0,"seaweeds"
215,1992,0,"seaweeds"
216,1992,5438,"seaweeds"
218,1992,3584,"seaweeds"
219,1992,0,"seaweeds"
220,1992,0,"seaweeds"
221,1992,0,"seaweeds"
222,1992,0,"seaweeds"
223,1992,2347,"seaweeds"
224,1992,13168,"seaweeds"
227,1992,0,"seaweeds"
228,1992,0,"seaweeds"
231,1992,0,"seaweeds"
232,1992,0,"seaweeds"
237,1992,0,"seaweeds"
244,1992,0,"seaweeds"
245,1992,0,"seaweeds"
247,1992,0,"seaweeds"
248,1992,0,"seaweeds"
249,1992,0,"seaweeds"
250,1992,0,"seaweeds"
1,1993,0,"seaweeds"
2,1993,0,"seaweeds"
3,1993,0,"seaweeds"
4,1993,0,"seaweeds"
5,1993,0,"seaweeds"
6,1993,0,"seaweeds"
7,1993,0,"seaweeds"
8,1993,0,"seaweeds"
9,1993,0,"seaweeds"
10,1993,0,"seaweeds"
11,1993,0,"seaweeds"
12,1993,0,"seaweeds"
13,1993,0,"seaweeds"
14,1993,20500,"seaweeds"
15,1993,18125,"seaweeds"
16,1993,1494,"seaweeds"
17,1993,0,"seaweeds"
18,1993,0,"seaweeds"
19,1993,0,"seaweeds"
20,1993,16549,"seaweeds"
21,1993,0,"seaweeds"
24,1993,0,"seaweeds"
25,1993,1240,"seaweeds"
26,1993,0,"seaweeds"
28,1993,0,"seaweeds"
29,1993,0,"seaweeds"
30,1993,0,"seaweeds"
31,1993,0,"seaweeds"
32,1993,0,"seaweeds"
33,1993,0,"seaweeds"
34,1993,0,"seaweeds"
35,1993,0,"seaweeds"
36,1993,0,"seaweeds"
37,1993,0,"seaweeds"
38,1993,0,"seaweeds"
39,1993,0,"seaweeds"
40,1993,0,"seaweeds"
41,1993,0,"seaweeds"
42,1993,461,"seaweeds"
43,1993,0,"seaweeds"
44,1993,0,"seaweeds"
45,1993,0,"seaweeds"
46,1993,0,"seaweeds"
47,1993,0,"seaweeds"
48,1993,0,"seaweeds"
49,1993,0,"seaweeds"
50,1993,0,"seaweeds"
51,1993,0,"seaweeds"
52,1993,0,"seaweeds"
53,1993,0,"seaweeds"
54,1993,0,"seaweeds"
55,1993,0,"seaweeds"
56,1993,0,"seaweeds"
57,1993,0,"seaweeds"
58,1993,0,"seaweeds"
59,1993,371,"seaweeds"
60,1993,0,"seaweeds"
61,1993,0,"seaweeds"
62,1993,111,"seaweeds"
63,1993,0,"seaweeds"
64,1993,0,"seaweeds"
65,1993,0,"seaweeds"
66,1993,0,"seaweeds"
67,1993,0,"seaweeds"
68,1993,0,"seaweeds"
69,1993,0,"seaweeds"
70,1993,0,"seaweeds"
71,1993,0,"seaweeds"
72,1993,0,"seaweeds"
73,1993,0,"seaweeds"
74,1993,0,"seaweeds"
75,1993,0,"seaweeds"
76,1993,0,"seaweeds"
77,1993,0,"seaweeds"
78,1993,0,"seaweeds"
79,1993,2850,"seaweeds"
80,1993,0,"seaweeds"
81,1993,0,"seaweeds"
82,1993,0,"seaweeds"
84,1993,0,"seaweeds"
85,1993,0,"seaweeds"
86,1993,0,"seaweeds"
88,1993,0,"seaweeds"
89,1993,0,"seaweeds"
90,1993,0,"seaweeds"
91,1993,0,"seaweeds"
92,1993,0,"seaweeds"
93,1993,0,"seaweeds"
94,1993,0,"seaweeds"
95,1993,0,"seaweeds"
96,1993,0,"seaweeds"
97,1993,0,"seaweeds"
98,1993,0,"seaweeds"
99,1993,0,"seaweeds"
100,1993,0,"seaweeds"
101,1993,0,"seaweeds"
102,1993,0,"seaweeds"
103,1993,0,"seaweeds"
104,1993,0,"seaweeds"
105,1993,0,"seaweeds"
106,1993,0,"seaweeds"
107,1993,0,"seaweeds"
108,1993,0,"seaweeds"
110,1993,0,"seaweeds"
111,1993,0,"seaweeds"
112,1993,0,"seaweeds"
113,1993,0,"seaweeds"
114,1993,0,"seaweeds"
115,1993,0,"seaweeds"
116,1993,0,"seaweeds"
117,1993,0,"seaweeds"
118,1993,0,"seaweeds"
119,1993,0,"seaweeds"
120,1993,0,"seaweeds"
121,1993,0,"seaweeds"
122,1993,0,"seaweeds"
123,1993,0,"seaweeds"
124,1993,0,"seaweeds"
125,1993,0,"seaweeds"
126,1993,0,"seaweeds"
127,1993,0,"seaweeds"
129,1993,0,"seaweeds"
130,1993,0,"seaweeds"
131,1993,0,"seaweeds"
132,1993,0,"seaweeds"
133,1993,0,"seaweeds"
134,1993,0,"seaweeds"
135,1993,3866,"seaweeds"
136,1993,0,"seaweeds"
137,1993,0,"seaweeds"
138,1993,340,"seaweeds"
139,1993,0,"seaweeds"
140,1993,0,"seaweeds"
141,1993,0,"seaweeds"
143,1993,0,"seaweeds"
144,1993,0,"seaweeds"
145,1993,0,"seaweeds"
146,1993,0,"seaweeds"
147,1993,0,"seaweeds"
148,1993,0,"seaweeds"
149,1993,0,"seaweeds"
150,1993,0,"seaweeds"
151,1993,0,"seaweeds"
152,1993,0,"seaweeds"
153,1993,0,"seaweeds"
154,1993,0,"seaweeds"
155,1993,0,"seaweeds"
156,1993,0,"seaweeds"
157,1993,0,"seaweeds"
158,1993,0,"seaweeds"
159,1993,0,"seaweeds"
161,1993,0,"seaweeds"
162,1993,52,"seaweeds"
163,1993,13582,"seaweeds"
164,1993,0,"seaweeds"
166,1993,44,"seaweeds"
167,1993,0,"seaweeds"
168,1993,0,"seaweeds"
169,1993,0,"seaweeds"
171,1993,118,"seaweeds"
172,1993,397,"seaweeds"
173,1993,0,"seaweeds"
174,1993,0,"seaweeds"
175,1993,677,"seaweeds"
176,1993,251,"seaweeds"
177,1993,368,"seaweeds"
178,1993,0,"seaweeds"
179,1993,3616,"seaweeds"
180,1993,790,"seaweeds"
181,1993,435,"seaweeds"
182,1993,772,"seaweeds"
183,1993,1118,"seaweeds"
184,1993,35,"seaweeds"
185,1993,0,"seaweeds"
186,1993,0,"seaweeds"
187,1993,0,"seaweeds"
188,1993,0,"seaweeds"
189,1993,0,"seaweeds"
190,1993,0,"seaweeds"
191,1993,0,"seaweeds"
192,1993,0,"seaweeds"
193,1993,0,"seaweeds"
194,1993,0,"seaweeds"
195,1993,0,"seaweeds"
196,1993,0,"seaweeds"
197,1993,0,"seaweeds"
198,1993,0,"seaweeds"
199,1993,0,"seaweeds"
200,1993,0,"seaweeds"
202,1993,0,"seaweeds"
203,1993,0,"seaweeds"
204,1993,0,"seaweeds"
205,1993,0,"seaweeds"
206,1993,210,"seaweeds"
207,1993,0,"seaweeds"
208,1993,0,"seaweeds"
209,1993,4197,"seaweeds"
210,1993,31305,"seaweeds"
212,1993,148,"seaweeds"
213,1993,0,"seaweeds"
214,1993,0,"seaweeds"
215,1993,0,"seaweeds"
216,1993,8480,"seaweeds"
218,1993,6329,"seaweeds"
219,1993,0,"seaweeds"
220,1993,0,"seaweeds"
221,1993,0,"seaweeds"
222,1993,0,"seaweeds"
223,1993,2353,"seaweeds"
224,1993,12682,"seaweeds"
227,1993,0,"seaweeds"
228,1993,0,"seaweeds"
231,1993,0,"seaweeds"
232,1993,0,"seaweeds"
237,1993,0,"seaweeds"
244,1993,0,"seaweeds"
245,1993,0,"seaweeds"
247,1993,0,"seaweeds"
248,1993,0,"seaweeds"
249,1993,0,"seaweeds"
250,1993,0,"seaweeds"
1,1994,0,"seaweeds"
2,1994,0,"seaweeds"
3,1994,0,"seaweeds"
4,1994,0,"seaweeds"
5,1994,0,"seaweeds"
6,1994,0,"seaweeds"
7,1994,0,"seaweeds"
8,1994,0,"seaweeds"
9,1994,0,"seaweeds"
10,1994,0,"seaweeds"
11,1994,0,"seaweeds"
12,1994,0,"seaweeds"
13,1994,0,"seaweeds"
14,1994,23528,"seaweeds"
15,1994,21983,"seaweeds"
16,1994,1631,"seaweeds"
17,1994,0,"seaweeds"
18,1994,0,"seaweeds"
19,1994,0,"seaweeds"
20,1994,19098,"seaweeds"
21,1994,0,"seaweeds"
24,1994,0,"seaweeds"
25,1994,1763,"seaweeds"
26,1994,0,"seaweeds"
28,1994,0,"seaweeds"
29,1994,0,"seaweeds"
30,1994,0,"seaweeds"
31,1994,0,"seaweeds"
32,1994,0,"seaweeds"
33,1994,0,"seaweeds"
34,1994,0,"seaweeds"
35,1994,0,"seaweeds"
36,1994,0,"seaweeds"
37,1994,0,"seaweeds"
38,1994,0,"seaweeds"
39,1994,0,"seaweeds"
40,1994,0,"seaweeds"
41,1994,0,"seaweeds"
42,1994,901,"seaweeds"
43,1994,0,"seaweeds"
44,1994,0,"seaweeds"
45,1994,0,"seaweeds"
46,1994,0,"seaweeds"
47,1994,0,"seaweeds"
48,1994,0,"seaweeds"
49,1994,0,"seaweeds"
50,1994,0,"seaweeds"
51,1994,0,"seaweeds"
52,1994,0,"seaweeds"
53,1994,0,"seaweeds"
54,1994,0,"seaweeds"
55,1994,0,"seaweeds"
56,1994,0,"seaweeds"
57,1994,0,"seaweeds"
58,1994,0,"seaweeds"
59,1994,1019,"seaweeds"
60,1994,0,"seaweeds"
61,1994,0,"seaweeds"
62,1994,16929,"seaweeds"
63,1994,0,"seaweeds"
64,1994,0,"seaweeds"
65,1994,0,"seaweeds"
66,1994,0,"seaweeds"
67,1994,0,"seaweeds"
68,1994,0,"seaweeds"
69,1994,18,"seaweeds"
70,1994,0,"seaweeds"
71,1994,0,"seaweeds"
72,1994,0,"seaweeds"
73,1994,0,"seaweeds"
74,1994,0,"seaweeds"
75,1994,0,"seaweeds"
76,1994,12,"seaweeds"
77,1994,0,"seaweeds"
78,1994,0,"seaweeds"
79,1994,0,"seaweeds"
80,1994,132,"seaweeds"
81,1994,0,"seaweeds"
82,1994,0,"seaweeds"
84,1994,0,"seaweeds"
85,1994,0,"seaweeds"
86,1994,0,"seaweeds"
88,1994,0,"seaweeds"
89,1994,0,"seaweeds"
90,1994,0,"seaweeds"
91,1994,0,"seaweeds"
92,1994,0,"seaweeds"
93,1994,0,"seaweeds"
94,1994,0,"seaweeds"
95,1994,0,"seaweeds"
96,1994,0,"seaweeds"
97,1994,0,"seaweeds"
98,1994,0,"seaweeds"
99,1994,0,"seaweeds"
100,1994,0,"seaweeds"
101,1994,0,"seaweeds"
102,1994,0,"seaweeds"
103,1994,0,"seaweeds"
104,1994,0,"seaweeds"
105,1994,0,"seaweeds"
106,1994,0,"seaweeds"
107,1994,0,"seaweeds"
108,1994,0,"seaweeds"
110,1994,0,"seaweeds"
111,1994,0,"seaweeds"
112,1994,0,"seaweeds"
113,1994,0,"seaweeds"
114,1994,0,"seaweeds"
115,1994,0,"seaweeds"
116,1994,0,"seaweeds"
117,1994,0,"seaweeds"
118,1994,0,"seaweeds"
119,1994,0,"seaweeds"
120,1994,0,"seaweeds"
121,1994,0,"seaweeds"
122,1994,0,"seaweeds"
123,1994,0,"seaweeds"
124,1994,0,"seaweeds"
125,1994,0,"seaweeds"
126,1994,0.1,"seaweeds"
127,1994,0,"seaweeds"
129,1994,0,"seaweeds"
130,1994,11,"seaweeds"
131,1994,0,"seaweeds"
132,1994,0,"seaweeds"
133,1994,0,"seaweeds"
134,1994,0,"seaweeds"
135,1994,1400,"seaweeds"
136,1994,0,"seaweeds"
137,1994,0,"seaweeds"
138,1994,340,"seaweeds"
139,1994,0,"seaweeds"
140,1994,0,"seaweeds"
141,1994,0,"seaweeds"
143,1994,2,"seaweeds"
144,1994,0,"seaweeds"
145,1994,0,"seaweeds"
146,1994,0,"seaweeds"
147,1994,0,"seaweeds"
148,1994,0,"seaweeds"
149,1994,0,"seaweeds"
150,1994,0,"seaweeds"
151,1994,0,"seaweeds"
152,1994,0,"seaweeds"
153,1994,0,"seaweeds"
154,1994,0,"seaweeds"
155,1994,0,"seaweeds"
156,1994,0,"seaweeds"
157,1994,0,"seaweeds"
158,1994,0,"seaweeds"
159,1994,0,"seaweeds"
161,1994,0,"seaweeds"
162,1994,659,"seaweeds"
163,1994,10837,"seaweeds"
164,1994,2,"seaweeds"
166,1994,0,"seaweeds"
167,1994,0,"seaweeds"
168,1994,0,"seaweeds"
169,1994,0,"seaweeds"
171,1994,537,"seaweeds"
172,1994,2316,"seaweeds"
173,1994,0,"seaweeds"
174,1994,701.999883443877,"seaweeds"
175,1994,283,"seaweeds"
176,1994,4558,"seaweeds"
177,1994,348,"seaweeds"
178,1994,0,"seaweeds"
179,1994,5832,"seaweeds"
180,1994,2155,"seaweeds"
181,1994,11938,"seaweeds"
182,1994,13576,"seaweeds"
183,1994,3258,"seaweeds"
184,1994,2214,"seaweeds"
185,1994,0,"seaweeds"
186,1994,0,"seaweeds"
187,1994,0,"seaweeds"
188,1994,3,"seaweeds"
189,1994,0,"seaweeds"
190,1994,0,"seaweeds"
191,1994,0,"seaweeds"
192,1994,0,"seaweeds"
193,1994,0,"seaweeds"
194,1994,0,"seaweeds"
195,1994,0,"seaweeds"
196,1994,0,"seaweeds"
197,1994,0,"seaweeds"
198,1994,0,"seaweeds"
199,1994,0,"seaweeds"
200,1994,0,"seaweeds"
202,1994,0,"seaweeds"
203,1994,181,"seaweeds"
204,1994,0,"seaweeds"
205,1994,0,"seaweeds"
206,1994,481,"seaweeds"
207,1994,0,"seaweeds"
208,1994,12818,"seaweeds"
209,1994,63228,"seaweeds"
210,1994,26990,"seaweeds"
212,1994,204,"seaweeds"
213,1994,0,"seaweeds"
214,1994,70,"seaweeds"
215,1994,0,"seaweeds"
216,1994,21216,"seaweeds"
218,1994,21576,"seaweeds"
219,1994,0,"seaweeds"
220,1994,0,"seaweeds"
221,1994,0,"seaweeds"
222,1994,453,"seaweeds"
223,1994,2846,"seaweeds"
224,1994,72887,"seaweeds"
227,1994,0,"seaweeds"
228,1994,0,"seaweeds"
231,1994,0,"seaweeds"
232,1994,0,"seaweeds"
237,1994,0,"seaweeds"
244,1994,0,"seaweeds"
245,1994,0,"seaweeds"
247,1994,0,"seaweeds"
248,1994,0,"seaweeds"
249,1994,0,"seaweeds"
250,1994,0,"seaweeds"
1,1995,0,"seaweeds"
2,1995,0,"seaweeds"
3,1995,0,"seaweeds"
4,1995,0,"seaweeds"
5,1995,0,"seaweeds"
6,1995,0,"seaweeds"
7,1995,0,"seaweeds"
8,1995,0,"seaweeds"
9,1995,0,"seaweeds"
10,1995,0,"seaweeds"
11,1995,0,"seaweeds"
12,1995,0,"seaweeds"
13,1995,0,"seaweeds"
14,1995,23693,"seaweeds"
15,1995,39106,"seaweeds"
16,1995,1907,"seaweeds"
17,1995,0,"seaweeds"
18,1995,0,"seaweeds"
19,1995,0,"seaweeds"
20,1995,24587,"seaweeds"
21,1995,0,"seaweeds"
24,1995,0,"seaweeds"
25,1995,2105,"seaweeds"
26,1995,0,"seaweeds"
28,1995,0,"seaweeds"
29,1995,0,"seaweeds"
30,1995,0,"seaweeds"
31,1995,0,"seaweeds"
32,1995,0,"seaweeds"
33,1995,0,"seaweeds"
34,1995,0,"seaweeds"
35,1995,0,"seaweeds"
36,1995,0,"seaweeds"
37,1995,0,"seaweeds"
38,1995,0,"seaweeds"
39,1995,0,"seaweeds"
40,1995,2.1,"seaweeds"
41,1995,0,"seaweeds"
42,1995,1083,"seaweeds"
43,1995,0,"seaweeds"
44,1995,0,"seaweeds"
45,1995,0,"seaweeds"
46,1995,0,"seaweeds"
47,1995,0,"seaweeds"
48,1995,0,"seaweeds"
49,1995,0,"seaweeds"
50,1995,0,"seaweeds"
51,1995,0,"seaweeds"
52,1995,0,"seaweeds"
53,1995,0,"seaweeds"
54,1995,0,"seaweeds"
55,1995,0,"seaweeds"
56,1995,0,"seaweeds"
57,1995,0,"seaweeds"
58,1995,0,"seaweeds"
59,1995,624,"seaweeds"
60,1995,0,"seaweeds"
61,1995,3,"seaweeds"
62,1995,19237,"seaweeds"
63,1995,0,"seaweeds"
64,1995,0,"seaweeds"
65,1995,0,"seaweeds"
66,1995,0,"seaweeds"
67,1995,0,"seaweeds"
68,1995,0,"seaweeds"
69,1995,8,"seaweeds"
70,1995,0,"seaweeds"
71,1995,0,"seaweeds"
72,1995,0,"seaweeds"
73,1995,0,"seaweeds"
74,1995,0,"seaweeds"
75,1995,0,"seaweeds"
76,1995,38,"seaweeds"
77,1995,0,"seaweeds"
78,1995,0,"seaweeds"
79,1995,0,"seaweeds"
80,1995,1,"seaweeds"
81,1995,0,"seaweeds"
82,1995,0,"seaweeds"
84,1995,0,"seaweeds"
85,1995,0,"seaweeds"
86,1995,0,"seaweeds"
88,1995,0,"seaweeds"
89,1995,0,"seaweeds"
90,1995,0,"seaweeds"
91,1995,0,"seaweeds"
92,1995,0,"seaweeds"
93,1995,0,"seaweeds"
94,1995,0,"seaweeds"
95,1995,0,"seaweeds"
96,1995,0,"seaweeds"
97,1995,0,"seaweeds"
98,1995,0,"seaweeds"
99,1995,0,"seaweeds"
100,1995,0,"seaweeds"
101,1995,0,"seaweeds"
102,1995,0,"seaweeds"
103,1995,0,"seaweeds"
104,1995,0,"seaweeds"
105,1995,0,"seaweeds"
106,1995,0,"seaweeds"
107,1995,0,"seaweeds"
108,1995,0,"seaweeds"
110,1995,0,"seaweeds"
111,1995,0,"seaweeds"
112,1995,0,"seaweeds"
113,1995,0,"seaweeds"
114,1995,0,"seaweeds"
115,1995,0,"seaweeds"
116,1995,0,"seaweeds"
117,1995,0,"seaweeds"
118,1995,0,"seaweeds"
119,1995,0,"seaweeds"
120,1995,0,"seaweeds"
121,1995,0,"seaweeds"
122,1995,0,"seaweeds"
123,1995,0,"seaweeds"
124,1995,0,"seaweeds"
125,1995,0,"seaweeds"
126,1995,1,"seaweeds"
127,1995,0,"seaweeds"
129,1995,0,"seaweeds"
130,1995,0,"seaweeds"
131,1995,0,"seaweeds"
132,1995,0,"seaweeds"
133,1995,0,"seaweeds"
134,1995,0,"seaweeds"
135,1995,2108,"seaweeds"
136,1995,0,"seaweeds"
137,1995,0,"seaweeds"
138,1995,0.1,"seaweeds"
139,1995,0,"seaweeds"
140,1995,0,"seaweeds"
141,1995,0,"seaweeds"
143,1995,0,"seaweeds"
144,1995,0,"seaweeds"
145,1995,0,"seaweeds"
146,1995,0,"seaweeds"
147,1995,0,"seaweeds"
148,1995,0,"seaweeds"
149,1995,0,"seaweeds"
150,1995,0,"seaweeds"
151,1995,0,"seaweeds"
152,1995,0,"seaweeds"
153,1995,0,"seaweeds"
154,1995,0,"seaweeds"
155,1995,0,"seaweeds"
156,1995,0,"seaweeds"
157,1995,0,"seaweeds"
158,1995,0,"seaweeds"
159,1995,0,"seaweeds"
161,1995,0,"seaweeds"
162,1995,577,"seaweeds"
163,1995,20619,"seaweeds"
164,1995,4,"seaweeds"
166,1995,0,"seaweeds"
167,1995,0,"seaweeds"
168,1995,0,"seaweeds"
169,1995,0,"seaweeds"
171,1995,258,"seaweeds"
172,1995,1609,"seaweeds"
173,1995,0,"seaweeds"
174,1995,5,"seaweeds"
175,1995,769,"seaweeds"
176,1995,4493,"seaweeds"
177,1995,1419,"seaweeds"
178,1995,36.1,"seaweeds"
179,1995,4333,"seaweeds"
180,1995,2291,"seaweeds"
181,1995,10794,"seaweeds"
182,1995,14530,"seaweeds"
183,1995,3959,"seaweeds"
184,1995,4993,"seaweeds"
185,1995,0,"seaweeds"
186,1995,0,"seaweeds"
187,1995,0,"seaweeds"
188,1995,0,"seaweeds"
189,1995,0,"seaweeds"
190,1995,0,"seaweeds"
191,1995,0,"seaweeds"
192,1995,0,"seaweeds"
193,1995,0,"seaweeds"
194,1995,0,"seaweeds"
195,1995,0,"seaweeds"
196,1995,0,"seaweeds"
197,1995,0,"seaweeds"
198,1995,0,"seaweeds"
199,1995,0,"seaweeds"
200,1995,0,"seaweeds"
202,1995,0,"seaweeds"
203,1995,271,"seaweeds"
204,1995,0,"seaweeds"
205,1995,0,"seaweeds"
206,1995,374,"seaweeds"
207,1995,0,"seaweeds"
208,1995,3504,"seaweeds"
209,1995,86869,"seaweeds"
210,1995,26960,"seaweeds"
212,1995,130,"seaweeds"
213,1995,0,"seaweeds"
214,1995,1,"seaweeds"
215,1995,0,"seaweeds"
216,1995,19204,"seaweeds"
218,1995,5438,"seaweeds"
219,1995,0,"seaweeds"
220,1995,0,"seaweeds"
221,1995,0,"seaweeds"
222,1995,23,"seaweeds"
223,1995,2963,"seaweeds"
224,1995,65397,"seaweeds"
227,1995,0,"seaweeds"
228,1995,0,"seaweeds"
231,1995,0,"seaweeds"
232,1995,0,"seaweeds"
237,1995,0,"seaweeds"
244,1995,0,"seaweeds"
245,1995,0,"seaweeds"
247,1995,0,"seaweeds"
248,1995,0,"seaweeds"
249,1995,0,"seaweeds"
250,1995,0,"seaweeds"
1,1996,0,"seaweeds"
2,1996,0,"seaweeds"
3,1996,0,"seaweeds"
4,1996,0,"seaweeds"
5,1996,0,"seaweeds"
6,1996,0,"seaweeds"
7,1996,0,"seaweeds"
8,1996,0,"seaweeds"
9,1996,0,"seaweeds"
10,1996,0,"seaweeds"
11,1996,0,"seaweeds"
12,1996,0,"seaweeds"
13,1996,0,"seaweeds"
14,1996,16243,"seaweeds"
15,1996,41994,"seaweeds"
16,1996,1851,"seaweeds"
17,1996,0,"seaweeds"
18,1996,0,"seaweeds"
19,1996,0,"seaweeds"
20,1996,19540,"seaweeds"
21,1996,0,"seaweeds"
24,1996,0,"seaweeds"
25,1996,1541,"seaweeds"
26,1996,0,"seaweeds"
28,1996,0,"seaweeds"
29,1996,0,"seaweeds"
30,1996,0,"seaweeds"
31,1996,0,"seaweeds"
32,1996,0,"seaweeds"
33,1996,0,"seaweeds"
34,1996,0,"seaweeds"
35,1996,0,"seaweeds"
36,1996,0,"seaweeds"
37,1996,0,"seaweeds"
38,1996,0,"seaweeds"
39,1996,0,"seaweeds"
40,1996,13,"seaweeds"
41,1996,0,"seaweeds"
42,1996,422,"seaweeds"
43,1996,0,"seaweeds"
44,1996,0,"seaweeds"
45,1996,0,"seaweeds"
46,1996,0,"seaweeds"
47,1996,0,"seaweeds"
48,1996,0,"seaweeds"
49,1996,0,"seaweeds"
50,1996,0,"seaweeds"
51,1996,0,"seaweeds"
52,1996,0,"seaweeds"
53,1996,0,"seaweeds"
54,1996,0,"seaweeds"
55,1996,0,"seaweeds"
56,1996,0,"seaweeds"
57,1996,0,"seaweeds"
58,1996,0,"seaweeds"
59,1996,532,"seaweeds"
60,1996,0,"seaweeds"
61,1996,0,"seaweeds"
62,1996,22246,"seaweeds"
63,1996,0,"seaweeds"
64,1996,0,"seaweeds"
65,1996,0,"seaweeds"
66,1996,0,"seaweeds"
67,1996,0,"seaweeds"
68,1996,0,"seaweeds"
69,1996,16,"seaweeds"
70,1996,0,"seaweeds"
71,1996,0,"seaweeds"
72,1996,7,"seaweeds"
73,1996,0,"seaweeds"
74,1996,0,"seaweeds"
75,1996,0,"seaweeds"
76,1996,26,"seaweeds"
77,1996,0,"seaweeds"
78,1996,0,"seaweeds"
79,1996,0,"seaweeds"
80,1996,0.1,"seaweeds"
81,1996,0,"seaweeds"
82,1996,0,"seaweeds"
84,1996,0,"seaweeds"
85,1996,0,"seaweeds"
86,1996,0,"seaweeds"
88,1996,0,"seaweeds"
89,1996,0,"seaweeds"
90,1996,0,"seaweeds"
91,1996,0,"seaweeds"
92,1996,0,"seaweeds"
93,1996,0,"seaweeds"
94,1996,0,"seaweeds"
95,1996,0,"seaweeds"
96,1996,0,"seaweeds"
97,1996,0,"seaweeds"
98,1996,0,"seaweeds"
99,1996,0,"seaweeds"
100,1996,0,"seaweeds"
101,1996,0,"seaweeds"
102,1996,0,"seaweeds"
103,1996,0,"seaweeds"
104,1996,0,"seaweeds"
105,1996,0,"seaweeds"
106,1996,0,"seaweeds"
107,1996,0,"seaweeds"
108,1996,0,"seaweeds"
110,1996,0,"seaweeds"
111,1996,0,"seaweeds"
112,1996,0,"seaweeds"
113,1996,0,"seaweeds"
114,1996,0,"seaweeds"
115,1996,0,"seaweeds"
116,1996,0,"seaweeds"
117,1996,0,"seaweeds"
118,1996,0,"seaweeds"
119,1996,0,"seaweeds"
120,1996,0,"seaweeds"
121,1996,0,"seaweeds"
122,1996,0,"seaweeds"
123,1996,0,"seaweeds"
124,1996,0,"seaweeds"
125,1996,0,"seaweeds"
126,1996,1,"seaweeds"
127,1996,0,"seaweeds"
129,1996,0,"seaweeds"
130,1996,0,"seaweeds"
131,1996,0,"seaweeds"
132,1996,0,"seaweeds"
133,1996,0,"seaweeds"
134,1996,0,"seaweeds"
135,1996,1200,"seaweeds"
136,1996,0,"seaweeds"
137,1996,0.1,"seaweeds"
138,1996,768,"seaweeds"
139,1996,0,"seaweeds"
140,1996,0,"seaweeds"
141,1996,0,"seaweeds"
143,1996,0,"seaweeds"
144,1996,0,"seaweeds"
145,1996,0,"seaweeds"
146,1996,0,"seaweeds"
147,1996,0,"seaweeds"
148,1996,0,"seaweeds"
149,1996,0,"seaweeds"
150,1996,0,"seaweeds"
151,1996,0,"seaweeds"
152,1996,0,"seaweeds"
153,1996,0,"seaweeds"
154,1996,0,"seaweeds"
155,1996,0,"seaweeds"
156,1996,0,"seaweeds"
157,1996,0,"seaweeds"
158,1996,0,"seaweeds"
159,1996,0,"seaweeds"
161,1996,0,"seaweeds"
162,1996,120,"seaweeds"
163,1996,19914,"seaweeds"
164,1996,0,"seaweeds"
166,1996,53,"seaweeds"
167,1996,0,"seaweeds"
168,1996,0,"seaweeds"
169,1996,0,"seaweeds"
171,1996,437,"seaweeds"
172,1996,621,"seaweeds"
173,1996,0,"seaweeds"
174,1996,119,"seaweeds"
175,1996,2152,"seaweeds"
176,1996,6269,"seaweeds"
177,1996,1460,"seaweeds"
178,1996,0,"seaweeds"
179,1996,7621,"seaweeds"
180,1996,913,"seaweeds"
181,1996,5726,"seaweeds"
182,1996,19903,"seaweeds"
183,1996,3487,"seaweeds"
184,1996,5025,"seaweeds"
185,1996,0,"seaweeds"
186,1996,0,"seaweeds"
187,1996,17,"seaweeds"
188,1996,1,"seaweeds"
189,1996,9,"seaweeds"
190,1996,0,"seaweeds"
191,1996,0,"seaweeds"
192,1996,0,"seaweeds"
193,1996,0,"seaweeds"
194,1996,0,"seaweeds"
195,1996,0,"seaweeds"
196,1996,0,"seaweeds"
197,1996,0,"seaweeds"
198,1996,0,"seaweeds"
199,1996,0,"seaweeds"
200,1996,0,"seaweeds"
202,1996,0,"seaweeds"
203,1996,47,"seaweeds"
204,1996,0,"seaweeds"
205,1996,0,"seaweeds"
206,1996,765,"seaweeds"
207,1996,0,"seaweeds"
208,1996,3890,"seaweeds"
209,1996,93627,"seaweeds"
210,1996,19937,"seaweeds"
212,1996,586,"seaweeds"
213,1996,0,"seaweeds"
214,1996,0,"seaweeds"
215,1996,0,"seaweeds"
216,1996,23936,"seaweeds"
218,1996,6895,"seaweeds"
219,1996,0,"seaweeds"
220,1996,0,"seaweeds"
221,1996,0,"seaweeds"
222,1996,246,"seaweeds"
223,1996,3197,"seaweeds"
224,1996,69793,"seaweeds"
227,1996,0,"seaweeds"
228,1996,0,"seaweeds"
231,1996,0,"seaweeds"
232,1996,0,"seaweeds"
237,1996,0,"seaweeds"
244,1996,0,"seaweeds"
245,1996,0,"seaweeds"
247,1996,0,"seaweeds"
248,1996,0,"seaweeds"
249,1996,0,"seaweeds"
250,1996,0,"seaweeds"
1,1997,0,"seaweeds"
2,1997,0,"seaweeds"
3,1997,0,"seaweeds"
4,1997,0,"seaweeds"
5,1997,0,"seaweeds"
6,1997,0,"seaweeds"
7,1997,0,"seaweeds"
8,1997,0,"seaweeds"
9,1997,0,"seaweeds"
10,1997,0,"seaweeds"
11,1997,0,"seaweeds"
12,1997,0,"seaweeds"
13,1997,0,"seaweeds"
14,1997,8913,"seaweeds"
15,1997,33393,"seaweeds"
16,1997,1839,"seaweeds"
17,1997,0,"seaweeds"
18,1997,0,"seaweeds"
19,1997,0,"seaweeds"
20,1997,17005,"seaweeds"
21,1997,645,"seaweeds"
24,1997,0,"seaweeds"
25,1997,1865,"seaweeds"
26,1997,0,"seaweeds"
28,1997,0,"seaweeds"
29,1997,0,"seaweeds"
30,1997,0,"seaweeds"
31,1997,0,"seaweeds"
32,1997,0,"seaweeds"
33,1997,0,"seaweeds"
34,1997,0,"seaweeds"
35,1997,0,"seaweeds"
36,1997,0,"seaweeds"
37,1997,0,"seaweeds"
38,1997,0,"seaweeds"
39,1997,0,"seaweeds"
40,1997,22,"seaweeds"
41,1997,0,"seaweeds"
42,1997,143,"seaweeds"
43,1997,0,"seaweeds"
44,1997,0,"seaweeds"
45,1997,0,"seaweeds"
46,1997,0,"seaweeds"
47,1997,0,"seaweeds"
48,1997,0,"seaweeds"
49,1997,0,"seaweeds"
50,1997,0,"seaweeds"
51,1997,0,"seaweeds"
52,1997,0,"seaweeds"
53,1997,0,"seaweeds"
54,1997,0,"seaweeds"
55,1997,0,"seaweeds"
56,1997,0,"seaweeds"
57,1997,0,"seaweeds"
58,1997,0,"seaweeds"
59,1997,521,"seaweeds"
60,1997,0,"seaweeds"
61,1997,0,"seaweeds"
62,1997,20693,"seaweeds"
63,1997,0,"seaweeds"
64,1997,0,"seaweeds"
65,1997,0,"seaweeds"
66,1997,0,"seaweeds"
67,1997,0,"seaweeds"
68,1997,0,"seaweeds"
69,1997,653.535529001965,"seaweeds"
70,1997,0,"seaweeds"
71,1997,86,"seaweeds"
72,1997,0,"seaweeds"
73,1997,0,"seaweeds"
74,1997,0,"seaweeds"
75,1997,0,"seaweeds"
76,1997,33,"seaweeds"
77,1997,0,"seaweeds"
78,1997,0,"seaweeds"
79,1997,5,"seaweeds"
80,1997,0,"seaweeds"
81,1997,0,"seaweeds"
82,1997,0,"seaweeds"
84,1997,0,"seaweeds"
85,1997,0,"seaweeds"
86,1997,0,"seaweeds"
88,1997,0,"seaweeds"
89,1997,0,"seaweeds"
90,1997,0,"seaweeds"
91,1997,0,"seaweeds"
92,1997,0,"seaweeds"
93,1997,0,"seaweeds"
94,1997,0,"seaweeds"
95,1997,0,"seaweeds"
96,1997,0,"seaweeds"
97,1997,0,"seaweeds"
98,1997,0,"seaweeds"
99,1997,0,"seaweeds"
100,1997,0,"seaweeds"
101,1997,1112,"seaweeds"
102,1997,0,"seaweeds"
103,1997,0,"seaweeds"
104,1997,0,"seaweeds"
105,1997,0,"seaweeds"
106,1997,0,"seaweeds"
107,1997,0,"seaweeds"
108,1997,0,"seaweeds"
110,1997,0,"seaweeds"
111,1997,0,"seaweeds"
112,1997,0,"seaweeds"
113,1997,0,"seaweeds"
114,1997,0,"seaweeds"
115,1997,0,"seaweeds"
116,1997,0,"seaweeds"
117,1997,0,"seaweeds"
118,1997,0,"seaweeds"
119,1997,0,"seaweeds"
120,1997,0,"seaweeds"
121,1997,0,"seaweeds"
122,1997,1,"seaweeds"
123,1997,0,"seaweeds"
124,1997,0,"seaweeds"
125,1997,0,"seaweeds"
126,1997,22,"seaweeds"
127,1997,0,"seaweeds"
129,1997,0,"seaweeds"
130,1997,0,"seaweeds"
131,1997,0,"seaweeds"
132,1997,0,"seaweeds"
133,1997,0,"seaweeds"
134,1997,0,"seaweeds"
135,1997,2663,"seaweeds"
136,1997,0,"seaweeds"
137,1997,1,"seaweeds"
138,1997,1206,"seaweeds"
139,1997,0,"seaweeds"
140,1997,0,"seaweeds"
141,1997,0,"seaweeds"
143,1997,1,"seaweeds"
144,1997,0,"seaweeds"
145,1997,0,"seaweeds"
146,1997,0,"seaweeds"
147,1997,0,"seaweeds"
148,1997,0,"seaweeds"
149,1997,0,"seaweeds"
150,1997,0,"seaweeds"
151,1997,0,"seaweeds"
152,1997,0,"seaweeds"
153,1997,0,"seaweeds"
154,1997,0,"seaweeds"
155,1997,102,"seaweeds"
156,1997,0,"seaweeds"
157,1997,0,"seaweeds"
158,1997,0,"seaweeds"
159,1997,0,"seaweeds"
161,1997,0,"seaweeds"
162,1997,189,"seaweeds"
163,1997,16784,"seaweeds"
164,1997,2,"seaweeds"
166,1997,31,"seaweeds"
167,1997,0,"seaweeds"
168,1997,0,"seaweeds"
169,1997,0,"seaweeds"
171,1997,258,"seaweeds"
172,1997,113,"seaweeds"
173,1997,0,"seaweeds"
174,1997,191,"seaweeds"
175,1997,2859,"seaweeds"
176,1997,6363,"seaweeds"
177,1997,1614,"seaweeds"
178,1997,0,"seaweeds"
179,1997,6342,"seaweeds"
180,1997,1645,"seaweeds"
181,1997,1457,"seaweeds"
182,1997,16586,"seaweeds"
183,1997,3323,"seaweeds"
184,1997,4699,"seaweeds"
185,1997,0,"seaweeds"
186,1997,0,"seaweeds"
187,1997,12,"seaweeds"
188,1997,0,"seaweeds"
189,1997,2,"seaweeds"
190,1997,0,"seaweeds"
191,1997,0,"seaweeds"
192,1997,0,"seaweeds"
193,1997,0,"seaweeds"
194,1997,0,"seaweeds"
195,1997,0,"seaweeds"
196,1997,0,"seaweeds"
197,1997,0,"seaweeds"
198,1997,0,"seaweeds"
199,1997,0,"seaweeds"
200,1997,0,"seaweeds"
202,1997,0,"seaweeds"
203,1997,186,"seaweeds"
204,1997,0,"seaweeds"
205,1997,0,"seaweeds"
206,1997,597,"seaweeds"
207,1997,0,"seaweeds"
208,1997,2394,"seaweeds"
209,1997,100745,"seaweeds"
210,1997,18896,"seaweeds"
212,1997,278,"seaweeds"
213,1997,0,"seaweeds"
214,1997,80,"seaweeds"
215,1997,0,"seaweeds"
216,1997,13848,"seaweeds"
218,1997,3155,"seaweeds"
219,1997,0,"seaweeds"
220,1997,0,"seaweeds"
221,1997,0,"seaweeds"
222,1997,197,"seaweeds"
223,1997,3176,"seaweeds"
224,1997,69345,"seaweeds"
227,1997,0,"seaweeds"
228,1997,0,"seaweeds"
231,1997,0,"seaweeds"
232,1997,0,"seaweeds"
237,1997,0,"seaweeds"
244,1997,0,"seaweeds"
245,1997,0,"seaweeds"
247,1997,0,"seaweeds"
248,1997,0,"seaweeds"
249,1997,0,"seaweeds"
250,1997,0,"seaweeds"
1,1998,0,"seaweeds"
2,1998,0,"seaweeds"
3,1998,0,"seaweeds"
4,1998,0,"seaweeds"
5,1998,0,"seaweeds"
6,1998,0,"seaweeds"
7,1998,0,"seaweeds"
8,1998,0,"seaweeds"
9,1998,0,"seaweeds"
10,1998,0,"seaweeds"
11,1998,0,"seaweeds"
12,1998,0,"seaweeds"
13,1998,0,"seaweeds"
14,1998,10239,"seaweeds"
15,1998,31196,"seaweeds"
16,1998,1480,"seaweeds"
17,1998,0,"seaweeds"
18,1998,0,"seaweeds"
19,1998,0,"seaweeds"
20,1998,14961,"seaweeds"
21,1998,400,"seaweeds"
24,1998,0,"seaweeds"
25,1998,1279,"seaweeds"
26,1998,0,"seaweeds"
28,1998,0,"seaweeds"
29,1998,0,"seaweeds"
30,1998,0,"seaweeds"
31,1998,0,"seaweeds"
32,1998,0,"seaweeds"
33,1998,0,"seaweeds"
34,1998,0,"seaweeds"
35,1998,0,"seaweeds"
36,1998,0,"seaweeds"
37,1998,0.1,"seaweeds"
38,1998,0,"seaweeds"
39,1998,0,"seaweeds"
40,1998,9,"seaweeds"
41,1998,0,"seaweeds"
42,1998,159,"seaweeds"
43,1998,0,"seaweeds"
44,1998,0,"seaweeds"
45,1998,0,"seaweeds"
46,1998,0,"seaweeds"
47,1998,0,"seaweeds"
48,1998,0,"seaweeds"
49,1998,0,"seaweeds"
50,1998,34,"seaweeds"
51,1998,0,"seaweeds"
52,1998,0,"seaweeds"
53,1998,0,"seaweeds"
54,1998,0,"seaweeds"
55,1998,0,"seaweeds"
56,1998,0,"seaweeds"
57,1998,0,"seaweeds"
58,1998,0,"seaweeds"
59,1998,703,"seaweeds"
60,1998,0,"seaweeds"
61,1998,0,"seaweeds"
62,1998,20826,"seaweeds"
63,1998,0,"seaweeds"
64,1998,0,"seaweeds"
65,1998,0,"seaweeds"
66,1998,343,"seaweeds"
67,1998,0,"seaweeds"
68,1998,0,"seaweeds"
69,1998,7,"seaweeds"
70,1998,637,"seaweeds"
71,1998,0,"seaweeds"
72,1998,0,"seaweeds"
73,1998,57,"seaweeds"
74,1998,0,"seaweeds"
75,1998,0,"seaweeds"
76,1998,72,"seaweeds"
77,1998,0,"seaweeds"
78,1998,0,"seaweeds"
79,1998,3,"seaweeds"
80,1998,0,"seaweeds"
81,1998,0,"seaweeds"
82,1998,0,"seaweeds"
84,1998,0,"seaweeds"
85,1998,0,"seaweeds"
86,1998,0,"seaweeds"
88,1998,0,"seaweeds"
89,1998,0,"seaweeds"
90,1998,0,"seaweeds"
91,1998,0,"seaweeds"
92,1998,0,"seaweeds"
93,1998,0,"seaweeds"
94,1998,0,"seaweeds"
95,1998,0,"seaweeds"
96,1998,0,"seaweeds"
97,1998,0,"seaweeds"
98,1998,0,"seaweeds"
99,1998,0,"seaweeds"
100,1998,0,"seaweeds"
101,1998,3546,"seaweeds"
102,1998,2160,"seaweeds"
103,1998,0,"seaweeds"
104,1998,0,"seaweeds"
105,1998,0,"seaweeds"
106,1998,0,"seaweeds"
107,1998,0,"seaweeds"
108,1998,0,"seaweeds"
110,1998,0,"seaweeds"
111,1998,0,"seaweeds"
112,1998,0,"seaweeds"
113,1998,0,"seaweeds"
114,1998,0,"seaweeds"
115,1998,0,"seaweeds"
116,1998,0,"seaweeds"
117,1998,0,"seaweeds"
118,1998,0,"seaweeds"
119,1998,0,"seaweeds"
120,1998,0,"seaweeds"
121,1998,0,"seaweeds"
122,1998,1,"seaweeds"
123,1998,0,"seaweeds"
124,1998,0,"seaweeds"
125,1998,0,"seaweeds"
126,1998,3,"seaweeds"
127,1998,0,"seaweeds"
129,1998,0,"seaweeds"
130,1998,12,"seaweeds"
131,1998,0,"seaweeds"
132,1998,2,"seaweeds"
133,1998,0,"seaweeds"
134,1998,0,"seaweeds"
135,1998,1626,"seaweeds"
136,1998,0,"seaweeds"
137,1998,0,"seaweeds"
138,1998,1376,"seaweeds"
139,1998,0,"seaweeds"
140,1998,0,"seaweeds"
141,1998,0,"seaweeds"
143,1998,1,"seaweeds"
144,1998,0,"seaweeds"
145,1998,0,"seaweeds"
146,1998,0,"seaweeds"
147,1998,0,"seaweeds"
148,1998,0,"seaweeds"
149,1998,0,"seaweeds"
150,1998,0,"seaweeds"
151,1998,0,"seaweeds"
152,1998,0,"seaweeds"
153,1998,0,"seaweeds"
154,1998,0,"seaweeds"
155,1998,0,"seaweeds"
156,1998,0,"seaweeds"
157,1998,0,"seaweeds"
158,1998,0,"seaweeds"
159,1998,0,"seaweeds"
161,1998,0,"seaweeds"
162,1998,237,"seaweeds"
163,1998,10589,"seaweeds"
164,1998,2,"seaweeds"
166,1998,0,"seaweeds"
167,1998,0,"seaweeds"
168,1998,0,"seaweeds"
169,1998,0,"seaweeds"
171,1998,176,"seaweeds"
172,1998,182,"seaweeds"
173,1998,0,"seaweeds"
174,1998,31,"seaweeds"
175,1998,1307,"seaweeds"
176,1998,5961,"seaweeds"
177,1998,2505,"seaweeds"
178,1998,0,"seaweeds"
179,1998,9673,"seaweeds"
180,1998,1958,"seaweeds"
181,1998,1256,"seaweeds"
182,1998,18442,"seaweeds"
183,1998,3283,"seaweeds"
184,1998,3558,"seaweeds"
185,1998,0,"seaweeds"
186,1998,0,"seaweeds"
187,1998,0,"seaweeds"
188,1998,7,"seaweeds"
189,1998,8,"seaweeds"
190,1998,0,"seaweeds"
191,1998,0,"seaweeds"
192,1998,0,"seaweeds"
193,1998,0,"seaweeds"
194,1998,0,"seaweeds"
195,1998,0,"seaweeds"
196,1998,0,"seaweeds"
197,1998,0,"seaweeds"
198,1998,0,"seaweeds"
199,1998,0,"seaweeds"
200,1998,0,"seaweeds"
202,1998,1013,"seaweeds"
203,1998,93,"seaweeds"
204,1998,0,"seaweeds"
205,1998,0,"seaweeds"
206,1998,508,"seaweeds"
207,1998,73,"seaweeds"
208,1998,2243,"seaweeds"
209,1998,38914,"seaweeds"
210,1998,13967,"seaweeds"
212,1998,0,"seaweeds"
213,1998,0,"seaweeds"
214,1998,90,"seaweeds"
215,1998,0,"seaweeds"
216,1998,9816,"seaweeds"
218,1998,5022,"seaweeds"
219,1998,0,"seaweeds"
220,1998,0,"seaweeds"
221,1998,0,"seaweeds"
222,1998,500,"seaweeds"
223,1998,2849,"seaweeds"
224,1998,52186,"seaweeds"
227,1998,0,"seaweeds"
228,1998,0,"seaweeds"
231,1998,0,"seaweeds"
232,1998,0,"seaweeds"
237,1998,0,"seaweeds"
244,1998,0,"seaweeds"
245,1998,0,"seaweeds"
247,1998,0,"seaweeds"
248,1998,0,"seaweeds"
249,1998,0,"seaweeds"
250,1998,0,"seaweeds"
1,1999,0,"seaweeds"
2,1999,0,"seaweeds"
3,1999,0,"seaweeds"
4,1999,0,"seaweeds"
5,1999,0,"seaweeds"
6,1999,0,"seaweeds"
7,1999,0,"seaweeds"
8,1999,0,"seaweeds"
9,1999,0,"seaweeds"
10,1999,0,"seaweeds"
11,1999,0,"seaweeds"
12,1999,0,"seaweeds"
13,1999,0,"seaweeds"
14,1999,8027,"seaweeds"
15,1999,44044,"seaweeds"
16,1999,1436,"seaweeds"
17,1999,0,"seaweeds"
18,1999,0,"seaweeds"
19,1999,0,"seaweeds"
20,1999,18806,"seaweeds"
21,1999,775,"seaweeds"
24,1999,0,"seaweeds"
25,1999,1223,"seaweeds"
26,1999,0,"seaweeds"
28,1999,0,"seaweeds"
29,1999,0,"seaweeds"
30,1999,0,"seaweeds"
31,1999,0,"seaweeds"
32,1999,0,"seaweeds"
33,1999,0,"seaweeds"
34,1999,0,"seaweeds"
35,1999,0,"seaweeds"
36,1999,0,"seaweeds"
37,1999,1,"seaweeds"
38,1999,0,"seaweeds"
39,1999,0,"seaweeds"
40,1999,12.1,"seaweeds"
41,1999,0,"seaweeds"
42,1999,32,"seaweeds"
43,1999,0,"seaweeds"
44,1999,0,"seaweeds"
45,1999,0,"seaweeds"
46,1999,0,"seaweeds"
47,1999,0,"seaweeds"
48,1999,0,"seaweeds"
49,1999,0,"seaweeds"
50,1999,0,"seaweeds"
51,1999,0,"seaweeds"
52,1999,0,"seaweeds"
53,1999,0,"seaweeds"
54,1999,0,"seaweeds"
55,1999,0,"seaweeds"
56,1999,0,"seaweeds"
57,1999,0,"seaweeds"
58,1999,0,"seaweeds"
59,1999,1158,"seaweeds"
60,1999,0,"seaweeds"
61,1999,0,"seaweeds"
62,1999,23689,"seaweeds"
63,1999,0,"seaweeds"
64,1999,0,"seaweeds"
65,1999,0,"seaweeds"
66,1999,0,"seaweeds"
67,1999,0,"seaweeds"
68,1999,0,"seaweeds"
69,1999,12,"seaweeds"
70,1999,579,"seaweeds"
71,1999,30,"seaweeds"
72,1999,5,"seaweeds"
73,1999,15,"seaweeds"
74,1999,0,"seaweeds"
75,1999,0,"seaweeds"
76,1999,86,"seaweeds"
77,1999,0,"seaweeds"
78,1999,0,"seaweeds"
79,1999,1436,"seaweeds"
80,1999,6,"seaweeds"
81,1999,0,"seaweeds"
82,1999,0,"seaweeds"
84,1999,0,"seaweeds"
85,1999,0,"seaweeds"
86,1999,0,"seaweeds"
88,1999,0,"seaweeds"
89,1999,0,"seaweeds"
90,1999,0,"seaweeds"
91,1999,0,"seaweeds"
92,1999,0,"seaweeds"
93,1999,0,"seaweeds"
94,1999,0,"seaweeds"
95,1999,0,"seaweeds"
96,1999,0,"seaweeds"
97,1999,0,"seaweeds"
98,1999,0,"seaweeds"
99,1999,0,"seaweeds"
100,1999,0,"seaweeds"
101,1999,917,"seaweeds"
102,1999,1270,"seaweeds"
103,1999,0,"seaweeds"
104,1999,0,"seaweeds"
105,1999,0,"seaweeds"
106,1999,0,"seaweeds"
107,1999,0,"seaweeds"
108,1999,0,"seaweeds"
110,1999,0,"seaweeds"
111,1999,0,"seaweeds"
112,1999,77,"seaweeds"
113,1999,0,"seaweeds"
114,1999,0,"seaweeds"
115,1999,0,"seaweeds"
116,1999,0,"seaweeds"
117,1999,0,"seaweeds"
118,1999,0,"seaweeds"
119,1999,0,"seaweeds"
120,1999,0,"seaweeds"
121,1999,0,"seaweeds"
122,1999,0,"seaweeds"
123,1999,0,"seaweeds"
124,1999,0,"seaweeds"
125,1999,0,"seaweeds"
126,1999,11,"seaweeds"
127,1999,0,"seaweeds"
129,1999,0,"seaweeds"
130,1999,18,"seaweeds"
131,1999,0,"seaweeds"
132,1999,2,"seaweeds"
133,1999,0,"seaweeds"
134,1999,0,"seaweeds"
135,1999,2713,"seaweeds"
136,1999,0,"seaweeds"
137,1999,107,"seaweeds"
138,1999,1119,"seaweeds"
139,1999,0,"seaweeds"
140,1999,0,"seaweeds"
141,1999,0,"seaweeds"
143,1999,1,"seaweeds"
144,1999,0,"seaweeds"
145,1999,0,"seaweeds"
146,1999,0,"seaweeds"
147,1999,0,"seaweeds"
148,1999,0,"seaweeds"
149,1999,0,"seaweeds"
150,1999,0,"seaweeds"
151,1999,0,"seaweeds"
152,1999,0,"seaweeds"
153,1999,0,"seaweeds"
154,1999,0,"seaweeds"
155,1999,161,"seaweeds"
156,1999,0,"seaweeds"
157,1999,0,"seaweeds"
158,1999,0,"seaweeds"
159,1999,0,"seaweeds"
161,1999,0,"seaweeds"
162,1999,186,"seaweeds"
163,1999,10311,"seaweeds"
164,1999,0,"seaweeds"
166,1999,0,"seaweeds"
167,1999,0,"seaweeds"
168,1999,0,"seaweeds"
169,1999,0,"seaweeds"
171,1999,393,"seaweeds"
172,1999,88,"seaweeds"
173,1999,0,"seaweeds"
174,1999,26,"seaweeds"
175,1999,1166,"seaweeds"
176,1999,5944,"seaweeds"
177,1999,2959,"seaweeds"
178,1999,0,"seaweeds"
179,1999,8129,"seaweeds"
180,1999,2185,"seaweeds"
181,1999,1588,"seaweeds"
182,1999,11187,"seaweeds"
183,1999,4931,"seaweeds"
184,1999,3605,"seaweeds"
185,1999,0,"seaweeds"
186,1999,0,"seaweeds"
187,1999,19,"seaweeds"
188,1999,4,"seaweeds"
189,1999,34,"seaweeds"
190,1999,0,"seaweeds"
191,1999,0,"seaweeds"
192,1999,0,"seaweeds"
193,1999,0,"seaweeds"
194,1999,0,"seaweeds"
195,1999,0,"seaweeds"
196,1999,0,"seaweeds"
197,1999,0,"seaweeds"
198,1999,0,"seaweeds"
199,1999,0,"seaweeds"
200,1999,0,"seaweeds"
202,1999,2005,"seaweeds"
203,1999,89,"seaweeds"
204,1999,0,"seaweeds"
205,1999,0,"seaweeds"
206,1999,1335,"seaweeds"
207,1999,5,"seaweeds"
208,1999,4255,"seaweeds"
209,1999,41124,"seaweeds"
210,1999,17942,"seaweeds"
212,1999,0,"seaweeds"
213,1999,0,"seaweeds"
214,1999,72,"seaweeds"
215,1999,0,"seaweeds"
216,1999,22005,"seaweeds"
218,1999,6150,"seaweeds"
219,1999,0,"seaweeds"
220,1999,0,"seaweeds"
221,1999,0,"seaweeds"
222,1999,722,"seaweeds"
223,1999,3272,"seaweeds"
224,1999,60775,"seaweeds"
227,1999,0,"seaweeds"
228,1999,0,"seaweeds"
231,1999,0,"seaweeds"
232,1999,0,"seaweeds"
237,1999,0,"seaweeds"
244,1999,0,"seaweeds"
245,1999,0,"seaweeds"
247,1999,0,"seaweeds"
248,1999,0,"seaweeds"
249,1999,0,"seaweeds"
250,1999,0,"seaweeds"
1,2000,0,"seaweeds"
2,2000,0,"seaweeds"
3,2000,0,"seaweeds"
4,2000,0,"seaweeds"
5,2000,0,"seaweeds"
6,2000,0,"seaweeds"
7,2000,0,"seaweeds"
8,2000,0,"seaweeds"
9,2000,0,"seaweeds"
10,2000,0,"seaweeds"
11,2000,0,"seaweeds"
12,2000,0,"seaweeds"
13,2000,0,"seaweeds"
14,2000,4938,"seaweeds"
15,2000,46516,"seaweeds"
16,2000,1086,"seaweeds"
17,2000,0,"seaweeds"
18,2000,191,"seaweeds"
19,2000,0,"seaweeds"
20,2000,18413,"seaweeds"
21,2000,478,"seaweeds"
24,2000,24,"seaweeds"
25,2000,1148,"seaweeds"
26,2000,0,"seaweeds"
28,2000,0,"seaweeds"
29,2000,0,"seaweeds"
30,2000,0,"seaweeds"
31,2000,0,"seaweeds"
32,2000,0,"seaweeds"
33,2000,0,"seaweeds"
34,2000,0,"seaweeds"
35,2000,0,"seaweeds"
36,2000,0,"seaweeds"
37,2000,0,"seaweeds"
38,2000,0,"seaweeds"
39,2000,0,"seaweeds"
40,2000,0.1,"seaweeds"
41,2000,0,"seaweeds"
42,2000,99,"seaweeds"
43,2000,0,"seaweeds"
44,2000,0,"seaweeds"
45,2000,0,"seaweeds"
46,2000,0,"seaweeds"
47,2000,0,"seaweeds"
48,2000,0,"seaweeds"
49,2000,0,"seaweeds"
50,2000,0,"seaweeds"
51,2000,0,"seaweeds"
52,2000,0,"seaweeds"
53,2000,0,"seaweeds"
54,2000,0,"seaweeds"
55,2000,0,"seaweeds"
56,2000,0,"seaweeds"
57,2000,0,"seaweeds"
58,2000,0,"seaweeds"
59,2000,995,"seaweeds"
60,2000,0,"seaweeds"
61,2000,88,"seaweeds"
62,2000,25348,"seaweeds"
63,2000,0,"seaweeds"
64,2000,0,"seaweeds"
65,2000,0,"seaweeds"
66,2000,13,"seaweeds"
67,2000,0,"seaweeds"
68,2000,0,"seaweeds"
69,2000,21,"seaweeds"
70,2000,706,"seaweeds"
71,2000,0,"seaweeds"
72,2000,10,"seaweeds"
73,2000,730,"seaweeds"
74,2000,0,"seaweeds"
75,2000,0,"seaweeds"
76,2000,100,"seaweeds"
77,2000,0,"seaweeds"
78,2000,0,"seaweeds"
79,2000,1452,"seaweeds"
80,2000,4,"seaweeds"
81,2000,0,"seaweeds"
82,2000,0,"seaweeds"
84,2000,0,"seaweeds"
85,2000,0,"seaweeds"
86,2000,0,"seaweeds"
88,2000,0,"seaweeds"
89,2000,0,"seaweeds"
90,2000,0,"seaweeds"
91,2000,0,"seaweeds"
92,2000,0,"seaweeds"
93,2000,0,"seaweeds"
94,2000,0,"seaweeds"
95,2000,0,"seaweeds"
96,2000,0,"seaweeds"
97,2000,0,"seaweeds"
98,2000,0,"seaweeds"
99,2000,0,"seaweeds"
100,2000,0,"seaweeds"
101,2000,477,"seaweeds"
102,2000,1536,"seaweeds"
103,2000,0,"seaweeds"
104,2000,0,"seaweeds"
105,2000,0,"seaweeds"
106,2000,0,"seaweeds"
107,2000,0,"seaweeds"
108,2000,0,"seaweeds"
110,2000,0,"seaweeds"
111,2000,0,"seaweeds"
112,2000,230,"seaweeds"
113,2000,0,"seaweeds"
114,2000,0,"seaweeds"
115,2000,0,"seaweeds"
116,2000,0,"seaweeds"
117,2000,0,"seaweeds"
118,2000,0,"seaweeds"
119,2000,0,"seaweeds"
120,2000,0,"seaweeds"
121,2000,0,"seaweeds"
122,2000,28,"seaweeds"
123,2000,1,"seaweeds"
124,2000,4,"seaweeds"
125,2000,0,"seaweeds"
126,2000,11,"seaweeds"
127,2000,0,"seaweeds"
129,2000,0,"seaweeds"
130,2000,11,"seaweeds"
131,2000,0,"seaweeds"
132,2000,1,"seaweeds"
133,2000,0,"seaweeds"
134,2000,0,"seaweeds"
135,2000,1966,"seaweeds"
136,2000,0,"seaweeds"
137,2000,178,"seaweeds"
138,2000,411.1,"seaweeds"
139,2000,0,"seaweeds"
140,2000,0,"seaweeds"
141,2000,0,"seaweeds"
143,2000,673,"seaweeds"
144,2000,0,"seaweeds"
145,2000,0,"seaweeds"
146,2000,0,"seaweeds"
147,2000,0,"seaweeds"
148,2000,0,"seaweeds"
149,2000,0,"seaweeds"
150,2000,0,"seaweeds"
151,2000,0,"seaweeds"
152,2000,0,"seaweeds"
153,2000,0,"seaweeds"
154,2000,0,"seaweeds"
155,2000,115,"seaweeds"
156,2000,0,"seaweeds"
157,2000,0,"seaweeds"
158,2000,0,"seaweeds"
159,2000,0,"seaweeds"
161,2000,0,"seaweeds"
162,2000,116,"seaweeds"
163,2000,10784,"seaweeds"
164,2000,0,"seaweeds"
166,2000,0,"seaweeds"
167,2000,0,"seaweeds"
168,2000,0,"seaweeds"
169,2000,0,"seaweeds"
171,2000,502,"seaweeds"
172,2000,38,"seaweeds"
173,2000,0,"seaweeds"
174,2000,36,"seaweeds"
175,2000,978,"seaweeds"
176,2000,6179,"seaweeds"
177,2000,3862,"seaweeds"
178,2000,0,"seaweeds"
179,2000,8594,"seaweeds"
180,2000,2574,"seaweeds"
181,2000,2029,"seaweeds"
182,2000,13353,"seaweeds"
183,2000,4752,"seaweeds"
184,2000,4474,"seaweeds"
185,2000,0,"seaweeds"
186,2000,2,"seaweeds"
187,2000,10,"seaweeds"
188,2000,0,"seaweeds"
189,2000,6,"seaweeds"
190,2000,0,"seaweeds"
191,2000,0,"seaweeds"
192,2000,0,"seaweeds"
193,2000,0,"seaweeds"
194,2000,0,"seaweeds"
195,2000,0,"seaweeds"
196,2000,1,"seaweeds"
197,2000,0,"seaweeds"
198,2000,0,"seaweeds"
199,2000,0,"seaweeds"
200,2000,0,"seaweeds"
202,2000,3020,"seaweeds"
203,2000,150,"seaweeds"
204,2000,0,"seaweeds"
205,2000,0,"seaweeds"
206,2000,1537,"seaweeds"
207,2000,202,"seaweeds"
208,2000,2634,"seaweeds"
209,2000,36314,"seaweeds"
210,2000,17270,"seaweeds"
212,2000,0,"seaweeds"
213,2000,0,"seaweeds"
214,2000,23,"seaweeds"
215,2000,0,"seaweeds"
216,2000,23355,"seaweeds"
218,2000,6798,"seaweeds"
219,2000,0,"seaweeds"
220,2000,0,"seaweeds"
221,2000,0,"seaweeds"
222,2000,761,"seaweeds"
223,2000,3011,"seaweeds"
224,2000,63189,"seaweeds"
227,2000,0,"seaweeds"
228,2000,0,"seaweeds"
231,2000,0,"seaweeds"
232,2000,0,"seaweeds"
237,2000,0,"seaweeds"
244,2000,0,"seaweeds"
245,2000,0,"seaweeds"
247,2000,0,"seaweeds"
248,2000,0,"seaweeds"
249,2000,0,"seaweeds"
250,2000,0,"seaweeds"
1,2001,0,"seaweeds"
2,2001,0,"seaweeds"
3,2001,0,"seaweeds"
4,2001,0,"seaweeds"
5,2001,0,"seaweeds"
6,2001,0,"seaweeds"
7,2001,0,"seaweeds"
8,2001,0,"seaweeds"
9,2001,0,"seaweeds"
10,2001,0,"seaweeds"
11,2001,0,"seaweeds"
12,2001,0,"seaweeds"
13,2001,0,"seaweeds"
14,2001,5799,"seaweeds"
15,2001,38472,"seaweeds"
16,2001,1357,"seaweeds"
17,2001,0,"seaweeds"
18,2001,0,"seaweeds"
19,2001,0,"seaweeds"
20,2001,17074,"seaweeds"
21,2001,275,"seaweeds"
24,2001,142,"seaweeds"
25,2001,652,"seaweeds"
26,2001,0,"seaweeds"
28,2001,0,"seaweeds"
29,2001,0,"seaweeds"
30,2001,0,"seaweeds"
31,2001,0,"seaweeds"
32,2001,0,"seaweeds"
33,2001,0,"seaweeds"
34,2001,0,"seaweeds"
35,2001,0,"seaweeds"
36,2001,0,"seaweeds"
37,2001,0,"seaweeds"
38,2001,0,"seaweeds"
39,2001,0,"seaweeds"
40,2001,0.1,"seaweeds"
41,2001,0,"seaweeds"
42,2001,211,"seaweeds"
43,2001,0,"seaweeds"
44,2001,0,"seaweeds"
45,2001,0,"seaweeds"
46,2001,0,"seaweeds"
47,2001,0,"seaweeds"
48,2001,0,"seaweeds"
49,2001,0,"seaweeds"
50,2001,17,"seaweeds"
51,2001,0,"seaweeds"
52,2001,0,"seaweeds"
53,2001,0,"seaweeds"
54,2001,0,"seaweeds"
55,2001,0,"seaweeds"
56,2001,0,"seaweeds"
57,2001,0,"seaweeds"
58,2001,0,"seaweeds"
59,2001,1136,"seaweeds"
60,2001,0,"seaweeds"
61,2001,13,"seaweeds"
62,2001,23258,"seaweeds"
63,2001,0,"seaweeds"
64,2001,0,"seaweeds"
65,2001,0,"seaweeds"
66,2001,35,"seaweeds"
67,2001,0,"seaweeds"
68,2001,0,"seaweeds"
69,2001,40,"seaweeds"
70,2001,1160,"seaweeds"
71,2001,0,"seaweeds"
72,2001,20,"seaweeds"
73,2001,300,"seaweeds"
74,2001,0,"seaweeds"
75,2001,0,"seaweeds"
76,2001,34,"seaweeds"
77,2001,0,"seaweeds"
78,2001,0,"seaweeds"
79,2001,1554,"seaweeds"
80,2001,14.1,"seaweeds"
81,2001,0,"seaweeds"
82,2001,0,"seaweeds"
84,2001,0,"seaweeds"
85,2001,0,"seaweeds"
86,2001,0,"seaweeds"
88,2001,0,"seaweeds"
89,2001,0,"seaweeds"
90,2001,0,"seaweeds"
91,2001,0,"seaweeds"
92,2001,0,"seaweeds"
93,2001,0,"seaweeds"
94,2001,0,"seaweeds"
95,2001,0,"seaweeds"
96,2001,0,"seaweeds"
97,2001,0,"seaweeds"
98,2001,0,"seaweeds"
99,2001,0,"seaweeds"
100,2001,0,"seaweeds"
101,2001,429,"seaweeds"
102,2001,1166,"seaweeds"
103,2001,0,"seaweeds"
104,2001,0,"seaweeds"
105,2001,0,"seaweeds"
106,2001,0,"seaweeds"
107,2001,0,"seaweeds"
108,2001,0,"seaweeds"
110,2001,0,"seaweeds"
111,2001,0,"seaweeds"
112,2001,136,"seaweeds"
113,2001,0,"seaweeds"
114,2001,0,"seaweeds"
115,2001,0,"seaweeds"
116,2001,0,"seaweeds"
117,2001,0,"seaweeds"
118,2001,0,"seaweeds"
119,2001,0,"seaweeds"
120,2001,0,"seaweeds"
121,2001,0,"seaweeds"
122,2001,10,"seaweeds"
123,2001,0,"seaweeds"
124,2001,8,"seaweeds"
125,2001,0,"seaweeds"
126,2001,28,"seaweeds"
127,2001,0,"seaweeds"
129,2001,0,"seaweeds"
130,2001,23,"seaweeds"
131,2001,0,"seaweeds"
132,2001,1,"seaweeds"
133,2001,0,"seaweeds"
134,2001,0,"seaweeds"
135,2001,2034,"seaweeds"
136,2001,0,"seaweeds"
137,2001,115,"seaweeds"
138,2001,912,"seaweeds"
139,2001,0,"seaweeds"
140,2001,0,"seaweeds"
141,2001,0,"seaweeds"
143,2001,2020,"seaweeds"
144,2001,0,"seaweeds"
145,2001,0,"seaweeds"
146,2001,0,"seaweeds"
147,2001,0,"seaweeds"
148,2001,0,"seaweeds"
149,2001,0,"seaweeds"
150,2001,0,"seaweeds"
151,2001,0,"seaweeds"
152,2001,0,"seaweeds"
153,2001,0,"seaweeds"
154,2001,0,"seaweeds"
155,2001,0,"seaweeds"
156,2001,0,"seaweeds"
157,2001,0,"seaweeds"
158,2001,0,"seaweeds"
159,2001,0,"seaweeds"
161,2001,0,"seaweeds"
162,2001,227,"seaweeds"
163,2001,12685,"seaweeds"
164,2001,0,"seaweeds"
166,2001,0,"seaweeds"
167,2001,0,"seaweeds"
168,2001,0,"seaweeds"
169,2001,0,"seaweeds"
171,2001,193,"seaweeds"
172,2001,16,"seaweeds"
173,2001,0,"seaweeds"
174,2001,11,"seaweeds"
175,2001,514,"seaweeds"
176,2001,6356,"seaweeds"
177,2001,3710,"seaweeds"
178,2001,0,"seaweeds"
179,2001,8114,"seaweeds"
180,2001,2454,"seaweeds"
181,2001,3696,"seaweeds"
182,2001,10421,"seaweeds"
183,2001,4682,"seaweeds"
184,2001,2493,"seaweeds"
185,2001,0,"seaweeds"
186,2001,1,"seaweeds"
187,2001,6,"seaweeds"
188,2001,3,"seaweeds"
189,2001,26,"seaweeds"
190,2001,0,"seaweeds"
191,2001,0,"seaweeds"
192,2001,0,"seaweeds"
193,2001,0,"seaweeds"
194,2001,0,"seaweeds"
195,2001,0,"seaweeds"
196,2001,0,"seaweeds"
197,2001,0,"seaweeds"
198,2001,0,"seaweeds"
199,2001,0,"seaweeds"
200,2001,0,"seaweeds"
202,2001,2944,"seaweeds"
203,2001,156,"seaweeds"
204,2001,0,"seaweeds"
205,2001,0,"seaweeds"
206,2001,2011,"seaweeds"
207,2001,4110,"seaweeds"
208,2001,1919,"seaweeds"
209,2001,38331,"seaweeds"
210,2001,15300,"seaweeds"
212,2001,0,"seaweeds"
213,2001,0,"seaweeds"
214,2001,42,"seaweeds"
215,2001,0,"seaweeds"
216,2001,23563,"seaweeds"
218,2001,5357,"seaweeds"
219,2001,0,"seaweeds"
220,2001,0,"seaweeds"
221,2001,0,"seaweeds"
222,2001,1308,"seaweeds"
223,2001,2504,"seaweeds"
224,2001,66337,"seaweeds"
227,2001,0,"seaweeds"
228,2001,0,"seaweeds"
231,2001,0,"seaweeds"
232,2001,0,"seaweeds"
237,2001,0,"seaweeds"
244,2001,0,"seaweeds"
245,2001,0,"seaweeds"
247,2001,0,"seaweeds"
248,2001,0,"seaweeds"
249,2001,0,"seaweeds"
250,2001,0,"seaweeds"
1,2002,0,"seaweeds"
2,2002,0,"seaweeds"
3,2002,0,"seaweeds"
4,2002,0,"seaweeds"
5,2002,0,"seaweeds"
6,2002,0,"seaweeds"
7,2002,0,"seaweeds"
8,2002,0,"seaweeds"
9,2002,0,"seaweeds"
10,2002,0,"seaweeds"
11,2002,0,"seaweeds"
12,2002,0,"seaweeds"
13,2002,0,"seaweeds"
14,2002,4556,"seaweeds"
15,2002,33860,"seaweeds"
16,2002,1925,"seaweeds"
17,2002,0,"seaweeds"
18,2002,0,"seaweeds"
19,2002,0,"seaweeds"
20,2002,15563.1,"seaweeds"
21,2002,474,"seaweeds"
24,2002,91,"seaweeds"
25,2002,932,"seaweeds"
26,2002,0,"seaweeds"
28,2002,0,"seaweeds"
29,2002,0,"seaweeds"
30,2002,0,"seaweeds"
31,2002,0,"seaweeds"
32,2002,0,"seaweeds"
33,2002,0,"seaweeds"
34,2002,0,"seaweeds"
35,2002,0,"seaweeds"
36,2002,0,"seaweeds"
37,2002,0,"seaweeds"
38,2002,0,"seaweeds"
39,2002,0,"seaweeds"
40,2002,4.1,"seaweeds"
41,2002,0,"seaweeds"
42,2002,94,"seaweeds"
43,2002,0,"seaweeds"
44,2002,0,"seaweeds"
45,2002,0,"seaweeds"
46,2002,0,"seaweeds"
47,2002,0,"seaweeds"
48,2002,0,"seaweeds"
49,2002,0,"seaweeds"
50,2002,0,"seaweeds"
51,2002,0,"seaweeds"
52,2002,0,"seaweeds"
53,2002,0,"seaweeds"
54,2002,0,"seaweeds"
55,2002,0,"seaweeds"
56,2002,0,"seaweeds"
57,2002,0,"seaweeds"
58,2002,0,"seaweeds"
59,2002,1442,"seaweeds"
60,2002,0,"seaweeds"
61,2002,15,"seaweeds"
62,2002,22797,"seaweeds"
63,2002,0,"seaweeds"
64,2002,0,"seaweeds"
65,2002,0,"seaweeds"
66,2002,76,"seaweeds"
67,2002,0,"seaweeds"
68,2002,0,"seaweeds"
69,2002,49,"seaweeds"
70,2002,763,"seaweeds"
71,2002,0,"seaweeds"
72,2002,49,"seaweeds"
73,2002,195,"seaweeds"
74,2002,0,"seaweeds"
75,2002,37,"seaweeds"
76,2002,25.1,"seaweeds"
77,2002,0,"seaweeds"
78,2002,0,"seaweeds"
79,2002,1158,"seaweeds"
80,2002,3,"seaweeds"
81,2002,0,"seaweeds"
82,2002,0,"seaweeds"
84,2002,0,"seaweeds"
85,2002,0,"seaweeds"
86,2002,0,"seaweeds"
88,2002,0,"seaweeds"
89,2002,0,"seaweeds"
90,2002,0,"seaweeds"
91,2002,0,"seaweeds"
92,2002,0,"seaweeds"
93,2002,0,"seaweeds"
94,2002,0,"seaweeds"
95,2002,0,"seaweeds"
96,2002,0,"seaweeds"
97,2002,0,"seaweeds"
98,2002,0,"seaweeds"
99,2002,0,"seaweeds"
100,2002,0,"seaweeds"
101,2002,173,"seaweeds"
102,2002,821.1,"seaweeds"
103,2002,0,"seaweeds"
104,2002,0,"seaweeds"
105,2002,0,"seaweeds"
106,2002,0,"seaweeds"
107,2002,0,"seaweeds"
108,2002,0,"seaweeds"
110,2002,0,"seaweeds"
111,2002,0,"seaweeds"
112,2002,101,"seaweeds"
113,2002,0,"seaweeds"
114,2002,0,"seaweeds"
115,2002,0,"seaweeds"
116,2002,0,"seaweeds"
117,2002,0,"seaweeds"
118,2002,0,"seaweeds"
119,2002,0,"seaweeds"
120,2002,0,"seaweeds"
121,2002,0,"seaweeds"
122,2002,13,"seaweeds"
123,2002,3,"seaweeds"
124,2002,2,"seaweeds"
125,2002,0,"seaweeds"
126,2002,2,"seaweeds"
127,2002,0,"seaweeds"
129,2002,0,"seaweeds"
130,2002,15,"seaweeds"
131,2002,0,"seaweeds"
132,2002,0,"seaweeds"
133,2002,0,"seaweeds"
134,2002,0,"seaweeds"
135,2002,2154,"seaweeds"
136,2002,0,"seaweeds"
137,2002,131,"seaweeds"
138,2002,1287,"seaweeds"
139,2002,0,"seaweeds"
140,2002,0,"seaweeds"
141,2002,0,"seaweeds"
143,2002,1332,"seaweeds"
144,2002,0,"seaweeds"
145,2002,0,"seaweeds"
146,2002,0,"seaweeds"
147,2002,0,"seaweeds"
148,2002,0,"seaweeds"
149,2002,0,"seaweeds"
150,2002,0,"seaweeds"
151,2002,0,"seaweeds"
152,2002,0,"seaweeds"
153,2002,0,"seaweeds"
154,2002,0,"seaweeds"
155,2002,37,"seaweeds"
156,2002,0,"seaweeds"
157,2002,0,"seaweeds"
158,2002,0,"seaweeds"
159,2002,0,"seaweeds"
161,2002,0,"seaweeds"
162,2002,221,"seaweeds"
163,2002,14371,"seaweeds"
164,2002,0,"seaweeds"
166,2002,4.74379955673749,"seaweeds"
167,2002,0,"seaweeds"
168,2002,0,"seaweeds"
169,2002,0,"seaweeds"
171,2002,149,"seaweeds"
172,2002,19.1,"seaweeds"
173,2002,0,"seaweeds"
174,2002,19,"seaweeds"
175,2002,558,"seaweeds"
176,2002,9239,"seaweeds"
177,2002,6429,"seaweeds"
178,2002,0,"seaweeds"
179,2002,10583,"seaweeds"
180,2002,3224,"seaweeds"
181,2002,3197,"seaweeds"
182,2002,10744,"seaweeds"
183,2002,4100,"seaweeds"
184,2002,2904,"seaweeds"
185,2002,0,"seaweeds"
186,2002,1,"seaweeds"
187,2002,4,"seaweeds"
188,2002,52.1327831434282,"seaweeds"
189,2002,75,"seaweeds"
190,2002,0,"seaweeds"
191,2002,0,"seaweeds"
192,2002,0,"seaweeds"
193,2002,0,"seaweeds"
194,2002,0,"seaweeds"
195,2002,0,"seaweeds"
196,2002,0,"seaweeds"
197,2002,0,"seaweeds"
198,2002,0,"seaweeds"
199,2002,0,"seaweeds"
200,2002,0,"seaweeds"
202,2002,2272,"seaweeds"
203,2002,228,"seaweeds"
204,2002,0,"seaweeds"
205,2002,0,"seaweeds"
206,2002,3853,"seaweeds"
207,2002,2218,"seaweeds"
208,2002,1787,"seaweeds"
209,2002,44832,"seaweeds"
210,2002,16805,"seaweeds"
212,2002,0,"seaweeds"
213,2002,0,"seaweeds"
214,2002,12,"seaweeds"
215,2002,0,"seaweeds"
216,2002,22842,"seaweeds"
218,2002,6063,"seaweeds"
219,2002,0,"seaweeds"
220,2002,0,"seaweeds"
221,2002,0,"seaweeds"
222,2002,241,"seaweeds"
223,2002,2859,"seaweeds"
224,2002,54929,"seaweeds"
227,2002,0,"seaweeds"
228,2002,0,"seaweeds"
231,2002,0,"seaweeds"
232,2002,0,"seaweeds"
237,2002,0,"seaweeds"
244,2002,0,"seaweeds"
245,2002,0,"seaweeds"
247,2002,0,"seaweeds"
248,2002,0,"seaweeds"
249,2002,0,"seaweeds"
250,2002,0,"seaweeds"
1,2003,0,"seaweeds"
2,2003,0,"seaweeds"
3,2003,0,"seaweeds"
4,2003,0,"seaweeds"
5,2003,0,"seaweeds"
6,2003,0,"seaweeds"
7,2003,0,"seaweeds"
8,2003,0,"seaweeds"
9,2003,0,"seaweeds"
10,2003,0,"seaweeds"
11,2003,0,"seaweeds"
12,2003,0,"seaweeds"
13,2003,0,"seaweeds"
14,2003,6198,"seaweeds"
15,2003,33134,"seaweeds"
16,2003,697,"seaweeds"
17,2003,0,"seaweeds"
18,2003,8,"seaweeds"
19,2003,0,"seaweeds"
20,2003,18387,"seaweeds"
21,2003,508,"seaweeds"
24,2003,250,"seaweeds"
25,2003,870,"seaweeds"
26,2003,0,"seaweeds"
28,2003,0,"seaweeds"
29,2003,0,"seaweeds"
30,2003,0,"seaweeds"
31,2003,0,"seaweeds"
32,2003,0,"seaweeds"
33,2003,0,"seaweeds"
34,2003,0,"seaweeds"
35,2003,0,"seaweeds"
36,2003,0,"seaweeds"
37,2003,1,"seaweeds"
38,2003,0,"seaweeds"
39,2003,0,"seaweeds"
40,2003,43.1,"seaweeds"
41,2003,0,"seaweeds"
42,2003,58,"seaweeds"
43,2003,0.1,"seaweeds"
44,2003,0,"seaweeds"
45,2003,0,"seaweeds"
46,2003,0,"seaweeds"
47,2003,0,"seaweeds"
48,2003,0,"seaweeds"
49,2003,0,"seaweeds"
50,2003,0,"seaweeds"
51,2003,0,"seaweeds"
52,2003,0,"seaweeds"
53,2003,17,"seaweeds"
54,2003,0,"seaweeds"
55,2003,0,"seaweeds"
56,2003,0,"seaweeds"
57,2003,0,"seaweeds"
58,2003,0,"seaweeds"
59,2003,2133,"seaweeds"
60,2003,0,"seaweeds"
61,2003,50,"seaweeds"
62,2003,24701,"seaweeds"
63,2003,0,"seaweeds"
64,2003,0,"seaweeds"
65,2003,0,"seaweeds"
66,2003,169,"seaweeds"
67,2003,0,"seaweeds"
68,2003,0,"seaweeds"
69,2003,26,"seaweeds"
70,2003,482,"seaweeds"
71,2003,7.21592709479955,"seaweeds"
72,2003,43,"seaweeds"
73,2003,418,"seaweeds"
74,2003,0,"seaweeds"
75,2003,23,"seaweeds"
76,2003,28,"seaweeds"
77,2003,0,"seaweeds"
78,2003,0,"seaweeds"
79,2003,2714,"seaweeds"
80,2003,7,"seaweeds"
81,2003,0,"seaweeds"
82,2003,0,"seaweeds"
84,2003,0,"seaweeds"
85,2003,0,"seaweeds"
86,2003,0,"seaweeds"
88,2003,0,"seaweeds"
89,2003,0,"seaweeds"
90,2003,0,"seaweeds"
91,2003,0,"seaweeds"
92,2003,0,"seaweeds"
93,2003,0,"seaweeds"
94,2003,0,"seaweeds"
95,2003,0,"seaweeds"
96,2003,0,"seaweeds"
97,2003,0,"seaweeds"
98,2003,0,"seaweeds"
99,2003,0,"seaweeds"
100,2003,0,"seaweeds"
101,2003,26,"seaweeds"
102,2003,853,"seaweeds"
103,2003,0,"seaweeds"
104,2003,0,"seaweeds"
105,2003,0,"seaweeds"
106,2003,0,"seaweeds"
107,2003,0,"seaweeds"
108,2003,0,"seaweeds"
110,2003,0,"seaweeds"
111,2003,0,"seaweeds"
112,2003,72,"seaweeds"
113,2003,0,"seaweeds"
114,2003,0,"seaweeds"
115,2003,0,"seaweeds"
116,2003,0,"seaweeds"
117,2003,0,"seaweeds"
118,2003,0,"seaweeds"
119,2003,0,"seaweeds"
120,2003,0,"seaweeds"
121,2003,0,"seaweeds"
122,2003,10,"seaweeds"
123,2003,0.1,"seaweeds"
124,2003,0,"seaweeds"
125,2003,0,"seaweeds"
126,2003,1,"seaweeds"
127,2003,0,"seaweeds"
129,2003,0,"seaweeds"
130,2003,0,"seaweeds"
131,2003,0,"seaweeds"
132,2003,0,"seaweeds"
133,2003,0,"seaweeds"
134,2003,0,"seaweeds"
135,2003,1783,"seaweeds"
136,2003,0,"seaweeds"
137,2003,205,"seaweeds"
138,2003,1335,"seaweeds"
139,2003,0,"seaweeds"
140,2003,0,"seaweeds"
141,2003,0,"seaweeds"
143,2003,1926,"seaweeds"
144,2003,0,"seaweeds"
145,2003,0,"seaweeds"
146,2003,0,"seaweeds"
147,2003,0,"seaweeds"
148,2003,0,"seaweeds"
149,2003,0,"seaweeds"
150,2003,0,"seaweeds"
151,2003,0,"seaweeds"
152,2003,0,"seaweeds"
153,2003,0,"seaweeds"
154,2003,0,"seaweeds"
155,2003,385,"seaweeds"
156,2003,0,"seaweeds"
157,2003,0,"seaweeds"
158,2003,0,"seaweeds"
159,2003,0,"seaweeds"
161,2003,0,"seaweeds"
162,2003,210,"seaweeds"
163,2003,16882,"seaweeds"
164,2003,0,"seaweeds"
166,2003,0,"seaweeds"
167,2003,0,"seaweeds"
168,2003,0,"seaweeds"
169,2003,0,"seaweeds"
171,2003,139,"seaweeds"
172,2003,137,"seaweeds"
173,2003,0,"seaweeds"
174,2003,42,"seaweeds"
175,2003,1337,"seaweeds"
176,2003,9461,"seaweeds"
177,2003,7249,"seaweeds"
178,2003,0,"seaweeds"
179,2003,12250,"seaweeds"
180,2003,5753,"seaweeds"
181,2003,3374,"seaweeds"
182,2003,13503,"seaweeds"
183,2003,4250,"seaweeds"
184,2003,3748,"seaweeds"
185,2003,0,"seaweeds"
186,2003,0,"seaweeds"
187,2003,11,"seaweeds"
188,2003,6,"seaweeds"
189,2003,94,"seaweeds"
190,2003,0,"seaweeds"
191,2003,0,"seaweeds"
192,2003,0,"seaweeds"
193,2003,0,"seaweeds"
194,2003,0,"seaweeds"
195,2003,0,"seaweeds"
196,2003,0,"seaweeds"
197,2003,0,"seaweeds"
198,2003,0,"seaweeds"
199,2003,0,"seaweeds"
200,2003,0,"seaweeds"
202,2003,1942,"seaweeds"
203,2003,653,"seaweeds"
204,2003,0,"seaweeds"
205,2003,0,"seaweeds"
206,2003,2965,"seaweeds"
207,2003,610,"seaweeds"
208,2003,1222,"seaweeds"
209,2003,53590,"seaweeds"
210,2003,16252,"seaweeds"
212,2003,0,"seaweeds"
213,2003,0,"seaweeds"
214,2003,26,"seaweeds"
215,2003,0,"seaweeds"
216,2003,26944,"seaweeds"
218,2003,6950,"seaweeds"
219,2003,0,"seaweeds"
220,2003,0,"seaweeds"
221,2003,0,"seaweeds"
222,2003,188,"seaweeds"
223,2003,2209,"seaweeds"
224,2003,59932,"seaweeds"
227,2003,0,"seaweeds"
228,2003,0,"seaweeds"
231,2003,0,"seaweeds"
232,2003,0,"seaweeds"
237,2003,0,"seaweeds"
244,2003,0,"seaweeds"
245,2003,0,"seaweeds"
247,2003,1,"seaweeds"
248,2003,0,"seaweeds"
249,2003,0,"seaweeds"
250,2003,0.127131721822974,"seaweeds"
1,2004,0,"seaweeds"
2,2004,0,"seaweeds"
3,2004,0,"seaweeds"
4,2004,0,"seaweeds"
5,2004,0,"seaweeds"
6,2004,0,"seaweeds"
7,2004,2939.2327372228,"seaweeds"
8,2004,0,"seaweeds"
9,2004,0.0417055983296359,"seaweeds"
10,2004,0,"seaweeds"
11,2004,0,"seaweeds"
12,2004,0,"seaweeds"
13,2004,0,"seaweeds"
14,2004,43998.87451203,"seaweeds"
15,2004,2350416.88417228,"seaweeds"
16,2004,2455,"seaweeds"
17,2004,0,"seaweeds"
18,2004,702.672623013229,"seaweeds"
19,2004,0,"seaweeds"
20,2004,36798.4871651365,"seaweeds"
21,2004,224529.484579453,"seaweeds"
24,2004,30168.9271520366,"seaweeds"
25,2004,896,"seaweeds"
26,2004,0,"seaweeds"
28,2004,0,"seaweeds"
29,2004,0,"seaweeds"
30,2004,0,"seaweeds"
31,2004,0,"seaweeds"
32,2004,0,"seaweeds"
33,2004,0,"seaweeds"
34,2004,0,"seaweeds"
35,2004,0,"seaweeds"
36,2004,0,"seaweeds"
37,2004,0.1,"seaweeds"
38,2004,0,"seaweeds"
39,2004,0,"seaweeds"
40,2004,4,"seaweeds"
41,2004,349.772091912427,"seaweeds"
42,2004,276.499677401128,"seaweeds"
43,2004,0,"seaweeds"
44,2004,0,"seaweeds"
45,2004,0,"seaweeds"
46,2004,0,"seaweeds"
47,2004,0,"seaweeds"
48,2004,0,"seaweeds"
49,2004,0,"seaweeds"
50,2004,0,"seaweeds"
51,2004,0,"seaweeds"
52,2004,0,"seaweeds"
53,2004,1,"seaweeds"
54,2004,65,"seaweeds"
55,2004,0,"seaweeds"
56,2004,0,"seaweeds"
57,2004,0,"seaweeds"
58,2004,0,"seaweeds"
59,2004,2019,"seaweeds"
60,2004,0,"seaweeds"
61,2004,10,"seaweeds"
62,2004,26957,"seaweeds"
63,2004,0,"seaweeds"
64,2004,0,"seaweeds"
65,2004,0,"seaweeds"
66,2004,124,"seaweeds"
67,2004,0,"seaweeds"
68,2004,0,"seaweeds"
69,2004,32,"seaweeds"
70,2004,161,"seaweeds"
71,2004,6,"seaweeds"
72,2004,29,"seaweeds"
73,2004,1790.98361073873,"seaweeds"
74,2004,0,"seaweeds"
75,2004,42,"seaweeds"
76,2004,6,"seaweeds"
77,2004,0,"seaweeds"
78,2004,21,"seaweeds"
79,2004,3562,"seaweeds"
80,2004,10,"seaweeds"
81,2004,0,"seaweeds"
82,2004,0,"seaweeds"
84,2004,0,"seaweeds"
85,2004,0,"seaweeds"
86,2004,0,"seaweeds"
88,2004,0,"seaweeds"
89,2004,0,"seaweeds"
90,2004,0,"seaweeds"
91,2004,0,"seaweeds"
92,2004,0,"seaweeds"
93,2004,0,"seaweeds"
94,2004,0,"seaweeds"
95,2004,0,"seaweeds"
96,2004,0,"seaweeds"
97,2004,0,"seaweeds"
98,2004,0,"seaweeds"
99,2004,0,"seaweeds"
100,2004,0,"seaweeds"
101,2004,95,"seaweeds"
102,2004,1650.35339702166,"seaweeds"
103,2004,0,"seaweeds"
104,2004,0,"seaweeds"
105,2004,0,"seaweeds"
106,2004,0,"seaweeds"
107,2004,0,"seaweeds"
108,2004,0,"seaweeds"
110,2004,0,"seaweeds"
111,2004,0,"seaweeds"
112,2004,61,"seaweeds"
113,2004,0,"seaweeds"
114,2004,0,"seaweeds"
115,2004,0,"seaweeds"
116,2004,0,"seaweeds"
117,2004,0,"seaweeds"
118,2004,0,"seaweeds"
119,2004,0,"seaweeds"
120,2004,44.2897327707454,"seaweeds"
121,2004,0,"seaweeds"
122,2004,39.8607594936709,"seaweeds"
123,2004,0.1,"seaweeds"
124,2004,0,"seaweeds"
125,2004,0,"seaweeds"
126,2004,0,"seaweeds"
127,2004,0,"seaweeds"
129,2004,0,"seaweeds"
130,2004,0,"seaweeds"
131,2004,0,"seaweeds"
132,2004,0,"seaweeds"
133,2004,0,"seaweeds"
134,2004,0,"seaweeds"
135,2004,1967,"seaweeds"
136,2004,0.1,"seaweeds"
137,2004,197,"seaweeds"
138,2004,1627,"seaweeds"
139,2004,0,"seaweeds"
140,2004,0,"seaweeds"
141,2004,0,"seaweeds"
143,2004,4842,"seaweeds"
144,2004,0,"seaweeds"
145,2004,0,"seaweeds"
146,2004,0,"seaweeds"
147,2004,0,"seaweeds"
148,2004,0,"seaweeds"
149,2004,0,"seaweeds"
150,2004,0,"seaweeds"
151,2004,0,"seaweeds"
152,2004,0,"seaweeds"
153,2004,0,"seaweeds"
154,2004,0,"seaweeds"
155,2004,2490,"seaweeds"
156,2004,0,"seaweeds"
157,2004,0,"seaweeds"
158,2004,0,"seaweeds"
159,2004,0,"seaweeds"
161,2004,0,"seaweeds"
162,2004,367,"seaweeds"
163,2004,18866,"seaweeds"
164,2004,0,"seaweeds"
166,2004,0,"seaweeds"
167,2004,0,"seaweeds"
168,2004,0,"seaweeds"
169,2004,0,"seaweeds"
171,2004,116,"seaweeds"
172,2004,160,"seaweeds"
173,2004,0,"seaweeds"
174,2004,7,"seaweeds"
175,2004,1930,"seaweeds"
176,2004,10479,"seaweeds"
177,2004,10481,"seaweeds"
178,2004,0,"seaweeds"
179,2004,10683,"seaweeds"
180,2004,6658,"seaweeds"
181,2004,3019,"seaweeds"
182,2004,13220,"seaweeds"
183,2004,3499,"seaweeds"
184,2004,5341,"seaweeds"
185,2004,0,"seaweeds"
186,2004,12,"seaweeds"
187,2004,2,"seaweeds"
188,2004,9,"seaweeds"
189,2004,20,"seaweeds"
190,2004,0,"seaweeds"
191,2004,0,"seaweeds"
192,2004,0,"seaweeds"
193,2004,0,"seaweeds"
194,2004,0,"seaweeds"
195,2004,0,"seaweeds"
196,2004,0,"seaweeds"
197,2004,0,"seaweeds"
198,2004,0,"seaweeds"
199,2004,0,"seaweeds"
200,2004,0,"seaweeds"
202,2004,26009.6334039306,"seaweeds"
203,2004,4595.54642825529,"seaweeds"
204,2004,0,"seaweeds"
205,2004,0,"seaweeds"
206,2004,1589396.3516922,"seaweeds"
207,2004,24782.471829167,"seaweeds"
208,2004,1246,"seaweeds"
209,2004,11474312.6934619,"seaweeds"
210,2004,57269.813018882,"seaweeds"
212,2004,1628.18655878899,"seaweeds"
213,2004,0,"seaweeds"
214,2004,13,"seaweeds"
215,2004,0,"seaweeds"
216,2004,731773.842331665,"seaweeds"
218,2004,7423,"seaweeds"
219,2004,0,"seaweeds"
220,2004,0,"seaweeds"
221,2004,0,"seaweeds"
222,2004,125,"seaweeds"
223,2004,2597,"seaweeds"
224,2004,84426.7383073431,"seaweeds"
227,2004,0,"seaweeds"
228,2004,0,"seaweeds"
231,2004,0,"seaweeds"
232,2004,0,"seaweeds"
237,2004,0,"seaweeds"
244,2004,0,"seaweeds"
245,2004,0,"seaweeds"
247,2004,0,"seaweeds"
248,2004,0,"seaweeds"
249,2004,0,"seaweeds"
250,2004,0,"seaweeds"
1,2005,0,"seaweeds"
2,2005,0,"seaweeds"
3,2005,0,"seaweeds"
4,2005,0,"seaweeds"
5,2005,0,"seaweeds"
6,2005,0,"seaweeds"
7,2005,6219.65058890832,"seaweeds"
8,2005,0,"seaweeds"
9,2005,0.0349841772151899,"seaweeds"
10,2005,0,"seaweeds"
11,2005,0,"seaweeds"
12,2005,0,"seaweeds"
13,2005,0,"seaweeds"
14,2005,13187.3453629931,"seaweeds"
15,2005,2421383.0293966,"seaweeds"
16,2005,3103,"seaweeds"
17,2005,0,"seaweeds"
18,2005,975.315284285614,"seaweeds"
19,2005,0,"seaweeds"
20,2005,90572.9000621338,"seaweeds"
21,2005,253358.685095783,"seaweeds"
24,2005,29904.5673858534,"seaweeds"
25,2005,1217,"seaweeds"
26,2005,0,"seaweeds"
28,2005,0,"seaweeds"
29,2005,0,"seaweeds"
30,2005,0,"seaweeds"
31,2005,0,"seaweeds"
32,2005,0,"seaweeds"
33,2005,0,"seaweeds"
34,2005,0,"seaweeds"
35,2005,0,"seaweeds"
36,2005,0,"seaweeds"
37,2005,0.1,"seaweeds"
38,2005,0,"seaweeds"
39,2005,0,"seaweeds"
40,2005,8,"seaweeds"
41,2005,125.218525792441,"seaweeds"
42,2005,284.587558619184,"seaweeds"
43,2005,18,"seaweeds"
44,2005,0,"seaweeds"
45,2005,0,"seaweeds"
46,2005,0,"seaweeds"
47,2005,0,"seaweeds"
48,2005,0,"seaweeds"
49,2005,0,"seaweeds"
50,2005,17,"seaweeds"
51,2005,0,"seaweeds"
52,2005,0,"seaweeds"
53,2005,0,"seaweeds"
54,2005,0,"seaweeds"
55,2005,0,"seaweeds"
56,2005,0,"seaweeds"
57,2005,0,"seaweeds"
58,2005,0,"seaweeds"
59,2005,2487,"seaweeds"
60,2005,0,"seaweeds"
61,2005,1335,"seaweeds"
62,2005,33226,"seaweeds"
63,2005,0,"seaweeds"
64,2005,0,"seaweeds"
65,2005,0,"seaweeds"
66,2005,30,"seaweeds"
67,2005,0,"seaweeds"
68,2005,0,"seaweeds"
69,2005,22,"seaweeds"
70,2005,440,"seaweeds"
71,2005,0,"seaweeds"
72,2005,37,"seaweeds"
73,2005,674.986116548494,"seaweeds"
74,2005,0,"seaweeds"
75,2005,33,"seaweeds"
76,2005,10,"seaweeds"
77,2005,0,"seaweeds"
78,2005,3,"seaweeds"
79,2005,2613,"seaweeds"
80,2005,31,"seaweeds"
81,2005,0,"seaweeds"
82,2005,0,"seaweeds"
84,2005,0,"seaweeds"
85,2005,0,"seaweeds"
86,2005,0,"seaweeds"
88,2005,0,"seaweeds"
89,2005,0,"seaweeds"
90,2005,0,"seaweeds"
91,2005,0,"seaweeds"
92,2005,0,"seaweeds"
93,2005,0,"seaweeds"
94,2005,0,"seaweeds"
95,2005,0,"seaweeds"
96,2005,0,"seaweeds"
97,2005,0,"seaweeds"
98,2005,0,"seaweeds"
99,2005,0,"seaweeds"
100,2005,0,"seaweeds"
101,2005,178,"seaweeds"
102,2005,1221.37319793139,"seaweeds"
103,2005,0,"seaweeds"
104,2005,0,"seaweeds"
105,2005,0,"seaweeds"
106,2005,0,"seaweeds"
107,2005,0,"seaweeds"
108,2005,0,"seaweeds"
110,2005,0,"seaweeds"
111,2005,0,"seaweeds"
112,2005,24,"seaweeds"
113,2005,0,"seaweeds"
114,2005,0,"seaweeds"
115,2005,0.1,"seaweeds"
116,2005,0,"seaweeds"
117,2005,0,"seaweeds"
118,2005,0,"seaweeds"
119,2005,0,"seaweeds"
120,2005,40.9915611814346,"seaweeds"
121,2005,0,"seaweeds"
122,2005,103.298734177215,"seaweeds"
123,2005,1,"seaweeds"
124,2005,0,"seaweeds"
125,2005,0,"seaweeds"
126,2005,0.1,"seaweeds"
127,2005,0,"seaweeds"
129,2005,0,"seaweeds"
130,2005,0,"seaweeds"
131,2005,0,"seaweeds"
132,2005,3,"seaweeds"
133,2005,0,"seaweeds"
134,2005,0,"seaweeds"
135,2005,1829,"seaweeds"
136,2005,0.1,"seaweeds"
137,2005,265,"seaweeds"
138,2005,2177,"seaweeds"
139,2005,0,"seaweeds"
140,2005,0,"seaweeds"
141,2005,0,"seaweeds"
143,2005,3969,"seaweeds"
144,2005,0,"seaweeds"
145,2005,0,"seaweeds"
146,2005,0,"seaweeds"
147,2005,0,"seaweeds"
148,2005,0,"seaweeds"
149,2005,0,"seaweeds"
150,2005,0,"seaweeds"
151,2005,0,"seaweeds"
152,2005,0,"seaweeds"
153,2005,0,"seaweeds"
154,2005,0,"seaweeds"
155,2005,710,"seaweeds"
156,2005,0,"seaweeds"
157,2005,0,"seaweeds"
158,2005,0,"seaweeds"
159,2005,0,"seaweeds"
161,2005,0,"seaweeds"
162,2005,156,"seaweeds"
163,2005,15770,"seaweeds"
164,2005,0,"seaweeds"
166,2005,0,"seaweeds"
167,2005,0,"seaweeds"
168,2005,0,"seaweeds"
169,2005,0,"seaweeds"
171,2005,145.1,"seaweeds"
172,2005,653,"seaweeds"
173,2005,0,"seaweeds"
174,2005,12,"seaweeds"
175,2005,3409,"seaweeds"
176,2005,11636,"seaweeds"
177,2005,11453,"seaweeds"
178,2005,0,"seaweeds"
179,2005,10419,"seaweeds"
180,2005,5839,"seaweeds"
181,2005,4635,"seaweeds"
182,2005,17210,"seaweeds"
183,2005,5937,"seaweeds"
184,2005,5549,"seaweeds"
185,2005,0,"seaweeds"
186,2005,9,"seaweeds"
187,2005,4,"seaweeds"
188,2005,107,"seaweeds"
189,2005,43,"seaweeds"
190,2005,0,"seaweeds"
191,2005,0,"seaweeds"
192,2005,0,"seaweeds"
193,2005,0,"seaweeds"
194,2005,0,"seaweeds"
195,2005,0,"seaweeds"
196,2005,0,"seaweeds"
197,2005,0,"seaweeds"
198,2005,0,"seaweeds"
199,2005,0,"seaweeds"
200,2005,0,"seaweeds"
202,2005,24363.2246849898,"seaweeds"
203,2005,4385.57786909833,"seaweeds"
204,2005,0,"seaweeds"
205,2005,0,"seaweeds"
206,2005,1552781.13184421,"seaweeds"
207,2005,22982.2138243133,"seaweeds"
208,2005,1576,"seaweeds"
209,2005,12448581.956969,"seaweeds"
210,2005,62641.8863449741,"seaweeds"
212,2005,1749.20886075949,"seaweeds"
213,2005,0,"seaweeds"
214,2005,0,"seaweeds"
215,2005,0,"seaweeds"
216,2005,1500645.24940165,"seaweeds"
218,2005,8294,"seaweeds"
219,2005,0,"seaweeds"
220,2005,0,"seaweeds"
221,2005,0,"seaweeds"
222,2005,185,"seaweeds"
223,2005,2992,"seaweeds"
224,2005,84019.7559155362,"seaweeds"
227,2005,0,"seaweeds"
228,2005,0,"seaweeds"
231,2005,0,"seaweeds"
232,2005,0,"seaweeds"
237,2005,0,"seaweeds"
244,2005,0,"seaweeds"
245,2005,0,"seaweeds"
247,2005,0,"seaweeds"
248,2005,0,"seaweeds"
249,2005,0,"seaweeds"
250,2005,0,"seaweeds"
1,2006,0,"seaweeds"
2,2006,0,"seaweeds"
3,2006,0,"seaweeds"
4,2006,0,"seaweeds"
5,2006,0,"seaweeds"
6,2006,0,"seaweeds"
7,2006,884.348682550722,"seaweeds"
8,2006,0,"seaweeds"
9,2006,0.679138460491907,"seaweeds"
10,2006,0,"seaweeds"
11,2006,0,"seaweeds"
12,2006,0,"seaweeds"
13,2006,0,"seaweeds"
14,2006,32680.9097603229,"seaweeds"
15,2006,2389385.91674932,"seaweeds"
16,2006,3667,"seaweeds"
17,2006,0,"seaweeds"
18,2006,706.785227430797,"seaweeds"
19,2006,0,"seaweeds"
20,2006,149267.02203233,"seaweeds"
21,2006,257132.225475902,"seaweeds"
24,2006,10158.3200045664,"seaweeds"
25,2006,5306,"seaweeds"
26,2006,0,"seaweeds"
28,2006,0,"seaweeds"
29,2006,0,"seaweeds"
30,2006,0,"seaweeds"
31,2006,0,"seaweeds"
32,2006,0,"seaweeds"
33,2006,0,"seaweeds"
34,2006,0,"seaweeds"
35,2006,0,"seaweeds"
36,2006,0,"seaweeds"
37,2006,0,"seaweeds"
38,2006,0,"seaweeds"
39,2006,0,"seaweeds"
40,2006,16,"seaweeds"
41,2006,71.5169229915886,"seaweeds"
42,2006,2297.21025366921,"seaweeds"
43,2006,1,"seaweeds"
44,2006,0,"seaweeds"
45,2006,0,"seaweeds"
46,2006,0,"seaweeds"
47,2006,0,"seaweeds"
48,2006,0,"seaweeds"
49,2006,0,"seaweeds"
50,2006,0,"seaweeds"
51,2006,0,"seaweeds"
52,2006,0,"seaweeds"
53,2006,0,"seaweeds"
54,2006,95,"seaweeds"
55,2006,0,"seaweeds"
56,2006,0,"seaweeds"
57,2006,0,"seaweeds"
58,2006,0,"seaweeds"
59,2006,1848,"seaweeds"
60,2006,0,"seaweeds"
61,2006,848,"seaweeds"
62,2006,41400,"seaweeds"
63,2006,0,"seaweeds"
64,2006,0,"seaweeds"
65,2006,0,"seaweeds"
66,2006,22,"seaweeds"
67,2006,0,"seaweeds"
68,2006,0,"seaweeds"
69,2006,24.1,"seaweeds"
70,2006,581,"seaweeds"
71,2006,0,"seaweeds"
72,2006,4.1,"seaweeds"
73,2006,3739.19490001834,"seaweeds"
74,2006,0,"seaweeds"
75,2006,38,"seaweeds"
76,2006,47,"seaweeds"
77,2006,0,"seaweeds"
78,2006,6,"seaweeds"
79,2006,3469,"seaweeds"
80,2006,83,"seaweeds"
81,2006,0,"seaweeds"
82,2006,0,"seaweeds"
84,2006,0,"seaweeds"
85,2006,0,"seaweeds"
86,2006,0,"seaweeds"
88,2006,0,"seaweeds"
89,2006,0,"seaweeds"
90,2006,0,"seaweeds"
91,2006,0,"seaweeds"
92,2006,0,"seaweeds"
93,2006,0,"seaweeds"
94,2006,0,"seaweeds"
95,2006,0,"seaweeds"
96,2006,0,"seaweeds"
97,2006,0,"seaweeds"
98,2006,0,"seaweeds"
99,2006,0,"seaweeds"
100,2006,0,"seaweeds"
101,2006,73,"seaweeds"
102,2006,1346.41919902996,"seaweeds"
103,2006,0,"seaweeds"
104,2006,0,"seaweeds"
105,2006,0,"seaweeds"
106,2006,0,"seaweeds"
107,2006,0,"seaweeds"
108,2006,0,"seaweeds"
110,2006,0,"seaweeds"
111,2006,0,"seaweeds"
112,2006,23,"seaweeds"
113,2006,0,"seaweeds"
114,2006,0,"seaweeds"
115,2006,0,"seaweeds"
116,2006,0,"seaweeds"
117,2006,0,"seaweeds"
118,2006,0,"seaweeds"
119,2006,0,"seaweeds"
120,2006,48.0590717299578,"seaweeds"
121,2006,0,"seaweeds"
122,2006,77.423164556962,"seaweeds"
123,2006,0,"seaweeds"
124,2006,1,"seaweeds"
125,2006,0,"seaweeds"
126,2006,0.1,"seaweeds"
127,2006,0,"seaweeds"
129,2006,7,"seaweeds"
130,2006,0,"seaweeds"
131,2006,0,"seaweeds"
132,2006,3,"seaweeds"
133,2006,0,"seaweeds"
134,2006,0,"seaweeds"
135,2006,2262,"seaweeds"
136,2006,2.1,"seaweeds"
137,2006,264,"seaweeds"
138,2006,2595,"seaweeds"
139,2006,0,"seaweeds"
140,2006,0,"seaweeds"
141,2006,0,"seaweeds"
143,2006,4211,"seaweeds"
144,2006,0,"seaweeds"
145,2006,0,"seaweeds"
146,2006,0,"seaweeds"
147,2006,0,"seaweeds"
148,2006,0,"seaweeds"
149,2006,0,"seaweeds"
150,2006,0,"seaweeds"
151,2006,0,"seaweeds"
152,2006,0,"seaweeds"
153,2006,0,"seaweeds"
154,2006,0,"seaweeds"
155,2006,615,"seaweeds"
156,2006,0,"seaweeds"
157,2006,0,"seaweeds"
158,2006,0,"seaweeds"
159,2006,0,"seaweeds"
161,2006,0,"seaweeds"
162,2006,320,"seaweeds"
163,2006,10320,"seaweeds"
164,2006,0,"seaweeds"
166,2006,0,"seaweeds"
167,2006,0,"seaweeds"
168,2006,0,"seaweeds"
169,2006,0,"seaweeds"
171,2006,74,"seaweeds"
172,2006,921,"seaweeds"
173,2006,0,"seaweeds"
174,2006,23,"seaweeds"
175,2006,2186,"seaweeds"
176,2006,14370,"seaweeds"
177,2006,8428,"seaweeds"
178,2006,0,"seaweeds"
179,2006,12853,"seaweeds"
180,2006,6551,"seaweeds"
181,2006,5909,"seaweeds"
182,2006,17584,"seaweeds"
183,2006,6820,"seaweeds"
184,2006,7326,"seaweeds"
185,2006,0,"seaweeds"
186,2006,0,"seaweeds"
187,2006,9,"seaweeds"
188,2006,3,"seaweeds"
189,2006,405,"seaweeds"
190,2006,0,"seaweeds"
191,2006,0,"seaweeds"
192,2006,0,"seaweeds"
193,2006,0,"seaweeds"
194,2006,0,"seaweeds"
195,2006,0,"seaweeds"
196,2006,0,"seaweeds"
197,2006,0,"seaweeds"
198,2006,0,"seaweeds"
199,2006,0,"seaweeds"
200,2006,0,"seaweeds"
202,2006,34739.8871380353,"seaweeds"
203,2006,9022.82370592288,"seaweeds"
204,2006,0,"seaweeds"
205,2006,0,"seaweeds"
206,2006,162431.233898018,"seaweeds"
207,2006,20634.8644243516,"seaweeds"
208,2006,1325,"seaweeds"
209,2006,14120160.0715078,"seaweeds"
210,2006,67680.5236875807,"seaweeds"
212,2006,60015.4657536698,"seaweeds"
213,2006,0,"seaweeds"
214,2006,0,"seaweeds"
215,2006,0,"seaweeds"
216,2006,1715428.48828947,"seaweeds"
218,2006,10057,"seaweeds"
219,2006,0,"seaweeds"
220,2006,0,"seaweeds"
221,2006,0,"seaweeds"
222,2006,133,"seaweeds"
223,2006,3160,"seaweeds"
224,2006,206630.496053696,"seaweeds"
227,2006,0,"seaweeds"
228,2006,0,"seaweeds"
231,2006,0,"seaweeds"
232,2006,0,"seaweeds"
237,2006,0,"seaweeds"
244,2006,0,"seaweeds"
245,2006,0,"seaweeds"
247,2006,0,"seaweeds"
248,2006,0,"seaweeds"
249,2006,0,"seaweeds"
250,2006,0,"seaweeds"
1,2007,0,"seaweeds"
2,2007,0,"seaweeds"
3,2007,0,"seaweeds"
4,2007,0,"seaweeds"
5,2007,0,"seaweeds"
6,2007,0,"seaweeds"
7,2007,502.580729784325,"seaweeds"
8,2007,0,"seaweeds"
9,2007,0.0394805761676124,"seaweeds"
10,2007,0,"seaweeds"
11,2007,0,"seaweeds"
12,2007,0,"seaweeds"
13,2007,0,"seaweeds"
14,2007,47163.4506756656,"seaweeds"
15,2007,5576211.99922991,"seaweeds"
16,2007,2641,"seaweeds"
17,2007,0,"seaweeds"
18,2007,343.090945177083,"seaweeds"
19,2007,0,"seaweeds"
20,2007,160533.515691533,"seaweeds"
21,2007,235100.78598193,"seaweeds"
24,2007,0,"seaweeds"
25,2007,8026,"seaweeds"
26,2007,0,"seaweeds"
28,2007,0,"seaweeds"
29,2007,0,"seaweeds"
30,2007,0,"seaweeds"
31,2007,0,"seaweeds"
32,2007,0,"seaweeds"
33,2007,0,"seaweeds"
34,2007,0,"seaweeds"
35,2007,0,"seaweeds"
36,2007,0,"seaweeds"
37,2007,0,"seaweeds"
38,2007,0,"seaweeds"
39,2007,0,"seaweeds"
40,2007,11,"seaweeds"
41,2007,337.753412216461,"seaweeds"
42,2007,1624.24236441381,"seaweeds"
43,2007,1,"seaweeds"
44,2007,0,"seaweeds"
45,2007,0,"seaweeds"
46,2007,0,"seaweeds"
47,2007,0,"seaweeds"
48,2007,0,"seaweeds"
49,2007,0,"seaweeds"
50,2007,0,"seaweeds"
51,2007,0,"seaweeds"
52,2007,0,"seaweeds"
53,2007,57,"seaweeds"
54,2007,0,"seaweeds"
55,2007,0,"seaweeds"
56,2007,0,"seaweeds"
57,2007,0,"seaweeds"
58,2007,0,"seaweeds"
59,2007,2941,"seaweeds"
60,2007,0,"seaweeds"
61,2007,919,"seaweeds"
62,2007,38668,"seaweeds"
63,2007,0,"seaweeds"
64,2007,0,"seaweeds"
65,2007,0,"seaweeds"
66,2007,2,"seaweeds"
67,2007,0,"seaweeds"
68,2007,0,"seaweeds"
69,2007,47.1,"seaweeds"
70,2007,715,"seaweeds"
71,2007,1,"seaweeds"
72,2007,7,"seaweeds"
73,2007,595,"seaweeds"
74,2007,0,"seaweeds"
75,2007,55,"seaweeds"
76,2007,16,"seaweeds"
77,2007,0,"seaweeds"
78,2007,3,"seaweeds"
79,2007,3971,"seaweeds"
80,2007,8,"seaweeds"
81,2007,0,"seaweeds"
82,2007,0,"seaweeds"
84,2007,0,"seaweeds"
85,2007,0,"seaweeds"
86,2007,0,"seaweeds"
88,2007,0,"seaweeds"
89,2007,0,"seaweeds"
90,2007,0,"seaweeds"
91,2007,0,"seaweeds"
92,2007,0,"seaweeds"
93,2007,0,"seaweeds"
94,2007,0,"seaweeds"
95,2007,0,"seaweeds"
96,2007,0,"seaweeds"
97,2007,0,"seaweeds"
98,2007,0,"seaweeds"
99,2007,0,"seaweeds"
100,2007,0,"seaweeds"
101,2007,73,"seaweeds"
102,2007,1319.75380449099,"seaweeds"
103,2007,0,"seaweeds"
104,2007,0,"seaweeds"
105,2007,0,"seaweeds"
106,2007,0,"seaweeds"
107,2007,0,"seaweeds"
108,2007,0,"seaweeds"
110,2007,0,"seaweeds"
111,2007,0,"seaweeds"
112,2007,0,"seaweeds"
113,2007,0,"seaweeds"
114,2007,0,"seaweeds"
115,2007,0.1,"seaweeds"
116,2007,0,"seaweeds"
117,2007,0,"seaweeds"
118,2007,0,"seaweeds"
119,2007,0,"seaweeds"
120,2007,26.4589926160338,"seaweeds"
121,2007,0,"seaweeds"
122,2007,48.0230715981013,"seaweeds"
123,2007,0,"seaweeds"
124,2007,0,"seaweeds"
125,2007,0,"seaweeds"
126,2007,2,"seaweeds"
127,2007,0,"seaweeds"
129,2007,5,"seaweeds"
130,2007,0,"seaweeds"
131,2007,0,"seaweeds"
132,2007,0,"seaweeds"
133,2007,0,"seaweeds"
134,2007,0,"seaweeds"
135,2007,1630,"seaweeds"
136,2007,0.1,"seaweeds"
137,2007,393,"seaweeds"
138,2007,4003,"seaweeds"
139,2007,0,"seaweeds"
140,2007,0,"seaweeds"
141,2007,0,"seaweeds"
143,2007,3489,"seaweeds"
144,2007,0,"seaweeds"
145,2007,0,"seaweeds"
146,2007,0,"seaweeds"
147,2007,1,"seaweeds"
148,2007,0,"seaweeds"
149,2007,0,"seaweeds"
150,2007,0,"seaweeds"
151,2007,0,"seaweeds"
152,2007,0,"seaweeds"
153,2007,0,"seaweeds"
154,2007,0,"seaweeds"
155,2007,84,"seaweeds"
156,2007,0,"seaweeds"
157,2007,0,"seaweeds"
158,2007,0,"seaweeds"
159,2007,0,"seaweeds"
161,2007,0,"seaweeds"
162,2007,948,"seaweeds"
163,2007,19986,"seaweeds"
164,2007,0,"seaweeds"
166,2007,5,"seaweeds"
167,2007,0,"seaweeds"
168,2007,0,"seaweeds"
169,2007,0,"seaweeds"
171,2007,197,"seaweeds"
172,2007,483,"seaweeds"
173,2007,0,"seaweeds"
174,2007,39,"seaweeds"
175,2007,2907,"seaweeds"
176,2007,11162,"seaweeds"
177,2007,10706,"seaweeds"
178,2007,0,"seaweeds"
179,2007,16576,"seaweeds"
180,2007,10565,"seaweeds"
181,2007,6827,"seaweeds"
182,2007,23612,"seaweeds"
183,2007,4806,"seaweeds"
184,2007,7132,"seaweeds"
185,2007,0,"seaweeds"
186,2007,0,"seaweeds"
187,2007,17,"seaweeds"
188,2007,100,"seaweeds"
189,2007,72,"seaweeds"
190,2007,0,"seaweeds"
191,2007,0,"seaweeds"
192,2007,0,"seaweeds"
193,2007,0,"seaweeds"
194,2007,0,"seaweeds"
195,2007,0,"seaweeds"
196,2007,0,"seaweeds"
197,2007,0,"seaweeds"
198,2007,0,"seaweeds"
199,2007,0,"seaweeds"
200,2007,0,"seaweeds"
202,2007,39566.4327476434,"seaweeds"
203,2007,6766.47566098049,"seaweeds"
204,2007,24,"seaweeds"
205,2007,0,"seaweeds"
206,2007,243391.70893323,"seaweeds"
207,2007,47044.8597604438,"seaweeds"
208,2007,1375,"seaweeds"
209,2007,13254656.3580363,"seaweeds"
210,2007,63620.3998646523,"seaweeds"
212,2007,439.02400698385,"seaweeds"
213,2007,0,"seaweeds"
214,2007,22,"seaweeds"
215,2007,0,"seaweeds"
216,2007,5740622.93921334,"seaweeds"
218,2007,9862,"seaweeds"
219,2007,0,"seaweeds"
220,2007,0,"seaweeds"
221,2007,0,"seaweeds"
222,2007,224,"seaweeds"
223,2007,3187,"seaweeds"
224,2007,87708,"seaweeds"
227,2007,0,"seaweeds"
228,2007,0,"seaweeds"
231,2007,1258.30829720705,"seaweeds"
232,2007,0,"seaweeds"
237,2007,0,"seaweeds"
244,2007,0,"seaweeds"
245,2007,0,"seaweeds"
247,2007,0,"seaweeds"
248,2007,0,"seaweeds"
249,2007,0,"seaweeds"
250,2007,0,"seaweeds"
1,2008,0,"seaweeds"
2,2008,0,"seaweeds"
3,2008,0,"seaweeds"
4,2008,0,"seaweeds"
5,2008,0,"seaweeds"
6,2008,0,"seaweeds"
7,2008,940.844870886076,"seaweeds"
8,2008,0,"seaweeds"
9,2008,0,"seaweeds"
10,2008,0,"seaweeds"
11,2008,0,"seaweeds"
12,2008,0,"seaweeds"
13,2008,0,"seaweeds"
14,2008,38100.8434879182,"seaweeds"
15,2008,6135394.4677158,"seaweeds"
16,2008,2419,"seaweeds"
17,2008,0,"seaweeds"
18,2008,486.979746835443,"seaweeds"
19,2008,0,"seaweeds"
20,2008,205367.575609394,"seaweeds"
21,2008,259709.529599472,"seaweeds"
24,2008,0,"seaweeds"
25,2008,7774,"seaweeds"
26,2008,0,"seaweeds"
28,2008,0,"seaweeds"
29,2008,0,"seaweeds"
30,2008,0,"seaweeds"
31,2008,0,"seaweeds"
32,2008,0,"seaweeds"
33,2008,0,"seaweeds"
34,2008,0,"seaweeds"
35,2008,0,"seaweeds"
36,2008,0,"seaweeds"
37,2008,0,"seaweeds"
38,2008,0,"seaweeds"
39,2008,0,"seaweeds"
40,2008,76,"seaweeds"
41,2008,247.843624538544,"seaweeds"
42,2008,1174.84315528011,"seaweeds"
43,2008,0,"seaweeds"
44,2008,0,"seaweeds"
45,2008,0,"seaweeds"
46,2008,0,"seaweeds"
47,2008,0,"seaweeds"
48,2008,0,"seaweeds"
49,2008,0,"seaweeds"
50,2008,0,"seaweeds"
51,2008,0,"seaweeds"
52,2008,0,"seaweeds"
53,2008,0,"seaweeds"
54,2008,0.1,"seaweeds"
55,2008,0,"seaweeds"
56,2008,0,"seaweeds"
57,2008,0,"seaweeds"
58,2008,0,"seaweeds"
59,2008,3056,"seaweeds"
60,2008,0,"seaweeds"
61,2008,221,"seaweeds"
62,2008,31396,"seaweeds"
63,2008,0,"seaweeds"
64,2008,0,"seaweeds"
65,2008,0,"seaweeds"
66,2008,0,"seaweeds"
67,2008,0,"seaweeds"
68,2008,0,"seaweeds"
69,2008,162,"seaweeds"
70,2008,590,"seaweeds"
71,2008,0,"seaweeds"
72,2008,10,"seaweeds"
73,2008,848.002281081209,"seaweeds"
74,2008,0,"seaweeds"
75,2008,107,"seaweeds"
76,2008,38,"seaweeds"
77,2008,0,"seaweeds"
78,2008,16,"seaweeds"
79,2008,3794,"seaweeds"
80,2008,19,"seaweeds"
81,2008,0,"seaweeds"
82,2008,0,"seaweeds"
84,2008,0,"seaweeds"
85,2008,0,"seaweeds"
86,2008,0,"seaweeds"
88,2008,0,"seaweeds"
89,2008,0,"seaweeds"
90,2008,0,"seaweeds"
91,2008,0,"seaweeds"
92,2008,0,"seaweeds"
93,2008,0,"seaweeds"
94,2008,0,"seaweeds"
95,2008,0,"seaweeds"
96,2008,0,"seaweeds"
97,2008,0,"seaweeds"
98,2008,0,"seaweeds"
99,2008,0,"seaweeds"
100,2008,0,"seaweeds"
101,2008,194,"seaweeds"
102,2008,1182.43852331958,"seaweeds"
103,2008,0,"seaweeds"
104,2008,0,"seaweeds"
105,2008,0,"seaweeds"
106,2008,0,"seaweeds"
107,2008,0,"seaweeds"
108,2008,0,"seaweeds"
110,2008,0,"seaweeds"
111,2008,0,"seaweeds"
112,2008,0,"seaweeds"
113,2008,0,"seaweeds"
114,2008,0,"seaweeds"
115,2008,0.1,"seaweeds"
116,2008,0,"seaweeds"
117,2008,0,"seaweeds"
118,2008,0,"seaweeds"
119,2008,0.1,"seaweeds"
120,2008,8.77859204974461,"seaweeds"
121,2008,0,"seaweeds"
122,2008,6.71562291805463,"seaweeds"
123,2008,0,"seaweeds"
124,2008,0,"seaweeds"
125,2008,0,"seaweeds"
126,2008,3,"seaweeds"
127,2008,0,"seaweeds"
129,2008,1,"seaweeds"
130,2008,0,"seaweeds"
131,2008,0,"seaweeds"
132,2008,0,"seaweeds"
133,2008,0,"seaweeds"
134,2008,0,"seaweeds"
135,2008,2036,"seaweeds"
136,2008,0.1,"seaweeds"
137,2008,446,"seaweeds"
138,2008,14086,"seaweeds"
139,2008,0,"seaweeds"
140,2008,0,"seaweeds"
141,2008,0,"seaweeds"
143,2008,3886,"seaweeds"
144,2008,0,"seaweeds"
145,2008,0,"seaweeds"
146,2008,0,"seaweeds"
147,2008,1,"seaweeds"
148,2008,0,"seaweeds"
149,2008,0,"seaweeds"
150,2008,0,"seaweeds"
151,2008,0,"seaweeds"
152,2008,0,"seaweeds"
153,2008,0,"seaweeds"
154,2008,0,"seaweeds"
155,2008,154.322318181818,"seaweeds"
156,2008,0,"seaweeds"
157,2008,0,"seaweeds"
158,2008,0,"seaweeds"
159,2008,0,"seaweeds"
161,2008,0,"seaweeds"
162,2008,670,"seaweeds"
163,2008,25514,"seaweeds"
164,2008,0,"seaweeds"
166,2008,0,"seaweeds"
167,2008,0,"seaweeds"
168,2008,0,"seaweeds"
169,2008,0,"seaweeds"
171,2008,1435.1369230059,"seaweeds"
172,2008,425,"seaweeds"
173,2008,0,"seaweeds"
174,2008,19,"seaweeds"
175,2008,4292.44880131367,"seaweeds"
176,2008,16274,"seaweeds"
177,2008,10028,"seaweeds"
178,2008,0,"seaweeds"
179,2008,16019,"seaweeds"
180,2008,11784,"seaweeds"
181,2008,9338,"seaweeds"
182,2008,23038,"seaweeds"
183,2008,5416,"seaweeds"
184,2008,8803,"seaweeds"
185,2008,0,"seaweeds"
186,2008,0,"seaweeds"
187,2008,28,"seaweeds"
188,2008,393,"seaweeds"
189,2008,143,"seaweeds"
190,2008,0,"seaweeds"
191,2008,0,"seaweeds"
192,2008,0,"seaweeds"
193,2008,0,"seaweeds"
194,2008,0,"seaweeds"
195,2008,0,"seaweeds"
196,2008,0,"seaweeds"
197,2008,0,"seaweeds"
198,2008,0,"seaweeds"
199,2008,0,"seaweeds"
200,2008,0,"seaweeds"
202,2008,36353.0269101558,"seaweeds"
203,2008,6203.57153230104,"seaweeds"
204,2008,0,"seaweeds"
205,2008,1069.40582214916,"seaweeds"
206,2008,250690.517895762,"seaweeds"
207,2008,46696.4873939292,"seaweeds"
208,2008,1919,"seaweeds"
209,2008,15772048.0861205,"seaweeds"
210,2008,64434.7351085189,"seaweeds"
212,2008,427.162204442322,"seaweeds"
213,2008,0,"seaweeds"
214,2008,28,"seaweeds"
215,2008,0,"seaweeds"
216,2008,7124250.1618631,"seaweeds"
218,2008,11871,"seaweeds"
219,2008,0,"seaweeds"
220,2008,0,"seaweeds"
221,2008,0,"seaweeds"
222,2008,230,"seaweeds"
223,2008,2504,"seaweeds"
224,2008,93885,"seaweeds"
227,2008,0,"seaweeds"
228,2008,0,"seaweeds"
231,2008,1350.25987645097,"seaweeds"
232,2008,0,"seaweeds"
237,2008,0,"seaweeds"
244,2008,0,"seaweeds"
245,2008,0,"seaweeds"
247,2008,0,"seaweeds"
248,2008,0,"seaweeds"
249,2008,0,"seaweeds"
250,2008,0,"seaweeds"
1,2009,0,"seaweeds"
2,2009,0,"seaweeds"
3,2009,0,"seaweeds"
4,2009,0,"seaweeds"
5,2009,0,"seaweeds"
6,2009,0,"seaweeds"
7,2009,2762.50736202532,"seaweeds"
8,2009,0,"seaweeds"
9,2009,0,"seaweeds"
10,2009,0,"seaweeds"
11,2009,0,"seaweeds"
12,2009,0,"seaweeds"
13,2009,0,"seaweeds"
14,2009,25935.8911695475,"seaweeds"
15,2009,4034543.24140862,"seaweeds"
16,2009,1711,"seaweeds"
17,2009,0,"seaweeds"
18,2009,274.275949367089,"seaweeds"
19,2009,0,"seaweeds"
20,2009,227522.891032182,"seaweeds"
21,2009,276746.675471738,"seaweeds"
24,2009,0,"seaweeds"
25,2009,3292,"seaweeds"
26,2009,0,"seaweeds"
28,2009,0,"seaweeds"
29,2009,0,"seaweeds"
30,2009,0,"seaweeds"
31,2009,0,"seaweeds"
32,2009,0,"seaweeds"
33,2009,0,"seaweeds"
34,2009,0,"seaweeds"
35,2009,0,"seaweeds"
36,2009,0,"seaweeds"
37,2009,0,"seaweeds"
38,2009,0,"seaweeds"
39,2009,0,"seaweeds"
40,2009,41.1,"seaweeds"
41,2009,94.4748336268971,"seaweeds"
42,2009,1578,"seaweeds"
43,2009,0,"seaweeds"
44,2009,0,"seaweeds"
45,2009,0,"seaweeds"
46,2009,0,"seaweeds"
47,2009,0,"seaweeds"
48,2009,0,"seaweeds"
49,2009,0,"seaweeds"
50,2009,4,"seaweeds"
51,2009,0,"seaweeds"
52,2009,0,"seaweeds"
53,2009,41,"seaweeds"
54,2009,171,"seaweeds"
55,2009,0,"seaweeds"
56,2009,0,"seaweeds"
57,2009,0,"seaweeds"
58,2009,0,"seaweeds"
59,2009,2986,"seaweeds"
60,2009,0,"seaweeds"
61,2009,65,"seaweeds"
62,2009,28694,"seaweeds"
63,2009,0,"seaweeds"
64,2009,0,"seaweeds"
65,2009,0,"seaweeds"
66,2009,51,"seaweeds"
67,2009,0,"seaweeds"
68,2009,0,"seaweeds"
69,2009,120,"seaweeds"
70,2009,48,"seaweeds"
71,2009,199,"seaweeds"
72,2009,58,"seaweeds"
73,2009,4695.7251052193,"seaweeds"
74,2009,0,"seaweeds"
75,2009,24,"seaweeds"
76,2009,15,"seaweeds"
77,2009,0,"seaweeds"
78,2009,18,"seaweeds"
79,2009,4479,"seaweeds"
80,2009,7,"seaweeds"
81,2009,0,"seaweeds"
82,2009,0,"seaweeds"
84,2009,0,"seaweeds"
85,2009,0,"seaweeds"
86,2009,0,"seaweeds"
88,2009,0,"seaweeds"
89,2009,0,"seaweeds"
90,2009,0,"seaweeds"
91,2009,0,"seaweeds"
92,2009,0,"seaweeds"
93,2009,0,"seaweeds"
94,2009,0,"seaweeds"
95,2009,0,"seaweeds"
96,2009,0,"seaweeds"
97,2009,0,"seaweeds"
98,2009,0,"seaweeds"
99,2009,0,"seaweeds"
100,2009,0,"seaweeds"
101,2009,898,"seaweeds"
102,2009,3269.26864158072,"seaweeds"
103,2009,0,"seaweeds"
104,2009,0,"seaweeds"
105,2009,0,"seaweeds"
106,2009,0,"seaweeds"
107,2009,0,"seaweeds"
108,2009,0,"seaweeds"
110,2009,0,"seaweeds"
111,2009,0,"seaweeds"
112,2009,8,"seaweeds"
113,2009,0,"seaweeds"
114,2009,0,"seaweeds"
115,2009,0,"seaweeds"
116,2009,0,"seaweeds"
117,2009,0,"seaweeds"
118,2009,0,"seaweeds"
119,2009,0,"seaweeds"
120,2009,34.5271448663854,"seaweeds"
121,2009,0,"seaweeds"
122,2009,47.0000759493671,"seaweeds"
123,2009,0,"seaweeds"
124,2009,0,"seaweeds"
125,2009,0,"seaweeds"
126,2009,1,"seaweeds"
127,2009,0,"seaweeds"
129,2009,0,"seaweeds"
130,2009,0,"seaweeds"
131,2009,0,"seaweeds"
132,2009,3,"seaweeds"
133,2009,0,"seaweeds"
134,2009,0,"seaweeds"
135,2009,1431,"seaweeds"
136,2009,0.1,"seaweeds"
137,2009,273,"seaweeds"
138,2009,8578.1,"seaweeds"
139,2009,0,"seaweeds"
140,2009,0,"seaweeds"
141,2009,0,"seaweeds"
143,2009,3235,"seaweeds"
144,2009,0,"seaweeds"
145,2009,0,"seaweeds"
146,2009,0,"seaweeds"
147,2009,1,"seaweeds"
148,2009,0,"seaweeds"
149,2009,0,"seaweeds"
150,2009,0,"seaweeds"
151,2009,0,"seaweeds"
152,2009,0,"seaweeds"
153,2009,0,"seaweeds"
154,2009,0,"seaweeds"
155,2009,254.430379746835,"seaweeds"
156,2009,0,"seaweeds"
157,2009,0,"seaweeds"
158,2009,0,"seaweeds"
159,2009,0,"seaweeds"
161,2009,0,"seaweeds"
162,2009,637,"seaweeds"
163,2009,23803,"seaweeds"
164,2009,0,"seaweeds"
166,2009,13,"seaweeds"
167,2009,0,"seaweeds"
168,2009,0,"seaweeds"
169,2009,0,"seaweeds"
171,2009,3891.6074914141,"seaweeds"
172,2009,216,"seaweeds"
173,2009,0,"seaweeds"
174,2009,24,"seaweeds"
175,2009,2677.53781693379,"seaweeds"
176,2009,11043,"seaweeds"
177,2009,8373,"seaweeds"
178,2009,110,"seaweeds"
179,2009,15139,"seaweeds"
180,2009,12360,"seaweeds"
181,2009,8718,"seaweeds"
182,2009,21717,"seaweeds"
183,2009,4562,"seaweeds"
184,2009,7802,"seaweeds"
185,2009,0,"seaweeds"
186,2009,0,"seaweeds"
187,2009,10,"seaweeds"
188,2009,84,"seaweeds"
189,2009,191,"seaweeds"
190,2009,0,"seaweeds"
191,2009,0,"seaweeds"
192,2009,0,"seaweeds"
193,2009,0,"seaweeds"
194,2009,0,"seaweeds"
195,2009,0,"seaweeds"
196,2009,0,"seaweeds"
197,2009,0,"seaweeds"
198,2009,0,"seaweeds"
199,2009,0,"seaweeds"
200,2009,0,"seaweeds"
202,2009,40412.2729014139,"seaweeds"
203,2009,6099.7179247403,"seaweeds"
204,2009,48,"seaweeds"
205,2009,2806.00163228838,"seaweeds"
206,2009,341862.582524874,"seaweeds"
207,2009,29406.3302373656,"seaweeds"
208,2009,1261,"seaweeds"
209,2009,17375403.9196763,"seaweeds"
210,2009,61709.8993000186,"seaweeds"
212,2009,1257.2326017846,"seaweeds"
213,2009,0,"seaweeds"
214,2009,77,"seaweeds"
215,2009,0,"seaweeds"
216,2009,6238913.63026895,"seaweeds"
218,2009,12052,"seaweeds"
219,2009,0,"seaweeds"
220,2009,0,"seaweeds"
221,2009,0,"seaweeds"
222,2009,351,"seaweeds"
223,2009,1616,"seaweeds"
224,2009,504495.404692099,"seaweeds"
227,2009,0,"seaweeds"
228,2009,0,"seaweeds"
231,2009,956.591465552858,"seaweeds"
232,2009,0,"seaweeds"
237,2009,0,"seaweeds"
244,2009,0,"seaweeds"
245,2009,0,"seaweeds"
247,2009,0,"seaweeds"
248,2009,0,"seaweeds"
249,2009,0,"seaweeds"
250,2009,0,"seaweeds"
1,2010,0,"seaweeds"
2,2010,0,"seaweeds"
3,2010,0,"seaweeds"
4,2010,0,"seaweeds"
5,2010,0,"seaweeds"
6,2010,0,"seaweeds"
7,2010,8050.31246057446,"seaweeds"
8,2010,0,"seaweeds"
9,2010,0,"seaweeds"
10,2010,0,"seaweeds"
11,2010,0,"seaweeds"
12,2010,0,"seaweeds"
13,2010,0,"seaweeds"
14,2010,31308.5435163916,"seaweeds"
15,2010,4510576.9061712,"seaweeds"
16,2010,2749,"seaweeds"
17,2010,113.320839816645,"seaweeds"
18,2010,576.906093612011,"seaweeds"
19,2010,0,"seaweeds"
20,2010,209163.738301543,"seaweeds"
21,2010,299627.804692145,"seaweeds"
24,2010,11,"seaweeds"
25,2010,3617,"seaweeds"
26,2010,0,"seaweeds"
28,2010,0,"seaweeds"
29,2010,0,"seaweeds"
30,2010,0,"seaweeds"
31,2010,0,"seaweeds"
32,2010,0,"seaweeds"
33,2010,0,"seaweeds"
34,2010,0,"seaweeds"
35,2010,0,"seaweeds"
36,2010,0,"seaweeds"
37,2010,0,"seaweeds"
38,2010,0,"seaweeds"
39,2010,0,"seaweeds"
40,2010,48,"seaweeds"
41,2010,0,"seaweeds"
42,2010,1205.47161555121,"seaweeds"
43,2010,12.0547161555121,"seaweeds"
44,2010,0,"seaweeds"
45,2010,0,"seaweeds"
46,2010,0,"seaweeds"
47,2010,0,"seaweeds"
48,2010,0,"seaweeds"
49,2010,0,"seaweeds"
50,2010,0,"seaweeds"
51,2010,0,"seaweeds"
52,2010,0,"seaweeds"
53,2010,1,"seaweeds"
54,2010,234,"seaweeds"
55,2010,0,"seaweeds"
56,2010,0,"seaweeds"
57,2010,0,"seaweeds"
58,2010,0,"seaweeds"
59,2010,3510,"seaweeds"
60,2010,0,"seaweeds"
61,2010,55,"seaweeds"
62,2010,32104,"seaweeds"
63,2010,0,"seaweeds"
64,2010,0,"seaweeds"
65,2010,0,"seaweeds"
66,2010,37,"seaweeds"
67,2010,0,"seaweeds"
68,2010,0,"seaweeds"
69,2010,234,"seaweeds"
70,2010,334,"seaweeds"
71,2010,580,"seaweeds"
72,2010,133,"seaweeds"
73,2010,5389.26251508216,"seaweeds"
74,2010,0,"seaweeds"
75,2010,25,"seaweeds"
76,2010,24,"seaweeds"
77,2010,0,"seaweeds"
78,2010,11,"seaweeds"
79,2010,9508,"seaweeds"
80,2010,99,"seaweeds"
81,2010,0,"seaweeds"
82,2010,0,"seaweeds"
84,2010,0,"seaweeds"
85,2010,0,"seaweeds"
86,2010,0,"seaweeds"
88,2010,0,"seaweeds"
89,2010,0,"seaweeds"
90,2010,0,"seaweeds"
91,2010,0,"seaweeds"
92,2010,0,"seaweeds"
93,2010,0,"seaweeds"
94,2010,0,"seaweeds"
95,2010,0,"seaweeds"
96,2010,0,"seaweeds"
97,2010,0,"seaweeds"
98,2010,0,"seaweeds"
99,2010,0,"seaweeds"
100,2010,0,"seaweeds"
101,2010,215,"seaweeds"
102,2010,1510.18031667662,"seaweeds"
103,2010,0,"seaweeds"
104,2010,0,"seaweeds"
105,2010,0,"seaweeds"
106,2010,0,"seaweeds"
107,2010,0,"seaweeds"
108,2010,0,"seaweeds"
110,2010,0,"seaweeds"
111,2010,0,"seaweeds"
112,2010,4,"seaweeds"
113,2010,0,"seaweeds"
114,2010,0,"seaweeds"
115,2010,0,"seaweeds"
116,2010,0,"seaweeds"
117,2010,0,"seaweeds"
118,2010,0,"seaweeds"
119,2010,0.1,"seaweeds"
120,2010,17.8227786793712,"seaweeds"
121,2010,0,"seaweeds"
122,2010,30.8779640620107,"seaweeds"
123,2010,0,"seaweeds"
124,2010,0,"seaweeds"
125,2010,0,"seaweeds"
126,2010,1,"seaweeds"
127,2010,0,"seaweeds"
129,2010,0,"seaweeds"
130,2010,0,"seaweeds"
131,2010,0,"seaweeds"
132,2010,2,"seaweeds"
133,2010,0,"seaweeds"
134,2010,0,"seaweeds"
135,2010,2057,"seaweeds"
136,2010,0.1,"seaweeds"
137,2010,562,"seaweeds"
138,2010,14843,"seaweeds"
139,2010,0,"seaweeds"
140,2010,0,"seaweeds"
141,2010,0,"seaweeds"
143,2010,2563,"seaweeds"
144,2010,0,"seaweeds"
145,2010,0,"seaweeds"
146,2010,0,"seaweeds"
147,2010,2,"seaweeds"
148,2010,0,"seaweeds"
149,2010,0,"seaweeds"
150,2010,0,"seaweeds"
151,2010,0,"seaweeds"
152,2010,0,"seaweeds"
153,2010,0,"seaweeds"
154,2010,0,"seaweeds"
155,2010,381.645569620253,"seaweeds"
156,2010,0,"seaweeds"
157,2010,0,"seaweeds"
158,2010,0,"seaweeds"
159,2010,0,"seaweeds"
161,2010,0,"seaweeds"
162,2010,1617,"seaweeds"
163,2010,21757,"seaweeds"
164,2010,0,"seaweeds"
166,2010,22,"seaweeds"
167,2010,0,"seaweeds"
168,2010,0,"seaweeds"
169,2010,0,"seaweeds"
171,2010,5009.01873393632,"seaweeds"
172,2010,537,"seaweeds"
173,2010,0,"seaweeds"
174,2010,16,"seaweeds"
175,2010,3081.74837578354,"seaweeds"
176,2010,16615,"seaweeds"
177,2010,10066,"seaweeds"
178,2010,189,"seaweeds"
179,2010,16516,"seaweeds"
180,2010,8587,"seaweeds"
181,2010,11906,"seaweeds"
182,2010,24173,"seaweeds"
183,2010,6615,"seaweeds"
184,2010,7501,"seaweeds"
185,2010,0,"seaweeds"
186,2010,0,"seaweeds"
187,2010,18,"seaweeds"
188,2010,328,"seaweeds"
189,2010,422,"seaweeds"
190,2010,0,"seaweeds"
191,2010,0,"seaweeds"
192,2010,0,"seaweeds"
193,2010,0,"seaweeds"
194,2010,0,"seaweeds"
195,2010,0,"seaweeds"
196,2010,0,"seaweeds"
197,2010,0,"seaweeds"
198,2010,0,"seaweeds"
199,2010,0,"seaweeds"
200,2010,0,"seaweeds"
202,2010,39797.0782743229,"seaweeds"
203,2010,10986.8933685864,"seaweeds"
204,2010,27,"seaweeds"
205,2010,5291.38784903123,"seaweeds"
206,2010,447715.499167629,"seaweeds"
207,2010,37806.9379653096,"seaweeds"
208,2010,1529,"seaweeds"
209,2010,20245800.1957994,"seaweeds"
210,2010,63403.4414626042,"seaweeds"
212,2010,22248.301084991,"seaweeds"
213,2010,0,"seaweeds"
214,2010,232,"seaweeds"
215,2010,0,"seaweeds"
216,2010,8795787.10002799,"seaweeds"
218,2010,12156,"seaweeds"
219,2010,0,"seaweeds"
220,2010,0,"seaweeds"
221,2010,0,"seaweeds"
222,2010,658,"seaweeds"
223,2010,2424,"seaweeds"
224,2010,107681,"seaweeds"
227,2010,0,"seaweeds"
228,2010,0,"seaweeds"
231,2010,3445.6467623526,"seaweeds"
232,2010,0,"seaweeds"
237,2010,0,"seaweeds"
244,2010,0,"seaweeds"
245,2010,0,"seaweeds"
247,2010,0,"seaweeds"
248,2010,0,"seaweeds"
249,2010,0,"seaweeds"
250,2010,0,"seaweeds"
1,2011,0,"seaweeds"
2,2011,0,"seaweeds"
3,2011,0,"seaweeds"
4,2011,0,"seaweeds"
5,2011,0,"seaweeds"
6,2011,0,"seaweeds"
7,2011,13342.207310428,"seaweeds"
8,2011,0,"seaweeds"
9,2011,0,"seaweeds"
10,2011,0,"seaweeds"
11,2011,0,"seaweeds"
12,2011,0,"seaweeds"
13,2011,0,"seaweeds"
14,2011,33366.8110156346,"seaweeds"
15,2011,6160227.35458475,"seaweeds"
16,2011,2927,"seaweeds"
17,2011,462.141408169889,"seaweeds"
18,2011,756.231395187091,"seaweeds"
19,2011,0,"seaweeds"
20,2011,232112.294777427,"seaweeds"
21,2011,320803.486110497,"seaweeds"
24,2011,0,"seaweeds"
25,2011,3126,"seaweeds"
26,2011,0,"seaweeds"
28,2011,0,"seaweeds"
29,2011,0,"seaweeds"
30,2011,0,"seaweeds"
31,2011,0,"seaweeds"
32,2011,0,"seaweeds"
33,2011,0,"seaweeds"
34,2011,0,"seaweeds"
35,2011,0,"seaweeds"
36,2011,0,"seaweeds"
37,2011,0,"seaweeds"
38,2011,0,"seaweeds"
39,2011,0,"seaweeds"
40,2011,33,"seaweeds"
41,2011,0,"seaweeds"
42,2011,532.920925386865,"seaweeds"
43,2011,50.1867852041779,"seaweeds"
44,2011,0,"seaweeds"
45,2011,0,"seaweeds"
46,2011,0,"seaweeds"
47,2011,0,"seaweeds"
48,2011,0,"seaweeds"
49,2011,0,"seaweeds"
50,2011,0,"seaweeds"
51,2011,0,"seaweeds"
52,2011,0,"seaweeds"
53,2011,0,"seaweeds"
54,2011,147,"seaweeds"
55,2011,0,"seaweeds"
56,2011,0,"seaweeds"
57,2011,0,"seaweeds"
58,2011,0,"seaweeds"
59,2011,3098,"seaweeds"
60,2011,0,"seaweeds"
61,2011,45,"seaweeds"
62,2011,29195,"seaweeds"
63,2011,0,"seaweeds"
64,2011,0,"seaweeds"
65,2011,0,"seaweeds"
66,2011,20,"seaweeds"
67,2011,0,"seaweeds"
68,2011,0,"seaweeds"
69,2011,398,"seaweeds"
70,2011,167,"seaweeds"
71,2011,445,"seaweeds"
72,2011,262,"seaweeds"
73,2011,10376.9576186123,"seaweeds"
74,2011,0,"seaweeds"
75,2011,19,"seaweeds"
76,2011,112,"seaweeds"
77,2011,0,"seaweeds"
78,2011,1.1,"seaweeds"
79,2011,9466,"seaweeds"
80,2011,246.1,"seaweeds"
81,2011,0,"seaweeds"
82,2011,0,"seaweeds"
84,2011,0,"seaweeds"
85,2011,0,"seaweeds"
86,2011,0,"seaweeds"
88,2011,0,"seaweeds"
89,2011,0,"seaweeds"
90,2011,0,"seaweeds"
91,2011,0,"seaweeds"
92,2011,0,"seaweeds"
93,2011,0,"seaweeds"
94,2011,0,"seaweeds"
95,2011,0,"seaweeds"
96,2011,0,"seaweeds"
97,2011,0,"seaweeds"
98,2011,0,"seaweeds"
99,2011,0,"seaweeds"
100,2011,0,"seaweeds"
101,2011,161,"seaweeds"
102,2011,1610.03130793137,"seaweeds"
103,2011,0,"seaweeds"
104,2011,0,"seaweeds"
105,2011,0,"seaweeds"
106,2011,0,"seaweeds"
107,2011,0,"seaweeds"
108,2011,0,"seaweeds"
110,2011,0,"seaweeds"
111,2011,0,"seaweeds"
112,2011,0,"seaweeds"
113,2011,0,"seaweeds"
114,2011,0,"seaweeds"
115,2011,0,"seaweeds"
116,2011,0,"seaweeds"
117,2011,0,"seaweeds"
118,2011,0,"seaweeds"
119,2011,0,"seaweeds"
120,2011,6.78481012658228,"seaweeds"
121,2011,0,"seaweeds"
122,2011,8.31987341772152,"seaweeds"
123,2011,0,"seaweeds"
124,2011,0,"seaweeds"
125,2011,0,"seaweeds"
126,2011,0,"seaweeds"
127,2011,0,"seaweeds"
129,2011,0,"seaweeds"
130,2011,4,"seaweeds"
131,2011,0,"seaweeds"
132,2011,0,"seaweeds"
133,2011,0,"seaweeds"
134,2011,0,"seaweeds"
135,2011,2428,"seaweeds"
136,2011,0.1,"seaweeds"
137,2011,580,"seaweeds"
138,2011,16824,"seaweeds"
139,2011,0,"seaweeds"
140,2011,0,"seaweeds"
141,2011,0,"seaweeds"
143,2011,133,"seaweeds"
144,2011,0,"seaweeds"
145,2011,0,"seaweeds"
146,2011,0,"seaweeds"
147,2011,0.1,"seaweeds"
148,2011,0,"seaweeds"
149,2011,0,"seaweeds"
150,2011,0,"seaweeds"
151,2011,0,"seaweeds"
152,2011,0,"seaweeds"
153,2011,0,"seaweeds"
154,2011,0,"seaweeds"
155,2011,191,"seaweeds"
156,2011,0,"seaweeds"
157,2011,0,"seaweeds"
158,2011,0,"seaweeds"
159,2011,0,"seaweeds"
161,2011,0,"seaweeds"
162,2011,1491,"seaweeds"
163,2011,24983,"seaweeds"
164,2011,0,"seaweeds"
166,2011,0.1,"seaweeds"
167,2011,0,"seaweeds"
168,2011,0,"seaweeds"
169,2011,0,"seaweeds"
171,2011,3583.54705382953,"seaweeds"
172,2011,277,"seaweeds"
173,2011,0,"seaweeds"
174,2011,3,"seaweeds"
175,2011,4262.95274586464,"seaweeds"
176,2011,18447,"seaweeds"
177,2011,11521,"seaweeds"
178,2011,132,"seaweeds"
179,2011,18036,"seaweeds"
180,2011,8906,"seaweeds"
181,2011,14542,"seaweeds"
182,2011,24578,"seaweeds"
183,2011,5284,"seaweeds"
184,2011,9626,"seaweeds"
185,2011,0,"seaweeds"
186,2011,0,"seaweeds"
187,2011,13,"seaweeds"
188,2011,522,"seaweeds"
189,2011,859,"seaweeds"
190,2011,0,"seaweeds"
191,2011,0,"seaweeds"
192,2011,0,"seaweeds"
193,2011,0,"seaweeds"
194,2011,0,"seaweeds"
195,2011,0,"seaweeds"
196,2011,24,"seaweeds"
197,2011,0,"seaweeds"
198,2011,0,"seaweeds"
199,2011,0,"seaweeds"
200,2011,0,"seaweeds"
202,2011,42992.1645110107,"seaweeds"
203,2011,10061.8031998101,"seaweeds"
204,2011,174,"seaweeds"
205,2011,7895.44955137872,"seaweeds"
206,2011,360510.16316919,"seaweeds"
207,2011,43100.905726226,"seaweeds"
208,2011,1672,"seaweeds"
209,2011,22457595.6759062,"seaweeds"
210,2011,55240.8587977615,"seaweeds"
212,2011,3274.51898734177,"seaweeds"
213,2011,0,"seaweeds"
214,2011,240,"seaweeds"
215,2011,0,"seaweeds"
216,2011,15560458.9918388,"seaweeds"
218,2011,12512,"seaweeds"
219,2011,0,"seaweeds"
220,2011,0,"seaweeds"
221,2011,0,"seaweeds"
222,2011,610,"seaweeds"
223,2011,1572.1,"seaweeds"
224,2011,124800,"seaweeds"
227,2011,0,"seaweeds"
228,2011,0,"seaweeds"
231,2011,921.633463064239,"seaweeds"
232,2011,0,"seaweeds"
237,2011,0,"seaweeds"
244,2011,0,"seaweeds"
245,2011,0,"seaweeds"
247,2011,0,"seaweeds"
248,2011,0,"seaweeds"
249,2011,0,"seaweeds"
250,2011,0.1,"seaweeds"
1,2012,0,"seaweeds"
2,2012,0,"seaweeds"
3,2012,0,"seaweeds"
4,2012,0,"seaweeds"
5,2012,0,"seaweeds"
6,2012,0,"seaweeds"
7,2012,7369.01457589184,"seaweeds"
8,2012,0,"seaweeds"
9,2012,0,"seaweeds"
10,2012,0,"seaweeds"
11,2012,0,"seaweeds"
12,2012,0,"seaweeds"
13,2012,0,"seaweeds"
14,2012,31133.121208281,"seaweeds"
15,2012,5773951.07247106,"seaweeds"
16,2012,2422,"seaweeds"
17,2012,1475.82690636424,"seaweeds"
18,2012,412.081538790015,"seaweeds"
19,2012,0,"seaweeds"
20,2012,359651.808096811,"seaweeds"
21,2012,418652.953145446,"seaweeds"
24,2012,20,"seaweeds"
25,2012,4165,"seaweeds"
26,2012,0,"seaweeds"
28,2012,0,"seaweeds"
29,2012,0,"seaweeds"
30,2012,0,"seaweeds"
31,2012,0,"seaweeds"
32,2012,0,"seaweeds"
33,2012,0,"seaweeds"
34,2012,0,"seaweeds"
35,2012,0,"seaweeds"
36,2012,0,"seaweeds"
37,2012,0,"seaweeds"
38,2012,0,"seaweeds"
39,2012,0,"seaweeds"
40,2012,51.34596756944,"seaweeds"
41,2012,0,"seaweeds"
42,2012,451.853284544494,"seaweeds"
43,2012,129.100938441284,"seaweeds"
44,2012,0,"seaweeds"
45,2012,0,"seaweeds"
46,2012,0,"seaweeds"
47,2012,0,"seaweeds"
48,2012,0,"seaweeds"
49,2012,0,"seaweeds"
50,2012,0,"seaweeds"
51,2012,0,"seaweeds"
52,2012,0,"seaweeds"
53,2012,0,"seaweeds"
54,2012,0,"seaweeds"
55,2012,0,"seaweeds"
56,2012,0,"seaweeds"
57,2012,0,"seaweeds"
58,2012,0,"seaweeds"
59,2012,3427,"seaweeds"
60,2012,0,"seaweeds"
61,2012,54,"seaweeds"
62,2012,38947,"seaweeds"
63,2012,0,"seaweeds"
64,2012,0,"seaweeds"
65,2012,0,"seaweeds"
66,2012,118,"seaweeds"
67,2012,0,"seaweeds"
68,2012,0,"seaweeds"
69,2012,504,"seaweeds"
70,2012,108,"seaweeds"
71,2012,271,"seaweeds"
72,2012,6,"seaweeds"
73,2012,30900.8888932006,"seaweeds"
74,2012,0.1,"seaweeds"
75,2012,18,"seaweeds"
76,2012,16,"seaweeds"
77,2012,0,"seaweeds"
78,2012,12.1,"seaweeds"
79,2012,2706,"seaweeds"
80,2012,225,"seaweeds"
81,2012,0,"seaweeds"
82,2012,0,"seaweeds"
84,2012,0,"seaweeds"
85,2012,0,"seaweeds"
86,2012,0,"seaweeds"
88,2012,0,"seaweeds"
89,2012,0,"seaweeds"
90,2012,0,"seaweeds"
91,2012,0,"seaweeds"
92,2012,0,"seaweeds"
93,2012,0,"seaweeds"
94,2012,0,"seaweeds"
95,2012,0,"seaweeds"
96,2012,0,"seaweeds"
97,2012,0,"seaweeds"
98,2012,0,"seaweeds"
99,2012,0,"seaweeds"
100,2012,0,"seaweeds"
101,2012,178.617741593323,"seaweeds"
102,2012,1831.97683685459,"seaweeds"
103,2012,0,"seaweeds"
104,2012,0,"seaweeds"
105,2012,0,"seaweeds"
106,2012,0,"seaweeds"
107,2012,0,"seaweeds"
108,2012,0,"seaweeds"
110,2012,0,"seaweeds"
111,2012,0,"seaweeds"
112,2012,0,"seaweeds"
113,2012,0,"seaweeds"
114,2012,0,"seaweeds"
115,2012,24,"seaweeds"
116,2012,0,"seaweeds"
117,2012,0,"seaweeds"
118,2012,0,"seaweeds"
119,2012,2,"seaweeds"
120,2012,29.012192438542,"seaweeds"
121,2012,0,"seaweeds"
122,2012,48.631687575106,"seaweeds"
123,2012,0,"seaweeds"
124,2012,0,"seaweeds"
125,2012,0,"seaweeds"
126,2012,4,"seaweeds"
127,2012,0.1,"seaweeds"
129,2012,0,"seaweeds"
130,2012,1,"seaweeds"
131,2012,0,"seaweeds"
132,2012,0,"seaweeds"
133,2012,0,"seaweeds"
134,2012,0,"seaweeds"
135,2012,2139,"seaweeds"
136,2012,4,"seaweeds"
137,2012,643,"seaweeds"
138,2012,24094,"seaweeds"
139,2012,0,"seaweeds"
140,2012,0,"seaweeds"
141,2012,0,"seaweeds"
143,2012,1887,"seaweeds"
144,2012,0,"seaweeds"
145,2012,0.1,"seaweeds"
146,2012,0,"seaweeds"
147,2012,1,"seaweeds"
148,2012,0,"seaweeds"
149,2012,0,"seaweeds"
150,2012,0,"seaweeds"
151,2012,0,"seaweeds"
152,2012,0,"seaweeds"
153,2012,0,"seaweeds"
154,2012,0,"seaweeds"
155,2012,479,"seaweeds"
156,2012,0,"seaweeds"
157,2012,0,"seaweeds"
158,2012,0,"seaweeds"
159,2012,0,"seaweeds"
161,2012,0,"seaweeds"
162,2012,2753.1,"seaweeds"
163,2012,19814,"seaweeds"
164,2012,34.9675285341579,"seaweeds"
166,2012,1,"seaweeds"
167,2012,0,"seaweeds"
168,2012,0,"seaweeds"
169,2012,0,"seaweeds"
171,2012,4041.86026955348,"seaweeds"
172,2012,492,"seaweeds"
173,2012,0,"seaweeds"
174,2012,10,"seaweeds"
175,2012,5104,"seaweeds"
176,2012,13069,"seaweeds"
177,2012,9790,"seaweeds"
178,2012,190,"seaweeds"
179,2012,16586,"seaweeds"
180,2012,7716,"seaweeds"
181,2012,16696,"seaweeds"
182,2012,27431,"seaweeds"
183,2012,5993,"seaweeds"
184,2012,10633,"seaweeds"
185,2012,0,"seaweeds"
186,2012,0,"seaweeds"
187,2012,11,"seaweeds"
188,2012,306,"seaweeds"
189,2012,591,"seaweeds"
190,2012,0,"seaweeds"
191,2012,0,"seaweeds"
192,2012,0,"seaweeds"
193,2012,0,"seaweeds"
194,2012,0,"seaweeds"
195,2012,0,"seaweeds"
196,2012,30,"seaweeds"
197,2012,0,"seaweeds"
198,2012,0,"seaweeds"
199,2012,0,"seaweeds"
200,2012,0,"seaweeds"
202,2012,50825.8775558875,"seaweeds"
203,2012,9010,"seaweeds"
204,2012,43,"seaweeds"
205,2012,10653.0635070172,"seaweeds"
206,2012,382173.589493442,"seaweeds"
207,2012,54534.605840439,"seaweeds"
208,2012,2183,"seaweeds"
209,2012,32980381.7681691,"seaweeds"
210,2012,92477.9314613157,"seaweeds"
212,2012,57824.2994276968,"seaweeds"
213,2012,0,"seaweeds"
214,2012,77,"seaweeds"
215,2012,0,"seaweeds"
216,2012,19325301.8331289,"seaweeds"
218,2012,12592,"seaweeds"
219,2012,0,"seaweeds"
220,2012,0,"seaweeds"
221,2012,0,"seaweeds"
222,2012,277,"seaweeds"
223,2012,1548,"seaweeds"
224,2012,140169,"seaweeds"
227,2012,0,"seaweeds"
228,2012,0,"seaweeds"
231,2012,1210.57539852468,"seaweeds"
232,2012,0,"seaweeds"
237,2012,0,"seaweeds"
244,2012,0,"seaweeds"
245,2012,0,"seaweeds"
247,2012,0.1,"seaweeds"
248,2012,0,"seaweeds"
249,2012,0,"seaweeds"
250,2012,0.1,"seaweeds"
1,2013,0,"seaweeds"
2,2013,0,"seaweeds"
3,2013,0,"seaweeds"
4,2013,0,"seaweeds"
5,2013,0,"seaweeds"
6,2013,0,"seaweeds"
7,2013,14510.5975853846,"seaweeds"
8,2013,0,"seaweeds"
9,2013,0,"seaweeds"
10,2013,0,"seaweeds"
11,2013,0,"seaweeds"
12,2013,0,"seaweeds"
13,2013,0,"seaweeds"
14,2013,24684.5092729994,"seaweeds"
15,2013,5825514.04609159,"seaweeds"
16,2013,2087,"seaweeds"
17,2013,2456.92475201229,"seaweeds"
18,2013,189.853276291859,"seaweeds"
19,2013,0,"seaweeds"
20,2013,367267.290986986,"seaweeds"
21,2013,359718.06716351,"seaweeds"
24,2013,0,"seaweeds"
25,2013,6433,"seaweeds"
26,2013,0,"seaweeds"
28,2013,0,"seaweeds"
29,2013,0,"seaweeds"
30,2013,0,"seaweeds"
31,2013,0,"seaweeds"
32,2013,0,"seaweeds"
33,2013,0,"seaweeds"
34,2013,0,"seaweeds"
35,2013,0,"seaweeds"
36,2013,0,"seaweeds"
37,2013,0,"seaweeds"
38,2013,0,"seaweeds"
39,2013,0,"seaweeds"
40,2013,95,"seaweeds"
41,2013,0,"seaweeds"
42,2013,1164.12349960354,"seaweeds"
43,2013,130.251580375221,"seaweeds"
44,2013,0,"seaweeds"
45,2013,0,"seaweeds"
46,2013,0,"seaweeds"
47,2013,0,"seaweeds"
48,2013,0,"seaweeds"
49,2013,0,"seaweeds"
50,2013,0,"seaweeds"
51,2013,0,"seaweeds"
52,2013,0,"seaweeds"
53,2013,0,"seaweeds"
54,2013,0,"seaweeds"
55,2013,0,"seaweeds"
56,2013,0,"seaweeds"
57,2013,0,"seaweeds"
58,2013,0,"seaweeds"
59,2013,4611,"seaweeds"
60,2013,0,"seaweeds"
61,2013,10,"seaweeds"
62,2013,42220,"seaweeds"
63,2013,0,"seaweeds"
64,2013,0,"seaweeds"
65,2013,0,"seaweeds"
66,2013,20,"seaweeds"
67,2013,0,"seaweeds"
68,2013,0,"seaweeds"
69,2013,600,"seaweeds"
70,2013,58,"seaweeds"
71,2013,390,"seaweeds"
72,2013,30,"seaweeds"
73,2013,12849.7798666189,"seaweeds"
74,2013,0,"seaweeds"
75,2013,27,"seaweeds"
76,2013,27,"seaweeds"
77,2013,0,"seaweeds"
78,2013,7.1,"seaweeds"
79,2013,7336,"seaweeds"
80,2013,246,"seaweeds"
81,2013,1,"seaweeds"
82,2013,0,"seaweeds"
84,2013,0,"seaweeds"
85,2013,0,"seaweeds"
86,2013,0,"seaweeds"
88,2013,0,"seaweeds"
89,2013,0,"seaweeds"
90,2013,0,"seaweeds"
91,2013,0,"seaweeds"
92,2013,0,"seaweeds"
93,2013,0,"seaweeds"
94,2013,0,"seaweeds"
95,2013,0,"seaweeds"
96,2013,0,"seaweeds"
97,2013,0,"seaweeds"
98,2013,0,"seaweeds"
99,2013,0,"seaweeds"
100,2013,0,"seaweeds"
101,2013,148.516460646096,"seaweeds"
102,2013,1370.92117519473,"seaweeds"
103,2013,0,"seaweeds"
104,2013,0,"seaweeds"
105,2013,0,"seaweeds"
106,2013,0,"seaweeds"
107,2013,0,"seaweeds"
108,2013,0,"seaweeds"
110,2013,0,"seaweeds"
111,2013,0,"seaweeds"
112,2013,0,"seaweeds"
113,2013,0,"seaweeds"
114,2013,0,"seaweeds"
115,2013,6,"seaweeds"
116,2013,0,"seaweeds"
117,2013,0,"seaweeds"
118,2013,0,"seaweeds"
119,2013,0,"seaweeds"
120,2013,22.2067359570847,"seaweeds"
121,2013,0,"seaweeds"
122,2013,64.9547026744727,"seaweeds"
123,2013,0,"seaweeds"
124,2013,0,"seaweeds"
125,2013,0,"seaweeds"
126,2013,3,"seaweeds"
127,2013,2,"seaweeds"
129,2013,9,"seaweeds"
130,2013,0,"seaweeds"
131,2013,0,"seaweeds"
132,2013,5,"seaweeds"
133,2013,0,"seaweeds"
134,2013,0,"seaweeds"
135,2013,2595,"seaweeds"
136,2013,0.2,"seaweeds"
137,2013,219,"seaweeds"
138,2013,35832,"seaweeds"
139,2013,0,"seaweeds"
140,2013,0,"seaweeds"
141,2013,0,"seaweeds"
143,2013,3920,"seaweeds"
144,2013,0,"seaweeds"
145,2013,0,"seaweeds"
146,2013,0,"seaweeds"
147,2013,7,"seaweeds"
148,2013,0,"seaweeds"
149,2013,0,"seaweeds"
150,2013,0,"seaweeds"
151,2013,0,"seaweeds"
152,2013,0,"seaweeds"
153,2013,0,"seaweeds"
154,2013,0,"seaweeds"
155,2013,402.013047711782,"seaweeds"
156,2013,0,"seaweeds"
157,2013,0,"seaweeds"
158,2013,0,"seaweeds"
159,2013,0,"seaweeds"
161,2013,0,"seaweeds"
162,2013,2503,"seaweeds"
163,2013,23257,"seaweeds"
164,2013,27.3232184741315,"seaweeds"
166,2013,0.1,"seaweeds"
167,2013,0,"seaweeds"
168,2013,0,"seaweeds"
169,2013,0,"seaweeds"
171,2013,3480.81323716247,"seaweeds"
172,2013,499,"seaweeds"
173,2013,0,"seaweeds"
174,2013,18,"seaweeds"
175,2013,5444.17847699699,"seaweeds"
176,2013,19984,"seaweeds"
177,2013,13129,"seaweeds"
178,2013,87,"seaweeds"
179,2013,19459,"seaweeds"
180,2013,8960,"seaweeds"
181,2013,22058,"seaweeds"
182,2013,33817,"seaweeds"
183,2013,6967,"seaweeds"
184,2013,14719,"seaweeds"
185,2013,0,"seaweeds"
186,2013,0,"seaweeds"
187,2013,8.1,"seaweeds"
188,2013,634,"seaweeds"
189,2013,529,"seaweeds"
190,2013,0,"seaweeds"
191,2013,0,"seaweeds"
192,2013,0,"seaweeds"
193,2013,0,"seaweeds"
194,2013,0,"seaweeds"
195,2013,0,"seaweeds"
196,2013,406,"seaweeds"
197,2013,0,"seaweeds"
198,2013,0,"seaweeds"
199,2013,0,"seaweeds"
200,2013,0,"seaweeds"
202,2013,38205.3284298696,"seaweeds"
203,2013,9095,"seaweeds"
204,2013,53,"seaweeds"
205,2013,6038.75996864653,"seaweeds"
206,2013,289347.131005519,"seaweeds"
207,2013,46337.5325298683,"seaweeds"
208,2013,2800,"seaweeds"
209,2013,31493925.4279905,"seaweeds"
210,2013,77902.7943802205,"seaweeds"
212,2013,1491.81372023171,"seaweeds"
213,2013,0,"seaweeds"
214,2013,66,"seaweeds"
215,2013,10,"seaweeds"
216,2013,31346444.1492822,"seaweeds"
218,2013,13837,"seaweeds"
219,2013,0,"seaweeds"
220,2013,0,"seaweeds"
221,2013,0,"seaweeds"
222,2013,433,"seaweeds"
223,2013,1526,"seaweeds"
224,2013,186458,"seaweeds"
227,2013,0,"seaweeds"
228,2013,0,"seaweeds"
231,2013,3774.22498040408,"seaweeds"
232,2013,0,"seaweeds"
237,2013,0,"seaweeds"
244,2013,0,"seaweeds"
245,2013,0,"seaweeds"
247,2013,0,"seaweeds"
248,2013,0,"seaweeds"
249,2013,0,"seaweeds"
250,2013,0.1,"seaweeds"
1,2014,0,"seaweeds"
2,2014,0,"seaweeds"
3,2014,0,"seaweeds"
4,2014,0,"seaweeds"
5,2014,0,"seaweeds"
6,2014,0,"seaweeds"
7,2014,12395.8497460387,"seaweeds"
8,2014,0,"seaweeds"
9,2014,0,"seaweeds"
10,2014,0,"seaweeds"
11,2014,0,"seaweeds"
12,2014,0,"seaweeds"
13,2014,0,"seaweeds"
14,2014,7121.26387882984,"seaweeds"
15,2014,7125882.22218463,"seaweeds"
16,2014,2413,"seaweeds"
17,2014,2038.38876307944,"seaweeds"
18,2014,972.867364197006,"seaweeds"
19,2014,0,"seaweeds"
20,2014,361410.463540726,"seaweeds"
21,2014,400267.011887663,"seaweeds"
24,2014,0,"seaweeds"
25,2014,5521,"seaweeds"
26,2014,0,"seaweeds"
28,2014,0,"seaweeds"
29,2014,0,"seaweeds"
30,2014,0,"seaweeds"
31,2014,0,"seaweeds"
32,2014,0,"seaweeds"
33,2014,0,"seaweeds"
34,2014,0,"seaweeds"
35,2014,0,"seaweeds"
36,2014,0,"seaweeds"
37,2014,0.1,"seaweeds"
38,2014,0,"seaweeds"
39,2014,0,"seaweeds"
40,2014,104,"seaweeds"
41,2014,0,"seaweeds"
42,2014,2915.6715480496,"seaweeds"
43,2014,167.326918109016,"seaweeds"
44,2014,0,"seaweeds"
45,2014,0,"seaweeds"
46,2014,0,"seaweeds"
47,2014,0,"seaweeds"
48,2014,0,"seaweeds"
49,2014,0,"seaweeds"
50,2014,0,"seaweeds"
51,2014,0,"seaweeds"
52,2014,0,"seaweeds"
53,2014,0,"seaweeds"
54,2014,0,"seaweeds"
55,2014,0,"seaweeds"
56,2014,0,"seaweeds"
57,2014,0,"seaweeds"
58,2014,0,"seaweeds"
59,2014,5910,"seaweeds"
60,2014,0,"seaweeds"
61,2014,1166,"seaweeds"
62,2014,36984,"seaweeds"
63,2014,0,"seaweeds"
64,2014,0,"seaweeds"
65,2014,0,"seaweeds"
66,2014,0,"seaweeds"
67,2014,0,"seaweeds"
68,2014,0,"seaweeds"
69,2014,1361,"seaweeds"
70,2014,41,"seaweeds"
71,2014,419,"seaweeds"
72,2014,27.1,"seaweeds"
73,2014,32432.7033146126,"seaweeds"
74,2014,0,"seaweeds"
75,2014,67,"seaweeds"
76,2014,69,"seaweeds"
77,2014,15,"seaweeds"
78,2014,8.1,"seaweeds"
79,2014,6813,"seaweeds"
80,2014,216,"seaweeds"
81,2014,0,"seaweeds"
82,2014,12,"seaweeds"
84,2014,0,"seaweeds"
85,2014,0,"seaweeds"
86,2014,0,"seaweeds"
88,2014,0,"seaweeds"
89,2014,0,"seaweeds"
90,2014,0,"seaweeds"
91,2014,0,"seaweeds"
92,2014,0,"seaweeds"
93,2014,0,"seaweeds"
94,2014,0,"seaweeds"
95,2014,0,"seaweeds"
96,2014,0,"seaweeds"
97,2014,0,"seaweeds"
98,2014,0,"seaweeds"
99,2014,0,"seaweeds"
100,2014,0,"seaweeds"
101,2014,102.845255017145,"seaweeds"
102,2014,2337,"seaweeds"
103,2014,0,"seaweeds"
104,2014,0,"seaweeds"
105,2014,0,"seaweeds"
106,2014,0,"seaweeds"
107,2014,0,"seaweeds"
108,2014,0,"seaweeds"
110,2014,0,"seaweeds"
111,2014,0,"seaweeds"
112,2014,0,"seaweeds"
113,2014,0,"seaweeds"
114,2014,0,"seaweeds"
115,2014,8,"seaweeds"
116,2014,0,"seaweeds"
117,2014,0,"seaweeds"
118,2014,0,"seaweeds"
119,2014,0,"seaweeds"
120,2014,24.517881849701,"seaweeds"
121,2014,0,"seaweeds"
122,2014,56.820191186682,"seaweeds"
123,2014,0,"seaweeds"
124,2014,0,"seaweeds"
125,2014,0,"seaweeds"
126,2014,3,"seaweeds"
127,2014,3.8615663913279,"seaweeds"
129,2014,47,"seaweeds"
130,2014,16,"seaweeds"
131,2014,0,"seaweeds"
132,2014,18,"seaweeds"
133,2014,0,"seaweeds"
134,2014,0,"seaweeds"
135,2014,6552,"seaweeds"
136,2014,1,"seaweeds"
137,2014,381,"seaweeds"
138,2014,33156,"seaweeds"
139,2014,0,"seaweeds"
140,2014,0,"seaweeds"
141,2014,10.45,"seaweeds"
143,2014,4286,"seaweeds"
144,2014,0,"seaweeds"
145,2014,0,"seaweeds"
146,2014,0,"seaweeds"
147,2014,1,"seaweeds"
148,2014,0,"seaweeds"
149,2014,0,"seaweeds"
150,2014,0,"seaweeds"
151,2014,0,"seaweeds"
152,2014,0,"seaweeds"
153,2014,0,"seaweeds"
154,2014,0,"seaweeds"
155,2014,42.1007446016381,"seaweeds"
156,2014,0,"seaweeds"
157,2014,0,"seaweeds"
158,2014,0,"seaweeds"
159,2014,0,"seaweeds"
161,2014,0,"seaweeds"
162,2014,923,"seaweeds"
163,2014,23547,"seaweeds"
164,2014,31.7223459423652,"seaweeds"
166,2014,0.2,"seaweeds"
167,2014,0,"seaweeds"
168,2014,0,"seaweeds"
169,2014,0,"seaweeds"
171,2014,5034.99603950924,"seaweeds"
172,2014,774,"seaweeds"
173,2014,0,"seaweeds"
174,2014,9.2,"seaweeds"
175,2014,4134,"seaweeds"
176,2014,21110,"seaweeds"
177,2014,12606,"seaweeds"
178,2014,343.1,"seaweeds"
179,2014,15972,"seaweeds"
180,2014,9871,"seaweeds"
181,2014,23712,"seaweeds"
182,2014,42679,"seaweeds"
183,2014,3275,"seaweeds"
184,2014,21248,"seaweeds"
185,2014,0,"seaweeds"
186,2014,0,"seaweeds"
187,2014,8,"seaweeds"
188,2014,274.1,"seaweeds"
189,2014,572,"seaweeds"
190,2014,0,"seaweeds"
191,2014,0,"seaweeds"
192,2014,0,"seaweeds"
193,2014,0,"seaweeds"
194,2014,0,"seaweeds"
195,2014,0,"seaweeds"
196,2014,0,"seaweeds"
197,2014,0,"seaweeds"
198,2014,0,"seaweeds"
199,2014,0,"seaweeds"
200,2014,0,"seaweeds"
202,2014,58672.3472003358,"seaweeds"
203,2014,10985.9613291923,"seaweeds"
204,2014,16,"seaweeds"
205,2014,9729.90695518888,"seaweeds"
206,2014,437147.463848101,"seaweeds"
207,2014,58597.7679261595,"seaweeds"
208,2014,2753,"seaweeds"
209,2014,24225876.1783816,"seaweeds"
210,2014,76204.7734417594,"seaweeds"
212,2014,58375.3654418328,"seaweeds"
213,2014,0,"seaweeds"
214,2014,110,"seaweeds"
215,2014,4,"seaweeds"
216,2014,41669008.190694,"seaweeds"
218,2014,16157,"seaweeds"
219,2014,0,"seaweeds"
220,2014,0,"seaweeds"
221,2014,0,"seaweeds"
222,2014,1026,"seaweeds"
223,2014,2219,"seaweeds"
224,2014,191604,"seaweeds"
227,2014,0,"seaweeds"
228,2014,0,"seaweeds"
231,2014,3369.66474638576,"seaweeds"
232,2014,0,"seaweeds"
237,2014,0,"seaweeds"
244,2014,0,"seaweeds"
245,2014,0,"seaweeds"
247,2014,0,"seaweeds"
248,2014,0,"seaweeds"
249,2014,0,"seaweeds"
250,2014,0,"seaweeds"
1,2015,0,"seaweeds"
2,2015,0,"seaweeds"
3,2015,0,"seaweeds"
4,2015,0,"seaweeds"
5,2015,0,"seaweeds"
6,2015,0,"seaweeds"
7,2015,13126.8850392913,"seaweeds"
8,2015,0,"seaweeds"
9,2015,0,"seaweeds"
10,2015,0,"seaweeds"
11,2015,0,"seaweeds"
12,2015,0,"seaweeds"
13,2015,0,"seaweeds"
14,2015,5041,"seaweeds"
15,2015,6895869.15131405,"seaweeds"
16,2015,1570,"seaweeds"
17,2015,2151.94836709694,"seaweeds"
18,2015,557.550258747844,"seaweeds"
19,2015,0,"seaweeds"
20,2015,372601.002285335,"seaweeds"
21,2015,356926.56026083,"seaweeds"
24,2015,806.116003790683,"seaweeds"
25,2015,5965,"seaweeds"
26,2015,0,"seaweeds"
28,2015,0,"seaweeds"
29,2015,0,"seaweeds"
30,2015,0,"seaweeds"
31,2015,0,"seaweeds"
32,2015,0,"seaweeds"
33,2015,0,"seaweeds"
34,2015,0,"seaweeds"
35,2015,0,"seaweeds"
36,2015,0,"seaweeds"
37,2015,0.1,"seaweeds"
38,2015,0,"seaweeds"
39,2015,0,"seaweeds"
40,2015,25121.1450204395,"seaweeds"
41,2015,0,"seaweeds"
42,2015,6756.29208642453,"seaweeds"
43,2015,131.812943092109,"seaweeds"
44,2015,0,"seaweeds"
45,2015,0,"seaweeds"
46,2015,0,"seaweeds"
47,2015,0,"seaweeds"
48,2015,0,"seaweeds"
49,2015,0,"seaweeds"
50,2015,0,"seaweeds"
51,2015,0,"seaweeds"
52,2015,0,"seaweeds"
53,2015,23,"seaweeds"
54,2015,0,"seaweeds"
55,2015,0,"seaweeds"
56,2015,0,"seaweeds"
57,2015,0,"seaweeds"
58,2015,0,"seaweeds"
59,2015,4911,"seaweeds"
60,2015,0,"seaweeds"
61,2015,919,"seaweeds"
62,2015,32999,"seaweeds"
63,2015,0,"seaweeds"
64,2015,0,"seaweeds"
65,2015,0,"seaweeds"
66,2015,1,"seaweeds"
67,2015,0,"seaweeds"
68,2015,0,"seaweeds"
69,2015,1545,"seaweeds"
70,2015,22.1,"seaweeds"
71,2015,186,"seaweeds"
72,2015,8,"seaweeds"
73,2015,15924.7103826023,"seaweeds"
74,2015,0,"seaweeds"
75,2015,46,"seaweeds"
76,2015,19,"seaweeds"
77,2015,0,"seaweeds"
78,2015,11,"seaweeds"
79,2015,6288,"seaweeds"
80,2015,150,"seaweeds"
81,2015,1,"seaweeds"
82,2015,14,"seaweeds"
84,2015,0,"seaweeds"
85,2015,0,"seaweeds"
86,2015,0,"seaweeds"
88,2015,0,"seaweeds"
89,2015,0,"seaweeds"
90,2015,0,"seaweeds"
91,2015,0,"seaweeds"
92,2015,0,"seaweeds"
93,2015,0,"seaweeds"
94,2015,0,"seaweeds"
95,2015,0,"seaweeds"
96,2015,0,"seaweeds"
97,2015,0,"seaweeds"
98,2015,0,"seaweeds"
99,2015,0,"seaweeds"
100,2015,0,"seaweeds"
101,2015,123.112128223409,"seaweeds"
102,2015,1401,"seaweeds"
103,2015,0,"seaweeds"
104,2015,0,"seaweeds"
105,2015,0,"seaweeds"
106,2015,0,"seaweeds"
107,2015,0,"seaweeds"
108,2015,0,"seaweeds"
110,2015,0,"seaweeds"
111,2015,0,"seaweeds"
112,2015,0,"seaweeds"
113,2015,0,"seaweeds"
114,2015,0,"seaweeds"
115,2015,5.1,"seaweeds"
116,2015,0,"seaweeds"
117,2015,0,"seaweeds"
118,2015,0,"seaweeds"
119,2015,0,"seaweeds"
120,2015,124.034810126582,"seaweeds"
121,2015,0,"seaweeds"
122,2015,25.6752056962025,"seaweeds"
123,2015,0,"seaweeds"
124,2015,0,"seaweeds"
125,2015,15.6283860759494,"seaweeds"
126,2015,7,"seaweeds"
127,2015,15.6283860759494,"seaweeds"
129,2015,22,"seaweeds"
130,2015,2,"seaweeds"
131,2015,0,"seaweeds"
132,2015,14,"seaweeds"
133,2015,0,"seaweeds"
134,2015,0,"seaweeds"
135,2015,3700,"seaweeds"
136,2015,2,"seaweeds"
137,2015,526,"seaweeds"
138,2015,18005,"seaweeds"
139,2015,0,"seaweeds"
140,2015,0,"seaweeds"
141,2015,180.267042775045,"seaweeds"
143,2015,3524,"seaweeds"
144,2015,0,"seaweeds"
145,2015,0.1,"seaweeds"
146,2015,0,"seaweeds"
147,2015,0.1,"seaweeds"
148,2015,0,"seaweeds"
149,2015,0,"seaweeds"
150,2015,0,"seaweeds"
151,2015,0,"seaweeds"
152,2015,0,"seaweeds"
153,2015,0,"seaweeds"
154,2015,0,"seaweeds"
155,2015,105,"seaweeds"
156,2015,0,"seaweeds"
157,2015,0,"seaweeds"
158,2015,0,"seaweeds"
159,2015,0,"seaweeds"
161,2015,0,"seaweeds"
162,2015,1120,"seaweeds"
163,2015,21045,"seaweeds"
164,2015,46.7691510643494,"seaweeds"
166,2015,0,"seaweeds"
167,2015,0,"seaweeds"
168,2015,0,"seaweeds"
169,2015,0,"seaweeds"
171,2015,5789.65889311277,"seaweeds"
172,2015,935,"seaweeds"
173,2015,0,"seaweeds"
174,2015,17.1,"seaweeds"
175,2015,3373,"seaweeds"
176,2015,20151,"seaweeds"
177,2015,7310,"seaweeds"
178,2015,83.1,"seaweeds"
179,2015,11321,"seaweeds"
180,2015,9416,"seaweeds"
181,2015,23096,"seaweeds"
182,2015,44827,"seaweeds"
183,2015,2039,"seaweeds"
184,2015,12019,"seaweeds"
185,2015,0,"seaweeds"
186,2015,0,"seaweeds"
187,2015,10,"seaweeds"
188,2015,188,"seaweeds"
189,2015,633,"seaweeds"
190,2015,0,"seaweeds"
191,2015,0,"seaweeds"
192,2015,0,"seaweeds"
193,2015,0,"seaweeds"
194,2015,0,"seaweeds"
195,2015,0.2,"seaweeds"
196,2015,0.1,"seaweeds"
197,2015,0,"seaweeds"
198,2015,0,"seaweeds"
199,2015,0,"seaweeds"
200,2015,0,"seaweeds"
202,2015,76469.6093042745,"seaweeds"
203,2015,11994.4351701869,"seaweeds"
204,2015,129,"seaweeds"
205,2015,10303.7747604525,"seaweeds"
206,2015,905772.894835443,"seaweeds"
207,2015,47604.1057825204,"seaweeds"
208,2015,2725,"seaweeds"
209,2015,22575313.8722353,"seaweeds"
210,2015,68563.2231813631,"seaweeds"
212,2015,24268.2482654802,"seaweeds"
213,2015,0,"seaweeds"
214,2015,116,"seaweeds"
215,2015,0.1,"seaweeds"
216,2015,44644593.2884303,"seaweeds"
218,2015,15794.1,"seaweeds"
219,2015,0,"seaweeds"
220,2015,0,"seaweeds"
221,2015,0,"seaweeds"
222,2015,684,"seaweeds"
223,2015,3071,"seaweeds"
224,2015,149532,"seaweeds"
227,2015,0,"seaweeds"
228,2015,0,"seaweeds"
231,2015,2216.81901042438,"seaweeds"
232,2015,0,"seaweeds"
237,2015,0,"seaweeds"
244,2015,0,"seaweeds"
245,2015,0,"seaweeds"
247,2015,8.1,"seaweeds"
248,2015,0,"seaweeds"
249,2015,0,"seaweeds"
250,2015,0,"seaweeds"
1,2016,0,"seaweeds"
2,2016,0,"seaweeds"
3,2016,0,"seaweeds"
4,2016,0,"seaweeds"
5,2016,0,"seaweeds"
6,2016,0,"seaweeds"
7,2016,183431.496984312,"seaweeds"
8,2016,0,"seaweeds"
9,2016,0,"seaweeds"
10,2016,0,"seaweeds"
11,2016,0,"seaweeds"
12,2016,0,"seaweeds"
13,2016,0,"seaweeds"
14,2016,6345,"seaweeds"
15,2016,6523694.00454267,"seaweeds"
16,2016,1739,"seaweeds"
17,2016,34675.1412068643,"seaweeds"
18,2016,788.071391065099,"seaweeds"
19,2016,0,"seaweeds"
20,2016,334165.156332623,"seaweeds"
21,2016,370269.493408607,"seaweeds"
24,2016,9504.8091331402,"seaweeds"
25,2016,5294,"seaweeds"
26,2016,0,"seaweeds"
28,2016,0,"seaweeds"
29,2016,0,"seaweeds"
30,2016,0,"seaweeds"
31,2016,0,"seaweeds"
32,2016,0,"seaweeds"
33,2016,0,"seaweeds"
34,2016,0,"seaweeds"
35,2016,0,"seaweeds"
36,2016,0,"seaweeds"
37,2016,1,"seaweeds"
38,2016,0,"seaweeds"
39,2016,0,"seaweeds"
40,2016,830.696102361533,"seaweeds"
41,2016,0,"seaweeds"
42,2016,49243.3165334221,"seaweeds"
43,2016,989.218893801166,"seaweeds"
44,2016,0,"seaweeds"
45,2016,0,"seaweeds"
46,2016,0,"seaweeds"
47,2016,0,"seaweeds"
48,2016,0,"seaweeds"
49,2016,0,"seaweeds"
50,2016,0,"seaweeds"
51,2016,0,"seaweeds"
52,2016,0,"seaweeds"
53,2016,15,"seaweeds"
54,2016,0,"seaweeds"
55,2016,0,"seaweeds"
56,2016,0,"seaweeds"
57,2016,0,"seaweeds"
58,2016,0,"seaweeds"
59,2016,4835,"seaweeds"
60,2016,0,"seaweeds"
61,2016,950,"seaweeds"
62,2016,36994,"seaweeds"
63,2016,0,"seaweeds"
64,2016,0,"seaweeds"
65,2016,0,"seaweeds"
66,2016,77,"seaweeds"
67,2016,0,"seaweeds"
68,2016,0,"seaweeds"
69,2016,710,"seaweeds"
70,2016,49,"seaweeds"
71,2016,131,"seaweeds"
72,2016,46.1,"seaweeds"
73,2016,3733.64710929933,"seaweeds"
74,2016,0,"seaweeds"
75,2016,159,"seaweeds"
76,2016,31,"seaweeds"
77,2016,0,"seaweeds"
78,2016,23,"seaweeds"
79,2016,4251,"seaweeds"
80,2016,88.1,"seaweeds"
81,2016,4,"seaweeds"
82,2016,10,"seaweeds"
84,2016,0,"seaweeds"
85,2016,0,"seaweeds"
86,2016,0,"seaweeds"
88,2016,0,"seaweeds"
89,2016,0,"seaweeds"
90,2016,0,"seaweeds"
91,2016,0,"seaweeds"
92,2016,0,"seaweeds"
93,2016,0,"seaweeds"
94,2016,0,"seaweeds"
95,2016,0,"seaweeds"
96,2016,0,"seaweeds"
97,2016,0,"seaweeds"
98,2016,0,"seaweeds"
99,2016,0,"seaweeds"
100,2016,0,"seaweeds"
101,2016,39.3444467983687,"seaweeds"
102,2016,2114,"seaweeds"
103,2016,0,"seaweeds"
104,2016,0,"seaweeds"
105,2016,0,"seaweeds"
106,2016,0.1,"seaweeds"
107,2016,0,"seaweeds"
108,2016,0,"seaweeds"
110,2016,0,"seaweeds"
111,2016,0,"seaweeds"
112,2016,0,"seaweeds"
113,2016,0,"seaweeds"
114,2016,0,"seaweeds"
115,2016,4.1,"seaweeds"
116,2016,0,"seaweeds"
117,2016,0,"seaweeds"
118,2016,0,"seaweeds"
119,2016,0,"seaweeds"
120,2016,24.378864746376,"seaweeds"
121,2016,0,"seaweeds"
122,2016,11.6287184840214,"seaweeds"
123,2016,0,"seaweeds"
124,2016,0.1,"seaweeds"
125,2016,48.4895619805419,"seaweeds"
126,2016,10.12,"seaweeds"
127,2016,3.07173695804338,"seaweeds"
129,2016,57,"seaweeds"
130,2016,22,"seaweeds"
131,2016,0,"seaweeds"
132,2016,2,"seaweeds"
133,2016,0,"seaweeds"
134,2016,0,"seaweeds"
135,2016,3662,"seaweeds"
136,2016,1.1,"seaweeds"
137,2016,1329,"seaweeds"
138,2016,16163,"seaweeds"
139,2016,0,"seaweeds"
140,2016,0,"seaweeds"
141,2016,190.625579625515,"seaweeds"
143,2016,7228,"seaweeds"
144,2016,0,"seaweeds"
145,2016,0,"seaweeds"
146,2016,0,"seaweeds"
147,2016,3.25,"seaweeds"
148,2016,0,"seaweeds"
149,2016,0,"seaweeds"
150,2016,0,"seaweeds"
151,2016,0,"seaweeds"
152,2016,0.356514333581534,"seaweeds"
153,2016,0,"seaweeds"
154,2016,0,"seaweeds"
155,2016,37.4340050260611,"seaweeds"
156,2016,0,"seaweeds"
157,2016,0,"seaweeds"
158,2016,0,"seaweeds"
159,2016,0,"seaweeds"
161,2016,0,"seaweeds"
162,2016,1212.1,"seaweeds"
163,2016,17077,"seaweeds"
164,2016,54.6428871213042,"seaweeds"
166,2016,1,"seaweeds"
167,2016,0,"seaweeds"
168,2016,0,"seaweeds"
169,2016,0,"seaweeds"
171,2016,5969.556456459,"seaweeds"
172,2016,1079,"seaweeds"
173,2016,0,"seaweeds"
174,2016,32,"seaweeds"
175,2016,3461,"seaweeds"
176,2016,18784,"seaweeds"
177,2016,8575,"seaweeds"
178,2016,749,"seaweeds"
179,2016,14543,"seaweeds"
180,2016,10965,"seaweeds"
181,2016,24895,"seaweeds"
182,2016,45573,"seaweeds"
183,2016,4279,"seaweeds"
184,2016,15883,"seaweeds"
185,2016,0,"seaweeds"
186,2016,0,"seaweeds"
187,2016,13.1,"seaweeds"
188,2016,115,"seaweeds"
189,2016,661,"seaweeds"
190,2016,0,"seaweeds"
191,2016,7,"seaweeds"
192,2016,0,"seaweeds"
193,2016,0,"seaweeds"
194,2016,0,"seaweeds"
195,2016,1,"seaweeds"
196,2016,0,"seaweeds"
197,2016,0,"seaweeds"
198,2016,0,"seaweeds"
199,2016,0,"seaweeds"
200,2016,0,"seaweeds"
202,2016,335340.117587142,"seaweeds"
203,2016,6324.77617147505,"seaweeds"
204,2016,4,"seaweeds"
205,2016,140.058784783373,"seaweeds"
206,2016,5091080.5794251,"seaweeds"
207,2016,41681.3168717253,"seaweeds"
208,2016,2656,"seaweeds"
209,2016,24183042.1762353,"seaweeds"
210,2016,57583.19737489,"seaweeds"
212,2016,0,"seaweeds"
213,2016,0,"seaweeds"
214,2016,112,"seaweeds"
215,2016,0,"seaweeds"
216,2016,46030923.8867647,"seaweeds"
218,2016,17395,"seaweeds"
219,2016,0,"seaweeds"
220,2016,0,"seaweeds"
221,2016,0,"seaweeds"
222,2016,1063,"seaweeds"
223,2016,4423,"seaweeds"
224,2016,146925,"seaweeds"
227,2016,0,"seaweeds"
228,2016,0,"seaweeds"
231,2016,2551.62661292354,"seaweeds"
232,2016,0,"seaweeds"
237,2016,0,"seaweeds"
244,2016,0,"seaweeds"
245,2016,0,"seaweeds"
247,2016,174,"seaweeds"
248,2016,0,"seaweeds"
249,2016,0,"seaweeds"
250,2016,0,"seaweeds"
1,2017,0,"seaweeds"
2,2017,0,"seaweeds"
3,2017,0,"seaweeds"
4,2017,0,"seaweeds"
5,2017,0,"seaweeds"
6,2017,0,"seaweeds"
7,2017,6652.95569270793,"seaweeds"
8,2017,0,"seaweeds"
9,2017,0,"seaweeds"
10,2017,0,"seaweeds"
11,2017,0,"seaweeds"
12,2017,0,"seaweeds"
13,2017,0,"seaweeds"
14,2017,4241,"seaweeds"
15,2017,6883563.92095652,"seaweeds"
16,2017,2289,"seaweeds"
17,2017,2087.7476023142,"seaweeds"
18,2017,126.530157716012,"seaweeds"
19,2017,0,"seaweeds"
20,2017,471489.433892236,"seaweeds"
21,2017,379852.989187842,"seaweeds"
24,2017,4448.55015072208,"seaweeds"
25,2017,5676,"seaweeds"
26,2017,0,"seaweeds"
28,2017,0,"seaweeds"
29,2017,0,"seaweeds"
30,2017,0,"seaweeds"
31,2017,0,"seaweeds"
32,2017,0,"seaweeds"
33,2017,0,"seaweeds"
34,2017,0,"seaweeds"
35,2017,0,"seaweeds"
36,2017,0,"seaweeds"
37,2017,0,"seaweeds"
38,2017,0,"seaweeds"
39,2017,0,"seaweeds"
40,2017,3088.26455450539,"seaweeds"
41,2017,0,"seaweeds"
42,2017,9198.48660708913,"seaweeds"
43,2017,269.499297395069,"seaweeds"
44,2017,0,"seaweeds"
45,2017,0,"seaweeds"
46,2017,0,"seaweeds"
47,2017,0,"seaweeds"
48,2017,0,"seaweeds"
49,2017,0,"seaweeds"
50,2017,0,"seaweeds"
51,2017,0,"seaweeds"
52,2017,0,"seaweeds"
53,2017,10,"seaweeds"
54,2017,0,"seaweeds"
55,2017,0,"seaweeds"
56,2017,0,"seaweeds"
57,2017,0,"seaweeds"
58,2017,0,"seaweeds"
59,2017,5393,"seaweeds"
60,2017,0,"seaweeds"
61,2017,1684,"seaweeds"
62,2017,39633,"seaweeds"
63,2017,0,"seaweeds"
64,2017,0,"seaweeds"
65,2017,0,"seaweeds"
66,2017,89,"seaweeds"
67,2017,0,"seaweeds"
68,2017,0.1,"seaweeds"
69,2017,397,"seaweeds"
70,2017,55.1,"seaweeds"
71,2017,104,"seaweeds"
72,2017,56.1,"seaweeds"
73,2017,6291.69984160472,"seaweeds"
74,2017,0,"seaweeds"
75,2017,138,"seaweeds"
76,2017,67,"seaweeds"
77,2017,0,"seaweeds"
78,2017,32.1,"seaweeds"
79,2017,3439,"seaweeds"
80,2017,131,"seaweeds"
81,2017,60,"seaweeds"
82,2017,3,"seaweeds"
84,2017,0,"seaweeds"
85,2017,0,"seaweeds"
86,2017,0,"seaweeds"
88,2017,0,"seaweeds"
89,2017,0,"seaweeds"
90,2017,0,"seaweeds"
91,2017,0,"seaweeds"
92,2017,0,"seaweeds"
93,2017,0,"seaweeds"
94,2017,0,"seaweeds"
95,2017,0,"seaweeds"
96,2017,0,"seaweeds"
97,2017,0.07,"seaweeds"
98,2017,0,"seaweeds"
99,2017,0,"seaweeds"
100,2017,0,"seaweeds"
101,2017,60.9412437228537,"seaweeds"
102,2017,2217,"seaweeds"
103,2017,0,"seaweeds"
104,2017,0,"seaweeds"
105,2017,0,"seaweeds"
106,2017,5,"seaweeds"
107,2017,0,"seaweeds"
108,2017,0,"seaweeds"
110,2017,31,"seaweeds"
111,2017,0,"seaweeds"
112,2017,0,"seaweeds"
113,2017,0,"seaweeds"
114,2017,0,"seaweeds"
115,2017,12.6,"seaweeds"
116,2017,0,"seaweeds"
117,2017,0,"seaweeds"
118,2017,0,"seaweeds"
119,2017,1,"seaweeds"
120,2017,78.4622797315097,"seaweeds"
121,2017,0,"seaweeds"
122,2017,98.8624724617022,"seaweeds"
123,2017,0,"seaweeds"
124,2017,0,"seaweeds"
125,2017,127.108893165046,"seaweeds"
126,2017,7.85,"seaweeds"
127,2017,7.76776569341946,"seaweeds"
129,2017,0,"seaweeds"
130,2017,1,"seaweeds"
131,2017,0,"seaweeds"
132,2017,0,"seaweeds"
133,2017,18,"seaweeds"
134,2017,0,"seaweeds"
135,2017,3358,"seaweeds"
136,2017,3,"seaweeds"
137,2017,996,"seaweeds"
138,2017,30963,"seaweeds"
139,2017,0,"seaweeds"
140,2017,0,"seaweeds"
141,2017,287.525050035282,"seaweeds"
143,2017,6337,"seaweeds"
144,2017,0,"seaweeds"
145,2017,0.1,"seaweeds"
146,2017,0,"seaweeds"
147,2017,0.891547231270359,"seaweeds"
148,2017,0,"seaweeds"
149,2017,0,"seaweeds"
150,2017,0,"seaweeds"
151,2017,0,"seaweeds"
152,2017,0.266859251126971,"seaweeds"
153,2017,0,"seaweeds"
154,2017,0,"seaweeds"
155,2017,159,"seaweeds"
156,2017,0,"seaweeds"
157,2017,0,"seaweeds"
158,2017,0,"seaweeds"
159,2017,0,"seaweeds"
161,2017,0,"seaweeds"
162,2017,1910,"seaweeds"
163,2017,20959,"seaweeds"
164,2017,239.887368064403,"seaweeds"
166,2017,0.1,"seaweeds"
167,2017,0,"seaweeds"
168,2017,0,"seaweeds"
169,2017,0,"seaweeds"
171,2017,3895.72453449237,"seaweeds"
172,2017,681,"seaweeds"
173,2017,0.1,"seaweeds"
174,2017,57.1,"seaweeds"
175,2017,5037,"seaweeds"
176,2017,17883,"seaweeds"
177,2017,9507,"seaweeds"
178,2017,955,"seaweeds"
179,2017,14182,"seaweeds"
180,2017,12245,"seaweeds"
181,2017,44203,"seaweeds"
182,2017,48786,"seaweeds"
183,2017,5286,"seaweeds"
184,2017,19943,"seaweeds"
185,2017,0,"seaweeds"
186,2017,0,"seaweeds"
187,2017,5.1,"seaweeds"
188,2017,34,"seaweeds"
189,2017,755,"seaweeds"
190,2017,0,"seaweeds"
191,2017,12,"seaweeds"
192,2017,0,"seaweeds"
193,2017,0,"seaweeds"
194,2017,0,"seaweeds"
195,2017,0.2,"seaweeds"
196,2017,0,"seaweeds"
197,2017,0,"seaweeds"
198,2017,0,"seaweeds"
199,2017,0,"seaweeds"
200,2017,0,"seaweeds"
202,2017,62162.3908791498,"seaweeds"
203,2017,16461.6834339275,"seaweeds"
204,2017,33.8091670444188,"seaweeds"
205,2017,838.0201016681,"seaweeds"
206,2017,7657019.59929031,"seaweeds"
207,2017,41331.4053078563,"seaweeds"
208,2017,3208,"seaweeds"
209,2017,25795193.3242424,"seaweeds"
210,2017,67596.7825227684,"seaweeds"
212,2017,1384.35330993649,"seaweeds"
213,2017,0,"seaweeds"
214,2017,399,"seaweeds"
215,2017,0,"seaweeds"
216,2017,46136141.2306214,"seaweeds"
218,2017,18203,"seaweeds"
219,2017,0,"seaweeds"
220,2017,0,"seaweeds"
221,2017,0,"seaweeds"
222,2017,1713,"seaweeds"
223,2017,5326,"seaweeds"
224,2017,167626,"seaweeds"
227,2017,0,"seaweeds"
228,2017,0,"seaweeds"
231,2017,3336.41261304156,"seaweeds"
232,2017,0,"seaweeds"
237,2017,0,"seaweeds"
244,2017,0,"seaweeds"
245,2017,0,"seaweeds"
247,2017,275.1,"seaweeds"
248,2017,0,"seaweeds"
249,2017,0,"seaweeds"
250,2017,0,"seaweeds"
1,2018,0,"seaweeds"
2,2018,0,"seaweeds"
3,2018,0,"seaweeds"
4,2018,0,"seaweeds"
5,2018,0,"seaweeds"
6,2018,0,"seaweeds"
7,2018,142794.216455696,"seaweeds"
8,2018,0,"seaweeds"
9,2018,0,"seaweeds"
10,2018,0,"seaweeds"
11,2018,0,"seaweeds"
12,2018,0,"seaweeds"
13,2018,0,"seaweeds"
14,2018,5841,"seaweeds"
15,2018,6321137.66728055,"seaweeds"
16,2018,2483,"seaweeds"
17,2018,19401.3881053935,"seaweeds"
18,2018,3527.52511007155,"seaweeds"
19,2018,0,"seaweeds"
20,2018,493798.836210145,"seaweeds"
21,2018,422942.116764807,"seaweeds"
24,2018,8225.65647514978,"seaweeds"
25,2018,6329,"seaweeds"
26,2018,0,"seaweeds"
28,2018,0,"seaweeds"
29,2018,0,"seaweeds"
30,2018,0,"seaweeds"
31,2018,0,"seaweeds"
32,2018,0,"seaweeds"
33,2018,0,"seaweeds"
34,2018,0,"seaweeds"
35,2018,0,"seaweeds"
36,2018,0,"seaweeds"
37,2018,2,"seaweeds"
38,2018,0,"seaweeds"
39,2018,0,"seaweeds"
40,2018,1377.68439132504,"seaweeds"
41,2018,0,"seaweeds"
42,2018,21857.5663365113,"seaweeds"
43,2018,2621.10595004071,"seaweeds"
44,2018,0,"seaweeds"
45,2018,0,"seaweeds"
46,2018,0,"seaweeds"
47,2018,0,"seaweeds"
48,2018,0,"seaweeds"
49,2018,0,"seaweeds"
50,2018,0,"seaweeds"
51,2018,0,"seaweeds"
52,2018,45,"seaweeds"
53,2018,1,"seaweeds"
54,2018,301,"seaweeds"
55,2018,0,"seaweeds"
56,2018,0,"seaweeds"
57,2018,0,"seaweeds"
58,2018,0,"seaweeds"
59,2018,6009,"seaweeds"
60,2018,0,"seaweeds"
61,2018,604.81,"seaweeds"
62,2018,42074,"seaweeds"
63,2018,0,"seaweeds"
64,2018,0,"seaweeds"
65,2018,0,"seaweeds"
66,2018,79,"seaweeds"
67,2018,0,"seaweeds"
68,2018,0.1,"seaweeds"
69,2018,903,"seaweeds"
70,2018,66,"seaweeds"
71,2018,95,"seaweeds"
72,2018,36,"seaweeds"
73,2018,57713.7562712929,"seaweeds"
74,2018,0,"seaweeds"
75,2018,155,"seaweeds"
76,2018,138,"seaweeds"
77,2018,1,"seaweeds"
78,2018,34.1,"seaweeds"
79,2018,7189,"seaweeds"
80,2018,164,"seaweeds"
81,2018,20,"seaweeds"
82,2018,4,"seaweeds"
84,2018,0,"seaweeds"
85,2018,0,"seaweeds"
86,2018,0,"seaweeds"
88,2018,0,"seaweeds"
89,2018,0,"seaweeds"
90,2018,0,"seaweeds"
91,2018,0,"seaweeds"
92,2018,0,"seaweeds"
93,2018,0,"seaweeds"
94,2018,0,"seaweeds"
95,2018,0,"seaweeds"
96,2018,0,"seaweeds"
97,2018,0.3,"seaweeds"
98,2018,0,"seaweeds"
99,2018,0,"seaweeds"
100,2018,0,"seaweeds"
101,2018,0.1,"seaweeds"
102,2018,2521,"seaweeds"
103,2018,0,"seaweeds"
104,2018,0,"seaweeds"
105,2018,0,"seaweeds"
106,2018,0,"seaweeds"
107,2018,0,"seaweeds"
108,2018,0,"seaweeds"
110,2018,130.05,"seaweeds"
111,2018,0,"seaweeds"
112,2018,0,"seaweeds"
113,2018,0,"seaweeds"
114,2018,0,"seaweeds"
115,2018,3.25,"seaweeds"
116,2018,0,"seaweeds"
117,2018,0,"seaweeds"
118,2018,0,"seaweeds"
119,2018,4.43103323487964,"seaweeds"
120,2018,44.7579114634307,"seaweeds"
121,2018,0,"seaweeds"
122,2018,181.269541426894,"seaweeds"
123,2018,0.93,"seaweeds"
124,2018,0,"seaweeds"
125,2018,80.5642406341752,"seaweeds"
126,2018,57.38,"seaweeds"
127,2018,4.43103323487964,"seaweeds"
129,2018,9,"seaweeds"
130,2018,0,"seaweeds"
131,2018,0,"seaweeds"
132,2018,0,"seaweeds"
133,2018,97,"seaweeds"
134,2018,0,"seaweeds"
135,2018,3152,"seaweeds"
136,2018,2.1,"seaweeds"
137,2018,1076,"seaweeds"
138,2018,29066,"seaweeds"
139,2018,515.848510258815,"seaweeds"
140,2018,0,"seaweeds"
141,2018,615.380910462142,"seaweeds"
143,2018,5596,"seaweeds"
144,2018,0,"seaweeds"
145,2018,0,"seaweeds"
146,2018,0,"seaweeds"
147,2018,0.01,"seaweeds"
148,2018,0,"seaweeds"
149,2018,0,"seaweeds"
150,2018,0,"seaweeds"
151,2018,0,"seaweeds"
152,2018,0.0140080690158264,"seaweeds"
153,2018,0,"seaweeds"
154,2018,0,"seaweeds"
155,2018,131,"seaweeds"
156,2018,0,"seaweeds"
157,2018,0,"seaweeds"
158,2018,0,"seaweeds"
159,2018,0,"seaweeds"
161,2018,0,"seaweeds"
162,2018,1600,"seaweeds"
163,2018,19717,"seaweeds"
164,2018,143.041312112847,"seaweeds"
166,2018,0,"seaweeds"
167,2018,0,"seaweeds"
168,2018,0,"seaweeds"
169,2018,0,"seaweeds"
171,2018,3772.0454128535,"seaweeds"
172,2018,75,"seaweeds"
173,2018,0.1,"seaweeds"
174,2018,42,"seaweeds"
175,2018,6689,"seaweeds"
176,2018,17691,"seaweeds"
177,2018,13220,"seaweeds"
178,2018,987,"seaweeds"
179,2018,13487,"seaweeds"
180,2018,13603,"seaweeds"
181,2018,44392.1,"seaweeds"
182,2018,47905,"seaweeds"
183,2018,11264,"seaweeds"
184,2018,23509,"seaweeds"
185,2018,0,"seaweeds"
186,2018,0,"seaweeds"
187,2018,6,"seaweeds"
188,2018,40,"seaweeds"
189,2018,1151,"seaweeds"
190,2018,0,"seaweeds"
191,2018,17,"seaweeds"
192,2018,0,"seaweeds"
193,2018,0,"seaweeds"
194,2018,0,"seaweeds"
195,2018,0.1,"seaweeds"
196,2018,0,"seaweeds"
197,2018,0,"seaweeds"
198,2018,0,"seaweeds"
199,2018,0,"seaweeds"
200,2018,0,"seaweeds"
202,2018,432926.841124809,"seaweeds"
203,2018,17185.4005336094,"seaweeds"
204,2018,64.8261053700846,"seaweeds"
205,2018,5829.11829954664,"seaweeds"
206,2018,2365243.17587414,"seaweeds"
207,2018,68520.2134102004,"seaweeds"
208,2018,2386,"seaweeds"
209,2018,28211170.6049682,"seaweeds"
210,2018,71128.8875941078,"seaweeds"
212,2018,0,"seaweeds"
213,2018,0,"seaweeds"
214,2018,131,"seaweeds"
215,2018,0,"seaweeds"
216,2018,40243845.2028864,"seaweeds"
218,2018,14184,"seaweeds"
219,2018,0,"seaweeds"
220,2018,0,"seaweeds"
221,2018,0,"seaweeds"
222,2018,1955,"seaweeds"
223,2018,6164,"seaweeds"
224,2018,135917,"seaweeds"
227,2018,0,"seaweeds"
228,2018,0,"seaweeds"
231,2018,2735.37269957475,"seaweeds"
232,2018,0,"seaweeds"
237,2018,0,"seaweeds"
244,2018,0,"seaweeds"
245,2018,0,"seaweeds"
247,2018,3,"seaweeds"
248,2018,0,"seaweeds"
249,2018,0,"seaweeds"
250,2018,0,"seaweeds"
1,2019,0,"seaweeds"
2,2019,0,"seaweeds"
3,2019,0,"seaweeds"
4,2019,0,"seaweeds"
5,2019,0,"seaweeds"
6,2019,0,"seaweeds"
7,2019,6248.21146686523,"seaweeds"
8,2019,0,"seaweeds"
9,2019,0,"seaweeds"
10,2019,0,"seaweeds"
11,2019,0,"seaweeds"
12,2019,0,"seaweeds"
13,2019,0,"seaweeds"
14,2019,6264.03643706223,"seaweeds"
15,2019,8735096.09623857,"seaweeds"
16,2019,1893.79,"seaweeds"
17,2019,557.876023827252,"seaweeds"
18,2019,152.148006498342,"seaweeds"
19,2019,0,"seaweeds"
20,2019,536482.245990789,"seaweeds"
21,2019,405076.873682631,"seaweeds"
24,2019,11203.7124219829,"seaweeds"
25,2019,4492.71,"seaweeds"
26,2019,0,"seaweeds"
28,2019,0,"seaweeds"
29,2019,0,"seaweeds"
30,2019,0,"seaweeds"
31,2019,0,"seaweeds"
32,2019,0,"seaweeds"
33,2019,0,"seaweeds"
34,2019,0,"seaweeds"
35,2019,0,"seaweeds"
36,2019,0,"seaweeds"
37,2019,19.94,"seaweeds"
38,2019,0,"seaweeds"
39,2019,0,"seaweeds"
40,2019,1004.05853879026,"seaweeds"
41,2019,0,"seaweeds"
42,2019,6589.06447809665,"seaweeds"
43,2019,564.909262961226,"seaweeds"
44,2019,0,"seaweeds"
45,2019,0,"seaweeds"
46,2019,0,"seaweeds"
47,2019,0,"seaweeds"
48,2019,0,"seaweeds"
49,2019,0,"seaweeds"
50,2019,0,"seaweeds"
51,2019,0,"seaweeds"
52,2019,57.07,"seaweeds"
53,2019,14,"seaweeds"
54,2019,627.88,"seaweeds"
55,2019,0,"seaweeds"
56,2019,0,"seaweeds"
57,2019,0,"seaweeds"
58,2019,0,"seaweeds"
59,2019,5810.27,"seaweeds"
60,2019,0,"seaweeds"
61,2019,684.17,"seaweeds"
62,2019,39380.08,"seaweeds"
63,2019,0,"seaweeds"
64,2019,0,"seaweeds"
65,2019,0,"seaweeds"
66,2019,51.3,"seaweeds"
67,2019,0,"seaweeds"
68,2019,508.73,"seaweeds"
69,2019,519.57,"seaweeds"
70,2019,14.29,"seaweeds"
71,2019,225.97,"seaweeds"
72,2019,7.81,"seaweeds"
73,2019,40721.5239528172,"seaweeds"
74,2019,1.4,"seaweeds"
75,2019,195.25,"seaweeds"
76,2019,7.83,"seaweeds"
77,2019,0,"seaweeds"
78,2019,16.41,"seaweeds"
79,2019,3407,"seaweeds"
80,2019,185.15,"seaweeds"
81,2019,0.14,"seaweeds"
82,2019,4.46,"seaweeds"
84,2019,0,"seaweeds"
85,2019,0,"seaweeds"
86,2019,0,"seaweeds"
88,2019,0,"seaweeds"
89,2019,0,"seaweeds"
90,2019,0,"seaweeds"
91,2019,0,"seaweeds"
92,2019,0,"seaweeds"
93,2019,0,"seaweeds"
94,2019,0,"seaweeds"
95,2019,0,"seaweeds"
96,2019,0,"seaweeds"
97,2019,0.41,"seaweeds"
98,2019,0,"seaweeds"
99,2019,0,"seaweeds"
100,2019,0,"seaweeds"
101,2019,1.64,"seaweeds"
102,2019,2034.14,"seaweeds"
103,2019,0,"seaweeds"
104,2019,0,"seaweeds"
105,2019,0,"seaweeds"
106,2019,4.01,"seaweeds"
107,2019,0,"seaweeds"
108,2019,0,"seaweeds"
110,2019,144.57,"seaweeds"
111,2019,0,"seaweeds"
112,2019,0,"seaweeds"
113,2019,0,"seaweeds"
114,2019,0,"seaweeds"
115,2019,5.85,"seaweeds"
116,2019,0,"seaweeds"
117,2019,0,"seaweeds"
118,2019,0,"seaweeds"
119,2019,6.45676002894717,"seaweeds"
120,2019,65.2197982721936,"seaweeds"
121,2019,0,"seaweeds"
122,2019,601.652639060986,"seaweeds"
123,2019,0,"seaweeds"
124,2019,0.01,"seaweeds"
125,2019,129.135200578943,"seaweeds"
126,2019,118.55,"seaweeds"
127,2019,10.23,"seaweeds"
129,2019,0,"seaweeds"
130,2019,0.19,"seaweeds"
131,2019,0,"seaweeds"
132,2019,0,"seaweeds"
133,2019,140.68,"seaweeds"
134,2019,0,"seaweeds"
135,2019,3503.03,"seaweeds"
136,2019,0.29,"seaweeds"
137,2019,1238.39791695725,"seaweeds"
138,2019,22055.54,"seaweeds"
139,2019,88254.6151880066,"seaweeds"
140,2019,0,"seaweeds"
141,2019,569.03877848845,"seaweeds"
143,2019,3697.41,"seaweeds"
144,2019,0,"seaweeds"
145,2019,0.33,"seaweeds"
146,2019,0,"seaweeds"
147,2019,0.02,"seaweeds"
148,2019,0,"seaweeds"
149,2019,0,"seaweeds"
150,2019,0,"seaweeds"
151,2019,0,"seaweeds"
152,2019,0.0295262747597779,"seaweeds"
153,2019,0,"seaweeds"
154,2019,0,"seaweeds"
155,2019,130.62,"seaweeds"
156,2019,0,"seaweeds"
157,2019,0,"seaweeds"
158,2019,0,"seaweeds"
159,2019,0,"seaweeds"
161,2019,0,"seaweeds"
162,2019,1180.44,"seaweeds"
163,2019,20039.18,"seaweeds"
164,2019,290.691058997737,"seaweeds"
166,2019,0.08,"seaweeds"
167,2019,0,"seaweeds"
168,2019,0,"seaweeds"
169,2019,0,"seaweeds"
171,2019,21421.7821493868,"seaweeds"
172,2019,0,"seaweeds"
173,2019,1.18,"seaweeds"
174,2019,40.74,"seaweeds"
175,2019,7114.41,"seaweeds"
176,2019,16448.72,"seaweeds"
177,2019,12560.12,"seaweeds"
178,2019,825,"seaweeds"
179,2019,12148.15,"seaweeds"
180,2019,13798.05,"seaweeds"
181,2019,32770.78,"seaweeds"
182,2019,47246.1,"seaweeds"
183,2019,4845.61,"seaweeds"
184,2019,16553.63,"seaweeds"
185,2019,0,"seaweeds"
186,2019,0,"seaweeds"
187,2019,16.61,"seaweeds"
188,2019,205.8,"seaweeds"
189,2019,492.9,"seaweeds"
190,2019,0,"seaweeds"
191,2019,7.14,"seaweeds"
192,2019,0,"seaweeds"
193,2019,0,"seaweeds"
194,2019,0,"seaweeds"
195,2019,0.14,"seaweeds"
196,2019,0,"seaweeds"
197,2019,0,"seaweeds"
198,2019,0,"seaweeds"
199,2019,0,"seaweeds"
200,2019,0,"seaweeds"
202,2019,72981.0736629579,"seaweeds"
203,2019,16334.8750539892,"seaweeds"
204,2019,123.282075879164,"seaweeds"
205,2019,589.44,"seaweeds"
206,2019,1219534.10861677,"seaweeds"
207,2019,66913.5736670638,"seaweeds"
208,2019,4061.6,"seaweeds"
209,2019,29518338.4403402,"seaweeds"
210,2019,59470.7238698735,"seaweeds"
212,2019,0,"seaweeds"
213,2019,0,"seaweeds"
214,2019,90.34,"seaweeds"
215,2019,0,"seaweeds"
216,2019,50989265.9893449,"seaweeds"
218,2019,17702.33,"seaweeds"
219,2019,0,"seaweeds"
220,2019,0,"seaweeds"
221,2019,0,"seaweeds"
222,2019,1887.59,"seaweeds"
223,2019,5325.08,"seaweeds"
224,2019,338908.229940635,"seaweeds"
227,2019,0,"seaweeds"
228,2019,0,"seaweeds"
231,2019,3725.70009282092,"seaweeds"
232,2019,0,"seaweeds"
237,2019,0,"seaweeds"
244,2019,0,"seaweeds"
245,2019,0,"seaweeds"
247,2019,46.67,"seaweeds"
248,2019,0,"seaweeds"
249,2019,0,"seaweeds"
250,2019,0,"seaweeds"
1,2020,0,"seaweeds"
2,2020,0,"seaweeds"
3,2020,0,"seaweeds"
4,2020,0,"seaweeds"
5,2020,0,"seaweeds"
6,2020,0,"seaweeds"
7,2020,5459.43345967514,"seaweeds"
8,2020,0,"seaweeds"
9,2020,0,"seaweeds"
10,2020,0,"seaweeds"
11,2020,0,"seaweeds"
12,2020,0,"seaweeds"
13,2020,0,"seaweeds"
14,2020,13584.3727811037,"seaweeds"
15,2020,6658638.28272351,"seaweeds"
16,2020,1926.12,"seaweeds"
17,2020,496.31213269774,"seaweeds"
18,2020,143.840279912763,"seaweeds"
19,2020,0,"seaweeds"
20,2020,698419.963479537,"seaweeds"
21,2020,511866.577380986,"seaweeds"
24,2020,4140.07108296259,"seaweeds"
25,2020,3453.24,"seaweeds"
26,2020,0,"seaweeds"
28,2020,0,"seaweeds"
29,2020,0,"seaweeds"
30,2020,0,"seaweeds"
31,2020,0,"seaweeds"
32,2020,0,"seaweeds"
33,2020,0,"seaweeds"
34,2020,0,"seaweeds"
35,2020,0,"seaweeds"
36,2020,0,"seaweeds"
37,2020,3.64,"seaweeds"
38,2020,0,"seaweeds"
39,2020,0,"seaweeds"
40,2020,2258.24058500296,"seaweeds"
41,2020,0,"seaweeds"
42,2020,12358.1088351662,"seaweeds"
43,2020,1299.32333683689,"seaweeds"
44,2020,0,"seaweeds"
45,2020,0,"seaweeds"
46,2020,0,"seaweeds"
47,2020,0,"seaweeds"
48,2020,0,"seaweeds"
49,2020,0,"seaweeds"
50,2020,0,"seaweeds"
51,2020,0,"seaweeds"
52,2020,40.52,"seaweeds"
53,2020,0,"seaweeds"
54,2020,1031.66,"seaweeds"
55,2020,0,"seaweeds"
56,2020,0,"seaweeds"
57,2020,0,"seaweeds"
58,2020,0,"seaweeds"
59,2020,4522.59,"seaweeds"
60,2020,0,"seaweeds"
61,2020,142.37,"seaweeds"
62,2020,32364.28,"seaweeds"
63,2020,0,"seaweeds"
64,2020,0,"seaweeds"
65,2020,0,"seaweeds"
66,2020,0,"seaweeds"
67,2020,0,"seaweeds"
68,2020,0,"seaweeds"
69,2020,474.88,"seaweeds"
70,2020,39.92,"seaweeds"
71,2020,322.07,"seaweeds"
72,2020,8.83,"seaweeds"
73,2020,116307.611337671,"seaweeds"
74,2020,0,"seaweeds"
75,2020,226.25,"seaweeds"
76,2020,16.01,"seaweeds"
77,2020,0.44,"seaweeds"
78,2020,3.06,"seaweeds"
79,2020,3876,"seaweeds"
80,2020,193.12,"seaweeds"
81,2020,0.71,"seaweeds"
82,2020,1.65,"seaweeds"
84,2020,0,"seaweeds"
85,2020,0,"seaweeds"
86,2020,0,"seaweeds"
88,2020,0,"seaweeds"
89,2020,0,"seaweeds"
90,2020,0,"seaweeds"
91,2020,0,"seaweeds"
92,2020,0,"seaweeds"
93,2020,0,"seaweeds"
94,2020,0,"seaweeds"
95,2020,0,"seaweeds"
96,2020,0,"seaweeds"
97,2020,2.4,"seaweeds"
98,2020,0,"seaweeds"
99,2020,0,"seaweeds"
100,2020,0,"seaweeds"
101,2020,0,"seaweeds"
102,2020,3444.43,"seaweeds"
103,2020,0,"seaweeds"
104,2020,0,"seaweeds"
105,2020,0,"seaweeds"
106,2020,33.49,"seaweeds"
107,2020,0,"seaweeds"
108,2020,0,"seaweeds"
110,2020,41.75,"seaweeds"
111,2020,0,"seaweeds"
112,2020,0,"seaweeds"
113,2020,0,"seaweeds"
114,2020,0,"seaweeds"
115,2020,4,"seaweeds"
116,2020,0,"seaweeds"
117,2020,0,"seaweeds"
118,2020,0,"seaweeds"
119,2020,13.9490366604006,"seaweeds"
120,2020,70.4496801030335,"seaweeds"
121,2020,0,"seaweeds"
122,2020,1709.37,"seaweeds"
123,2020,0,"seaweeds"
124,2020,0,"seaweeds"
125,2020,139.490366604006,"seaweeds"
126,2020,142.74,"seaweeds"
127,2020,91.1569545757182,"seaweeds"
129,2020,15,"seaweeds"
130,2020,0,"seaweeds"
131,2020,0,"seaweeds"
132,2020,0,"seaweeds"
133,2020,100.9,"seaweeds"
134,2020,0,"seaweeds"
135,2020,3419.13,"seaweeds"
136,2020,0.7,"seaweeds"
137,2020,1174.03033171555,"seaweeds"
138,2020,19927.83,"seaweeds"
139,2020,88070.0632170256,"seaweeds"
140,2020,0,"seaweeds"
141,2020,556.13438710639,"seaweeds"
143,2020,5433.94,"seaweeds"
144,2020,0,"seaweeds"
145,2020,1.36,"seaweeds"
146,2020,0,"seaweeds"
147,2020,0,"seaweeds"
148,2020,0,"seaweeds"
149,2020,0,"seaweeds"
150,2020,0,"seaweeds"
151,2020,0,"seaweeds"
152,2020,0.0254976826542444,"seaweeds"
153,2020,0,"seaweeds"
154,2020,0,"seaweeds"
155,2020,160.98,"seaweeds"
156,2020,0,"seaweeds"
157,2020,0,"seaweeds"
158,2020,0,"seaweeds"
159,2020,0,"seaweeds"
161,2020,0,"seaweeds"
162,2020,753.91,"seaweeds"
163,2020,22411.86,"seaweeds"
164,2020,347.482816533707,"seaweeds"
166,2020,158.85,"seaweeds"
167,2020,0,"seaweeds"
168,2020,0,"seaweeds"
169,2020,0,"seaweeds"
171,2020,20308.3529602311,"seaweeds"
172,2020,0,"seaweeds"
173,2020,4.26,"seaweeds"
174,2020,31.18,"seaweeds"
175,2020,7730.52,"seaweeds"
176,2020,14876.67,"seaweeds"
177,2020,10625.59,"seaweeds"
178,2020,861.76,"seaweeds"
179,2020,12047.6,"seaweeds"
180,2020,14323.83,"seaweeds"
181,2020,35204.51,"seaweeds"
182,2020,52327.58,"seaweeds"
183,2020,3913.67,"seaweeds"
184,2020,13096.66,"seaweeds"
185,2020,0,"seaweeds"
186,2020,0,"seaweeds"
187,2020,9.24,"seaweeds"
188,2020,102.58,"seaweeds"
189,2020,681.24,"seaweeds"
190,2020,0,"seaweeds"
191,2020,81.09,"seaweeds"
192,2020,0,"seaweeds"
193,2020,0,"seaweeds"
194,2020,0,"seaweeds"
195,2020,0,"seaweeds"
196,2020,0,"seaweeds"
197,2020,0,"seaweeds"
198,2020,0,"seaweeds"
199,2020,0,"seaweeds"
200,2020,0,"seaweeds"
202,2020,136616.052928378,"seaweeds"
203,2020,21501.4894627727,"seaweeds"
204,2020,316.437014735146,"seaweeds"
205,2020,716.18,"seaweeds"
206,2020,2050734.8137027,"seaweeds"
207,2020,48947.725068109,"seaweeds"
208,2020,4436.36,"seaweeds"
209,2020,38763119.9757247,"seaweeds"
210,2020,86831.8592499195,"seaweeds"
212,2020,0,"seaweeds"
213,2020,0,"seaweeds"
214,2020,0,"seaweeds"
215,2020,0,"seaweeds"
216,2020,38848226.3647364,"seaweeds"
218,2020,18773.32,"seaweeds"
219,2020,0,"seaweeds"
220,2020,0,"seaweeds"
221,2020,0,"seaweeds"
222,2020,1052.49,"seaweeds"
223,2020,5484.07,"seaweeds"
224,2020,270797.804290147,"seaweeds"
227,2020,0,"seaweeds"
228,2020,0,"seaweeds"
231,2020,2898.04975807382,"seaweeds"
232,2020,0,"seaweeds"
237,2020,0,"seaweeds"
244,2020,0,"seaweeds"
245,2020,0,"seaweeds"
247,2020,486.27,"seaweeds"
248,2020,0,"seaweeds"
249,2020,0,"seaweeds"
250,2020,0,"seaweeds"
1,2021,0,"seaweeds"
2,2021,0,"seaweeds"
3,2021,0,"seaweeds"
4,2021,0,"seaweeds"
5,2021,0,"seaweeds"
6,2021,0,"seaweeds"
7,2021,7991.95635009342,"seaweeds"
8,2021,0,"seaweeds"
9,2021,0,"seaweeds"
10,2021,0,"seaweeds"
11,2021,0,"seaweeds"
12,2021,0,"seaweeds"
13,2021,0,"seaweeds"
14,2021,2148.56,"seaweeds"
15,2021,5943392.83548451,"seaweeds"
16,2021,2059.83,"seaweeds"
17,2021,320.81419289795,"seaweeds"
18,2021,42.5807928755461,"seaweeds"
19,2021,0,"seaweeds"
20,2021,619210.990377297,"seaweeds"
21,2021,439627.702644224,"seaweeds"
24,2021,4036.89700895677,"seaweeds"
25,2021,3941.64,"seaweeds"
26,2021,0,"seaweeds"
28,2021,0,"seaweeds"
29,2021,0,"seaweeds"
30,2021,0,"seaweeds"
31,2021,0,"seaweeds"
32,2021,0,"seaweeds"
33,2021,0,"seaweeds"
34,2021,0,"seaweeds"
35,2021,0,"seaweeds"
36,2021,0,"seaweeds"
37,2021,3.01,"seaweeds"
38,2021,0,"seaweeds"
39,2021,0,"seaweeds"
40,2021,836.2429058753,"seaweeds"
41,2021,0,"seaweeds"
42,2021,23061.9428331439,"seaweeds"
43,2021,2037.55370716574,"seaweeds"
44,2021,0,"seaweeds"
45,2021,0,"seaweeds"
46,2021,0,"seaweeds"
47,2021,0,"seaweeds"
48,2021,0,"seaweeds"
49,2021,0,"seaweeds"
50,2021,0,"seaweeds"
51,2021,0,"seaweeds"
52,2021,27.22,"seaweeds"
53,2021,48.22,"seaweeds"
54,2021,1530.85,"seaweeds"
55,2021,0,"seaweeds"
56,2021,0,"seaweeds"
57,2021,0,"seaweeds"
58,2021,0,"seaweeds"
59,2021,4960.33,"seaweeds"
60,2021,0,"seaweeds"
61,2021,157.231425079203,"seaweeds"
62,2021,29154.46,"seaweeds"
63,2021,0,"seaweeds"
64,2021,0,"seaweeds"
65,2021,0,"seaweeds"
66,2021,0,"seaweeds"
67,2021,0,"seaweeds"
68,2021,0.09,"seaweeds"
69,2021,498.81,"seaweeds"
70,2021,35.49,"seaweeds"
71,2021,614.62,"seaweeds"
72,2021,29.94,"seaweeds"
73,2021,146101.706372949,"seaweeds"
74,2021,2.25,"seaweeds"
75,2021,329.83,"seaweeds"
76,2021,260.61,"seaweeds"
77,2021,0,"seaweeds"
78,2021,22.4,"seaweeds"
79,2021,1592,"seaweeds"
80,2021,222.03,"seaweeds"
81,2021,0,"seaweeds"
82,2021,1.9,"seaweeds"
84,2021,0,"seaweeds"
85,2021,0,"seaweeds"
86,2021,0,"seaweeds"
88,2021,0,"seaweeds"
89,2021,0,"seaweeds"
90,2021,0,"seaweeds"
91,2021,0,"seaweeds"
92,2021,0,"seaweeds"
93,2021,0,"seaweeds"
94,2021,0,"seaweeds"
95,2021,0,"seaweeds"
96,2021,0,"seaweeds"
97,2021,0.21,"seaweeds"
98,2021,0,"seaweeds"
99,2021,0,"seaweeds"
100,2021,0,"seaweeds"
101,2021,1.67,"seaweeds"
102,2021,5405.49399545922,"seaweeds"
103,2021,0,"seaweeds"
104,2021,0,"seaweeds"
105,2021,0,"seaweeds"
106,2021,0.4,"seaweeds"
107,2021,0,"seaweeds"
108,2021,0,"seaweeds"
110,2021,333.56,"seaweeds"
111,2021,0,"seaweeds"
112,2021,0,"seaweeds"
113,2021,0,"seaweeds"
114,2021,0,"seaweeds"
115,2021,7.49,"seaweeds"
116,2021,0,"seaweeds"
117,2021,0,"seaweeds"
118,2021,0,"seaweeds"
119,2021,21.1316101277937,"seaweeds"
120,2021,106.725303675726,"seaweeds"
121,2021,0,"seaweeds"
122,2021,1961.10947263256,"seaweeds"
123,2021,0,"seaweeds"
124,2021,0,"seaweeds"
125,2021,211.316101277937,"seaweeds"
126,2021,37.26,"seaweeds"
127,2021,137.355465830659,"seaweeds"
129,2021,15,"seaweeds"
130,2021,0.25,"seaweeds"
131,2021,0,"seaweeds"
132,2021,0,"seaweeds"
133,2021,201.5,"seaweeds"
134,2021,0,"seaweeds"
135,2021,3641.01,"seaweeds"
136,2021,0.36,"seaweeds"
137,2021,1323.87146877462,"seaweeds"
138,2021,39098.72,"seaweeds"
139,2021,53015.0347268383,"seaweeds"
140,2021,0,"seaweeds"
141,2021,501.039075521279,"seaweeds"
143,2021,8373.96,"seaweeds"
144,2021,0,"seaweeds"
145,2021,3.66,"seaweeds"
146,2021,0,"seaweeds"
147,2021,4.82,"seaweeds"
148,2021,0,"seaweeds"
149,2021,0,"seaweeds"
150,2021,0,"seaweeds"
151,2021,0,"seaweeds"
152,2021,0.421083319278499,"seaweeds"
153,2021,0,"seaweeds"
154,2021,0,"seaweeds"
155,2021,210.541659639249,"seaweeds"
156,2021,0,"seaweeds"
157,2021,0,"seaweeds"
158,2021,0,"seaweeds"
159,2021,0,"seaweeds"
161,2021,0,"seaweeds"
162,2021,1081.33,"seaweeds"
163,2021,27092.08,"seaweeds"
164,2021,303.687741352052,"seaweeds"
166,2021,109.24,"seaweeds"
167,2021,0,"seaweeds"
168,2021,0,"seaweeds"
169,2021,0,"seaweeds"
171,2021,14799.2783282109,"seaweeds"
172,2021,0,"seaweeds"
173,2021,1.8,"seaweeds"
174,2021,25.71,"seaweeds"
175,2021,11597.4,"seaweeds"
176,2021,16874.74,"seaweeds"
177,2021,12953.74,"seaweeds"
178,2021,1400.39,"seaweeds"
179,2021,14183.49,"seaweeds"
180,2021,12797.42,"seaweeds"
181,2021,40896.1,"seaweeds"
182,2021,54967.92,"seaweeds"
183,2021,7788.77,"seaweeds"
184,2021,18015.69,"seaweeds"
185,2021,0,"seaweeds"
186,2021,0,"seaweeds"
187,2021,52.4,"seaweeds"
188,2021,395.01,"seaweeds"
189,2021,2063.43,"seaweeds"
190,2021,0,"seaweeds"
191,2021,152.59,"seaweeds"
192,2021,0,"seaweeds"
193,2021,0,"seaweeds"
194,2021,0,"seaweeds"
195,2021,0,"seaweeds"
196,2021,0,"seaweeds"
197,2021,0,"seaweeds"
198,2021,0,"seaweeds"
199,2021,0,"seaweeds"
200,2021,0,"seaweeds"
202,2021,286702.00610706,"seaweeds"
203,2021,15402.0273878895,"seaweeds"
204,2021,255.731775497034,"seaweeds"
205,2021,176.11,"seaweeds"
206,2021,5309546.82058768,"seaweeds"
207,2021,47939.2621280391,"seaweeds"
208,2021,3055.14,"seaweeds"
209,2021,35651777.3518395,"seaweeds"
210,2021,68989.0331232434,"seaweeds"
212,2021,0,"seaweeds"
213,2021,0,"seaweeds"
214,2021,0,"seaweeds"
215,2021,5.7,"seaweeds"
216,2021,35318421.507354,"seaweeds"
218,2021,18542.48,"seaweeds"
219,2021,0,"seaweeds"
220,2021,0,"seaweeds"
221,2021,0,"seaweeds"
222,2021,1498.08,"seaweeds"
223,2021,5188.11,"seaweeds"
224,2021,156130.581083349,"seaweeds"
227,2021,0,"seaweeds"
228,2021,0,"seaweeds"
231,2021,2825.82790626974,"seaweeds"
232,2021,0,"seaweeds"
237,2021,0,"seaweeds"
244,2021,0,"seaweeds"
245,2021,0,"seaweeds"
247,2021,961.73,"seaweeds"
248,2021,0,"seaweeds"
249,2021,0,"seaweeds"
250,2021,0,"seaweeds"
1,2022,0,"seaweeds"
2,2022,0,"seaweeds"
3,2022,0,"seaweeds"
4,2022,0,"seaweeds"
5,2022,0,"seaweeds"
6,2022,0,"seaweeds"
7,2022,8078.22562507168,"seaweeds"
8,2022,0,"seaweeds"
9,2022,0,"seaweeds"
10,2022,0,"seaweeds"
11,2022,0,"seaweeds"
12,2022,0,"seaweeds"
13,2022,0,"seaweeds"
14,2022,2262.12,"seaweeds"
15,2022,6689582.16957183,"seaweeds"
16,2022,2493.61,"seaweeds"
17,2022,408.290193579727,"seaweeds"
18,2022,37.1172903254297,"seaweeds"
19,2022,0,"seaweeds"
20,2022,531826.282677443,"seaweeds"
21,2022,432037.239725914,"seaweeds"
24,2022,3953.77793955492,"seaweeds"
25,2022,5697.66,"seaweeds"
26,2022,0,"seaweeds"
28,2022,0,"seaweeds"
29,2022,0,"seaweeds"
30,2022,0,"seaweeds"
31,2022,0,"seaweeds"
32,2022,0,"seaweeds"
33,2022,0,"seaweeds"
34,2022,0,"seaweeds"
35,2022,0,"seaweeds"
36,2022,0,"seaweeds"
37,2022,1.73,"seaweeds"
38,2022,0,"seaweeds"
39,2022,0,"seaweeds"
40,2022,957.708112135247,"seaweeds"
41,2022,0,"seaweeds"
42,2022,59768.7969954425,"seaweeds"
43,2022,4005.63494432499,"seaweeds"
44,2022,0,"seaweeds"
45,2022,0,"seaweeds"
46,2022,0,"seaweeds"
47,2022,0,"seaweeds"
48,2022,0,"seaweeds"
49,2022,0,"seaweeds"
50,2022,0,"seaweeds"
51,2022,0,"seaweeds"
52,2022,19.6,"seaweeds"
53,2022,126.14,"seaweeds"
54,2022,908.63,"seaweeds"
55,2022,0,"seaweeds"
56,2022,0,"seaweeds"
57,2022,0,"seaweeds"
58,2022,0,"seaweeds"
59,2022,4577.12,"seaweeds"
60,2022,0,"seaweeds"
61,2022,370.24406814352,"seaweeds"
62,2022,28453.92,"seaweeds"
63,2022,0,"seaweeds"
64,2022,0,"seaweeds"
65,2022,0,"seaweeds"
66,2022,7.34,"seaweeds"
67,2022,0,"seaweeds"
68,2022,0,"seaweeds"
69,2022,633.68,"seaweeds"
70,2022,26.73,"seaweeds"
71,2022,432.17,"seaweeds"
72,2022,17.46,"seaweeds"
73,2022,129584.697350978,"seaweeds"
74,2022,1.09,"seaweeds"
75,2022,112.66,"seaweeds"
76,2022,205.37,"seaweeds"
77,2022,38.71,"seaweeds"
78,2022,20.48,"seaweeds"
79,2022,1353,"seaweeds"
80,2022,483.04,"seaweeds"
81,2022,10.88,"seaweeds"
82,2022,0.07,"seaweeds"
84,2022,0,"seaweeds"
85,2022,0,"seaweeds"
86,2022,0,"seaweeds"
88,2022,0,"seaweeds"
89,2022,0,"seaweeds"
90,2022,0,"seaweeds"
91,2022,0,"seaweeds"
92,2022,0,"seaweeds"
93,2022,0,"seaweeds"
94,2022,0,"seaweeds"
95,2022,0,"seaweeds"
96,2022,0,"seaweeds"
97,2022,0.06,"seaweeds"
98,2022,0,"seaweeds"
99,2022,0,"seaweeds"
100,2022,0,"seaweeds"
101,2022,0,"seaweeds"
102,2022,7742.53,"seaweeds"
103,2022,0,"seaweeds"
104,2022,0,"seaweeds"
105,2022,0,"seaweeds"
106,2022,0.22,"seaweeds"
107,2022,0,"seaweeds"
108,2022,0,"seaweeds"
110,2022,20,"seaweeds"
111,2022,0,"seaweeds"
112,2022,0,"seaweeds"
113,2022,0,"seaweeds"
114,2022,0,"seaweeds"
115,2022,4.82,"seaweeds"
116,2022,0,"seaweeds"
117,2022,0,"seaweeds"
118,2022,0,"seaweeds"
119,2022,17.4168289622473,"seaweeds"
120,2022,87.9637826376126,"seaweeds"
121,2022,0,"seaweeds"
122,2022,1593.63985004563,"seaweeds"
123,2022,0,"seaweeds"
124,2022,0,"seaweeds"
125,2022,197.918510934628,"seaweeds"
126,2022,24.11,"seaweeds"
127,2022,122.8,"seaweeds"
129,2022,20,"seaweeds"
130,2022,0.01,"seaweeds"
131,2022,0,"seaweeds"
132,2022,0,"seaweeds"
133,2022,0,"seaweeds"
134,2022,0,"seaweeds"
135,2022,3382.58,"seaweeds"
136,2022,0.71,"seaweeds"
137,2022,962.22,"seaweeds"
138,2022,72248.54,"seaweeds"
139,2022,120830.562422756,"seaweeds"
140,2022,0,"seaweeds"
141,2022,654.39620882895,"seaweeds"
143,2022,9423.45,"seaweeds"
144,2022,0,"seaweeds"
145,2022,0,"seaweeds"
146,2022,0,"seaweeds"
147,2022,0.05,"seaweeds"
148,2022,0,"seaweeds"
149,2022,0,"seaweeds"
150,2022,0,"seaweeds"
151,2022,0,"seaweeds"
152,2022,0.142442289186127,"seaweeds"
153,2022,0,"seaweeds"
154,2022,0,"seaweeds"
155,2022,76.39,"seaweeds"
156,2022,0,"seaweeds"
157,2022,0,"seaweeds"
158,2022,0,"seaweeds"
159,2022,0,"seaweeds"
161,2022,0,"seaweeds"
162,2022,350.71,"seaweeds"
163,2022,22146.24,"seaweeds"
164,2022,28.9540684763308,"seaweeds"
166,2022,19.25,"seaweeds"
167,2022,0,"seaweeds"
168,2022,0,"seaweeds"
169,2022,0,"seaweeds"
171,2022,6548.04394375045,"seaweeds"
172,2022,0,"seaweeds"
173,2022,0,"seaweeds"
174,2022,33.58,"seaweeds"
175,2022,8851.61,"seaweeds"
176,2022,16406.82,"seaweeds"
177,2022,14844.06,"seaweeds"
178,2022,1111.4,"seaweeds"
179,2022,14991.03,"seaweeds"
180,2022,15392.17,"seaweeds"
181,2022,38393.36,"seaweeds"
182,2022,58727.8,"seaweeds"
183,2022,3377.44,"seaweeds"
184,2022,19715.83,"seaweeds"
185,2022,0,"seaweeds"
186,2022,0,"seaweeds"
187,2022,22.01,"seaweeds"
188,2022,230.94,"seaweeds"
189,2022,2367.63,"seaweeds"
190,2022,0,"seaweeds"
191,2022,36.8,"seaweeds"
192,2022,0,"seaweeds"
193,2022,0,"seaweeds"
194,2022,0,"seaweeds"
195,2022,0.14,"seaweeds"
196,2022,0,"seaweeds"
197,2022,0,"seaweeds"
198,2022,0,"seaweeds"
199,2022,0,"seaweeds"
200,2022,0,"seaweeds"
202,2022,568650.895508959,"seaweeds"
203,2022,14189.4582196042,"seaweeds"
204,2022,262.371114249285,"seaweeds"
205,2022,78.81,"seaweeds"
206,2022,9074935.66242456,"seaweeds"
207,2022,35390.4403031854,"seaweeds"
208,2022,2353.22,"seaweeds"
209,2022,47633609.1377094,"seaweeds"
210,2022,58640.5448140993,"seaweeds"
212,2022,0,"seaweeds"
213,2022,0,"seaweeds"
214,2022,0,"seaweeds"
215,2022,0,"seaweeds"
216,2022,35555323.8471121,"seaweeds"
218,2022,16959.32,"seaweeds"
219,2022,0,"seaweeds"
220,2022,0,"seaweeds"
221,2022,0,"seaweeds"
222,2022,1121.72,"seaweeds"
223,2022,3361.23,"seaweeds"
224,2022,207211.83,"seaweeds"
227,2022,0,"seaweeds"
228,2022,0,"seaweeds"
231,2022,2767.64455768844,"seaweeds"
232,2022,0,"seaweeds"
237,2022,0,"seaweeds"
244,2022,0,"seaweeds"
245,2022,0,"seaweeds"
247,2022,679.55,"seaweeds"
248,2022,0,"seaweeds"
249,2022,0,"seaweeds"
250,2022,0,"seaweeds"
1,2023,0,"seaweeds"
2,2023,0,"seaweeds"
3,2023,0,"seaweeds"
4,2023,0,"seaweeds"
5,2023,0,"seaweeds"
6,2023,0,"seaweeds"
7,2023,361.675982216676,"seaweeds"
8,2023,0,"seaweeds"
9,2023,0,"seaweeds"
10,2023,0,"seaweeds"
11,2023,0,"seaweeds"
12,2023,0,"seaweeds"
13,2023,0,"seaweeds"
14,2023,2400.07587894699,"seaweeds"
15,2023,9020802.50930846,"seaweeds"
16,2023,1918.32,"seaweeds"
17,2023,334.824118167684,"seaweeds"
18,2023,178.885053342735,"seaweeds"
19,2023,0,"seaweeds"
20,2023,715367.817414581,"seaweeds"
21,2023,532631.206780445,"seaweeds"
24,2023,5070.09881801414,"seaweeds"
25,2023,5018.66,"seaweeds"
26,2023,0,"seaweeds"
28,2023,0,"seaweeds"
29,2023,0,"seaweeds"
30,2023,0,"seaweeds"
31,2023,0,"seaweeds"
32,2023,0,"seaweeds"
33,2023,0,"seaweeds"
34,2023,0,"seaweeds"
35,2023,0,"seaweeds"
36,2023,0,"seaweeds"
37,2023,0.41,"seaweeds"
38,2023,0,"seaweeds"
39,2023,0,"seaweeds"
40,2023,9431.89896701384,"seaweeds"
41,2023,0,"seaweeds"
42,2023,52002.2017386068,"seaweeds"
43,2023,2096.0381714439,"seaweeds"
44,2023,0,"seaweeds"
45,2023,0,"seaweeds"
46,2023,0,"seaweeds"
47,2023,0,"seaweeds"
48,2023,0,"seaweeds"
49,2023,0,"seaweeds"
50,2023,0,"seaweeds"
51,2023,0,"seaweeds"
52,2023,56,"seaweeds"
53,2023,61.32,"seaweeds"
54,2023,497.51,"seaweeds"
55,2023,0,"seaweeds"
56,2023,0,"seaweeds"
57,2023,0,"seaweeds"
58,2023,0,"seaweeds"
59,2023,4246.6,"seaweeds"
60,2023,0,"seaweeds"
61,2023,315.71,"seaweeds"
62,2023,37432.82,"seaweeds"
63,2023,0,"seaweeds"
64,2023,0,"seaweeds"
65,2023,0,"seaweeds"
66,2023,13.01,"seaweeds"
67,2023,0,"seaweeds"
68,2023,0,"seaweeds"
69,2023,920.87,"seaweeds"
70,2023,40.83,"seaweeds"
71,2023,533.29,"seaweeds"
72,2023,28.04,"seaweeds"
73,2023,131273.330206029,"seaweeds"
74,2023,1.09,"seaweeds"
75,2023,125.87,"seaweeds"
76,2023,268.28,"seaweeds"
77,2023,0.37,"seaweeds"
78,2023,5.53,"seaweeds"
79,2023,828.09,"seaweeds"
80,2023,456.37,"seaweeds"
81,2023,10.88,"seaweeds"
82,2023,2.13,"seaweeds"
84,2023,0,"seaweeds"
85,2023,0,"seaweeds"
86,2023,0,"seaweeds"
88,2023,0,"seaweeds"
89,2023,0,"seaweeds"
90,2023,0,"seaweeds"
91,2023,0,"seaweeds"
92,2023,0,"seaweeds"
93,2023,0,"seaweeds"
94,2023,0,"seaweeds"
95,2023,0,"seaweeds"
96,2023,0,"seaweeds"
97,2023,0.06,"seaweeds"
98,2023,0,"seaweeds"
99,2023,0,"seaweeds"
100,2023,0,"seaweeds"
101,2023,35.88,"seaweeds"
102,2023,4558.05,"seaweeds"
103,2023,0,"seaweeds"
104,2023,0,"seaweeds"
105,2023,0,"seaweeds"
106,2023,0.22,"seaweeds"
107,2023,0,"seaweeds"
108,2023,0,"seaweeds"
110,2023,20,"seaweeds"
111,2023,0,"seaweeds"
112,2023,0,"seaweeds"
113,2023,0,"seaweeds"
114,2023,0,"seaweeds"
115,2023,2.37,"seaweeds"
116,2023,0,"seaweeds"
117,2023,0,"seaweeds"
118,2023,0,"seaweeds"
119,2023,20.5135965946071,"seaweeds"
120,2023,103.604023205086,"seaweeds"
121,2023,0,"seaweeds"
122,2023,1672.87,"seaweeds"
123,2023,0,"seaweeds"
124,2023,0,"seaweeds"
125,2023,233.109052211444,"seaweeds"
126,2023,9.53,"seaweeds"
127,2023,133.338377864946,"seaweeds"
129,2023,14.13,"seaweeds"
130,2023,6.63,"seaweeds"
131,2023,0,"seaweeds"
132,2023,0,"seaweeds"
133,2023,33.61,"seaweeds"
134,2023,0,"seaweeds"
135,2023,3296.52,"seaweeds"
136,2023,1.76,"seaweeds"
137,2023,1226.4,"seaweeds"
138,2023,47376.73,"seaweeds"
139,2023,38005.5849638083,"seaweeds"
140,2023,0,"seaweeds"
141,2023,479.193700563624,"seaweeds"
143,2023,9124.26,"seaweeds"
144,2023,0,"seaweeds"
145,2023,0.17,"seaweeds"
146,2023,0,"seaweeds"
147,2023,0.05,"seaweeds"
148,2023,0,"seaweeds"
149,2023,0,"seaweeds"
150,2023,0,"seaweeds"
151,2023,0,"seaweeds"
152,2023,0.205380362129203,"seaweeds"
153,2023,0,"seaweeds"
154,2023,0,"seaweeds"
155,2023,38.35,"seaweeds"
156,2023,0,"seaweeds"
157,2023,0,"seaweeds"
158,2023,0,"seaweeds"
159,2023,0,"seaweeds"
161,2023,0,"seaweeds"
162,2023,154.18,"seaweeds"
163,2023,17130.81,"seaweeds"
164,2023,176.01768928926,"seaweeds"
166,2023,14.95,"seaweeds"
167,2023,0,"seaweeds"
168,2023,0,"seaweeds"
169,2023,0,"seaweeds"
171,2023,6631.67347234722,"seaweeds"
172,2023,0,"seaweeds"
173,2023,0,"seaweeds"
174,2023,14.86,"seaweeds"
175,2023,8260.8,"seaweeds"
176,2023,15581.51,"seaweeds"
177,2023,17252.69,"seaweeds"
178,2023,1153.85,"seaweeds"
179,2023,12572.43,"seaweeds"
180,2023,17312.77,"seaweeds"
181,2023,39252.57,"seaweeds"
182,2023,55955.12,"seaweeds"
183,2023,5001,"seaweeds"
184,2023,18402.78,"seaweeds"
185,2023,0,"seaweeds"
186,2023,0,"seaweeds"
187,2023,66.9,"seaweeds"
188,2023,273.54,"seaweeds"
189,2023,3182.12,"seaweeds"
190,2023,0,"seaweeds"
191,2023,139.74,"seaweeds"
192,2023,0,"seaweeds"
193,2023,0,"seaweeds"
194,2023,0,"seaweeds"
195,2023,0.14,"seaweeds"
196,2023,0,"seaweeds"
197,2023,0,"seaweeds"
198,2023,0,"seaweeds"
199,2023,0,"seaweeds"
200,2023,0,"seaweeds"
202,2023,387718.403688141,"seaweeds"
203,2023,23655.3751893664,"seaweeds"
204,2023,429.797173251941,"seaweeds"
205,2023,31.82,"seaweeds"
206,2023,7433575.63658718,"seaweeds"
207,2023,46505.6422993705,"seaweeds"
208,2023,1785.17,"seaweeds"
209,2023,51356843.6151853,"seaweeds"
210,2023,74637.5764024172,"seaweeds"
212,2023,0,"seaweeds"
213,2023,0,"seaweeds"
214,2023,0,"seaweeds"
215,2023,0,"seaweeds"
216,2023,48153762.4816965,"seaweeds"
218,2023,16414.02,"seaweeds"
219,2023,0,"seaweeds"
220,2023,0,"seaweeds"
221,2023,0,"seaweeds"
222,2023,1490.56,"seaweeds"
223,2023,3080.75,"seaweeds"
224,2023,185417.13,"seaweeds"
227,2023,0,"seaweeds"
228,2023,0,"seaweeds"
231,2023,3549.0691726099,"seaweeds"
232,2023,0,"seaweeds"
237,2023,0,"seaweeds"
244,2023,0,"seaweeds"
245,2023,0,"seaweeds"
247,2023,381.08,"seaweeds"
248,2023,0,"seaweeds"
249,2023,0,"seaweeds"
250,2023,0,"seaweeds"
