"rgn_id","year","pressure_score"
1,2000,0.000201803428093648
1,2001,0.000193243863426828
1,2002,0.000184411546878934
1,2003,0.00017532167611473
1,2004,0.00016598978501419
1,2005,0.000156334044647876
1,2006,0.00014753188365298
1,2007,0.000138195751215797
1,2008,0.000128547972704443
1,2009,0.000118348577387898
1,2010,0.000107812083423486
1,2011,9.67191025604161e-05
1,2012,8.52459649550029e-05
1,2013,7.33752153703753e-05
1,2014,6.11065182632438e-05
1,2015,4.83962966168038e-05
1,2016,3.52166669401082e-05
1,2017,2.16894843745163e-05
1,2018,7.79429754913462e-06
1,2019,0
1,2020,0
1,2021,1.10032975238126e-07
1,2022,0
2,2000,9.51169570332469e-05
2,2001,9.11096382520252e-05
2,2002,8.69706076809985e-05
2,2003,8.2707039376317e-05
2,2004,7.83262834607549e-05
2,2005,7.37897214885418e-05
2,2006,6.9656310756964e-05
2,2007,6.5267378090776e-05
2,2008,6.07279527915403e-05
2,2009,5.59246833208953e-05
2,2010,5.09589579858284e-05
2,2011,4.57293290979718e-05
2,2012,4.03163535312391e-05
2,2013,3.47118083698628e-05
2,2014,2.89155576932607e-05
2,2015,2.29070030718374e-05
2,2016,1.66736631698229e-05
2,2017,1.02719945971588e-05
2,2018,3.69233923473418e-06
2,2019,0
2,2020,0
2,2021,5.21543031379358e-08
2,2022,0
3,2000,0.00040074797246673
3,2001,0.000379044009960872
3,2002,0.00035733428968762
3,2003,0.000335648631141291
3,2004,0.000314016115014703
3,2005,0.000292282485026602
3,2006,0.000272361125556914
3,2007,0.000251995777146344
3,2008,0.000231593999559243
3,2009,0.000210721290561032
3,2010,0.000189762884668312
3,2011,0.000168117048600057
3,2012,0.00014636368438192
3,2013,0.000124471495189948
3,2014,0.000102439350129882
3,2015,8.01945591909645e-05
3,2016,5.76354174732326e-05
3,2017,3.50650599546629e-05
3,2018,1.24497404363351e-05
3,2019,0
3,2020,0
3,2021,1.71640447694225e-07
3,2022,0
4,2000,0
4,2001,0
4,2002,0
4,2003,0
4,2004,0
4,2005,0
4,2006,0
4,2007,0
4,2008,0
4,2009,0
4,2010,0
4,2011,0
4,2012,0
4,2013,0
4,2014,0
4,2015,0
4,2016,0
4,2017,0
4,2018,0
4,2019,0
4,2020,0
4,2021,0
4,2022,0
5,2000,0
5,2001,0
5,2002,0
5,2003,0
5,2004,0
5,2005,0
5,2006,0
5,2007,0
5,2008,0
5,2009,0
5,2010,0
5,2011,0
5,2012,0
5,2013,0
5,2014,0
5,2015,0
5,2016,0
5,2017,0
5,2018,0
5,2019,0
5,2020,0
5,2021,0
5,2022,0
6,2000,0.321992756883575
6,2001,0.325414011291456
6,2002,0.328753635827973
6,2003,0.332013882753238
6,2004,0.335199178137571
6,2005,0.339830792363123
6,2006,0.344756827840417
6,2007,0.34962378276797
6,2008,0.354433736205795
6,2009,0.359189177079522
6,2010,0.363949058382942
6,2011,0.368854844916329
6,2012,0.373695859623932
6,2013,0.378474792165562
6,2014,0.383193768435613
6,2015,0.387854782241907
6,2016,0.392576568896261
6,2017,0.397239810613922
6,2018,0.401844087576436
6,2019,0.406392127239855
6,2020,0.410885903088535
6,2021,0.412406521124423
6,2022,0.41392567409708
7,2000,0.398627426525553
7,2001,0.402268049787984
7,2002,0.405801567498857
7,2003,0.409232636123511
7,2004,0.412565580906091
7,2005,0.414468268378253
7,2006,0.41623902019059
7,2007,0.417885945831223
7,2008,0.419409790393177
7,2009,0.420814042599273
7,2010,0.42209887273753
7,2011,0.423303211285166
7,2012,0.424395761150001
7,2013,0.425378733926181
7,2014,0.426254251807925
7,2015,0.42702182897449
7,2016,0.427865159813101
7,2017,0.428938084291421
7,2018,0.430107978550119
7,2019,0.432204231630908
7,2020,0.434253289144202
7,2021,0.433653777974987
7,2022,0.429354474143956
8,2000,0.218537606161157
8,2001,0.215245807040785
8,2002,0.211770968660481
8,2003,0.208101112365375
8,2004,0.202080163734152
8,2005,0.195921984479475
8,2006,0.189425275504734
8,2007,0.182783259186814
8,2008,0.175983472991221
8,2009,0.16902274586162
8,2010,0.161886820691729
8,2011,0.154815734593332
8,2012,0.147525654868853
8,2013,0.140008463815559
8,2014,0.1322419497467
8,2015,0.124206172503202
8,2016,0.116152486000723
8,2017,0.10776307211519
8,2018,0.0989964766103313
8,2019,0.0898049219358227
8,2020,0.0801296011047725
8,2021,0.0693265362136713
8,2022,0.0580482856232198
9,2000,0.732492232245994
9,2001,0.723293578633439
9,2002,0.713575111079209
9,2003,0.703272014961323
9,2004,0.692306519631317
9,2005,0.680584201511602
9,2006,0.667589621184178
9,2007,0.653574998209035
9,2008,0.6383557905744
9,2009,0.621692143511116
9,2010,0.603264306735497
9,2011,0.583658379720766
9,2012,0.561215617317455
9,2013,0.534988875858657
9,2014,0.503459634003516
9,2015,0.463959746909464
9,2016,0.41180515465471
9,2017,0.412736551149786
9,2018,0.413662531283364
9,2019,0.414583156430523
9,2020,0.415498489174087
9,2021,0
9,2022,0
10,2000,0.799412999606322
10,2001,0.799529909322237
10,2002,0.799646407831453
10,2003,0.799762493259727
10,2004,0.799878167430885
10,2005,0.799993428290824
10,2006,0.79959842759229
10,2007,0.799202847948754
10,2008,0.798806689735837
10,2009,0.798409949776213
10,2010,0.798012628461925
10,2011,0.798519301749518
10,2012,0.799023480552046
10,2013,0.7995251826062
10,2014,0.800024426387556
10,2015,0.800521230162223
10,2016,0.800978593143834
10,2017,0.801433825755479
10,2018,0.802001226629655
10,2019,0.802566613238722
10,2020,0.803129997596048
10,2021,0.803129997596048
10,2022,0.802751189166716
11,2000,0.504575132027152
11,2001,0.525538695842591
11,2002,0.523675564040164
11,2003,0.521809638460078
11,2004,0.519940934831441
11,2005,0.51807330200824
11,2006,0.516628275603584
11,2007,0.516626389789318
11,2008,0.521481178594337
11,2009,0.526280250003266
11,2010,0.531015972248389
11,2011,0.535802086960502
11,2012,0.540538607869641
11,2013,0.545229264786613
11,2014,0.549866605276086
11,2015,0.554452321024324
11,2016,0.558810967025175
11,2017,0.563116317513613
11,2018,0.567363189300784
11,2019,0.571555986091295
11,2020,0.571298925990985
11,2021,0.570934565763529
11,2022,0.570621215824516
12,2000,0
12,2001,0
12,2002,0
12,2003,0
12,2004,0
12,2005,0
12,2006,0
12,2007,0
12,2008,0
12,2009,0
12,2010,0
12,2011,0
12,2012,0
12,2013,0
12,2014,0
12,2015,0
12,2016,0
12,2017,0
12,2018,0
12,2019,0
12,2020,0
12,2021,0
12,2022,0
13,2000,0.559671813876237
13,2001,0.557834455398731
13,2002,0.555501329625246
13,2003,0.553103407624867
13,2004,0.550644688872577
13,2005,0.548131271260092
13,2006,0.544398648748246
13,2007,0.540626309926757
13,2008,0.536821173363209
13,2009,0.532999999399025
13,2010,0.529056286510135
13,2011,0.528706783845554
13,2012,0.528999258641371
13,2013,0.529253037981774
13,2014,0.529476957838994
13,2015,0.529658280668017
13,2016,0.529743562550491
13,2017,0.529811235040314
13,2018,0.529873115910872
13,2019,0.529920110258369
13,2020,0.529935810625537
13,2021,0.528466949129006
13,2022,0.527081938138449
14,2000,0.777125910069122
14,2001,0.775219434043299
14,2002,0.766550939011033
14,2003,0.762409407607765
14,2004,0.758147329290788
14,2005,0.753773616347825
14,2006,0.74893689844684
14,2007,0.742035580960856
14,2008,0.734860200654985
14,2009,0.727338272175148
14,2010,0.719441922189361
14,2011,0.710771840314508
14,2012,0.701691971053643
14,2013,0.692140940960396
14,2014,0.682055620674816
14,2015,0.671372581825808
14,2016,0.659785636670817
14,2017,0.647412541184331
14,2018,0.634138144555286
14,2019,0.620195569854665
14,2020,0.609706862593595
14,2021,0.598624087738129
14,2022,0.586909510217542
15,2000,0.74282636202348
15,2001,0.744139187421544
15,2002,0.745360641094799
15,2003,0.746492515405162
15,2004,0.747536427114763
15,2005,0.748493823144187
15,2006,0.748880707536016
15,2007,0.74629709911515
15,2008,0.74345277389199
15,2009,0.740330609878584
15,2010,0.736884186709994
15,2011,0.733229987260452
15,2012,0.729248178054719
15,2013,0.724913970875323
15,2014,0.720200519164532
15,2015,0.715074619352849
15,2016,0.709510728783758
15,2017,0.703448407559936
15,2018,0.696839020324809
15,2019,0.689626226387309
15,2020,0.681742386930361
15,2021,0.670946417583673
15,2022,0.659332080026644
16,2000,0.000310891672918002
16,2001,0.000297737779598541
16,2002,0.000284173576009005
16,2003,0.0002701989566945
16,2004,0.00025581381434852
16,2005,0.000241018037187533
16,2006,0.000227399432542871
16,2007,0.00021311717371939
16,2008,0.000198171082145538
16,2009,0.000182560971048863
16,2010,0.000166286645201957
16,2011,0.000149238705867095
16,2012,0.000131555042549742
16,2013,0.000113235443587673
16,2014,9.42796897015104e-05
16,2015,7.46875538770428e-05
16,2016,5.43793622520222e-05
16,2017,3.34966126839709e-05
16,2018,1.20390794313189e-05
16,2019,0
16,2020,0
16,2021,0
16,2022,0
17,2000,0.381361890670816
17,2001,0.384174932920005
17,2002,0.386936595237052
17,2003,0.389651700831469
17,2004,0.39232260515873
17,2005,0.394744025789069
17,2006,0.397036880639768
17,2007,0.399290392720529
17,2008,0.401505735091
17,2009,0.403793622558798
17,2010,0.406047770582695
17,2011,0.4079934555201
17,2012,0.409914063111733
17,2013,0.411801088567917
17,2014,0.413655649873812
17,2015,0.415478838669628
17,2016,0.4170209132347
17,2017,0.41853927812077
17,2018,0.42003413135144
17,2019,0.421506977916522
17,2020,0.422958631455335
17,2021,0.422889181463266
17,2022,0.422810307018906
18,2000,0.291886619113056
18,2001,0.291645508469307
18,2002,0.291400974872267
18,2003,0.284661888404036
18,2004,0.277654626008486
18,2005,0.27036102787157
18,2006,0.267056408452877
18,2007,0.26372381648169
18,2008,0.260244831845605
18,2009,0.256730509440469
18,2010,0.253215485031587
18,2011,0.249534748446568
18,2012,0.245869517264821
18,2013,0.242229589910862
18,2014,0.238618524629125
18,2015,0.23504326515374
18,2016,0.231270582038661
18,2017,0.227555909003549
18,2018,0.223906495786155
18,2019,0.220330993613752
18,2020,0.2226105033612
18,2021,0.22794606279252
18,2022,0.233115995443824
19,2000,0.606815310880453
19,2001,0.604522847139673
19,2002,0.602178807551082
19,2003,0.599644401776836
19,2004,0.597003588077
19,2005,0.594331138516213
19,2006,0.593492937726679
19,2007,0.592727256380479
19,2008,0.59203541576827
19,2009,0.591419547973669
19,2010,0.590880100181303
19,2011,0.590278997099822
19,2012,0.589756400066984
19,2013,0.589313141547911
19,2014,0.58894975596647
19,2015,0.588664174011698
19,2016,0.588754030956979
19,2017,0.588915438695556
19,2018,0.589145966308669
19,2019,0.5894429484514
19,2020,0.58980373038021
19,2021,0.589657916966203
19,2022,0.589572419341903
20,2000,0
20,2001,0
20,2002,0
20,2003,0
20,2004,0
20,2005,0
20,2006,0
20,2007,0
20,2008,0.0112828598457499
20,2009,0.0250852127321947
20,2010,0.0379471697664031
20,2011,0.0499531390199831
20,2012,0.0612345829846769
20,2013,0.0718793443320822
20,2014,0.0819601102126072
20,2015,0.0915377118859335
20,2016,0.100602394227317
20,2017,0.109252471955237
20,2018,0.117526773812538
20,2019,0.125458881033682
20,2020,0.133078032945929
20,2021,0.139991727668866
20,2022,0.146617652616461
21,2000,0.728066167507491
21,2001,0.725862599693208
21,2002,0.714820286428409
21,2003,0.715960513549415
21,2004,0.717090785579273
21,2005,0.718212931988797
21,2006,0.718942845782173
21,2007,0.715308917783258
21,2008,0.711519045083887
21,2009,0.707486198247139
21,2010,0.703239039753647
21,2011,0.698745580440476
21,2012,0.694035143723021
21,2013,0.689093678114325
21,2014,0.683901812468476
21,2015,0.678440331822602
21,2016,0.672597858965324
21,2017,0.666410889258666
21,2018,0.659842421047428
21,2019,0.653471362844261
21,2020,0.653638314187581
21,2021,0.653141515076002
21,2022,0.652618268260947
24,2000,0.649116507612469
24,2001,0.649396192223462
24,2002,0.646664944554375
24,2003,0.643682200180582
24,2004,0.640431565774664
24,2005,0.636895593742441
24,2006,0.632441921920612
24,2007,0.627675975870193
24,2008,0.622532864403344
24,2009,0.616808978135704
24,2010,0.610671045403801
24,2011,0.603718422616977
24,2012,0.596269001102803
24,2013,0.588266788778376
24,2014,0.579641537104278
24,2015,0.570312429936647
24,2016,0.559004268998479
24,2017,0.546783668271925
24,2018,0.533489526426442
24,2019,0.518925993885026
24,2020,0.502834147586651
24,2021,0.484928701616859
24,2022,0.465658488612077
25,2000,0.465502822636159
25,2001,0.463759132694696
25,2002,0.46161281390211
25,2003,0.459035068546776
25,2004,0.455994318185177
25,2005,0.452448621006747
25,2006,0.44756227854624
25,2007,0.442108333102507
25,2008,0.436021813543939
25,2009,0.42922093958693
25,2010,0.421612456763121
25,2011,0.413187921126213
25,2012,0.403663075903791
25,2013,0.392912469115725
25,2014,0.380706126786248
25,2015,0.366737467719775
25,2016,0.350532820354798
25,2017,0.332822828596678
25,2018,0.312248297663802
25,2019,0.29109247348846
25,2020,0.266092654157085
25,2021,0.233399209123968
25,2022,0.232370994582122
26,2000,0.468322566850078
26,2001,0.465749827484385
26,2002,0.462605154318315
26,2003,0.459039350142349
26,2004,0.455313680845166
26,2005,0.451366053940344
26,2006,0.447044835001919
26,2007,0.442245685187283
26,2008,0.437211598974423
26,2009,0.431911781607957
26,2010,0.426349639527093
26,2011,0.420238750462853
26,2012,0.413828786590754
26,2013,0.407095310693467
26,2014,0.400006694690438
26,2015,0.392528163733599
26,2016,0.384483623747001
26,2017,0.375985126812026
26,2018,0.366961295119575
26,2019,0.357439741916121
26,2020,0.347270934457611
26,2021,0.336066964352445
26,2022,0.325861440196225
28,2000,0.865083532781569
28,2001,0.866353824526201
28,2002,0.868897279952975
28,2003,0.871442249714462
28,2004,0.873994924629287
28,2005,0.876555546356342
28,2006,0.879587555675089
28,2007,0.882619258862723
28,2008,0.885658388081917
28,2009,0.888711335261948
28,2010,0.891784043994684
28,2011,0.895313828780795
28,2012,0.898855037100709
28,2013,0.90241359977812
28,2014,0.905995891536124
28,2015,0.907325097280247
28,2016,0.911042835136914
28,2017,0.914668294513544
28,2018,0.918205410320127
28,2019,0.921657183108456
28,2020,0.922167926499013
28,2021,0.921353168602006
28,2022,0.92053421978516
29,2000,0.839406462699399
29,2001,0.837047513408904
29,2002,0.834050243274712
29,2003,0.830378583291806
29,2004,0.825986146409864
29,2005,0.820814086908446
29,2006,0.792500898574021
29,2007,0.797672014608975
29,2008,0.802680446578683
29,2009,0.807536120419888
29,2010,0.81224807497941
29,2011,0.795469154500651
29,2012,0.775199801315823
29,2013,0.750201133939418
29,2014,0.718377247431977
29,2015,0.675750291328862
29,2016,0.613451907688532
29,2017,0.500912332820279
29,2018,0
29,2019,0
29,2020,0
29,2021,0
29,2022,0
30,2000,0
30,2001,0
30,2002,0
30,2003,0
30,2004,0
30,2005,0
30,2006,0
30,2007,0
30,2008,0
30,2009,0
30,2010,0
30,2011,0
30,2012,0
30,2013,0
30,2014,0
30,2015,0
30,2016,0
30,2017,0
30,2018,0
30,2019,0
30,2020,0
30,2021,0
30,2022,0
31,2000,0.343146444512048
31,2001,0.338104018795514
31,2002,0.332598704811252
31,2003,0.326586778223859
31,2004,0.320016472793373
31,2005,0.31282600275474
31,2006,0.303957605779065
31,2007,0.294349627853884
31,2008,0.283893411136634
31,2009,0.27245374339537
31,2010,0.259859460717981
31,2011,0.245637625523334
31,2012,0.229765875984596
31,2013,0.211850888727674
31,2014,0.191338412154813
31,2015,0.167411454408605
31,2016,0.157364778404952
31,2017,0.156470709630496
31,2018,0.155564487288064
31,2019,0
31,2020,0
31,2021,0
31,2022,0
32,2000,0.219019935549788
32,2001,0.210787402322551
32,2002,0.212493888761637
32,2003,0.214182277673994
32,2004,0.21585295022954
32,2005,0.217506274597675
32,2006,0.215375131841713
32,2007,0.213149388956722
32,2008,0.210825438181694
32,2009,0.208399387496888
32,2010,0.205867036897841
32,2011,0.202997041384592
32,2012,0.200018195298359
32,2013,0.196925285080575
32,2014,0.193712666150593
32,2015,0.190374214445529
32,2016,0.186905072009936
32,2017,0.183296125009331
32,2018,0.179539450511641
32,2019,0.175626377890278
32,2020,0.171547387612156
32,2021,0.166582276312082
32,2022,0.166582276312082
33,2000,0
33,2001,0
33,2002,0
33,2003,0
33,2004,0
33,2005,0
33,2006,0
33,2007,0
33,2008,0
33,2009,0
33,2010,0
33,2011,0
33,2012,0
33,2013,0
33,2014,0
33,2015,0
33,2016,0
33,2017,0
33,2018,0
33,2019,0
33,2020,0
33,2021,0
33,2022,0
34,2000,0
34,2001,0
34,2002,0
34,2003,0
34,2004,0
34,2005,0
34,2006,0
34,2007,0
34,2008,0
34,2009,0
34,2010,0
34,2011,0
34,2012,0
34,2013,0
34,2014,0
34,2015,0
34,2016,0
34,2017,0
34,2018,0
34,2019,0
34,2020,0
34,2021,0
34,2022,0
35,2000,0
35,2001,0
35,2002,0
35,2003,0
35,2004,0
35,2005,0
35,2006,0
35,2007,0
35,2008,0
35,2009,0
35,2010,0
35,2011,0
35,2012,0
35,2013,0
35,2014,0
35,2015,0
35,2016,0
35,2017,0
35,2018,0
35,2019,0
35,2020,0
35,2021,0
35,2022,0
36,2000,0
36,2001,0
36,2002,0
36,2003,0
36,2004,0
36,2005,0
36,2006,0
36,2007,0
36,2008,0
36,2009,0
36,2010,0
36,2011,0
36,2012,0
36,2013,0
36,2014,0
36,2015,0
36,2016,0
36,2017,0
36,2018,0
36,2019,0
36,2020,0
36,2021,0
36,2022,0
37,2000,0.646526188471341
37,2001,0.640909937702097
37,2002,0.634978429899339
37,2003,0.628701951530618
37,2004,0.622046830598531
37,2005,0.614973804785668
37,2006,0.607161945066619
37,2007,0.598837344830093
37,2008,0.589937836461463
37,2009,0.58038719596543
37,2010,0.570094585459519
37,2011,0.558930889030777
37,2012,0.546996501459037
37,2013,0.534434341725725
37,2014,0.535222474486607
37,2015,0.536007480971381
37,2016,0.536613141088487
37,2017,0.537211954166381
37,2018,0.488495563978247
37,2019,0.471843110705914
37,2020,0.453128977122694
37,2021,0.431370593715444
37,2022,0.406160750342635
38,2000,0
38,2001,0
38,2002,0
38,2003,0
38,2004,0
38,2005,0
38,2006,0
38,2007,0
38,2008,0
38,2009,0
38,2010,0
38,2011,0
38,2012,0
38,2013,0
38,2014,0
38,2015,0
38,2016,0
38,2017,0
38,2018,0
38,2019,0
38,2020,0
38,2021,0
38,2022,0
39,2000,0.86730519733598
39,2001,0.860922282629396
39,2002,0.854071837937764
39,2003,0.846722614995255
39,2004,0.838831383480117
39,2005,0.830359085854684
39,2006,0.821947626604725
39,2007,0.813914863115509
39,2008,0.80360625376462
39,2009,0.792144934276214
39,2010,0.779321121148047
39,2011,0.765184683400482
39,2012,0.749026136411074
39,2013,0.73033025179127
39,2014,0.708329121630104
39,2015,0.68277814159845
39,2016,0.654078780810632
39,2017,0.618045294415173
39,2018,0.570075320282017
39,2019,0.499086272576791
39,2020,0.394106116293087
39,2021,0.251862615822776
39,2022,0.251701821726049
40,2000,0.69733955331922
40,2001,0.693008862558987
40,2002,0.688448319871881
40,2003,0.683640928426366
40,2004,0.67856710005602
40,2005,0.67320485165146
40,2006,0.667460950429877
40,2007,0.661376346717952
40,2008,0.65491855188171
40,2009,0.6480498300332
40,2010,0.640726312977997
40,2011,0.632676909391492
40,2012,0.624063205619426
40,2013,0.614812834820615
40,2014,0.604837119980778
40,2015,0.594027486039898
40,2016,0.582162996471652
40,2017,0.569159852364233
40,2018,0.554797625119259
40,2019,0.538784864659662
40,2020,0.520725126243704
40,2021,0.499410171760178
40,2022,0.474676470525744
41,2000,0.66456582618767
41,2001,0.666215029927835
41,2002,0.667708745085251
41,2003,0.66908695859097
41,2004,0.670350557671349
41,2005,0.67150131456703
41,2006,0.672635453458259
41,2007,0.673655383364003
41,2008,0.674377390760599
41,2009,0.674956834427715
41,2010,0.675407055924337
41,2011,0.675912228229384
41,2012,0.676281328475762
41,2013,0.6765136019572
41,2014,0.676607980530662
41,2015,0.676563060709806
41,2016,0.676360601747334
41,2017,0.67601644382364
41,2018,0.675527345189045
41,2019,0.674887783210635
41,2020,0.674095171518784
41,2021,0.670933809504121
41,2022,0.667691834487068
42,2000,0.555919665360361
42,2001,0.561097180387563
42,2002,0.566056850819198
42,2003,0.570812438171745
42,2004,0.575378261370995
42,2005,0.579723124961898
42,2006,0.584473763403944
42,2007,0.589027148147991
42,2008,0.593395078401524
42,2009,0.597589177662694
42,2010,0.601619055365908
42,2011,0.606147339269028
42,2012,0.610488974472327
42,2013,0.614655110580319
42,2014,0.618655531390155
42,2015,0.622499606989878
42,2016,0.626789876831323
42,2017,0.630904458742033
42,2018,0.634853241525492
42,2019,0.638645581244818
42,2020,0.642289273061958
42,2021,0.641329178994189
42,2022,0.640357592037874
43,2000,0.68367832809918
43,2001,0.687231093023166
43,2002,0.690548193907528
43,2003,0.693752534457676
43,2004,0.69684909890996
43,2005,0.69984259741524
43,2006,0.703146263236093
43,2007,0.706335360175566
43,2008,0.709414910948744
43,2009,0.712389700419315
43,2010,0.715263885109025
43,2011,0.718330174694254
43,2012,0.721289747838565
43,2013,0.72414671985254
43,2014,0.726905192863133
43,2015,0.729568735912424
43,2016,0.732049812796439
43,2017,0.734446290067247
43,2018,0.736760702105154
43,2019,0.73899570087007
43,2020,0.741153350057392
43,2021,0.740142252995378
43,2022,0.739117170095377
44,2000,0.470245032444445
44,2001,0.473460803788586
44,2002,0.476549669877889
44,2003,0.479224420359771
44,2004,0.48177734467148
44,2005,0.483760315146723
44,2006,0.485702685854512
44,2007,0.490159786883028
44,2008,0.491191909412217
44,2009,0.492048382743309
44,2010,0.492729370241308
44,2011,0.493524006410484
44,2012,0.495058199969204
44,2013,0.496447752641597
44,2014,0.497693753112606
44,2015,0.498797768546613
44,2016,0.500944565704445
44,2017,0.502894901396696
44,2018,0.50465363640904
44,2019,0.506227374441793
44,2020,0.507619745453306
44,2021,0.504867791142225
44,2022,0.504395255621108
45,2000,0.507025547379872
45,2001,0.512475891959094
45,2002,0.517716950920923
45,2003,0.522765833822291
45,2004,0.527637600437007
45,2005,0.532346664665998
45,2006,0.535845750864442
45,2007,0.539264398946033
45,2008,0.54260721403529
45,2009,0.546014791198467
45,2010,0.549350192450802
45,2011,0.552897422674532
45,2012,0.556367984812318
45,2013,0.559861691869085
45,2014,0.563271212245982
45,2015,0.56659990845484
45,2016,0.570592485821798
45,2017,0.5735167482243
45,2018,0.577071712373475
45,2019,0.580528826031472
45,2020,0.583892684129465
45,2021,0.583480747995561
45,2022,0.583067743278791
46,2000,0.530212927998721
46,2001,0.532327152605944
46,2002,0.534411927031464
46,2003,0.536468064267651
46,2004,0.538496307134179
46,2005,0.536705815802256
46,2006,0.534623547708648
46,2007,0.532428951353312
46,2008,0.53011819522559
46,2009,0.527688753310078
46,2010,0.525117179583512
46,2011,0.522522737745056
46,2012,0.519769765158716
46,2013,0.516847882683365
46,2014,0.51375168906871
46,2015,0.510464751195915
46,2016,0.506996418140078
46,2017,0.503317067172004
46,2018,0.499412634674782
46,2019,0.495267340661705
46,2020,0.496570267193342
46,2021,0.496162789617944
46,2022,0.495733167382691
47,2000,0.557730329712605
47,2001,0.561583766906106
47,2002,0.565280828333506
47,2003,0.567859122343746
47,2004,0.570308943070828
47,2005,0.57317614008624
47,2006,0.576528785197304
47,2007,0.579769421500126
47,2008,0.58290680117298
47,2009,0.585949070146616
47,2010,0.588903830450623
47,2011,0.59199928543328
47,2012,0.595011202347844
47,2013,0.597945106349422
47,2014,0.600810537750863
47,2015,0.603612104061597
47,2016,0.605655087477879
47,2017,0.607622274667734
47,2018,0.609520111080942
47,2019,0.611352033482519
47,2020,0.613123984537365
47,2021,0.61148896937889
47,2022,0.610631758193818
48,2000,0.209349093556359
48,2001,0.212171980041873
48,2002,0.206442330276754
48,2003,0.20007664850337
48,2004,0.192468358479392
48,2005,0.18368739370845
48,2006,0.175469132486058
48,2007,0.166116208920598
48,2008,0.155462830558115
48,2009,0.143293987464182
48,2010,0.129313627314121
48,2011,0.11815271787869
48,2012,0.102040625284007
48,2013,0.0804071646423158
48,2014,0.0588377210921033
48,2015,0.0468712765992713
48,2016,0.0473779755812094
48,2017,0.047883845893715
48,2018,0.0483891418936341
48,2019,0.0488934928503423
48,2020,0.0493969103523787
48,2021,0.0493849830894011
48,2022,0.0493740216138267
49,2000,0.463206281046052
49,2001,0.471193692508814
49,2002,0.478796525595952
49,2003,0.486049985570156
49,2004,0.492984653946633
49,2005,0.497342215001468
49,2006,0.502603842605647
49,2007,0.507306742195031
49,2008,0.511625048715929
49,2009,0.515569650682927
49,2010,0.519159740140469
49,2011,0.523329062366546
49,2012,0.527102690802122
49,2013,0.530499722883797
49,2014,0.533537371014616
49,2015,0.536227496500838
49,2016,0.540160665970572
49,2017,0.546946116264351
49,2018,0.553415499904886
49,2019,0.559593458996432
49,2020,0.56550009359752
49,2021,0.558333104863003
49,2022,0.555684044106279
50,2000,0.235887787926601
50,2001,0.23938524142238
50,2002,0.242797020920167
50,2003,0.246125841437297
50,2004,0.249376628587322
50,2005,0.252549611828896
50,2006,0.255675804137429
50,2007,0.258732372609648
50,2008,0.261721361801439
50,2009,0.264648537870587
50,2010,0.267513620505651
50,2011,0.270284113065671
50,2012,0.272997291921699
50,2013,0.27565321738138
50,2014,0.278255896507101
50,2015,0.280807315185502
50,2016,0.282758386134156
50,2017,0.284678636113528
50,2018,0.286567462014948
50,2019,0.288427891527902
50,2020,0.290258794702112
50,2021,0.290025483842192
50,2022,0.289791818307339
51,2000,0
51,2001,0
51,2002,0
51,2003,0
51,2004,0
51,2005,0
51,2006,0
51,2007,0
51,2008,0
51,2009,0
51,2010,0
51,2011,0
51,2012,0
51,2013,0
51,2014,0
51,2015,0
51,2016,0
51,2017,0
51,2018,0
51,2019,0
51,2020,0
51,2021,0
51,2022,0
52,2000,0.0788560162266764
52,2001,0.0777195762725802
52,2002,0.0760144507345155
52,2003,0.0737222367398564
52,2004,0.0708174593528908
52,2005,0.0672665832687292
52,2006,0.0652401496356299
52,2007,0.0619840862838808
52,2008,0.0574216850963919
52,2009,0.0514390941124996
52,2010,0.0438750238567738
52,2011,0.0332105882192795
52,2012,0.0213218878456185
52,2013,0.00797493581946125
52,2014,0
52,2015,0
52,2016,0
52,2017,0
52,2018,0
52,2019,0
52,2020,0
52,2021,0
52,2022,0
53,2000,0.835857357161793
53,2001,0.834617529313424
53,2002,0.83320055152738
53,2003,0.831604950784307
53,2004,0.829825193447836
53,2005,0.827857299741941
53,2006,0.826016928097895
53,2007,0.823980703941406
53,2008,0.821744093849858
53,2009,0.819300545136335
53,2010,0.816641447673777
53,2011,0.814105996310274
53,2012,0.811323538377002
53,2013,0.808285842629975
53,2014,0.804978709905956
53,2015,0.801388372790158
53,2016,0.797550100510867
53,2017,0.793393850360238
53,2018,0.788881915756216
53,2019,0.783989653757528
53,2020,0.7786898162823
53,2021,0.77023815656389
53,2022,0.761359092026128
54,2000,0.0747840014444701
54,2001,0.0809005611868992
54,2002,0.086837920233758
54,2003,0.092605570194054
54,2004,0.0982137140520068
54,2005,0.103669118637294
54,2006,0.117052040763
54,2007,0.129485558282094
54,2008,0.141095076396545
54,2009,0.151987203791992
54,2010,0.162244489311795
54,2011,0.165001933196296
54,2012,0.167718740791083
54,2013,0.17039583103754
54,2014,0.173034965476983
54,2015,0.175634541562385
54,2016,0.177865944646945
54,2017,0.18006992266226
54,2018,0.182243492354435
54,2019,0.184390940548871
54,2020,0.186510684988193
54,2021,0.186800725060423
54,2022,0.187081944341664
55,2000,0.227358220553331
55,2001,0.223473173017828
55,2002,0.219988762358084
55,2003,0.216450841165728
55,2004,0.212857730695435
55,2005,0.208870838466083
55,2006,0.205615823009359
55,2007,0.201314249530061
55,2008,0.19692928400335
55,2009,0.192460508926931
55,2010,0.187902156588684
55,2011,0.182546089062927
55,2012,0.177111218132924
55,2013,0.171599432970247
55,2014,0.166004963831957
55,2015,0.159309338726462
55,2016,0.15285897089738
55,2017,0.146275781753334
55,2018,0.139724535597857
55,2019,0.136462045201565
55,2020,0.133818046262847
55,2021,0.133839838758802
55,2022,0.137854262436413
56,2000,0.671332415360273
56,2001,0.667869800295002
56,2002,0.664176345612514
56,2003,0.660242128015438
56,2004,0.656051354775849
56,2005,0.651591583623068
56,2006,0.645580267253565
56,2007,0.639289930444628
56,2008,0.632693769548747
56,2009,0.625769799993052
56,2010,0.618494174762289
56,2011,0.611982991606821
56,2012,0.604830010866581
56,2013,0.597135310948798
56,2014,0.588836124866302
56,2015,0.579857062568704
56,2016,0.570240230979716
56,2017,0.559739515582546
56,2018,0.548213325023286
56,2019,0.535484587838523
56,2020,0.521319188290049
56,2021,0.503634634341982
56,2022,0.503255487335313
57,2000,0.385440209683558
57,2001,0.380514731619153
57,2002,0.376054091714147
57,2003,0.371512412178486
57,2004,0.366886148803732
57,2005,0.361758170315795
57,2006,0.357512964967999
57,2007,0.351953461100265
57,2008,0.346257937921917
57,2009,0.340422430942465
57,2010,0.334435893883587
57,2011,0.327400760604425
57,2012,0.320200599833301
57,2013,0.312831610068915
57,2014,0.30527940325793
57,2015,0.29617775354344
57,2016,0.287301356851785
57,2017,0.278120151048389
57,2018,0.268846935660811
57,2019,0.264073921699748
57,2020,0.260140171911984
57,2021,0.260171022815985
57,2022,0.2658246194168
58,2000,0.333065116630261
58,2001,0.331123875010206
58,2002,0.329549565353661
58,2003,0.327819793146617
58,2004,0.325933640080046
58,2005,0.323489285564737
58,2006,0.3219846588742
58,2007,0.319138858962012
58,2008,0.316094690460934
58,2009,0.312849308979661
58,2010,0.309392764405669
58,2011,0.30389531508655
58,2012,0.298226446035385
58,2013,0.292381397083186
58,2014,0.286344914227439
58,2015,0.278778380418432
58,2016,0.271585861524305
58,2017,0.264068400029228
58,2018,0.256431990499485
58,2019,0.253188780639809
58,2020,0.250753810967444
58,2021,0.250784207614255
58,2022,0.256356006570105
59,2000,0.224451648667343
59,2001,0.224990366945976
59,2002,0.225526427235729
59,2003,0.22606270051545
59,2004,0.226593919914549
59,2005,0.227124855452908
59,2006,0.227814962943258
59,2007,0.228500872543895
59,2008,0.229183787306083
59,2009,0.229862123762629
59,2010,0.230571958225141
59,2011,0.231271125924669
59,2012,0.231965747643569
59,2013,0.232658879482685
59,2014,0.233347626129323
59,2015,0.234034693428776
59,2016,0.234631113322429
59,2017,0.235228537902992
59,2018,0.235821992651289
59,2019,0.236412917453942
59,2020,0.237004325467863
59,2021,0.237001130074762
59,2022,0.236999706373536
60,2000,0
60,2001,0
60,2002,0
60,2003,0
60,2004,0
60,2005,0
60,2006,0
60,2007,0
60,2008,0
60,2009,0
60,2010,0
60,2011,0
60,2012,0
60,2013,0
60,2014,0
60,2015,0
60,2016,0
60,2017,0
60,2018,0
60,2019,0
60,2020,0
60,2021,0
60,2022,0
61,2000,0.611035864014726
61,2001,0.607827765619093
61,2002,0.601953967233824
61,2003,0.595676692521518
61,2004,0.589010946328296
61,2005,0.58209715850586
61,2006,0.575099148126563
61,2007,0.56749633473756
61,2008,0.559212542604928
61,2009,0.550159130180851
61,2010,0.540230104119908
61,2011,0.529560215091249
61,2012,0.517694923548122
61,2013,0.504417099524411
61,2014,0.489422738898928
61,2015,0.472290916850642
61,2016,0.452424359512751
61,2017,0.429020503044208
61,2018,0.400762575532533
61,2019,0.365411405432966
61,2020,0.318650415762311
61,2021,0.318568751906764
61,2022,0.318485724199098
62,2000,0.681947821271092
62,2001,0.679705822212051
62,2002,0.675161681995675
62,2003,0.670203837228017
62,2004,0.66542717754613
62,2005,0.661824519792372
62,2006,0.658292808314418
62,2007,0.654530002669648
62,2008,0.650524124378465
62,2009,0.646261473318161
62,2010,0.641718615512538
62,2011,0.637478967885361
62,2012,0.632902834603954
62,2013,0.627967227105588
62,2014,0.622641071855564
62,2015,0.616893168320533
62,2016,0.610579549580635
62,2017,0.603762560478277
62,2018,0.596388040980228
62,2019,0.588394304125006
62,2020,0.57970104216223
62,2021,0.57807290150576
62,2022,0.576434185926993
63,2000,0.175392010597782
63,2001,0.182963584109676
63,2002,0.189445277718083
63,2003,0.195364914359699
63,2004,0.200857951510002
63,2005,0.205228486021758
63,2006,0.207436636085929
63,2007,0.209296949278506
63,2008,0.210874162563902
63,2009,0.212171632325043
63,2010,0.21319380787113
63,2011,0.212994485756976
63,2012,0.212866009313808
63,2013,0.212547078622881
63,2014,0.212035112881698
63,2015,0.211326319063223
63,2016,0.210422695181534
63,2017,0.210843187970936
63,2018,0.21115212533371
63,2019,0.211352965183098
63,2020,0.211445515450231
63,2021,0.208207595554799
63,2022,0.206801652857467
64,2000,0.513944253757934
64,2001,0.518548589485687
64,2002,0.522621312316213
64,2003,0.526376719710786
64,2004,0.529832181766089
64,2005,0.533004785557156
64,2006,0.535939325093291
64,2007,0.53849472433238
64,2008,0.540676928501412
64,2009,0.542494786097059
64,2010,0.54394674194539
64,2011,0.545904850893649
64,2012,0.547434673487053
64,2013,0.548538919046897
64,2014,0.549223040581687
64,2015,0.549484102173704
64,2016,0.549947015808486
64,2017,0.549925355430417
64,2018,0.549411486752616
64,2019,0.548388037257989
64,2020,0.546836952719438
64,2021,0.539951473288286
64,2022,0.532634445588071
65,2000,0.64650935757887
65,2001,0.656357585727303
65,2002,0.665826107818999
65,2003,0.674819885180932
65,2004,0.683448777382245
65,2005,0.689175262968441
65,2006,0.695957394779979
65,2007,0.702412005400023
65,2008,0.708560490664496
65,2009,0.714422130352135
65,2010,0.720014482668961
65,2011,0.72664322603732
65,2012,0.732940164526189
65,2013,0.738929978696215
65,2014,0.744634597804483
65,2015,0.750074203209542
65,2016,0.756301554049757
65,2017,0.762225211522963
65,2018,0.76786913596776
65,2019,0.773254524204716
65,2020,0.778400663007614
65,2021,0.777883948792209
65,2022,0.777342184887542
66,2000,0.747452982459654
66,2001,0.749414309263271
66,2002,0.75119394181236
66,2003,0.752665228606912
66,2004,0.75386527868299
66,2005,0.75491429427587
66,2006,0.756575341468789
66,2007,0.758052015852725
66,2008,0.759350290422511
66,2009,0.760476432529093
66,2010,0.761433222689784
66,2011,0.763372524237255
66,2012,0.765087852223928
66,2013,0.766586691842564
66,2014,0.767876452799784
66,2015,0.768956503506281
66,2016,0.770209989342464
66,2017,0.771242942410707
66,2018,0.772063476904562
66,2019,0.772676361821621
66,2020,0.773087329738768
66,2021,0.769097382240904
66,2022,0.765023251007189
67,2000,0.249717918371001
67,2001,0.250390810353703
67,2002,0.251009358947034
67,2003,0.251574183824841
67,2004,0.252085846389871
67,2005,0.252544850779147
67,2006,0.252951355760315
67,2007,0.253306057859073
67,2008,0.253609300061382
67,2009,0.253861375707107
67,2010,0.254062526365035
67,2011,0.252401707637821
67,2012,0.250721908267006
67,2013,0.249022708445988
67,2014,0.247303672838532
67,2015,0.245564352697492
67,2016,0.246020366175075
67,2017,0.247658765793573
67,2018,0.249280156115962
67,2019,0.25089856515067
67,2020,0.25250068807315
67,2021,0.25250068807315
67,2022,0.25250068807315
68,2000,0.0550034224202187
68,2001,0.0553834152057939
68,2002,0.0557475031302112
68,2003,0.0561205768763888
68,2004,0.0564816523731479
68,2005,0.0568429519153529
68,2006,0.057272267351309
68,2007,0.0576698472563669
68,2008,0.0580719358404045
68,2009,0.0584636250991492
68,2010,0.0588574971290303
68,2011,0.0590551283464527
68,2012,0.0592462045212019
68,2013,0.0594431740669322
68,2014,0.0596284935917136
68,2015,0.0598288461511682
68,2016,0.0599619880833249
68,2017,0.0600991565487456
68,2018,0.0602344476509978
68,2019,0.0603695681312498
68,2020,0.0605069544839643
68,2021,0.0605473973736529
68,2022,0.0605793494239335
69,2000,0.382338836061478
69,2001,0.380773987167812
69,2002,0.373960964751476
69,2003,0.368032049019964
69,2004,0.362630339585262
69,2005,0.357172867203751
69,2006,0.352085965926391
69,2007,0.347015641162299
69,2008,0.341873034190371
69,2009,0.336551871445459
69,2010,0.331053973254524
69,2011,0.325727887545962
69,2012,0.320337788299814
69,2013,0.314882396280822
69,2014,0.309362308181409
69,2015,0.300806977583359
69,2016,0.292881290003057
69,2017,0.284611962623983
69,2018,0.283672530659086
69,2019,0.282701883053793
69,2020,0.281699916065499
69,2021,0.281476343225109
69,2022,0.267147444309303
70,2000,0.0212083243827049
70,2001,0.0208192993361063
70,2002,0.0205227546955529
70,2003,0.0227367861813174
70,2004,0.0258624143544599
70,2005,0.0288669072337157
70,2006,0.0319380264691088
70,2007,0.0349306023456779
70,2008,0.0378481075466735
70,2009,0.0406933768884929
70,2010,0.0434696580630022
70,2011,0.0462830946075126
70,2012,0.0490381981517026
70,2013,0.0517519400025113
70,2014,0.054435247974527
70,2015,0.0542169688712257
70,2016,0.0541120835224385
70,2017,0.0540152024361445
70,2018,0.0539273280620734
70,2019,0.0538489314229899
70,2020,0.0538128888248904
70,2021,0.0543198470696025
70,2022,0.0548294887274763
71,2000,0.404846732378634
71,2001,0.404475130293836
71,2002,0.404074068685757
71,2003,0.403673422948242
71,2004,0.403272533817455
71,2005,0.402872017150425
71,2006,0.402540960079071
71,2007,0.402210174368846
71,2008,0.401879679565127
71,2009,0.401549746911252
71,2010,0.401220146162339
71,2011,0.400870807589669
71,2012,0.400520802560102
71,2013,0.400170004328167
71,2014,0.399818805746383
71,2015,0.399466862188462
71,2016,0.398976415939825
71,2017,0.398484725821389
71,2018,0.397992366857773
71,2019,0.397499111802745
71,2020,0.397004852102231
71,2021,0.396896117223454
71,2022,0.396787695826352
72,2000,0.487685794692647
72,2001,0.471851582002777
72,2002,0.471122070535829
72,2003,0.469928769362694
72,2004,0.468732264265764
72,2005,0.46753029303137
72,2006,0.460472815002761
72,2007,0.453236059286668
72,2008,0.44580924510483
72,2009,0.438180387043975
72,2010,0.43033636682951
72,2011,0.420858941944713
72,2012,0.411369598836156
72,2013,0.401699143054908
72,2014,0.391710271944473
72,2015,0.381325564219976
72,2016,0.361447526680757
72,2017,0.340242667177959
72,2018,0.31753865246
72,2019,0.293142762396797
72,2020,0.26681862046828
72,2021,0.257771235222343
72,2022,0.257423371498013
73,2000,0.808106298144935
73,2001,0.805648060211004
73,2002,0.803165205146288
73,2003,0.800525576392397
73,2004,0.797811317668123
73,2005,0.795066655185324
73,2006,0.792786967198183
73,2007,0.790476223603671
73,2008,0.788133466887048
73,2009,0.785761257645439
73,2010,0.783351779115674
73,2011,0.781064214218972
73,2012,0.778691655838375
73,2013,0.776236328322164
73,2014,0.77368999941119
73,2015,0.771058143832192
73,2016,0.768134353286655
73,2017,0.765118875956186
73,2018,0.762013526281598
73,2019,0.758816432337115
73,2020,0.755525705951223
73,2021,0.752103833156827
73,2022,0.748587704913878
74,2000,0.370520099442271
74,2001,0.373831705330121
74,2002,0.37670977650702
74,2003,0.379047667912077
74,2004,0.379774181685131
74,2005,0.380355089356903
74,2006,0.381290746941287
74,2007,0.382100663820439
74,2008,0.382790374749974
74,2009,0.383363790558815
74,2010,0.383822928173284
74,2011,0.38420960874426
74,2012,0.38448905265435
74,2013,0.384667470622363
74,2014,0.384744009479002
74,2015,0.384722875846875
74,2016,0.386463404190926
74,2017,0.38811455419093
74,2018,0.389672950572161
74,2019,0.391140874764037
74,2020,0.392516342471429
74,2021,0.393495532565217
74,2022,0.394384919572027
75,2000,0.305026945453988
75,2001,0.30035754787685
75,2002,0.295483302949506
75,2003,0.290440548122345
75,2004,0.283869796564991
75,2005,0.277084403195966
75,2006,0.27057348087753
75,2007,0.263863776339794
75,2008,0.256938974960957
75,2009,0.249784354255654
75,2010,0.242493058250972
75,2011,0.235082971084285
75,2012,0.227355154802984
75,2013,0.219279202408228
75,2014,0.210820508687347
75,2015,0.204192696881417
75,2016,0.1971603378012
75,2017,0.189876512415036
75,2018,0.182528062507667
75,2019,0.181926539489341
75,2020,0.181525837923012
75,2021,0.181466430641832
75,2022,0.181401752558717
76,2000,0.538623501248301
76,2001,0.5395005737729
76,2002,0.532696793877621
76,2003,0.525446622981593
76,2004,0.517706369787289
76,2005,0.509437901085677
76,2006,0.500495863844077
76,2007,0.490900711340963
76,2008,0.480563497339325
76,2009,0.469393728819359
76,2010,0.45725983938933
76,2011,0.444771464565025
76,2012,0.43092091019476
76,2013,0.415476673287281
76,2014,0.398063942115965
76,2015,0.378181046963441
76,2016,0.354080291603283
76,2017,0.325716371497434
76,2018,0.29122804067584
76,2019,0.247211472830958
76,2020,0.186747495958197
76,2021,0.185030018101334
76,2022,0.183334182223537
77,2000,0.596668573213704
77,2001,0.597145820426369
77,2002,0.597568898011241
77,2003,0.597941366573448
77,2004,0.598262348687703
77,2005,0.595735509844059
77,2006,0.594209174392367
77,2007,0.59244646127894
77,2008,0.59044306183611
77,2009,0.588192530366675
77,2010,0.585683158793358
77,2011,0.577109877613654
77,2012,0.568201093873496
77,2013,0.558929296707504
77,2014,0.549270143446092
77,2015,0.5376907506793
77,2016,0.533437867075013
77,2017,0.528799793093835
77,2018,0.523750684688244
77,2019,0.518259137908214
77,2020,0.512289984376627
77,2021,0.502860081275156
77,2022,0.492925920745404
78,2000,0.720113149337771
78,2001,0.727325500695248
78,2002,0.734225241445003
78,2003,0.731630708330362
78,2004,0.728199461420007
78,2005,0.723877115969
78,2006,0.715547957797391
78,2007,0.706324430281228
78,2008,0.696070202516497
78,2009,0.684611957878019
78,2010,0.671724944550486
78,2011,0.665175810811046
78,2012,0.655834738179621
78,2013,0.643194616415757
78,2014,0.626448630978029
78,2015,0.604271083648818
78,2016,0.566789333317451
78,2017,0.517443944526231
78,2018,0.445194037869614
78,2019,0.326028473619461
78,2020,0.305244919565172
78,2021,0.305244919565172
78,2022,0.305244919565172
79,2000,0
79,2001,0
79,2002,3.42319761404148e-06
79,2003,0
79,2004,0
79,2005,0
79,2006,6.32257991653129e-07
79,2007,1.70497010529186e-07
79,2008,0
79,2009,0
79,2010,0
79,2011,0.00597080577096169
79,2012,0.0156929371799595
79,2013,0.025033880497293
79,2014,0.0340255488119681
79,2015,0.042666277013676
79,2016,0.0510217712415241
79,2017,0.0590662364144525
79,2018,0.0668139621383782
79,2019,0.0742759702071115
79,2020,0.0814462469280631
79,2021,0.0871555077911488
79,2022,0.0925075172268931
80,2000,0.197852565479534
80,2001,0.193508790449049
80,2002,0.188739637699364
80,2003,0.183876826937906
80,2004,0.178912572325399
80,2005,0.173846339055512
80,2006,0.168657086261169
80,2007,0.163350851243079
80,2008,0.157922913173787
80,2009,0.15236733322999
80,2010,0.146675779721908
80,2011,0.140284764293612
80,2012,0.133767870285713
80,2013,0.127119983614277
80,2014,0.120332474007275
80,2015,0.114918150942287
80,2016,0.114436853620448
80,2017,0.113959398851065
80,2018,0.113483784848882
80,2019,0.113011710871569
80,2020,0.112541877632101
80,2021,0.112266285034698
80,2022,0.111992787541532
81,2000,0.0371581549601478
81,2001,0.0378163913858299
81,2002,0.0384208624986226
81,2003,0.0417101136557901
81,2004,0.0450508921853429
81,2005,0.0484408781691164
81,2006,0.0517231583113376
81,2007,0.0550357750770619
81,2008,0.058376742737117
81,2009,0.0617437194934917
81,2010,0.0651357377966997
81,2011,0.0684560496045737
81,2012,0.0717905916227813
81,2013,0.07512539326088
81,2014,0.0784557062896758
81,2015,0.0817730030778647
81,2016,0.0849765840713276
81,2017,0.0881528847335977
81,2018,0.091300567139602
81,2019,0.0919188043107781
81,2020,0.0925130420984395
81,2021,0.0924758572070391
81,2022,0.0924182678236053
82,2000,0.466478401842746
82,2001,0.458863240122225
82,2002,0.450310888609302
82,2003,0.441474250067298
82,2004,0.432335686510156
82,2005,0.421303341321732
82,2006,0.408377808543274
82,2007,0.394803478349331
82,2008,0.380500882373626
82,2009,0.36538166849395
82,2010,0.349313837402682
82,2011,0.333867600267941
82,2012,0.31707834932239
82,2013,0.298712489545476
82,2014,0.278389708538889
82,2015,0.255593354679797
82,2016,0.229989786589573
82,2017,0.199898349590885
82,2018,0.163294055442081
82,2019,0.141779021437841
82,2020,0.12865716624385
82,2021,0.128626917862163
82,2022,0.128597623639603
84,2000,0.643426679112542
84,2001,0.642297384112334
84,2002,0.641162283086297
84,2003,0.640026663341366
84,2004,0.638892021252317
84,2005,0.637763587360754
84,2006,0.637272339853462
84,2007,0.636774981423937
84,2008,0.636270208284616
84,2009,0.635784923187895
84,2010,0.635312013704086
84,2011,0.635596122785014
84,2012,0.639547748741028
84,2013,0.643575529331322
84,2014,0.647671030958761
84,2015,0.651831803047162
84,2016,0.655821443782216
84,2017,0.659872073045285
84,2018,0.663975216975252
84,2019,0.668126410805682
84,2020,0.672318909885184
84,2021,0.674331247765208
84,2022,0.673867121067001
85,2000,0.0497113239243336
85,2001,0.0488072780206343
85,2002,0.0476577987189542
85,2003,0.0466565041253978
85,2004,0.0456879723768998
85,2005,0.0447152483109682
85,2006,0.0449905589335376
85,2007,0.0452123064834956
85,2008,0.0454269561844044
85,2009,0.0456141722949656
85,2010,0.0457961049315267
85,2011,0.045747567135322
85,2012,0.0456842898588432
85,2013,0.0456181929200093
85,2014,0.0455492964688191
85,2015,0.0453612713031291
85,2016,0.0457861203139194
85,2017,0.0462442005487954
85,2018,0.0468980160251625
85,2019,0.0475107301260298
85,2020,0.0481114410634472
85,2021,0.0478655404500619
85,2022,0.0472129032211058
86,2000,0.0600127490364758
86,2001,0.0556025342179141
86,2002,0.0469288302401158
86,2003,0.0453450317465457
86,2004,0.0437453191127973
86,2005,0.0421293698414119
86,2006,0.0418049677703596
86,2007,0.0377857048804318
86,2008,0.0337306826002585
86,2009,0.0296397963494721
86,2010,0.0255129788426413
86,2011,0.021243999907673
86,2012,0.0169769985712241
86,2013,0.0127153314024577
86,2014,0.00846262326403856
86,2015,0.00422277980803616
86,2016,0
86,2017,0
86,2018,0
86,2019,0
86,2020,0
86,2021,0
86,2022,0
88,2000,0.01088428999922
88,2001,0.01064077465142
88,2002,0.010338642692613
88,2003,0.0100741657010832
88,2004,0.00981892971110851
88,2005,0.00956397726947521
88,2006,0.00960780146375055
88,2007,0.00963926313703919
88,2008,0.00966941942336722
88,2009,0.00969344068412072
88,2010,0.0097165822298617
88,2011,0.00968366716057041
88,2012,0.00964762561041411
88,2013,0.00961127832601061
88,2014,0.0095746273489931
88,2015,0.00951045468811202
88,2016,0.00958745210315184
88,2017,0.00967295555987111
88,2018,0.00980495836960182
88,2019,0.00992806329808228
88,2020,0.0100490481211479
88,2021,0.00999140956843512
88,2022,0.00983876306910561
89,2000,0
89,2001,0
89,2002,0
89,2003,0
89,2004,0
89,2005,0
89,2006,0
89,2007,0
89,2008,0
89,2009,0
89,2010,0
89,2011,0
89,2012,0
89,2013,0
89,2014,0
89,2015,0
89,2016,0
89,2017,0
89,2018,0
89,2019,0
89,2020,0
89,2021,0
89,2022,0
90,2000,0
90,2001,0
90,2002,0
90,2003,0
90,2004,0
90,2005,0
90,2006,0
90,2007,0
90,2008,0
90,2009,0
90,2010,0
90,2011,0
90,2012,0
90,2013,0
90,2014,0
90,2015,0
90,2016,0
90,2017,0
90,2018,0
90,2019,0
90,2020,0
90,2021,0
90,2022,0
91,2000,0
91,2001,0
91,2002,0
91,2003,0
91,2004,0
91,2005,0
91,2006,0
91,2007,0
91,2008,0
91,2009,0
91,2010,0
91,2011,0
91,2012,0
91,2013,0
91,2014,0
91,2015,0
91,2016,0
91,2017,0
91,2018,0
91,2019,0
91,2020,0
91,2021,0
91,2022,0
92,2000,0
92,2001,0
92,2002,0
92,2003,0
92,2004,0
92,2005,0
92,2006,0
92,2007,0
92,2008,0
92,2009,0
92,2010,0
92,2011,0
92,2012,0
92,2013,0
92,2014,0
92,2015,0
92,2016,0
92,2017,0
92,2018,0
92,2019,0
92,2020,0
92,2021,0
92,2022,0
93,2000,0
93,2001,0
93,2002,0
93,2003,0
93,2004,0
93,2005,0
93,2006,0
93,2007,0
93,2008,0
93,2009,0
93,2010,0
93,2011,0
93,2012,0
93,2013,0
93,2014,0
93,2015,0
93,2016,0
93,2017,0
93,2018,0
93,2019,0
93,2020,0
93,2021,0
93,2022,0
94,2000,0
94,2001,0
94,2002,0
94,2003,0
94,2004,0
94,2005,0
94,2006,0
94,2007,0
94,2008,0
94,2009,0
94,2010,0
94,2011,0
94,2012,0
94,2013,0
94,2014,0
94,2015,0
94,2016,0
94,2017,0
94,2018,0
94,2019,0
94,2020,0
94,2021,0
94,2022,0
95,2000,0
95,2001,0
95,2002,0
95,2003,0
95,2004,0
95,2005,0
95,2006,0
95,2007,0
95,2008,4.4182050512153e-11
95,2009,8.25803301388476e-11
95,2010,2.68820587401385e-10
95,2011,5.52499410315301e-10
95,2012,0
95,2013,1.08324834522499e-10
95,2014,0
95,2015,7.3528688267488e-10
95,2016,0
95,2017,0
95,2018,0
95,2019,2.17286610609254e-10
95,2020,8.09575446333776e-10
95,2021,6.10400222648039e-10
95,2022,0
96,2000,0.709058229220047
96,2001,0.717005351562756
96,2002,0.724534570163424
96,2003,0.731685344858367
96,2004,0.737929476313368
96,2005,0.743801458673934
96,2006,0.747680707070888
96,2007,0.751364999171107
96,2008,0.754862238475183
96,2009,0.758179799013524
96,2010,0.761324078333118
96,2011,0.764282521483634
96,2012,0.767079177170799
96,2013,0.769719183292305
96,2014,0.77220594982331
96,2015,0.774543364920084
96,2016,0.776990279360847
96,2017,0.779278713574602
96,2018,0.781410860633222
96,2019,0.783389524938533
96,2020,0.785216739494868
96,2021,0.783324813101685
96,2022,0.781363182212053
97,2000,0.657217121927159
97,2001,0.66156164858424
97,2002,0.66575321952503
97,2003,0.669800899359931
97,2004,0.673711949206037
97,2005,0.67749375186943
97,2006,0.684021565082343
97,2007,0.690206012779916
97,2008,0.696075003981398
97,2009,0.701648048272322
97,2010,0.706946201349971
97,2011,0.711145209746038
97,2012,0.715160919673785
97,2013,0.719001818230003
97,2014,0.72267727886141
97,2015,0.726194575228955
97,2016,0.73005133986808
97,2017,0.73373670899999
97,2018,0.737257884768139
97,2019,0.740622731117602
97,2020,0.743837994961742
97,2021,0.742655976748588
97,2022,0.741448461028743
98,2000,0.98101606623874
98,2001,0.985588432875464
98,2002,0.989999039181963
98,2003,0.994257569727127
98,2004,0.998372516180817
98,2005,1
98,2006,1
98,2007,1
98,2008,1
98,2009,1
98,2010,1
98,2011,1
98,2012,1
98,2013,1
98,2014,1
98,2015,1
98,2016,1
98,2017,1
98,2018,1
98,2019,1
98,2020,1
98,2021,1
98,2022,1
99,2000,0.983392362092996
99,2001,0.987613346126186
99,2002,0.991644687790449
99,2003,0.995479987926879
99,2004,0.999159567018666
99,2005,1
99,2006,1
99,2007,1
99,2008,1
99,2009,1
99,2010,1
99,2011,1
99,2012,1
99,2013,1
99,2014,1
99,2015,1
99,2016,1
99,2017,1
99,2018,1
99,2019,1
99,2020,1
99,2021,1
99,2022,1
100,2000,0.713165589362687
100,2001,0.716419038975744
100,2002,0.719106446174683
100,2003,0.721719029800486
100,2004,0.724033306606981
100,2005,0.726260723712099
100,2006,0.726214286575268
100,2007,0.726136256894372
100,2008,0.7260254753042
100,2009,0.72588121249412
100,2010,0.725702408909642
100,2011,0.72223648921299
100,2012,0.718701301011582
100,2013,0.715094780316081
100,2014,0.7114151297053
100,2015,0.707660145370537
100,2016,0.701348961068237
100,2017,0.694832631847676
100,2018,0.689172129679147
100,2019,0.683316801549158
100,2020,0.677252699912742
100,2021,0.677065007208331
100,2022,0.674436101472879
101,2000,0.123039349955362
101,2001,0.125856699138757
101,2002,0.128419931629458
101,2003,0.130881423196047
101,2004,0.133278981724011
101,2005,0.135619229027275
101,2006,0.138758863601555
101,2007,0.141809632064385
101,2008,0.144776965357196
101,2009,0.147669748830234
101,2010,0.150489981465612
101,2011,0.15474912325244
101,2012,0.158853428613535
101,2013,0.162828915271577
101,2014,0.166685525641936
101,2015,0.170434002547498
101,2016,0.174893773535601
101,2017,0.179226438197872
101,2018,0.183442757660822
101,2019,0.187463175425371
101,2020,0.191315994479277
101,2021,0.190810518805619
101,2022,0.190314404055968
102,2000,0.636886447323141
102,2001,0.635745852487355
102,2002,0.634458447111005
102,2003,0.633060914757221
102,2004,0.631571918261849
102,2005,0.629993683093795
102,2006,0.628157376798178
102,2007,0.626232641898762
102,2008,0.62421754614187
102,2009,0.622114167541007
102,2010,0.61991858980427
102,2011,0.617342008045162
102,2012,0.614676547722204
102,2013,0.611922161234864
102,2014,0.609074717241538
102,2015,0.606132597898787
102,2016,0.602652984140972
102,2017,0.599081382899893
102,2018,0.595414684798597
102,2019,0.59164944225716
102,2020,0.587781888331457
102,2021,0.582815497658262
102,2022,0.57774661272359
103,2000,0.749942379547199
103,2001,0.751303397394089
103,2002,0.752479099093892
103,2003,0.753524569458208
103,2004,0.754452683019368
103,2005,0.755024878789852
103,2006,0.755814857739375
103,2007,0.756456193878096
103,2008,0.756951341556758
103,2009,0.757303743063781
103,2010,0.757513961416833
103,2011,0.757897005994012
103,2012,0.758127615569539
103,2013,0.758218005903791
103,2014,0.758167718233158
103,2015,0.757977850547165
103,2016,0.757848362076049
103,2017,0.757570732760638
103,2018,0.757144533684187
103,2019,0.756568824865898
103,2020,0.755842131162803
103,2021,0.7518970091815
103,2022,0.751664745020568
104,2000,0.441470324317829
104,2001,0.443873903447893
104,2002,0.446052386513449
104,2003,0.448025484340033
104,2004,0.449807175442641
104,2005,0.45141628329446
104,2006,0.45334363229853
104,2007,0.455090953950232
104,2008,0.456671375822144
104,2009,0.458100448194402
104,2010,0.459387279697263
104,2011,0.461191495268443
104,2012,0.46283411410554
104,2013,0.46484956429166
104,2014,0.469232729656774
104,2015,0.47348374763222
104,2016,0.478042334530782
104,2017,0.482463789776438
104,2018,0.475159425821333
104,2019,0.476012250815023
104,2020,0.476652700638097
104,2021,0.472901816025683
104,2022,0.469060427880783
105,2000,0
105,2001,0
105,2002,0
105,2003,0
105,2004,0
105,2005,0
105,2006,0
105,2007,0
105,2008,0
105,2009,0
105,2010,0
105,2011,0
105,2012,0
105,2013,0
105,2014,0
105,2015,0
105,2016,0
105,2017,0
105,2018,0
105,2019,0
105,2020,0
105,2021,0
105,2022,0
106,2000,0.90131084219132
106,2001,0.906091392900701
106,2002,0.909391465066611
106,2003,0.912501746631001
106,2004,0.915429340123412
106,2005,0.91818153251273
106,2006,0.921342961203124
106,2007,0.924307984585686
106,2008,0.927084007884794
106,2009,0.929678303961628
106,2010,0.932096035814619
106,2011,0.934575415065413
106,2012,0.93687708213265
106,2013,0.939006747127518
106,2014,0.940969099426908
106,2015,0.94276830944976
106,2016,0.944428869401111
106,2017,0.945932436075649
106,2018,0.947281874078953
106,2019,0.948479893036188
106,2020,0.949528303395888
106,2021,0.946934355998048
106,2022,0.944269435581864
107,2000,0
107,2001,0
107,2002,0
107,2003,0
107,2004,0
107,2005,0
107,2006,0
107,2007,0
107,2008,0
107,2009,0
107,2010,0
107,2011,0
107,2012,0
107,2013,0
107,2014,0
107,2015,0
107,2016,0
107,2017,0
107,2018,0
107,2019,0
107,2020,0
107,2021,0
107,2022,0
108,2000,0.0270950165710902
108,2001,0.0296550683540894
108,2002,0.0321909957485329
108,2003,0.0347032965014371
108,2004,0.0371924516587638
108,2005,0.0396589275560415
108,2006,0.04184716374981
108,2007,0.0439893829078264
108,2008,0.0460870257035894
108,2009,0.0481414623575451
108,2010,0.0501539981354691
108,2011,0.0520170102907765
108,2012,0.053832860202023
108,2013,0.0556029030418812
108,2014,0.0573284250934951
108,2015,0.0590106522584364
108,2016,0.0607473130218834
108,2017,0.0624483110287579
108,2018,0.0641145802961687
108,2019,0.0638797975026432
108,2020,0.0636446683307188
108,2021,0.0636446683307188
108,2022,0.0636446683307188
110,2000,0.210181196906938
110,2001,0.207645382116811
110,2002,0.204842585820894
110,2003,0.201758336449681
110,2004,0.198376081646443
110,2005,0.194676857374598
110,2006,0.190654468282399
110,2007,0.186267330470323
110,2008,0.181486454950307
110,2009,0.176278164482521
110,2010,0.170603125084359
110,2011,0.164169276777255
110,2012,0.157187233250509
110,2013,0.152893847153937
110,2014,0.148307845779564
110,2015,0.143406773643719
110,2016,0.14445622497489
110,2017,0.145498803401666
110,2018,0.14653459971488
110,2019,0.14756370027942
110,2020,0.112796343735994
110,2021,0.102326553003687
110,2022,0.0911195036373951
111,2000,0.131768543812512
111,2001,0.138746934616308
111,2002,0.145424258597807
111,2003,0.151825088236
111,2004,0.157971105773252
111,2005,0.163881538962528
111,2006,0.167295675822681
111,2007,0.170634037814129
111,2008,0.173899824118163
111,2009,0.177096033335912
111,2010,0.180225482581901
111,2011,0.182471782968126
111,2012,0.18468406862472
111,2013,0.18686331104851
111,2014,0.189010438413139
111,2015,0.191126343251828
111,2016,0.192756431085387
111,2017,0.194344135101026
111,2018,0.195918860242593
111,2019,0.197481184183624
111,2020,0.199031025378813
111,2021,0.198968323988775
111,2022,0.198910015725789
112,2000,0.467873548570139
112,2001,0.466587418437607
112,2002,0.465296100278382
112,2003,0.464068726918381
112,2004,0.462902181403565
112,2005,0.458837212500648
112,2006,0.454378028469064
112,2007,0.449776010418049
112,2008,0.445022525601311
112,2009,0.440108701844814
112,2010,0.435022887348245
112,2011,0.429844516808759
112,2012,0.424468773348696
112,2013,0.418917935192876
112,2014,0.413144616146865
112,2015,0.407119410603306
112,2016,0.400552933256063
112,2017,0.393684618694348
112,2018,0.386490011327882
112,2019,0.378941584166872
112,2020,0.371006461480709
112,2021,0.36270599889168
112,2022,0.35393892594276
113,2000,0.506843737068088
113,2001,0.51209655401164
113,2002,0.51694538399288
113,2003,0.521650895755967
113,2004,0.526221320105749
113,2005,0.530664197123169
113,2006,0.536231812155295
113,2007,0.541679031001187
113,2008,0.547011537204162
113,2009,0.551141325510062
113,2010,0.55517801716839
113,2011,0.557802160507938
113,2012,0.560392377595175
113,2013,0.562949779855639
113,2014,0.565475423821401
113,2015,0.567970323141591
113,2016,0.570163583720314
113,2017,0.572335164178592
113,2018,0.574485672392055
113,2019,0.576615690225571
113,2020,0.578725780259934
113,2021,0.578923641906066
113,2022,0.579124749072631
114,2000,0.897350345073947
114,2001,0.897883436820717
114,2002,0.898322164943309
114,2003,0.898667152912399
114,2004,0.899162661978963
114,2005,0.899606421336763
114,2006,0.900086830497029
114,2007,0.900482869718684
114,2008,0.900792411169552
114,2009,0.901016919061049
114,2010,0.901153549337953
114,2011,0.901168762914648
114,2012,0.901094606927395
114,2013,0.900930866242828
114,2014,0.900674186403084
114,2015,0.900323154691534
114,2016,0.899803539720471
114,2017,0.899195440146023
114,2018,0.898496137999058
114,2019,0.89770317794928
114,2020,0.899219279434307
114,2021,0.898766698935314
114,2022,0.89832320594737
115,2000,0.627095568619291
115,2001,0.626284558138776
115,2002,0.625352382981169
115,2003,0.623909363922844
115,2004,0.622168514774107
115,2005,0.620297648765807
115,2006,0.61829397475091
115,2007,0.616152531492554
115,2008,0.613869444419688
115,2009,0.611448631041373
115,2010,0.608878412399969
115,2011,0.60622228944009
115,2012,0.603490426442555
115,2013,0.600600842906587
115,2014,0.597544557183516
115,2015,0.594312688932129
115,2016,0.590787384691115
115,2017,0.587076735988801
115,2018,0.583190687587783
115,2019,0.57911878127224
115,2020,0.574848822370601
115,2021,0.56851756439976
115,2022,0.56198234696296
116,2000,0.377112747877008
116,2001,0.365686897654058
116,2002,0.35341922990823
116,2003,0.340174625970336
116,2004,0.325782503814858
116,2005,0.31001737906823
116,2006,0.292472772325134
116,2007,0.272867545468341
116,2008,0.250640944844957
116,2009,0.224961075090082
116,2010,0.194519894412099
116,2011,0.157251752974036
116,2012,0.108699603023193
116,2013,0.0387877405674264
116,2014,0.0163377866369594
116,2015,0.016528627480499
116,2016,0.0167606249805832
116,2017,0.017065344598382
116,2018,0.0176297112080799
116,2019,0.0175391709198678
116,2020,0.0170144101346222
116,2021,0.0170113692943434
116,2022,0.017118026451825
117,2000,0.248053827428923
117,2001,0.250861990059564
117,2002,0.253610271653076
117,2003,0.256300896642448
117,2004,0.258935966662476
117,2005,0.261517469124907
117,2006,0.265702486449581
117,2007,0.269764057102365
117,2008,0.273708734226378
117,2009,0.277542556965572
117,2010,0.281271110064488
117,2011,0.283798272167268
117,2012,0.286275487451478
117,2013,0.288961940057078
117,2014,0.291603813061621
117,2015,0.294202563564301
117,2016,0.296436704467907
117,2017,0.297891913299441
117,2018,0.299845941622866
117,2019,0.301769415155958
117,2020,0.303663148569291
117,2021,0.303443936359011
117,2022,0.303224421909396
118,2000,0.407452889137651
118,2001,0.404090515894549
118,2002,0.400225330982386
118,2003,0.395821657568719
118,2004,0.390836341105985
118,2005,0.385217128399912
118,2006,0.37792694049824
118,2007,0.369910865184909
118,2008,0.361072270593482
118,2009,0.351291442546042
118,2010,0.340417794531289
118,2011,0.32769146867858
118,2012,0.313457914841665
118,2013,0.297382397347733
118,2014,0.298970031972739
118,2015,0.300541991587921
118,2016,0.301742978781778
118,2017,0.302934974827272
118,2018,0.234906946559836
118,2019,0.209144521717219
118,2020,0.177781297263988
118,2021,0.137116594085142
118,2022,0.0823650721416193
119,2000,0.50445616101402
119,2001,0.499302843031625
119,2002,0.493728664280991
119,2003,0.487694168162568
119,2004,0.481153042369734
119,2005,0.474050497188285
119,2006,0.466090054190897
119,2007,0.457431655560227
119,2008,0.447979231437496
119,2009,0.437614169731711
119,2010,0.426187735315318
119,2011,0.413513896022513
119,2012,0.399340816520219
119,2013,0.383336742156265
119,2014,0.385046316770883
119,2015,0.386737729044263
119,2016,0.388246342633788
119,2017,0.38974079627379
119,2018,0.322042617299073
119,2019,0.296644707004914
119,2020,0.265703112939726
119,2021,0.22516339133741
119,2022,0.170639189979257
120,2000,0.273806821591978
120,2001,0.275236402852821
120,2002,0.276647875911183
120,2003,0.27804160531378
120,2004,0.279417947352761
120,2005,0.280777244322992
120,2006,0.282041041376575
120,2007,0.283289982183349
120,2008,0.284524334777533
120,2009,0.286551919397535
120,2010,0.28721307094762
120,2011,0.287890504493019
120,2012,0.289031552609692
120,2013,0.290160955738717
120,2014,0.291279252045198
120,2015,0.292384716460988
120,2016,0.293509340237646
120,2017,0.294650636618554
120,2018,0.295806263097974
120,2019,0.296979373233512
120,2020,0.298168735257957
120,2021,0.298096037844238
120,2022,0.298049296494873
121,2000,0.367204256089701
121,2001,0.363163089222431
121,2002,0.359061929903888
121,2003,0.354898792861117
121,2004,0.350671575638515
121,2005,0.346378072863924
121,2006,0.344108134009906
121,2007,0.341755763062647
121,2008,0.339317750725705
121,2009,0.336790653548799
121,2010,0.334170780813498
121,2011,0.331431803796529
121,2012,0.32859223268053
121,2013,0.325647466599096
121,2014,0.322592535322815
121,2015,0.319422068963212
121,2016,0.315863814624116
121,2017,0.312182815102296
121,2018,0.308372287940383
121,2019,0.304424855712565
121,2020,0.301975929700531
121,2021,0.301975929700531
121,2022,0.301975929700531
122,2000,0.582932582491799
122,2001,0.584535224988835
122,2002,0.585950925505819
122,2003,0.587355568824874
122,2004,0.590956726476275
122,2005,0.594516303612757
122,2006,0.598685186507342
122,2007,0.602789489843462
122,2008,0.606826317710623
122,2009,0.610795825835497
122,2010,0.614756247347779
122,2011,0.618288977558513
122,2012,0.621833227736315
122,2013,0.625394752720316
122,2014,0.62897349699375
122,2015,0.628533738365306
122,2016,0.627925948364474
122,2017,0.627630839996129
122,2018,0.627638752488376
122,2019,0.628786824563683
122,2020,0.629932267442047
122,2021,0.629977201293566
122,2022,0.630027205065394
123,2000,0.560069890941998
123,2001,0.554963213334149
123,2002,0.549658766849882
123,2003,0.544141945326902
123,2004,0.538396458847921
123,2005,0.532404051004708
123,2006,0.526040907184946
123,2007,0.51938783730386
123,2008,0.512418473527193
123,2009,0.505102677636353
123,2010,0.497405772658391
123,2011,0.489665416803183
123,2012,0.48145267675459
123,2013,0.472712052996566
123,2014,0.473344906446659
123,2015,0.473975254343344
123,2016,0.47465695141921
123,2017,0.475335742815014
123,2018,0.444293645071828
123,2019,0.434654514970043
123,2020,0.424293110513885
123,2021,0.41245213610883
123,2022,0.399659253230315
124,2000,0.673526271802542
124,2001,0.666810607327524
124,2002,0.659751651391072
124,2003,0.652315376458489
124,2004,0.644462402850344
124,2005,0.636146814234204
124,2006,0.627471086660004
124,2007,0.618213222021277
124,2008,0.60829634795461
124,2009,0.597627195388207
124,2010,0.586091075688204
124,2011,0.573444981466133
124,2012,0.559607882694865
124,2013,0.544343579047333
124,2014,0.527337655234584
124,2015,0.508158619452203
124,2016,0.486061889242615
124,2017,0.464540718764443
124,2018,0.46467394802065
124,2019,0.412345694173662
124,2020,0.412697563493264
124,2021,0.412697563493264
124,2022,0.412697563493264
125,2000,0.53558969576123
125,2001,0.531516677602824
125,2002,0.52737903312789
125,2003,0.523174962103959
125,2004,0.518902589712204
125,2005,0.514559957065716
125,2006,0.510261913753496
125,2007,0.50588846130154
125,2008,0.50143735838972
125,2009,0.496906256377453
125,2010,0.49229270055288
125,2011,0.499490695641903
125,2012,0.50642771539247
125,2013,0.513123402408846
125,2014,0.513741936270713
125,2015,0.514358076201258
125,2016,0.515089881731607
125,2017,0.51581833995032
125,2018,0.502321944771317
125,2019,0.501131497844338
125,2020,0.499913861670971
125,2021,0.497956958955478
125,2022,0.495975704040574
126,2000,0.51384689959462
126,2001,0.510631280285148
126,2002,0.507307003516915
126,2003,0.503868461765036
126,2004,0.50030958189103
126,2005,0.496623773566246
126,2006,0.492855379258135
126,2007,0.488944476516244
126,2008,0.484882518932963
126,2009,0.480660136820773
126,2010,0.47626703286987
126,2011,0.471710678617219
126,2012,0.466959450216803
126,2013,0.461999404167001
126,2014,0.46010111060637
126,2015,0.458154716471563
126,2016,0.455843428011522
126,2017,0.453483770734619
126,2018,0.451074075060303
126,2019,0.451459717755618
126,2020,0.451844428758037
126,2021,0.451844428758037
126,2022,0.451844428758037
127,2000,0.713850268863465
127,2001,0.706522030542609
127,2002,0.698754631367196
127,2003,0.690500218900586
127,2004,0.681700859254848
127,2005,0.672289053830878
127,2006,0.662100006072864
127,2007,0.651117691089968
127,2008,0.63921693806984
127,2009,0.626243457076916
127,2010,0.611998655093963
127,2011,0.596102975892646
127,2012,0.578327603889082
127,2013,0.558188603297281
127,2014,0.534982147278285
127,2015,0.534604400141792
127,2016,0.534540081053365
127,2017,0.534471732722598
127,2018,0.534398256037726
127,2019,0.436456006171382
127,2020,0.391829116800666
127,2021,0.328923506165507
127,2022,0.223414156929435
129,2000,0.452476433832145
129,2001,0.452412070106325
129,2002,0.450796931870348
129,2003,0.448971890677966
129,2004,0.446929670141843
129,2005,0.444660715497597
129,2006,0.442250890860054
129,2007,0.439588981589579
129,2008,0.436658446322625
129,2009,0.433444907418349
129,2010,0.429931955208913
129,2011,0.426145350084267
129,2012,0.421996951081096
129,2013,0.417457765828741
129,2014,0.412492383126808
129,2015,0.407065032165072
129,2016,0.401082045817138
129,2017,0.394536685172579
129,2018,0.387366062479478
129,2019,0.379492064800995
129,2020,0.370822150931475
129,2021,0.359201607169237
129,2022,0.358165414368896
130,2000,0.230116273186765
130,2001,0.227743346779283
130,2002,0.225295180992037
130,2003,0.222776214011948
130,2004,0.220194032168758
130,2005,0.217558811551705
130,2006,0.214760122196674
130,2007,0.211919517905776
130,2008,0.209038623274644
130,2009,0.204008898244557
130,2010,0.198824981195449
130,2011,0.19333878164813
130,2012,0.187737254243145
130,2013,0.182011363570197
130,2014,0.176148629645736
130,2015,0.170131822464724
130,2016,0.163843105709194
130,2017,0.157371253942422
130,2018,0.150692547454994
130,2019,0.143781570893108
130,2020,0.136607682001314
130,2021,0.128142823813248
130,2022,0.11943670419984
131,2000,0.549349344563526
131,2001,0.547334570589496
131,2002,0.545224572094087
131,2003,0.543015022306945
131,2004,0.540702256468788
131,2005,0.53827832890989
131,2006,0.535633017646168
131,2007,0.532872749810546
131,2008,0.529990351623712
131,2009,0.526982190693541
131,2010,0.523841189589465
131,2011,0.520398126903288
131,2012,0.51681119744589
131,2013,0.513072381068317
131,2014,0.509174031686547
131,2015,0.505105408512902
131,2016,0.500746521503048
131,2017,0.501531267533807
131,2018,0.502292776662177
131,2019,0.503029905864942
131,2020,0.503743772981192
131,2021,0.485250804605382
131,2022,0.479595022202017
132,2000,0.473361467915536
132,2001,0.470394092765313
132,2002,0.467178495325542
132,2003,0.463701266287691
132,2004,0.459948468165397
132,2005,0.455902827750444
132,2006,0.451448201338332
132,2007,0.446663151959532
132,2008,0.441520047423031
132,2009,0.435988905391773
132,2010,0.430036389665062
132,2011,0.423422618904927
132,2012,0.416304276989957
132,2013,0.408626261082654
132,2014,0.400321377574711
132,2015,0.391306325021673
132,2016,0.381182664598655
132,2017,0.370139019225068
132,2018,0.358021596923728
132,2019,0.344633609996363
132,2020,0.329714838406059
132,2021,0.311598328000496
132,2022,0.291193253460445
133,2000,0.52578200483344
133,2001,0.524256609121989
133,2002,0.522465914184008
133,2003,0.520531249870786
133,2004,0.518457819243193
133,2005,0.516247481222385
133,2006,0.513800077515073
133,2007,0.511209980864234
133,2008,0.508471852690391
133,2009,0.505583577851231
133,2010,0.502536796275959
133,2011,0.4990923724695
133,2012,0.495483436027487
133,2013,0.491705682122074
133,2014,0.487747577561067
133,2015,0.483603704922671
133,2016,0.479258309372721
133,2017,0.474703052721368
133,2018,0.469925104909456
133,2019,0.464908978145089
133,2020,0.459637158861378
133,2021,0.452310035932829
133,2022,0.444872330777947
134,2000,0.690633532807503
134,2001,0.690666888091335
134,2002,0.690695506885261
134,2003,0.688345721819414
134,2004,0.685991865867535
134,2005,0.683639040897931
134,2006,0.681071529278287
134,2007,0.678431628195537
134,2008,0.675336182972103
134,2009,0.672242523700321
134,2010,0.669146550747834
134,2011,0.66603840123084
134,2012,0.662926223829506
134,2013,0.659811147104179
134,2014,0.656688429558023
134,2015,0.653557661040157
134,2016,0.650489486104855
134,2017,0.647433165649383
134,2018,0.644386045221566
134,2019,0.64134536761474
134,2020,0.638310132069357
134,2021,0.635004403369607
134,2022,0.632992975137345
135,2000,0.397111252845598
135,2001,0.394379656394044
135,2002,0.391498642593985
135,2003,0.388462791435064
135,2004,0.385264295410217
135,2005,0.381900364286554
135,2006,0.378822918181048
135,2007,0.375547126210979
135,2008,0.372060498616966
135,2009,0.368356779970393
135,2010,0.364422840596989
135,2011,0.359964116553289
135,2012,0.355256757758501
135,2013,0.350281100471629
135,2014,0.345018572520331
135,2015,0.339451463495716
135,2016,0.332693348226385
135,2017,0.325607198619767
135,2018,0.318160353272126
135,2019,0.310316774183682
135,2020,0.302034940851977
135,2021,0.292288945573917
135,2022,0.2831586677209
136,2000,0.611251420851558
136,2001,0.613170580175054
136,2002,0.61502179873819
136,2003,0.616843916861583
136,2004,0.618628453286839
136,2005,0.620360255324424
136,2006,0.622084706048795
136,2007,0.62375951401469
136,2008,0.625388327473785
136,2009,0.626978488439514
136,2010,0.628527972590192
136,2011,0.63007551991964
136,2012,0.631588459282684
136,2013,0.633055755754017
136,2014,0.634480451687167
136,2015,0.63586299431921
136,2016,0.637216386199626
136,2017,0.638534097513477
136,2018,0.639818708670105
136,2019,0.641075124062922
136,2020,0.642304384079948
136,2021,0.639563787086283
136,2022,0.636790787490262
137,2000,0.541322591794532
137,2001,0.539011612559936
137,2002,0.536792693693066
137,2003,0.534574641281269
137,2004,0.53219665009404
137,2005,0.528008939289161
137,2006,0.523661996932293
137,2007,0.518952137786872
137,2008,0.513852444188981
137,2009,0.50832895294982
137,2010,0.502340730202863
137,2011,0.495864884346972
137,2012,0.488850643364971
137,2013,0.481203480761523
137,2014,0.4728447941352
137,2015,0.463674880846446
137,2016,0.453507194248076
137,2017,0.442260247543855
137,2018,0.43059296048234
137,2019,0.420133587829495
137,2020,0.408604986454031
137,2021,0.393962548590276
137,2022,0.384321197723948
138,2000,0.626709827580362
138,2001,0.625902390353743
138,2002,0.625023866308818
138,2003,0.624072898877105
138,2004,0.623051851576464
138,2005,0.62196300193397
138,2006,0.620926596055886
138,2007,0.619818815176783
138,2008,0.618885845920257
138,2009,0.617984229410618
138,2010,0.616997643142136
138,2011,0.616221100012443
138,2012,0.615349116098967
138,2013,0.614385076204533
138,2014,0.613326403067819
138,2015,0.612170525695149
138,2016,0.610886636320044
138,2017,0.609506246076324
138,2018,0.608015545390456
138,2019,0.606415114850044
138,2020,0.604701838602181
138,2021,0.600651425921198
138,2022,0.596519926855473
139,2000,0.467718406777408
139,2001,0.464097171668994
139,2002,0.460175928976049
139,2003,0.455934122496209
139,2004,0.451348190393799
139,2005,0.446391019447593
139,2006,0.440936106353945
139,2007,0.43504548138321
139,2008,0.428676468953961
139,2009,0.421778828805443
139,2010,0.414292921454592
139,2011,0.40601192806304
139,2012,0.396989504388911
139,2013,0.387119603370958
139,2014,0.376270357609318
139,2015,0.364275033053127
139,2016,0.350816032213252
139,2017,0.335717007812754
139,2018,0.318593319101502
139,2019,0.298904226089541
139,2020,0.290655637495993
139,2021,0.289932016943462
139,2022,0.211351963330447
140,2000,0.361089587597498
140,2001,0.339058807252368
140,2002,0.339919102059302
140,2003,0.340774773291572
140,2004,0.341625870325821
140,2005,0.342472441545599
140,2006,0.33457782648867
140,2007,0.3262749732398
140,2008,0.317519138571001
140,2009,0.308257797483878
140,2010,0.298428720972117
140,2011,0.288248368584777
140,2012,0.277326941500916
140,2013,0.2655519326849
140,2014,0.252783069636926
140,2015,0.238842350138955
140,2016,0.223323031141188
140,2017,0.206108482802686
140,2018,0.186784723532888
140,2019,0.164764755047828
140,2020,0.139176304041995
140,2021,0.10860293622714
140,2022,0.10860293622714
141,2000,0.217539149721374
141,2001,0.218478271754779
141,2002,0.219411887397464
141,2003,0.220340059082736
141,2004,0.221262852194766
141,2005,0.222180327123032
141,2006,0.222294270246886
141,2007,0.222408132912135
141,2008,0.222521914358791
141,2009,0.222635614270502
141,2010,0.222749232219339
141,2011,0.222567404162835
141,2012,0.222385367505418
141,2013,0.222203123363389
141,2014,0.222020669634883
141,2015,0.221838007067272
141,2016,0.222113904591942
141,2017,0.222389326409619
141,2018,0.222664271494682
141,2019,0.222938743754672
141,2020,0.223212742070335
141,2021,0.223212742070335
141,2022,0.223212742070335
143,2000,0.00769744827699909
143,2001,0.00778700217757553
143,2002,0.00787650457912889
143,2003,0.0079700277528515
143,2004,0.00806498271175077
143,2005,0.00815994216828237
143,2006,0.00828605645844126
143,2007,0.00841212520528463
143,2008,0.0085382464390956
143,2009,0.00866439894785038
143,2010,0.0087859426705811
143,2011,0.00884977094241498
143,2012,0.00891360395303732
143,2013,0.0089792747229189
143,2014,0.00904505026908051
143,2015,0.00911077535200804
143,2016,0.00918394579628217
143,2017,0.00925743302712667
143,2018,0.00933109508420737
143,2019,0.00940504829655533
143,2020,0.00947905433699418
143,2021,0.00948355458795041
143,2022,0.00948827182487454
144,2000,0
144,2001,0
144,2002,0
144,2003,0
144,2004,0
144,2005,0
144,2006,0
144,2007,0
144,2008,0
144,2009,0
144,2010,0
144,2011,0
144,2012,0
144,2013,0
144,2014,0
144,2015,0
144,2016,0
144,2017,0
144,2018,0
144,2019,0
144,2020,0
144,2021,0
144,2022,0
145,2000,0.00521252635215674
145,2001,0.00522674861254777
145,2002,0.00524096960901529
145,2003,0.00525518935277917
145,2004,0.00526940780764407
145,2005,0.0052836249898006
145,2006,0.0052761970902719
145,2007,0.00526876885638998
145,2008,0.00526134026023369
145,2009,0.00525391133533261
145,2010,0.00524648204750704
145,2011,0.00523991045908841
145,2012,0.00523333860646202
145,2013,0.00522676648602195
145,2014,0.00522019408787054
145,2015,0.00521362141517133
145,2016,0.00521858752485282
145,2017,0.00522355348980209
145,2018,0.00522851928809167
145,2019,0.0052334849459537
145,2020,0.0052384504347533
145,2021,0.0052384504347533
145,2022,0.0052384504347533
146,2000,0.0420958937991819
146,2001,0.0430530588407496
146,2002,0.0439965366810737
146,2003,0.0449208437746553
146,2004,0.0458290246587793
146,2005,0.0460819457484501
146,2006,0.0463663698012144
146,2007,0.0465962731174882
146,2008,0.0468030154761206
146,2009,0.0474201129988219
146,2010,0.0480088201523742
146,2011,0.0488425193517318
146,2012,0.0496517076211473
146,2013,0.0504362913831778
146,2014,0.0511956154029809
146,2015,0.0519300776126116
146,2016,0.0528267361711456
146,2017,0.054003476129171
146,2018,0.0549948087965787
146,2019,0.0561280500627399
146,2020,0.0572212035455873
146,2021,0.0569180899387483
146,2022,0.0566189088166448
147,2000,0.124893992610729
147,2001,0.128807709240733
147,2002,0.132702132464575
147,2003,0.136576380570555
147,2004,0.140429662251961
147,2005,0.14426126869719
147,2006,0.147739269220385
147,2007,0.151192612120482
147,2008,0.154621277336584
147,2009,0.158025269703379
147,2010,0.161404614415901
147,2011,0.164874436755565
147,2012,0.16832001756638
147,2013,0.171741318726116
147,2014,0.175138325595338
147,2015,0.178511047023637
147,2016,0.181768717556974
147,2017,0.185002236649362
147,2018,0.188211737748884
147,2019,0.191397365133653
147,2020,0.192418525594876
147,2021,0.192418525594876
147,2022,0.192418525594876
148,2000,0.284295700710191
148,2001,0.282271221515199
148,2002,0.278988285250709
148,2003,0.275618760812986
148,2004,0.272076040487565
148,2005,0.268445467323872
148,2006,0.265598343714676
148,2007,0.262665189030063
148,2008,0.260194011780744
148,2009,0.257652083002152
148,2010,0.255029247265702
148,2011,0.252576022962078
148,2012,0.250088150562669
148,2013,0.247517818606363
148,2014,0.244862016056472
148,2015,0.242117501736504
148,2016,0.239751503349091
148,2017,0.241154748253843
148,2018,0.242603629634578
148,2019,0.244074839378738
148,2020,0.245058132241108
148,2021,0.235066497683374
148,2022,0.233909772875141
149,2000,0
149,2001,0
149,2002,0
149,2003,0
149,2004,0
149,2005,0
149,2006,0
149,2007,0
149,2008,0
149,2009,0
149,2010,0
149,2011,0
149,2012,0
149,2013,0
149,2014,0
149,2015,0
149,2016,0
149,2017,0
149,2018,0
149,2019,0
149,2020,0
149,2021,0
149,2022,0
150,2000,0
150,2001,0
150,2002,0
150,2003,0
150,2004,0
150,2005,0
150,2006,0
150,2007,0
150,2008,0
150,2009,0
150,2010,0
150,2011,0
150,2012,0
150,2013,0
150,2014,0
150,2015,0
150,2016,0
150,2017,0
150,2018,0
150,2019,0
150,2020,0
150,2021,0
150,2022,0
151,2000,0.729169487572835
151,2001,0.730077535047229
151,2002,0.730980832590302
151,2003,0.73187943494154
151,2004,0.732773388206027
151,2005,0.733662745268125
151,2006,0.731832057586144
151,2007,0.729979194805616
151,2008,0.728103622724079
151,2009,0.731205228185109
151,2010,0.734126071030247
151,2011,0.738804765758357
151,2012,0.74334554625581
151,2013,0.747756183026957
151,2014,0.752043812244996
151,2015,0.756214995120717
151,2016,0.760507082312822
151,2017,0.764694290274636
151,2018,0.764893294991386
151,2019,0.76509210258823
151,2020,0.765290715546259
151,2021,0.76531448557367
151,2022,0.765338252052802
152,2000,0.287852980149171
152,2001,0.288639072881504
152,2002,0.289473710555181
152,2003,0.290332617768879
152,2004,0.29118714674274
152,2005,0.286390913607513
152,2006,0.281475703270326
152,2007,0.276304500938294
152,2008,0.270857046298294
152,2009,0.265110683805635
152,2010,0.259038803582414
152,2011,0.252759617776955
152,2012,0.246086703992433
152,2013,0.238977069756966
152,2014,0.231381493959629
152,2015,0.223243376635839
152,2016,0.214340612680522
152,2017,0.204755014558675
152,2018,0.194388032399906
152,2019,0.183120769379969
152,2020,0.170804399198667
152,2021,0.156656857554629
152,2022,0.141097730451185
153,2000,0.415185838123719
153,2001,0.416121781302282
153,2002,0.416995199703378
153,2003,0.417807087688748
153,2004,0.418558359906022
153,2005,0.419249851200223
153,2006,0.4188471905999
153,2007,0.418411689987695
153,2008,0.417943084051827
153,2009,0.417441080905112
153,2010,0.416905369879209
153,2011,0.415850237252494
153,2012,0.414767870043893
153,2013,0.413657756408878
153,2014,0.412519365100052
153,2015,0.41135214248929
153,2016,0.410248190930736
153,2017,0.40911308972047
153,2018,0.407946224922667
153,2019,0.408796348822769
153,2020,0.409641957970432
153,2021,0.409641957970432
153,2022,0.409641957970432
154,2000,0
154,2001,0
154,2002,0
154,2003,0
154,2004,0
154,2005,0.00491092334451653
154,2006,0.00488157261560916
154,2007,0.00485211915917163
154,2008,0.00561626959172168
154,2009,0.00711987933013715
154,2010,0.00858514886978818
154,2011,0.0100781652416226
154,2012,0.0115532782831669
154,2013,0.0130108538513506
154,2014,0.0144512466712113
154,2015,0.0158748004708828
154,2016,0.0173266644793127
154,2017,0.0187692623507792
154,2018,0.0202027254192529
154,2019,0.0216271828847315
154,2020,0.0230427605490071
154,2021,0.0230427605490071
154,2022,0.0230427605490071
155,2000,0.437362111429143
155,2001,0.438217848895768
155,2002,0.439069957562692
155,2003,0.43991551256379
155,2004,0.440756168162239
155,2005,0.433960411959598
155,2006,0.426806685551125
155,2007,0.419196334880837
155,2008,0.411086141432973
155,2009,0.402435013925252
155,2010,0.393174820225146
155,2011,0.388270545997277
155,2012,0.383323416580159
155,2013,0.378296852285995
155,2014,0.373125427774698
155,2015,0.367798975364861
155,2016,0.362942833747023
155,2017,0.357901064866983
155,2018,0.352650101646903
155,2019,0.347182064076189
155,2020,0.341486812357977
155,2021,0.334401963628355
155,2022,0.327092737587993
156,2000,0.512803486353965
156,2001,0.505920075837045
156,2002,0.498725566943697
156,2003,0.491190502604647
156,2004,0.483281030676022
156,2005,0.464462638691199
156,2006,0.45132465454464
156,2007,0.437290365107499
156,2008,0.422214334891112
156,2009,0.405911676256209
156,2010,0.388142295268398
156,2011,0.373381770428612
156,2012,0.356230238532849
156,2013,0.33600122473191
156,2014,0.311648771323833
156,2015,0.281463760719937
156,2016,0.242903627360767
156,2017,0.215673473906002
156,2018,0.212603468673355
156,2019,0.214502628906341
156,2020,0.21637940125982
156,2021,0.21637940125982
156,2022,0.21637940125982
157,2000,0.0473388018362612
157,2001,0.0446796426440415
157,2002,0.041703116859538
157,2003,0.0387773861757488
157,2004,0.0358861626914891
157,2005,0.0330582832525101
157,2006,0.0307027235092708
157,2007,0.0284133514893316
157,2008,0.0262961463402429
157,2009,0.0242380324450591
157,2010,0.0222391543049061
157,2011,0.0205276387059893
157,2012,0.0188771028931473
157,2013,0.0172809890485533
157,2014,0.0157400611740934
157,2015,0.0142550483971227
157,2016,0.0130510691772794
157,2017,0.0122574914473449
157,2018,0.0114692055787996
157,2019,0.0106830627711628
157,2020,0.00985921384279205
157,2021,0.00911711084514004
157,2022,0.009033952034988
158,2000,0
158,2001,0
158,2002,0
158,2003,0
158,2004,0
158,2005,0
158,2006,0
158,2007,0
158,2008,0
158,2009,0
158,2010,0
158,2011,0
158,2012,0
158,2013,0
158,2014,0
158,2015,0
158,2016,0
158,2017,0
158,2018,0
158,2019,0
158,2020,0
158,2021,0
158,2022,0
159,2000,0
159,2001,0
159,2002,0
159,2003,0
159,2004,0
159,2005,0
159,2006,0
159,2007,0
159,2008,0
159,2009,0
159,2010,0
159,2011,0
159,2012,0
159,2013,0
159,2014,0
159,2015,0
159,2016,0
159,2017,0
159,2018,0
159,2019,0
159,2020,0
159,2021,0
159,2022,0
161,2000,0.243812823438274
161,2001,0.243380129841573
161,2002,0.242946257256963
161,2003,0.242511198748137
161,2004,0.242074948423966
161,2005,0.24388602113533
161,2006,0.244900982444731
161,2007,0.245867355432562
161,2008,0.246785981161744
161,2009,0.247657650110344
161,2010,0.248483101142422
161,2011,0.249763071339926
161,2012,0.251008017331268
161,2013,0.252218675591416
161,2014,0.253395750870639
161,2015,0.254539915654717
161,2016,0.256337790536224
161,2017,0.258112092528072
161,2018,0.259863378795642
161,2019,0.261592190416345
161,2020,0.263299046030473
161,2021,0.263299046030473
161,2022,0.263299046030473
162,2000,7.63257134522021e-09
162,2001,1.79100305909845e-08
162,2002,1.36353139563257e-08
162,2003,1.82526022433434e-08
162,2004,5.5959550422864e-08
162,2005,0
162,2006,8.23565188122408e-08
162,2007,0
162,2008,9.4587886809227e-08
162,2009,0
162,2010,4.22723380051338e-08
162,2011,0
162,2012,0
162,2013,1.57781262747954e-08
162,2014,4.658917126652e-08
162,2015,2.93680386342385e-08
162,2016,0
162,2017,0
162,2018,0
162,2019,0
162,2020,0
162,2021,1.55466066577202e-07
162,2022,0
163,2000,0.0195794186876188
163,2001,0.0197681424175707
163,2002,0.0199572130384391
163,2003,0.0201462960979506
163,2004,0.0203358458914863
163,2005,0.0205253539246341
163,2006,0.0207137170576376
163,2007,0.0209023376553842
163,2008,0.0210910645190756
163,2009,0.0212799764392495
163,2010,0.0213812794951949
163,2011,0.0249578742434052
163,2012,0.0284291628911863
163,2013,0.0317984220079797
163,2014,0.0350656184264893
163,2015,0.0382337708262954
163,2016,0.041283679701684
163,2017,0.0442331536694602
163,2018,0.0470867224604093
163,2019,0.0498440302590662
163,2020,0.0525074193336182
163,2021,0.0548497053297977
163,2022,0.0570865667782535
164,2000,0.203416941380083
164,2001,0.204567267114972
164,2002,0.205587024102684
164,2003,0.206478659584455
164,2004,0.207244210542696
164,2005,0.207955401058674
164,2006,0.208735642217968
164,2007,0.209392216446054
164,2008,0.209926874290489
164,2009,0.210341131902334
164,2010,0.210636083016993
164,2011,0.210751239300125
164,2012,0.210737658594743
164,2013,0.210592933580302
164,2014,0.210315136577362
164,2015,0.20990033982306
164,2016,0.209396477763378
164,2017,0.208745960515546
164,2018,0.2079438591847
164,2019,0.21012105657258
164,2020,0.212246702479937
164,2021,0.212072977722821
164,2022,0.21188021193545
166,2000,0.593655632010121
166,2001,0.593636847010154
166,2002,0.593620552647925
166,2003,0.59360131564284
166,2004,0.592269411510031
166,2005,0.59091250687051
166,2006,0.589363771770685
166,2007,0.587791205635732
166,2008,0.586194568025552
166,2009,0.584573433637352
166,2010,0.58292753202596
166,2011,0.581129748337951
166,2012,0.579313852270146
166,2013,0.577482968347474
166,2014,0.575640261691192
166,2015,0.573788379626389
166,2016,0.571872852931124
166,2017,0.569955666973076
166,2018,0.568054517062805
166,2019,0.567048112574606
166,2020,0.567849627458229
166,2021,0.568153579854818
166,2022,0.568470207164941
167,2000,0.294843201902559
167,2001,0.291610687736847
167,2002,0.28831252506109
167,2003,0.28501039652868
167,2004,0.281086972709804
167,2005,0.277058475971875
167,2006,0.273277835098327
167,2007,0.269376326593344
167,2008,0.265347206027414
167,2009,0.261182583362337
167,2010,0.256874881685282
167,2011,0.252494424012338
167,2012,0.247841708623827
167,2013,0.243019031895227
167,2014,0.238008560244068
167,2015,0.232798153907974
167,2016,0.227545112730747
167,2017,0.222057105571642
167,2018,0.216317872497412
167,2019,0.210306182966449
167,2020,0.203999999207032
167,2021,0.196958869924236
167,2022,0.189585782971086
168,2000,0.284093696412435
168,2001,0.282782278288399
168,2002,0.28144661686962
168,2003,0.280089829835717
168,2004,0.278709832248395
168,2005,0.275271613000991
168,2006,0.27249224418717
168,2007,0.269542370619008
168,2008,0.266410425248585
168,2009,0.263083885522988
168,2010,0.259553811471842
168,2011,0.255744698411612
168,2012,0.251703802762255
168,2013,0.247414235382873
168,2014,0.242831282457611
168,2015,0.237933257817099
168,2016,0.232573336935891
168,2017,0.226856059935588
168,2018,0.220750855941352
168,2019,0.21422686389597
168,2020,0.207241184208111
168,2021,0.207148525610368
168,2022,0.20703188552401
169,2000,0.0834282633004451
169,2001,0.0829439989522516
169,2002,0.0853002281205276
169,2003,0.0876220950645032
169,2004,0.0899105867865076
169,2005,0.092166649741304
169,2006,0.0924203754949928
169,2007,0.0926376255137557
169,2008,0.0928185499949115
169,2009,0.0929632702088991
169,2010,0.0930718861753087
169,2011,0.093164421654784
169,2012,0.0932203419329533
169,2013,0.0932396853174518
169,2014,0.0932224660581455
169,2015,0.0931686719746812
169,2016,0.0928767208357345
169,2017,0.092554348891413
169,2018,0.0922013724994947
169,2019,0.0918175885148265
169,2020,0.0914027759807706
169,2021,0.0901370620751757
169,2022,0.0901370620751757
171,2000,0.585095926535022
171,2001,0.582147473456669
171,2002,0.579091729961541
171,2003,0.575841733188217
171,2004,0.572390451038735
171,2005,0.568726935980796
171,2006,0.564418315588505
171,2007,0.559879780839045
171,2008,0.555095299885529
171,2009,0.550053104323949
171,2010,0.544726870933776
171,2011,0.538916401157765
171,2012,0.532774047207348
171,2013,0.526276360829664
171,2014,0.519377778184947
171,2015,0.512044818399725
171,2016,0.504064059379358
171,2017,0.495549594457781
171,2018,0.486443777964134
171,2019,0.476658776027644
171,2020,0.46646769826407
171,2021,0.454932828453463
171,2022,0.453744134800152
172,2000,0.389399153211768
172,2001,0.385679745754877
172,2002,0.381737415630493
172,2003,0.377554677967782
172,2004,0.373106913230659
172,2005,0.368377444096057
172,2006,0.363398413112202
172,2007,0.358089062585992
172,2008,0.352417518321573
172,2009,0.346354101081948
172,2010,0.339860448076126
172,2011,0.333086552603874
172,2012,0.325810674659662
172,2013,0.319231476791128
172,2014,0.312104726449853
172,2015,0.304374765306872
172,2016,0.295974981552034
172,2017,0.281601000212578
172,2018,0.269618849587772
172,2019,0.256294048622432
172,2020,0.24134833457074
172,2021,0.223012973699628
172,2022,0.20228786660936
173,2000,0.303961593615277
173,2001,0.303779515699372
173,2002,0.303611176779312
173,2003,0.303453107715464
173,2004,0.303308990731451
173,2005,0.30062600888055
173,2006,0.294511081052076
173,2007,0.288151732880323
173,2008,0.281523743017621
173,2009,0.274603331199443
173,2010,0.267358374886738
173,2011,0.259806934972785
173,2012,0.25193330089572
173,2013,0.243619071875434
173,2014,0.234781529689563
173,2015,0.225355146195005
173,2016,0.2152979436531
173,2017,0.204474772294679
173,2018,0.192766415642776
173,2019,0.1800236956943
173,2020,0.166055861819807
173,2021,0.15098328682812
173,2022,0.151044481858649
174,2000,0.0364873167649793
174,2001,0.0366709390943298
174,2002,0.0368539214353037
174,2003,0.0370365466420381
174,2004,0.0372192045430457
174,2005,0.0374017075622562
174,2006,0.0376490570764258
174,2007,0.0378958218953224
174,2008,0.0381426775904863
174,2009,0.0383887161992145
174,2010,0.0386355024715168
174,2011,0.0389016546371035
174,2012,0.0391671494040802
174,2013,0.0394316236670143
174,2014,0.0396944873945399
174,2015,0.0399570594246589
174,2016,0.0401498787874455
174,2017,0.0403417288240088
174,2018,0.0405342044169284
174,2019,0.0407258338627114
174,2020,0.0409176455720677
174,2021,0.0409179154634414
174,2022,0.040918349297874
175,2000,0.0637754951074078
175,2001,0.063935089945304
175,2002,0.0640945078616976
175,2003,0.0642542535108825
175,2004,0.0644133042555256
175,2005,0.0645726051911759
175,2006,0.0648346266697256
175,2007,0.065097058654306
175,2008,0.0653588630489363
175,2009,0.0656214059805478
175,2010,0.0658822229579502
175,2011,0.0661130759049395
175,2012,0.0663444828502292
175,2013,0.0665747285788307
175,2014,0.0668046727331789
175,2015,0.0670338485303906
175,2016,0.0672424215710108
175,2017,0.0674494961924565
175,2018,0.0676562182648313
175,2019,0.0678633029990096
175,2020,0.0680708755225866
175,2021,0.0680705163155317
175,2022,0.0680703118452023
176,2000,0.138560955765082
176,2001,0.138413782212941
176,2002,0.138267119667382
176,2003,0.138120313118567
176,2004,0.137974341518863
176,2005,0.137828027823236
176,2006,0.137638270201365
176,2007,0.137448572015798
176,2008,0.137259593274124
176,2009,0.137070158802889
176,2010,0.136881913093219
176,2011,0.136929320215602
176,2012,0.137042150951896
176,2013,0.137155055706441
176,2014,0.137267446321761
176,2015,0.137380451300412
176,2016,0.137355820455854
176,2017,0.137327102292048
176,2018,0.137292799593469
176,2019,0.137254385938762
176,2020,0.137210988870769
176,2021,0.137178324044967
176,2022,0.137141315957576
177,2000,0.374393454493418
177,2001,0.377142555370114
177,2002,0.380303432129532
177,2003,0.38333545847836
177,2004,0.386243647839844
177,2005,0.38902797562674
177,2006,0.39137568011096
177,2007,0.39353471586836
177,2008,0.39561316283598
177,2009,0.397714314059803
177,2010,0.399736330454073
177,2011,0.401585147546413
177,2012,0.403366200219662
177,2013,0.404965074958098
177,2014,0.406406187089716
177,2015,0.407810125781564
177,2016,0.409130767940468
177,2017,0.410414955274666
177,2018,0.41164820585849
177,2019,0.41283572502847
177,2020,0.413979630202421
177,2021,0.414490919812736
177,2022,0.414967493298687
178,2000,0.48466279084686
178,2001,0.47639170609556
178,2002,0.467684178838503
178,2003,0.458714039874553
178,2004,0.449136177095323
178,2005,0.438865584778125
178,2006,0.427896982864001
178,2007,0.416009645079273
178,2008,0.403045645020913
178,2009,0.388799710024313
178,2010,0.373008495468139
178,2011,0.355244467679543
178,2012,0.3351021167212
178,2013,0.311836874596673
178,2014,0.284344294581193
178,2015,0.250798430697468
178,2016,0.20768721552384
178,2017,0.17489663951116
178,2018,0.160276384307031
178,2019,0.160113488392167
178,2020,0.160157498750103
178,2021,0.160172065509625
178,2022,0.160198639314032
179,2000,0.17026904940979
179,2001,0.171173392164881
179,2002,0.172073607542118
179,2003,0.172968851113469
179,2004,0.173859767641036
179,2005,0.174745975252969
179,2006,0.175600636446461
179,2007,0.176450984217181
179,2008,0.177298369828916
179,2009,0.178142581817663
179,2010,0.178984258748443
179,2011,0.179741493969817
179,2012,0.180496866578831
179,2013,0.181249315916528
179,2014,0.182000247052121
179,2015,0.182748108792857
179,2016,0.183471960875995
179,2017,0.184192727322129
179,2018,0.18491197367251
179,2019,0.185628453537539
179,2020,0.18634336964671
179,2021,0.186408662249683
179,2022,0.186474053338253
180,2000,0.172003861746707
180,2001,0.172520289502922
180,2002,0.173138949996379
180,2003,0.173754543016493
180,2004,0.174367779046902
180,2005,0.174977304641827
180,2006,0.175996077152668
180,2007,0.177007993312315
180,2008,0.178014641311759
180,2009,0.179015384492042
180,2010,0.180010656057186
180,2011,0.18082931281173
180,2012,0.181643723323338
180,2013,0.182455591811475
180,2014,0.183263874750827
180,2015,0.184068293979913
180,2016,0.184867806488366
180,2017,0.185662533666927
180,2018,0.186454440825072
180,2019,0.187243776547554
180,2020,0.188028244122356
180,2021,0.18816350812471
180,2022,0.188296674165925
181,2000,0.313820082338293
181,2001,0.317188292753869
181,2002,0.320532364945892
181,2003,0.323866584966739
181,2004,0.327176298297744
181,2005,0.330460155533681
181,2006,0.334028528414651
181,2007,0.337521107816376
181,2008,0.340979116862347
181,2009,0.344404173766196
181,2010,0.347796501544829
181,2011,0.34907028502997
181,2012,0.350346319004657
181,2013,0.351623646351139
181,2014,0.352902993273321
181,2015,0.354183447030393
181,2016,0.356146103769924
181,2017,0.358115662403709
181,2018,0.360094357194841
181,2019,0.36129673540543
181,2020,0.362504651796811
181,2021,0.362737725400182
181,2022,0.362981288202742
182,2000,0.0525000338564935
182,2001,0.0532569224252089
182,2002,0.0522203625189017
182,2003,0.05113932213815
182,2004,0.0499890992457853
182,2005,0.0487700153769218
182,2006,0.0474172546248836
182,2007,0.0459959258048537
182,2008,0.0445021620504647
182,2009,0.0429357837375842
182,2010,0.0412933145045477
182,2011,0.0390949188442158
182,2012,0.0368659121256051
182,2013,0.034604645156445
182,2014,0.0324231204641978
182,2015,0.0303868057377524
182,2016,0.0283819572990404
182,2017,0.0281069191250217
182,2018,0.0282197222408658
182,2019,0.0283295549621362
182,2020,0.0284428688791631
182,2021,0.0285228482182545
182,2022,0.0286011925318452
183,2000,0.311527019642393
183,2001,0.30484557279071
183,2002,0.297918228888476
183,2003,0.290697062299833
183,2004,0.28315606883614
183,2005,0.275270898289337
183,2006,0.266769619037926
183,2007,0.257858433792759
183,2008,0.248491176495831
183,2009,0.238619009906931
183,2010,0.228178540249068
183,2011,0.216332673826182
183,2012,0.203799757872666
183,2013,0.190480538593015
183,2014,0.176250922327347
183,2015,0.160955358060227
183,2016,0.144473699285759
183,2017,0.126452903009851
183,2018,0.109053317373689
183,2019,0.101625130339323
183,2020,0.0975484985468715
183,2021,0.0977798611006371
183,2022,0.0980087456237274
184,2000,0.0369221136478627
184,2001,0.0370555683297201
184,2002,0.0371931202722249
184,2003,0.0373318863781405
184,2004,0.0374702472377641
184,2005,0.0376087283921118
184,2006,0.0376801334244382
184,2007,0.0377501835537932
184,2008,0.0378216949030686
184,2009,0.0378911077085188
184,2010,0.0379624636099762
184,2011,0.0379497101661296
184,2012,0.037945040700466
184,2013,0.0379451886717704
184,2014,0.0379421960555586
184,2015,0.0379416410711941
184,2016,0.0379098377128489
184,2017,0.0378790958772854
184,2018,0.0378460549245737
184,2019,0.037815458584297
184,2020,0.0377857540148808
184,2021,0.0378039029277303
184,2022,0.0378215500398107
185,2000,0
185,2001,0
185,2002,0
185,2003,0
185,2004,0
185,2005,0
185,2006,0
185,2007,0
185,2008,0
185,2009,0
185,2010,0
185,2011,0
185,2012,0
185,2013,0
185,2014,0
185,2015,0
185,2016,0
185,2017,0
185,2018,0
185,2019,0
185,2020,0
185,2021,0
185,2022,0
186,2000,0.374034336985836
186,2001,0.369273355384055
186,2002,0.364261747847453
186,2003,0.358979887688667
186,2004,0.353405589007713
186,2005,0.347513648723852
186,2006,0.345182689474091
186,2007,0.338064460767174
186,2008,0.330427905930646
186,2009,0.322213437398338
186,2010,0.313344923674867
186,2011,0.3036097423151
186,2012,0.293022986566883
186,2013,0.281445570477582
186,2014,0.268702545880201
186,2015,0.254567418579649
186,2016,0.238543304016234
186,2017,0.220433674392379
186,2018,0.199784080583123
186,2019,0.188136491827006
186,2020,0.176316311625484
186,2021,0.175388314811149
186,2022,0.174454969799721
187,2000,0.105433564235724
187,2001,0.105332765840398
187,2002,0.114585790020165
187,2003,0.123292329331126
187,2004,0.131511982254871
187,2005,0.139294223557198
187,2006,0.146645664497951
187,2007,0.153636691824908
187,2008,0.160298923474693
187,2009,0.166660569032193
187,2010,0.17274566556664
187,2011,0.178522636212633
187,2012,0.184046499458386
187,2013,0.189333869325279
187,2014,0.194397768557613
187,2015,0.193510551863343
187,2016,0.192616428621776
187,2017,0.191702701952427
187,2018,0.191284586918121
187,2019,0.190850906829271
187,2020,0.190400713167646
187,2021,0.190075447773097
187,2022,0.209011778751929
188,2000,0.0906162176871477
188,2001,0.090757888013681
188,2002,0.0908994326987172
188,2003,0.0910408514077873
188,2004,0.0911821448390124
188,2005,0.0913233127236013
188,2006,0.0917941327060447
188,2007,0.0964158343147513
188,2008,0.100960486694344
188,2009,0.105430864869821
188,2010,0.109829589350217
188,2011,0.113837072639231
188,2012,0.117765080313632
188,2013,0.121616978283327
188,2014,0.125395920885921
188,2015,0.129104867850521
188,2016,0.132675230055058
188,2017,0.136178893561823
188,2018,0.139618479164244
188,2019,0.142996452684439
188,2020,0.146315141774537
188,2021,0.149407714394247
188,2022,0.149407714394247
189,2000,0.422029878923358
189,2001,0.4170403652625
189,2002,0.411989817492461
189,2003,0.406807984911764
189,2004,0.401487547066783
189,2005,0.3958169091343
189,2006,0.389077526795738
189,2007,0.382173550868999
189,2008,0.375095604844085
189,2009,0.367354702026483
189,2010,0.35954341745628
189,2011,0.351000974940421
189,2012,0.341818431550082
189,2013,0.332311763621292
189,2014,0.322450690807748
189,2015,0.312203677234675
189,2016,0.302962071382337
189,2017,0.293218346572393
189,2018,0.282921576972584
189,2019,0.272008932848575
189,2020,0.260401020890897
189,2021,0.248463673057934
189,2022,0.235613908783438
190,2000,0.00528545918902548
190,2001,0.00571144931556972
190,2002,0.00613630268424098
190,2003,0.00656002536873579
190,2004,0.00698262336102839
190,2005,0.00740410261702323
190,2006,0.0090014037749608
190,2007,0.0105828811392786
190,2008,0.0121488166677503
190,2009,0.0136995130625627
190,2010,0.0152352640760273
190,2011,0.0160067015669021
190,2012,0.0167744255005095
190,2013,0.0175384714619395
190,2014,0.018298874617742
190,2015,0.0190556695481084
190,2016,0.0194037480658912
190,2017,0.0197510701152048
190,2018,0.0200976388810539
190,2019,0.020443457847562
190,2020,0.0207885300875029
190,2021,0.0207886102597648
190,2022,0.0207886904326511
191,2000,0.323065029317242
191,2001,0.322339068034718
191,2002,0.321399535804454
191,2003,0.320249077263192
191,2004,0.318891080929024
191,2005,0.317328304095107
191,2006,0.315564011261967
191,2007,0.313676683609843
191,2008,0.311622128137526
191,2009,0.309356668667134
191,2010,0.306875047957537
191,2011,0.304916816946574
191,2012,0.302713761954734
191,2013,0.300254681968234
191,2014,0.297516445423879
191,2015,0.294494982473017
191,2016,0.291809960619959
191,2017,0.288784785370611
191,2018,0.287668986896234
191,2019,0.28707105753391
191,2020,0.287288203375542
191,2021,0.286610908258563
191,2022,0.28594384609177
192,2000,0.424399321381636
192,2001,0.426501836141499
192,2002,0.428392407408991
192,2003,0.430078876159229
192,2004,0.431568121505078
192,2005,0.426614548600841
192,2006,0.421325557121985
192,2007,0.415087153979243
192,2008,0.407784100927582
192,2009,0.399268124704452
192,2010,0.389265487968304
192,2011,0.379103150322401
192,2012,0.366791301579144
192,2013,0.351836177262064
192,2014,0.333508730287604
192,2015,0.310679982826314
192,2016,0.28147889210572
192,2017,0.242380534043554
192,2018,0.196632932947263
192,2019,0.163216474318932
192,2020,0.132485330060524
192,2021,0.132324005245827
192,2022,0.132155957494625
193,2000,0.601685526382617
193,2001,0.604518794716955
193,2002,0.607251147502527
193,2003,0.609886148269805
193,2004,0.611768428086526
193,2005,0.613214034751981
193,2006,0.615101373500972
193,2007,0.6168480052615
193,2008,0.618455784517574
193,2009,0.619927094966532
193,2010,0.621262025569382
193,2011,0.623249190397996
193,2012,0.625065248471702
193,2013,0.62671330017922
193,2014,0.628195141192008
193,2015,0.629512355120427
193,2016,0.630962924556997
193,2017,0.63223698852859
193,2018,0.633335095954125
193,2019,0.634258145059653
193,2020,0.635005986683427
193,2021,0.632038626784735
193,2022,0.631800829653539
194,2000,0.762343312657952
194,2001,0.765033453168354
194,2002,0.767615112790321
194,2003,0.770092301637017
194,2004,0.772215398598527
194,2005,0.774204541526896
194,2006,0.777922918322471
194,2007,0.781411545719615
194,2008,0.784680008382706
194,2009,0.787736766334618
194,2010,0.790588874871713
194,2011,0.79447181536638
194,2012,0.798085916796316
194,2013,0.801443162466979
194,2014,0.804554010308831
194,2015,0.807421460635222
194,2016,0.811126755056313
194,2017,0.814531924084235
194,2018,0.8176487547591
194,2019,0.820487768929809
194,2020,0.823056277367297
194,2021,0.820317192201835
194,2022,0.817475866839905
195,2000,0.816226360346369
195,2001,0.818027638728327
195,2002,0.819762798433255
195,2003,0.821434352914539
195,2004,0.823043435798484
195,2005,0.824339694655029
195,2006,0.826132779927094
195,2007,0.827825762790077
195,2008,0.829420844350347
195,2009,0.83092137425512
195,2010,0.832327897677431
195,2011,0.834410053834774
195,2012,0.836370297429251
195,2013,0.83821197099034
195,2014,0.839938118595844
195,2015,0.841545272606031
195,2016,0.843296754072231
195,2017,0.844923414308932
195,2018,0.846427892016096
195,2019,0.847813284842307
195,2020,0.849081738203591
195,2021,0.847424273340214
195,2022,0.845746666565318
196,2000,0.893839836046319
196,2001,0.898100838902792
196,2002,0.900887861420594
196,2003,0.903505830736353
196,2004,0.905957305722075
196,2005,0.908244433407449
196,2006,0.911038883944613
196,2007,0.913637566117074
196,2008,0.916043372143927
196,2009,0.918259241795376
196,2010,0.920286208806533
196,2011,0.922674888681917
196,2012,0.924851980193313
196,2013,0.9268208399243
196,2014,0.928583594219946
196,2015,0.930141634713436
196,2016,0.931761896448557
196,2017,0.933165727324282
196,2018,0.934354495331694
196,2019,0.935328553097718
196,2020,0.936087071838181
196,2021,0.932923204039988
196,2022,0.929625344513152
197,2000,0.688949813487227
197,2001,0.694943967160545
197,2002,0.700705471441623
197,2003,0.705783005876251
197,2004,0.710659389277377
197,2005,0.715349642411519
197,2006,0.720690025392831
197,2007,0.725809850310616
197,2008,0.730723670544981
197,2009,0.735445391863854
197,2010,0.739985950205701
197,2011,0.745127534644153
197,2012,0.750059440232331
197,2013,0.754796005518183
197,2014,0.759349336448221
197,2015,0.763730372674785
197,2016,0.768552598035294
197,2017,0.773185822046018
197,2018,0.777639786045298
197,2019,0.781926926417244
197,2020,0.786055816693725
197,2021,0.785357386764311
197,2022,0.784765122557994
198,2000,0.417225578889418
198,2001,0.417511035821822
198,2002,0.417700306566895
198,2003,0.417792655306425
198,2004,0.417787110247496
198,2005,0.417682694300288
198,2006,0.417463954505835
198,2007,0.417143814042157
198,2008,0.416720221448471
198,2009,0.41619188419752
198,2010,0.415556129280405
198,2011,0.414726223652179
198,2012,0.413786174120353
198,2013,0.412733866812727
198,2014,0.411568284831721
198,2015,0.412620487158648
198,2016,0.413300172197706
198,2017,0.41396120214675
198,2018,0.414604018867992
198,2019,0.415229352820249
198,2020,0.416575456902203
198,2021,0.416466294347719
198,2022,0.416363342174123
199,2000,0.59286939476056
199,2001,0.593444461781829
199,2002,0.594006157471177
199,2003,0.594554595954324
199,2004,0.595089882713787
199,2005,0.595611987405325
199,2006,0.596679861937683
199,2007,0.5977265390548
199,2008,0.598752364940139
199,2009,0.599757447905553
199,2010,0.600742176300316
199,2011,0.602094706804135
199,2012,0.603425356009987
199,2013,0.604734402770819
199,2014,0.606021984239516
199,2015,0.607288493192646
199,2016,0.608525780592132
199,2017,0.609742772341699
199,2018,0.610939589521443
199,2019,0.612116682358291
199,2020,0.61327434701165
199,2021,0.613218036860977
199,2022,0.613165434510615
200,2000,0.511445870558462
200,2001,0.527238326684753
200,2002,0.540945239341027
200,2003,0.55295515350386
200,2004,0.563550490156688
200,2005,0.572951663875624
200,2006,0.591082802646143
200,2007,0.60664920482183
200,2008,0.620174957413301
200,2009,0.632038640194887
200,2010,0.642512912484495
200,2011,0.66028085205655
200,2012,0.675477667847021
200,2013,0.6886279524973
200,2014,0.700102990803374
200,2015,0.710187797386394
200,2016,0.72446501548556
200,2017,0.736810903710114
200,2018,0.74756806136788
200,2019,0.76015616256196
200,2020,0.771706825060958
200,2021,0.770850481582079
200,2022,0.770008544211099
202,2000,0.77259890357214
202,2001,0.77717349963368
202,2002,0.781438466412784
202,2003,0.785375749499727
202,2004,0.789146660122934
202,2005,0.792678300144821
202,2006,0.797957388814643
202,2007,0.802872598397291
202,2008,0.807451683873087
202,2009,0.811720642038901
202,2010,0.815700085483319
202,2011,0.821111707930602
202,2012,0.826132131024055
202,2013,0.830794239318397
202,2014,0.835127148045897
202,2015,0.83915550011214
202,2016,0.844362713285935
202,2017,0.849187228465844
202,2018,0.853661245286529
202,2019,0.857813718510256
202,2020,0.861668189225389
202,2021,0.861246234572983
202,2022,0.860822574186917
203,2000,1
203,2001,1
203,2002,1
203,2003,0.999293448798569
203,2004,0.995261299820109
203,2005,0.990935315216661
203,2006,0.986115178599562
203,2007,0.980954890151305
203,2008,0.975424644414215
203,2009,0.969491753434553
203,2010,0.963115505402973
203,2011,0.956037241719468
203,2012,0.948409930633147
203,2013,0.940169131891416
203,2014,0.931235631572811
203,2015,0.92151412366131
203,2016,0.910805326511161
203,2017,0.899449276567464
203,2018,0.887340416150379
203,2019,0.87401414049921
203,2020,0.859230711114924
203,2021,0.841466241666116
203,2022,0.821495726961799
204,2000,1
204,2001,1
204,2002,1
204,2003,1
204,2004,1
204,2005,1
204,2006,1
204,2007,1
204,2008,1
204,2009,0.99997879784781
204,2010,0.997096520666053
204,2011,0.994156651033464
204,2012,0.991099574810977
204,2013,0.987924107435241
204,2014,0.98462684670619
204,2015,0.981205966222876
204,2016,0.977581621719667
204,2017,0.973828694543123
204,2018,0.96994365569082
204,2019,0.965922635292642
204,2020,0.961761506342422
204,2021,0.956176661698192
204,2022,0.950962625824815
205,2000,0.591670960084311
205,2001,0.593490281251585
205,2002,0.59517141408982
205,2003,0.596718237431193
205,2004,0.598135082578605
205,2005,0.599425912905588
205,2006,0.599349977391342
205,2007,0.599202517051139
205,2008,0.598983783789822
205,2009,0.59891210585528
205,2010,0.598779516143249
205,2011,0.598346568501909
205,2012,0.597861153108583
205,2013,0.597324180860854
205,2014,0.596734366111923
205,2015,0.59608330398831
205,2016,0.595268394967315
205,2017,0.594396972289203
205,2018,0.593469932891774
205,2019,0.592489552244358
205,2020,0.591457491090753
205,2021,0.588672119672064
205,2022,0.588524209326022
206,2000,0.382298966485098
206,2001,0.381618895957011
206,2002,0.38084603155198
206,2003,0.379981352307359
206,2004,0.379026906222066
206,2005,0.377987410737376
206,2006,0.376830669184529
206,2007,0.375591168846002
206,2008,0.374269772680401
206,2009,0.372869394642554
206,2010,0.371389055275619
206,2011,0.369812738621949
206,2012,0.368163408723252
206,2013,0.366427954927609
206,2014,0.364603764771444
206,2015,0.362691600172228
206,2016,0.360551401139842
206,2017,0.358485707109524
206,2018,0.356239114629413
206,2019,0.356115471544051
206,2020,0.356031649980821
206,2021,0.35406251154082
206,2022,0.354011551248305
207,2000,0.832961247372667
207,2001,0.828145493971279
207,2002,0.823108190866487
207,2003,0.817840252464712
207,2004,0.812322197237425
207,2005,0.806026908592513
207,2006,0.799273798396583
207,2007,0.792117108985689
207,2008,0.784518070716619
207,2009,0.776427269643181
207,2010,0.767774810138296
207,2011,0.758673172229495
207,2012,0.748878911035136
207,2013,0.738302240021866
207,2014,0.726820138934706
207,2015,0.714287046393397
207,2016,0.700217797686606
207,2017,0.684680821723742
207,2018,0.667350097889081
207,2019,0.647778793696123
207,2020,0.625326883531424
207,2021,0.598109443302426
207,2022,0.565518243063385
208,2000,0
208,2001,0
208,2002,0
208,2003,0
208,2004,0
208,2005,0
208,2006,0
208,2007,0
208,2008,0
208,2009,0
208,2010,0
208,2011,0
208,2012,0
208,2013,0
208,2014,0
208,2015,0
208,2016,0
208,2017,0
208,2018,0
208,2019,0
208,2020,0
208,2021,0
208,2022,0
209,2000,0.922216689451325
209,2001,0.921639290822288
209,2002,0.915554975900712
209,2003,0.909102343286764
209,2004,0.902243692644526
209,2005,0.894965080479156
209,2006,0.88742837281559
209,2007,0.879416220766337
209,2008,0.87084955571045
209,2009,0.861679283989202
209,2010,0.851820796540809
209,2011,0.841430996451236
209,2012,0.8302092018449
209,2013,0.817994415659637
209,2014,0.804605226197125
209,2015,0.789829689947247
209,2016,0.773326581580397
209,2017,0.754772316348054
209,2018,0.733648383827356
209,2019,0.709154564702061
209,2020,0.680034981810258
209,2021,0.642288802324367
209,2022,0.593757496744151
210,2000,0
210,2001,0.000290588687324732
210,2002,0.00222968593480469
210,2003,0.00415364169506395
210,2004,0.00606271914332934
210,2005,0.00795717437842468
210,2006,0.0098234668607279
210,2007,0.0116706548036554
210,2008,0.0134991473721439
210,2009,0.0153093406830091
210,2010,0.0171016183410593
210,2011,0.0188460126473902
210,2012,0.0205679688088061
210,2013,0.0222680049712827
210,2014,0.0239466214927314
210,2015,0.0256043015716999
210,2016,0.0272102987740478
210,2017,0.0287928224133765
210,2018,0.0303524081486838
210,2019,0.0318895727628356
210,2020,0.0334048151733206
210,2021,0.0349706915998057
210,2022,0.0365213172837741
212,2000,0.790588445533078
212,2001,0.79171042341654
212,2002,0.793068010227806
212,2003,0.79434143216492
212,2004,0.795533260867433
212,2005,0.796645894151328
212,2006,0.798165234979297
212,2007,0.799364054568628
212,2008,0.801347766731423
212,2009,0.803307985959122
212,2010,0.805249727985025
212,2011,0.806972303245021
212,2012,0.808695180451871
212,2013,0.81042475311139
212,2014,0.812163791538918
212,2015,0.8139168781076
212,2016,0.815708412314041
212,2017,0.817526702112611
212,2018,0.81937294053796
212,2019,0.821248884069188
212,2020,0.823156544711467
212,2021,0.822477570948732
212,2022,0.820537714089588
214,2000,0.40984807495835
214,2001,0.407460973352066
214,2002,0.404811325786285
214,2003,0.401885846703005
214,2004,0.398669591799732
214,2005,0.395145298623391
214,2006,0.391382347450142
214,2007,0.3873148791714
214,2008,0.382900399882272
214,2009,0.378078535296008
214,2010,0.372817051108417
214,2011,0.367713004697864
214,2012,0.362098527604135
214,2013,0.355870517937974
214,2014,0.348964223644156
214,2015,0.341296533464857
214,2016,0.332343480141127
214,2017,0.322379839312863
214,2018,0.311240345998712
214,2019,0.298709120251189
214,2020,0.284503432302018
214,2021,0.284338130528289
214,2022,0.284118496659423
215,2000,0.229183771706653
215,2001,0.23474319832463
215,2002,0.242383122038113
215,2003,0.251988691784491
215,2004,0.261306204658029
215,2005,0.271177544440017
215,2006,0.282044715538536
215,2007,0.292403550878334
215,2008,0.302307853465038
215,2009,0.311807961762802
215,2010,0.32094182754638
215,2011,0.33014038331091
215,2012,0.339026500412983
215,2013,0.347630568347447
215,2014,0.355973383006074
215,2015,0.364558340969015
215,2016,0.373003212122632
215,2017,0.381225219366947
215,2018,0.389236126368091
215,2019,0.397046270079304
215,2020,0.40466631937895
215,2021,0.404459180380638
215,2022,0.404259057003868
216,2000,0.732728869604
216,2001,0.729325451701754
216,2002,0.725630691281328
216,2003,0.721627126332253
216,2004,0.717291802083447
216,2005,0.712605886267007
216,2006,0.70760644702405
216,2007,0.702194743534558
216,2008,0.696332250527268
216,2009,0.689980621555928
216,2010,0.683109058800726
216,2011,0.675787433251897
216,2012,0.667796111168641
216,2013,0.65905132553347
216,2014,0.649444526638228
216,2015,0.63884804579373
216,2016,0.626848015653456
216,2017,0.613490378448969
216,2018,0.598491611653537
216,2019,0.581472348180554
216,2020,0.56189426270789
216,2021,0.537434384498182
216,2022,0.519121534454985
218,2000,0.00060172098993281
218,2001,0.000597107293433623
218,2002,0.000599879863138113
218,2003,0.000602568792765947
218,2004,0.000605262029070083
218,2005,0.000640365423978886
218,2006,0.000746154084780513
218,2007,0.00114697270742935
218,2008,0.00155561147528807
218,2009,0.00197204575425533
218,2010,0.00239619438679608
218,2011,0.00282698063402741
218,2012,0.00326680675413221
218,2013,0.00371300318777555
218,2014,0.00416554128699596
218,2015,0.00462433795001036
218,2016,0.00508415142153588
218,2017,0.00554928780957111
218,2018,0.00601975245012
218,2019,0.00649560012664996
218,2020,0.00697693047242985
218,2021,0.00741070806013782
218,2022,0.00741177460442032
219,2000,0.00162954963170134
219,2001,0.00162892918836343
219,2002,0.00162830872653455
219,2003,0.00162768826891659
219,2004,0.00162706780194366
219,2005,0.00172622143109634
219,2006,0.00182680316427601
219,2007,0.00192741690036492
219,2008,0.00202806253303423
219,2009,0.00212873994552957
219,2010,0.00222944902743168
219,2011,0.00233011608284925
219,2012,0.00243080838322783
219,2013,0.00253152582835135
219,2014,0.00263226834519263
219,2015,0.00273303583310576
219,2016,0.00284329332914391
219,2017,0.00295423362694928
219,2018,0.00306585512446497
219,2019,0.00317815646356127
219,2020,0.00329113602077085
219,2021,0.00339222238252205
219,2022,0.00339222238252205
220,2000,0.377940644090571
220,2001,0.375846323343896
220,2002,0.373698553238717
220,2003,0.371495523783084
220,2004,0.369235323342864
220,2005,0.366915929008641
220,2006,0.364468338899167
220,2007,0.361957940138189
220,2008,0.359382326941985
220,2009,0.356738948432332
220,2010,0.354025089919338
220,2011,0.35545009053124
220,2012,0.356640490168388
220,2013,0.357601428129172
220,2014,0.361952152699597
220,2015,0.366187139639223
220,2016,0.368230546424998
220,2017,0.370248059056892
220,2018,0.361157193263835
220,2019,0.359809038169783
220,2020,0.358358004842855
220,2021,0.354909504431825
220,2022,0.351384653598607
221,2000,0.284271974629116
221,2001,0.287552888800325
221,2002,0.290767556353875
221,2003,0.293918598229835
221,2004,0.297008483856037
221,2005,0.290570083276469
221,2006,0.282915471270509
221,2007,0.274476471009234
221,2008,0.265143321996654
221,2009,0.254778798441583
221,2010,0.24320841030355
221,2011,0.231107379848091
221,2012,0.217186612013162
221,2013,0.201019470235946
221,2014,0.181996267015629
221,2015,0.159203360474373
221,2016,0.130955407322917
221,2017,0.0950312610444826
221,2018,0.0464525109093673
221,2019,0
221,2020,0
221,2021,0
221,2022,0
222,2000,0.057757669735405
222,2001,0.0588989804661269
222,2002,0.0601526633378853
222,2003,0.0614100985122094
222,2004,0.0626707740667875
222,2005,0.0639350369416065
222,2006,0.0654340732867111
222,2007,0.0669400799274532
222,2008,0.0684566936250483
222,2009,0.0699831701063199
222,2010,0.0715198464767816
222,2011,0.0731333109152881
222,2012,0.0747635319144412
222,2013,0.0764090447051459
222,2014,0.0780698475777695
222,2015,0.0797443695023622
222,2016,0.0813688173513523
222,2017,0.0830056886114665
222,2018,0.0846536466401682
222,2019,0.086312395345974
222,2020,0.0879806820967603
222,2021,0.0890555900325991
222,2022,0.0891065481687277
223,2000,0.0398735290993638
223,2001,0.0401351162386602
223,2002,0.0403963941941842
223,2003,0.0406572450204012
223,2004,0.0409158250857121
223,2005,0.041172219148888
223,2006,0.0416405941295271
223,2007,0.0421085769801975
223,2008,0.0425760820573263
223,2009,0.0430423697319472
223,2010,0.0435076229565613
223,2011,0.0440616313605013
223,2012,0.0446182035831288
223,2013,0.0451731187857264
223,2014,0.0457264792399638
223,2015,0.0462779672121
223,2016,0.0467747313109422
223,2017,0.0472699494206012
223,2018,0.0477637456368755
223,2019,0.0482558129055813
223,2020,0.0487462407795057
223,2021,0.0487687712389951
223,2022,0.048790794501577
224,2000,0.120826691807371
224,2001,0.115805662137957
224,2002,0.110701006107511
224,2003,0.105880326358476
224,2004,0.100771118533322
224,2005,0.0953593143834733
224,2006,0.0895376713711614
224,2007,0.0833650075987591
224,2008,0.0768037756452034
224,2009,0.0698206347245224
224,2010,0.0623710376979447
224,2011,0.054352040111705
224,2012,0.0457659876001442
224,2013,0.0365393139909652
224,2014,0.0265851716196274
224,2015,0.0166397998735611
224,2016,0.00903403825495569
224,2017,0
224,2018,0
224,2019,0
224,2020,0
224,2021,0
224,2022,4.8932258325488e-08
227,2000,0.388209639528117
227,2001,0.389782134089507
227,2002,0.391339248479313
227,2003,0.392881281218881
227,2004,0.394408522123975
227,2005,0.395921253122548
227,2006,0.397402409213327
227,2007,0.398869912536271
227,2008,0.400324013763872
227,2009,0.401764953824806
227,2010,0.403192970137452
227,2011,0.404424777919349
227,2012,0.405647129906753
227,2013,0.406860167283431
227,2014,0.408064033778842
227,2015,0.409258864308216
227,2016,0.410414106616489
227,2017,0.411561026975682
227,2018,0.412699744428089
227,2019,0.413830375110089
227,2020,0.41495303342608
227,2021,0.41495303342608
227,2022,0.41495303342608
228,2000,0.392362814145313
228,2001,0.392756277190452
228,2002,0.393148770779746
228,2003,0.393540299486216
228,2004,0.393930867402302
228,2005,0.394320479038281
228,2006,0.394600486660128
228,2007,0.394880001830762
228,2008,0.395159026884382
228,2009,0.395437563836375
228,2010,0.395715615456181
228,2011,0.395731305480014
228,2012,0.395746993445846
228,2013,0.395762680847205
228,2014,0.395778365721928
228,2015,0.395794049563387
228,2016,0.395714253367512
228,2017,0.395634418373872
228,2018,0.395554540595745
228,2019,0.39547462552661
228,2020,0.395394669001239
228,2021,0.395394669001239
228,2022,0.395394669001239
231,2000,0.581890495303983
231,2001,0.584352823399188
231,2002,0.587775799802907
231,2003,0.589404661735063
231,2004,0.590820733903938
231,2005,0.592062950140711
231,2006,0.591189460966689
231,2007,0.590242842686872
231,2008,0.589221461784834
231,2009,0.588127065041583
231,2010,0.58695961662087
231,2011,0.587432945119289
231,2012,0.58777004147598
231,2013,0.587974165532232
231,2014,0.588047431059044
231,2015,0.587992555352935
231,2016,0.587885173220441
231,2017,0.587652041259614
231,2018,0.587293799568893
231,2019,0.586813287562781
231,2020,0.586211597740238
231,2021,0.582394894020558
231,2022,0.578523303531792
232,2000,0.255233380291064
232,2001,0.255517778261845
232,2002,0.255782561556301
232,2003,0.256030532318803
232,2004,0.256258430013697
232,2005,0.256374795270563
232,2006,0.256201613205659
232,2007,0.256015491786159
232,2008,0.255819641561047
232,2009,0.255614015108342
232,2010,0.25539832050965
232,2011,0.25494839704395
232,2012,0.254487354791516
232,2013,0.254018463203067
232,2014,0.253538258061673
232,2015,0.252950806248215
232,2016,0.252099501309898
232,2017,0.25122210248662
232,2018,0.250322095061832
232,2019,0.250217170913452
232,2020,0.2495285616905
232,2021,0.249061892821686
232,2022,0.248593852073678
237,2000,0.524016651434801
237,2001,0.524263816166917
237,2002,0.523835464628646
237,2003,0.522888173159242
237,2004,0.521691504303936
237,2005,0.520185422934839
237,2006,0.516134450373402
237,2007,0.511586338265857
237,2008,0.506788782002882
237,2009,0.501709520558727
237,2010,0.496351187620918
237,2011,0.491928017220196
237,2012,0.48715064259154
237,2013,0.48199277145837
237,2014,0.476420185982068
237,2015,0.470394771537234
237,2016,0.463527914855048
237,2017,0.456143644343745
237,2018,0.448162511217585
237,2019,0.439606950763965
237,2020,0.430312353775864
237,2021,0.418506807898328
237,2022,0.407713034590509
244,2000,0.299990473940926
244,2001,0.294705930087369
244,2002,0.289280779106283
244,2003,0.283706517581982
244,2004,0.277973831841421
244,2005,0.272072495788243
244,2006,0.270132010564714
244,2007,0.26785322916797
244,2008,0.265221769658097
244,2009,0.262220424276374
244,2010,0.258828742650435
244,2011,0.253568704533103
244,2012,0.247941063579887
244,2013,0.241912082664658
244,2014,0.243461220998895
244,2015,0.244995431694248
244,2016,0.246034649998676
244,2017,0.247067128803948
244,2018,0.222736658851043
244,2019,0.21568247508001
244,2020,0.20816197124424
244,2021,0.199214943358613
244,2022,0.189735038536048
245,2000,0.186795160753529
245,2001,0.185352529332181
245,2002,0.18389798038612
245,2003,0.182431305847623
245,2004,0.180952292275596
245,2005,0.179460720381802
245,2006,0.187344880105766
245,2007,0.19462058647957
245,2008,0.201351680827388
245,2009,0.207591805247484
245,2010,0.213386434919627
245,2011,0.215890550393346
245,2012,0.218235994888591
245,2013,0.22042913274657
245,2014,0.2224757245415
245,2015,0.224380984242344
245,2016,0.223929033050204
245,2017,0.223430619160225
245,2018,0.222885312872308
245,2019,0.224268122354537
245,2020,0.225639026624148
245,2021,0.225639026624148
245,2022,0.225639026624148
247,2000,0.492098455782738
247,2001,0.488031443749934
247,2002,0.483586178607533
247,2003,0.478733193884945
247,2004,0.473438126246312
247,2005,0.467660697869849
247,2006,0.461356468220324
247,2007,0.454465802548654
247,2008,0.446921057598846
247,2009,0.438640355233492
247,2010,0.42952344081001
247,2011,0.419330786584426
247,2012,0.408025374813104
247,2013,0.395405863324731
247,2014,0.381207918537531
247,2015,0.36507506354196
247,2016,0.346337787707872
247,2017,0.324457552328948
247,2018,0.298330056734958
247,2019,0.266134346672758
247,2020,0.22453728168291
247,2021,0.165112499569379
247,2022,0.0692226992611238
248,2000,0.304630645903019
248,2001,0.301589125576744
248,2002,0.298522903924852
248,2003,0.295431687794654
248,2004,0.292315168507164
248,2005,0.289173051073181
248,2006,0.29721048139977
248,2007,0.304613077581347
248,2008,0.311448657839405
248,2009,0.317773995443376
248,2010,0.323637065514798
248,2011,0.325106130322199
248,2012,0.326461830586802
248,2013,0.327706927930348
248,2014,0.32884391564923
248,2015,0.329875027359334
248,2016,0.327995069297305
248,2017,0.326083052146735
248,2018,0.324138080151278
248,2019,0.324435358521482
248,2020,0.324732083186136
248,2021,0.324732083186136
248,2022,0.324732083186136
249,2000,0.312713604777463
249,2001,0.31220544366491
249,2002,0.31166429213084
249,2003,0.311089817643874
249,2004,0.310481667986619
249,2005,0.309839462093173
249,2006,0.321501739449129
249,2007,0.332037156492635
249,2008,0.341607151607009
249,2009,0.350339651746317
249,2010,0.358337693346937
249,2011,0.362906115878013
249,2012,0.367161756348402
249,2013,0.371125816892731
249,2014,0.374816922815017
249,2015,0.378251513101336
249,2016,0.379138155148646
249,2017,0.379921812668922
249,2018,0.380603980456763
249,2019,0.383568687240775
249,2020,0.386479197238936
249,2021,0.386479197238936
249,2022,0.386479197238936
250,2000,0.378024137223584
250,2001,0.378075912639381
250,2002,0.378014341827646
250,2003,0.377839293101089
250,2004,0.377550391849543
250,2005,0.377147017646061
250,2006,0.374458958751115
250,2007,0.371704599799963
250,2008,0.368881254234027
250,2009,0.365986065963937
250,2010,0.363015989781031
250,2011,0.360170852770999
250,2012,0.35724167509841
250,2013,0.35422470484533
250,2014,0.351115922566454
250,2015,0.347911007016519
250,2016,0.344393380282189
250,2017,0.340772730458573
250,2018,0.337043717631143
250,2019,0.33320057377083
250,2020,0.3292370457953
250,2021,0.32475050974747
250,2022,0.320133869957853
