"rgn_id","year","pressure_score"
5,1983,0
5,1984,0
5,1985,0
5,1986,0
5,1987,0
5,1988,0
5,1989,0.142268041237113
5,1990,0.0865293185419968
5,1991,0.0875331564986737
5,1992,0.0807556080283353
5,1993,0.0719665271966527
5,1994,0.0684615384615385
5,1995,0.0383386581469649
5,1996,0.0390197926484449
5,1997,0.0234375
5,1998,0.0101503759398496
5,1999,0.00972972972972973
5,2000,0.0105621805792164
5,2001,0.0158982511923688
5,2002,0.0210361067503925
5,2003,0.0236619718309859
5,2004,0.0181578947368421
5,2005,0.0199683042789223
5,2006,0.0220718816067653
5,2007,0.0249609984399376
5,2008,0.0191155492154066
5,2009,0.01875
5,2010,0.0314754098360656
5,2011,0.00845611787315823
5,2012,0.00721587492483464
5,2013,0.00753295668549906
5,2014,0.0072463768115942
5,2015,0.00956794972505891
5,2016,0.00760143012591326
5,2017,0.0091511667230301
5,2018,0.0092460807909972
5,2019,0.00920724511123394
5,2020,0.00871895046962759
5,2021,0.00892122467082543
5,2022,0.00886178861788618
5,2023,0.00917251051893408
6,2006,0
6,2007,0
6,2008,0
6,2009,NA
6,2010,0
6,2011,0
6,2012,0
6,2013,0
6,2014,0
6,2015,0
6,2016,0
6,2017,0
6,2018,0
6,2019,0
6,2020,0
6,2021,NA
6,2022,NA
6,2023,NA
7,1987,0
7,1988,0
7,1989,0
7,1990,0
7,1991,0
7,1992,0
7,1993,0
7,1994,0
7,1995,0
7,1996,0
7,1997,0
7,1998,0
7,1999,0
7,2000,0
7,2001,0
7,2002,0.6
7,2003,0.6
7,2004,0.6
7,2005,0.6
7,2006,0.6
7,2007,0.537862468931234
7,2008,0.552350698856417
7,2009,0.6
7,2010,0.6
7,2011,0.6
7,2012,0.6
7,2013,0.6
7,2014,0.6
7,2015,0.6
7,2016,0.588419117647059
7,2017,0.575196850393701
7,2018,0.578350515463917
7,2019,0.57864406779661
7,2020,0.578275862068966
7,2021,0.590122094053344
7,2022,0.589647777969486
7,2023,0.474267558635224
8,1989,0.6
8,1990,0.6
8,1991,0.6
8,1992,0.6
8,1993,0.6
8,1994,0.6
8,1995,0.6
8,1996,0.6
8,1997,0.6
8,1998,0.6
8,1999,0.6
8,2000,0.6
8,2001,0.6
8,2002,0.6
8,2003,0.6
8,2004,0.6
8,2005,0.6
8,2006,0.6
8,2007,0.506666666666667
8,2008,0.227586206896552
8,2009,0.456590257879656
8,2010,0.308449028163427
8,2011,0.250591216216216
8,2012,0.183627225014579
8,2013,0.184116612214124
8,2014,0.31356475482507
8,2015,0.260786559755632
8,2016,0.341848739495798
8,2017,0.30743961352657
8,2018,0.296211453744493
8,2019,0.18
8,2020,0.18
8,2021,0.18
8,2022,0.18
8,2023,0.18
9,1984,0.4
9,1985,0.595172413793103
9,1986,0.46
9,1987,0.46
9,1988,0.46
9,1989,0.46
9,1990,0.4
9,1991,0.4
9,1992,0.4
9,1993,0.4
9,1994,0.4
9,1995,0.4
9,1996,0.4
9,1997,0.4
9,1998,0.4
9,1999,0.4
9,2000,0.4
9,2001,0.4
9,2002,0.4
9,2003,0.4
9,2004,0.4
9,2005,0.4
9,2006,0.4
9,2007,0.4
9,2008,NA
9,2009,NA
9,2010,NA
9,2011,NA
9,2012,NA
9,2013,NA
9,2014,NA
9,2015,NA
9,2016,NA
9,2017,NA
9,2018,NA
9,2019,NA
9,2020,NA
9,2021,NA
9,2022,NA
9,2023,NA
10,2001,0.18
10,2002,NA
10,2003,NA
10,2004,NA
10,2005,NA
10,2006,0.18
10,2007,NA
10,2008,NA
10,2009,NA
10,2010,NA
10,2011,NA
10,2012,0.18
10,2013,0.18
10,2014,0.18
10,2015,0.18
10,2016,0.18
10,2017,0.18
10,2018,0.18
10,2019,0.18
10,2020,0.18
10,2021,0.18
10,2022,0.18
10,2023,0.18
11,2014,0.18
11,2015,0.18
11,2016,0.18
11,2017,0.18
11,2018,0.18
11,2019,0.6
11,2020,0.240501043841336
11,2021,0.20377358490566
11,2022,0.201780185758514
11,2023,0.231081081081081
13,1970,0
13,1971,0
13,1972,0
13,1973,0
13,1974,0
13,1975,0
13,1976,0
13,1977,0
13,1978,0
13,1979,0
13,1980,0
13,1981,0
13,1982,0
13,1983,0
13,1984,NA
13,1985,NA
13,1986,NA
13,1987,NA
13,1988,NA
13,1989,NA
13,1990,0.09
13,1991,0.09
13,1992,0.00178217821782178
13,1993,0.000895522388059702
13,1994,0.03
13,1995,0.036
13,1996,0.0333333333333333
13,1997,0.0333333333333333
13,1998,0.0333333333333333
13,1999,0.039375
13,2000,0.039375
13,2001,0.039375
13,2002,0.039375
13,2003,0.144
13,2004,0.144
13,2005,0.144
13,2006,0.138461538461538
13,2007,0.126315789473684
13,2008,0.116129032258065
13,2009,0.107462686567164
13,2010,0.0953822861468585
13,2011,0.0885245901639344
13,2012,0.0885245901639344
13,2013,0.09
13,2014,0.0857142857142857
13,2015,0.0857142857142857
13,2016,0.0857142857142857
13,2017,0.0418604651162791
13,2018,0.0418604651162791
13,2019,0.04
13,2020,0.0230769230769231
13,2021,0.0257142857142857
13,2022,0.0257142857142857
13,2023,0.0257142857142857
14,1950,0.263671790094706
14,1951,0.286507545587927
14,1952,0.303741197777988
14,1953,0.286127769242207
14,1954,0.279650474832368
14,1955,0.272748996283834
14,1956,0.263658074055027
14,1957,0.256896009960278
14,1958,0.256872037914692
14,1959,0.26074378385032
14,1960,0.273695366941715
14,1961,0.279517355450575
14,1962,0.290134918383227
14,1963,0.293852742473621
14,1964,0.284790608152659
14,1965,0.294563084411426
14,1966,0.302666276856562
14,1967,0.332363484606906
14,1968,0.355603829275088
14,1969,0.353888794282929
14,1970,0.338205900268646
14,1971,0.323673551896886
14,1972,0.359523184724045
14,1973,0.358803486113299
14,1974,0.380869348103572
14,1975,0.37391310250164
14,1976,0.393828975407833
14,1977,0.397066783787591
14,1978,0.389244987909947
14,1979,0.359035695344924
14,1980,0.412636762277051
14,1981,0.391371831738301
14,1982,0.386252101149137
14,1983,0.386314666844767
14,1984,0.398290509842671
14,1985,0.355227826002773
14,1986,0.245440632602388
14,1987,0.181951135018376
14,1988,0.309924901659537
14,1989,0.365638950729972
14,1990,0.302629818386755
14,1991,0.342159638937977
14,1992,0.396912790950221
14,1993,0.391647098840827
14,1994,0.384441294871263
14,1995,0.368962866240174
14,1996,0.370196890814715
14,1997,0.391608824896319
14,1998,0.383509508166033
14,1999,0.397550222819951
14,2000,0.414343331087073
14,2001,0.378691105928768
14,2002,0.361905678438793
14,2003,0.354728633769783
14,2004,0.354769987763316
14,2005,0.354288694945906
14,2006,0.402791202582062
14,2007,0.370534677612708
14,2008,0.412198935902343
14,2009,0.406889272001162
14,2010,0.431579451268965
14,2011,0.412468464182865
14,2012,0.367734110559531
14,2013,0.362697287537237
14,2014,0.36565416108671
14,2015,0.383886278510405
14,2016,0.370765196539056
14,2017,0.370451474793246
14,2018,0.363649764370182
14,2019,0.35461810779793
14,2020,0.370777811413363
14,2021,0.367612724965688
14,2022,0.373429694162479
14,2023,0.364335928141153
15,1950,0.183443724915667
15,1951,0.183324108921851
15,1952,0.183557412570542
15,1953,0.183693875196183
15,1954,0.183959347508797
15,1955,0.183908508465134
15,1956,0.18452139215042
15,1957,0.184937177718062
15,1958,0.183797156692636
15,1959,0.184210956236289
15,1960,0.184560745259861
15,1961,0.185045975187401
15,1962,0.185588037006652
15,1963,0.186193074706895
15,1964,0.186862766142626
15,1965,0.187684698719351
15,1966,0.188526162326314
15,1967,0.18948792823528
15,1968,0.18706503124147
15,1969,0.185985612304585
15,1970,0.186751335598293
15,1971,0.187721613356116
15,1972,0.188923641250897
15,1973,0.19065169273521
15,1974,0.191859508935184
15,1975,0.19622737646686
15,1976,0.207357091976617
15,1977,0.216712443023741
15,1978,0.226511048840948
15,1979,0.22978878984374
15,1980,0.232815194006446
15,1981,0.213697132692393
15,1982,0.2335871164205
15,1983,0.230196489047534
15,1984,0.240664426565948
15,1985,0.249259515377054
15,1986,0.231517936927764
15,1987,0.218623832172864
15,1988,0.223895443774075
15,1989,0.22376941542468
15,1990,0.220238879598371
15,1991,0.214038651630446
15,1992,0.222175767485971
15,1993,0.229500690956344
15,1994,0.205642915014132
15,1995,0.180210330116614
15,1996,0.201428228126416
15,1997,0.234737216750689
15,1998,0.26409023172272
15,1999,0.253180297732833
15,2000,0.252314321788698
15,2001,0.248747466203369
15,2002,0.230540129375984
15,2003,0.227807534620123
15,2004,0.230766301083932
15,2005,0.235854587313047
15,2006,0.233622097560652
15,2007,0.234710217752888
15,2008,0.234937676245886
15,2009,0.232293670161674
15,2010,0.235897214266846
15,2011,0.236313538921651
15,2012,0.234011759345119
15,2013,0.227221047485606
15,2014,0.223194300575199
15,2015,0.218556391498475
15,2016,0.216895733492368
15,2017,0.218701875006231
15,2018,0.231601317236448
15,2019,0.231459023540993
15,2020,0.236033882120601
15,2021,0.22532044555266
15,2022,0.220110341311419
15,2023,0.224515809746451
16,1950,0.6
16,1951,0.6
16,1952,0.6
16,1953,0.6
16,1954,0.6
16,1955,0.6
16,1956,0.6
16,1957,0.6
16,1958,0.6
16,1959,0.6
16,1960,0.6
16,1961,0.6
16,1962,0.6
16,1963,0.6
16,1964,0.6
16,1965,0.6
16,1966,0.6
16,1967,0.6
16,1968,0.6
16,1969,0.6
16,1970,0.6
16,1971,0.6
16,1972,0.6
16,1973,0.6
16,1974,0.6
16,1975,0.6
16,1976,0.6
16,1977,0.6
16,1978,0.6
16,1979,0.6
16,1980,0.6
16,1981,0.6
16,1982,0.6
16,1983,0.6
16,1984,0.6
16,1985,0.598940802636225
16,1986,0.594019223923104
16,1987,0.579958202472826
16,1988,0.528149090248397
16,1989,0.451615579932622
16,1990,0.430542713111404
16,1991,0.411904251518399
16,1992,0.385995132924914
16,1993,0.383180898745151
16,1994,0.344068173508592
16,1995,0.300474341551802
16,1996,0.289036399862231
16,1997,0.302835419030363
16,1998,0.298407319175758
16,1999,0.288106632602349
16,2000,0.24383409138809
16,2001,0.226330288246731
16,2002,0.21103568128963
16,2003,0.225464589425392
16,2004,0.225432470353942
16,2005,0.236275204608843
16,2006,0.213036313259986
16,2007,0.215533616089213
16,2008,0.198215929795002
16,2009,0.177005930958757
16,2010,0.172584419306965
16,2011,0.16629312695336
16,2012,0.142194216727863
16,2013,0.147630066220036
16,2014,0.130586175314424
16,2015,0.115250394454565
16,2016,0.107778584487183
16,2017,0.0964087271879863
16,2018,0.0905968616171514
16,2019,0.0867965450395195
16,2020,0.0766271624584898
16,2021,0.0745735310222486
16,2022,0.0799797198981668
16,2023,0.0790998427276578
17,1989,0.6
17,1990,0.6
17,1991,0.6
17,1992,0.6
17,1993,0.6
17,1994,0.6
17,1995,0.6
17,1996,0.6
17,1997,0.6
17,1998,0.6
17,1999,0.6
17,2000,0.6
17,2001,0.6
17,2002,0.6
17,2003,0.6
17,2004,0.6
17,2005,0.6
17,2006,0.6
17,2007,0.6
17,2008,0.0461538461538461
17,2009,0
17,2010,0.262758620689655
17,2011,0.124444444444445
17,2012,0.349655172413793
17,2013,0.392571428571429
17,2014,0.392571428571429
17,2015,0.392571428571429
17,2016,0.5496
17,2017,0.597391790349624
17,2018,0.595116279069767
17,2019,0.6
17,2020,0.57
17,2021,0.57
17,2022,0.57375
17,2023,0.575294117647059
18,1984,0.0193548387096774
18,1985,0.569658659924147
18,1986,0.595184038527692
18,1987,0.595380939739846
18,1988,0.591023541453429
18,1989,0.593246098060854
18,1990,0.593580098906039
18,1991,0.591534449629426
18,1992,0.576707503828484
18,1993,0.568367527322262
18,1994,0.377142857142857
18,1995,0.324289544235925
18,1996,0.30014888337469
18,1997,0.150561797752809
18,1998,0.517679341434731
18,1999,0.592137413813959
18,2000,0.586453263759972
18,2001,0.586234681886856
18,2002,0.6
18,2003,0.577099236641221
18,2004,0.496551724137931
18,2005,0.496551724137931
18,2006,0.492413793103448
18,2007,0.5
18,2008,0.514285714285714
18,2009,0.488942361085403
18,2010,0.594690265486726
18,2011,0.578947368421053
18,2012,0.586363636363636
18,2013,0.566666666666667
18,2014,0.581681415929204
18,2015,0.551194029850746
18,2016,0.382
18,2017,0.396
18,2018,0.43
18,2019,0.43
18,2020,0.393224299065421
18,2021,0.325984251968504
18,2022,0.208333333333333
18,2023,0.295374449339207
19,2003,0.18
19,2004,0.18
19,2005,0.18
19,2006,0.18
19,2007,0.18
19,2008,NA
19,2009,0.18
19,2010,0.18
19,2011,0.18
19,2012,0.18
19,2013,0.18
19,2014,0.18
19,2015,0.18
19,2016,0.18
19,2017,0.18
19,2018,0.18
19,2019,0.18
19,2020,0.18
19,2021,0.18
19,2022,NA
19,2023,0.18
20,1950,0.6
20,1951,0.6
20,1952,0.6
20,1953,0.6
20,1954,0.6
20,1955,0.6
20,1956,0.6
20,1957,0.6
20,1958,0.6
20,1959,0.6
20,1960,0.6
20,1961,0.6
20,1962,0.6
20,1963,0.6
20,1964,0.6
20,1965,0.6
20,1966,0.6
20,1967,0.6
20,1968,0.6
20,1969,0.6
20,1970,0.589735634205245
20,1971,0.591660535748848
20,1972,0.593623569585422
20,1973,0.595947577276501
20,1974,0.598138877184253
20,1975,0.599431608085475
20,1976,0.59948465833239
20,1977,0.599093115606953
20,1978,0.597776628777758
20,1979,0.598050350702691
20,1980,0.598181282007811
20,1981,0.598576678422121
20,1982,0.598043534402926
20,1983,0.597571325915094
20,1984,0.596275486585915
20,1985,0.594653887012393
20,1986,0.595255407409518
20,1987,0.595054038452669
20,1988,0.594408239357381
20,1989,0.590087461931137
20,1990,0.589790050096551
20,1991,0.593819505334688
20,1992,0.59504752981423
20,1993,0.593135400950879
20,1994,0.587146384343749
20,1995,0.590572313079534
20,1996,0.590091815461047
20,1997,0.57773987282517
20,1998,0.571169731506781
20,1999,0.57035057940907
20,2000,0.572552556916918
20,2001,0.56863177607851
20,2002,0.567509491634947
20,2003,0.561009165636787
20,2004,0.568797442997983
20,2005,0.564980349345085
20,2006,0.567877497067654
20,2007,0.569385660519896
20,2008,0.568544740555019
20,2009,0.562941838784584
20,2010,0.572650853911543
20,2011,0.575867102739913
20,2012,0.574981764150014
20,2013,0.575982822833975
20,2014,0.573618528572497
20,2015,0.57269877439018
20,2016,0.575437736291094
20,2017,0.580433409351613
20,2018,0.579464177490518
20,2019,0.579841886852951
20,2020,0.578125771606792
20,2021,0.579653049425109
20,2022,0.578383066822366
20,2023,0.580381753442918
21,1950,0.6
21,1951,0.6
21,1952,0.6
21,1953,0.6
21,1954,0.6
21,1955,0.6
21,1956,0.6
21,1957,0.6
21,1958,0.6
21,1959,0.6
21,1960,0.6
21,1961,0.6
21,1962,0.6
21,1963,0.6
21,1964,0.6
21,1965,0.6
21,1966,0.6
21,1967,0.6
21,1968,0.6
21,1969,0.6
21,1970,0.6
21,1971,0.6
21,1972,0.6
21,1973,0.6
21,1974,0.6
21,1975,0.6
21,1976,0.6
21,1977,0.6
21,1978,0.6
21,1979,0.6
21,1980,0.6
21,1981,0.6
21,1982,0.6
21,1983,0.6
21,1984,0.6
21,1985,0.6
21,1986,0.6
21,1987,0.6
21,1988,0.6
21,1989,0.6
21,1990,0.6
21,1991,0.6
21,1992,0.6
21,1993,0.6
21,1994,0.6
21,1995,0.6
21,1996,0.6
21,1997,0.6
21,1998,0.6
21,1999,0.6
21,2000,0.6
21,2001,0.6
21,2002,0.6
21,2003,0.6
21,2004,0.599995433546688
21,2005,0.59997716971922
21,2006,0.599977169942599
21,2007,0.599954344848577
21,2008,0.5999543547721
21,2009,0.599941327306706
21,2010,0.599941453260186
21,2011,0.599934948772158
21,2012,0.599930395940847
21,2013,0.599921467667611
21,2014,0.599870031028628
21,2015,0.599870031028628
21,2016,0.599880734930697
21,2017,0.599837827712015
21,2018,0.599812272460849
21,2019,0.599812272460849
21,2020,0.599812272460849
21,2021,0.599812272460849
21,2022,0.599812272460849
21,2023,0.599812272460849
24,1993,0.25
24,1994,0.25
24,1995,0.25
24,1996,0.25
24,1997,0.25
24,1998,0.554488448844884
24,1999,0.569522471910112
24,2000,0.583644859813084
24,2001,0.543573844419391
24,2002,0.577704326923077
24,2003,0.577403156384505
24,2004,0.589324928832859
24,2005,0.58625
24,2006,0.59327246516098
24,2007,0.581985294117647
24,2008,0.506
24,2009,0.506019656019656
24,2010,0.496306306306306
24,2011,0.495267175572519
24,2012,0.502424242424242
24,2013,0.509560117302053
24,2014,0.493343906952154
24,2015,0.420848348348348
24,2016,0.490519846587496
24,2017,0.584268893581621
24,2018,0.518067126597386
24,2019,0.510333683582768
24,2020,0.552012917443118
24,2021,0.551698355301528
24,2022,0.460207280513919
24,2023,0.453544423440454
25,1950,0.580087421078193
25,1951,0.574782162993337
25,1952,0.55511617515639
25,1953,0.584919540229885
25,1954,0.582150631258163
25,1955,0.573249238799478
25,1956,0.582418524871355
25,1957,0.580112698732139
25,1958,0.569866781263429
25,1959,0.572801469087941
25,1960,0.570286624203822
25,1961,0.575806074766355
25,1962,0.570948477751756
25,1963,0.584912674250921
25,1964,0.5858816
25,1965,0.579630506868783
25,1966,0.587957907276879
25,1967,0.579285275928811
25,1968,0.58394331070248
25,1969,0.574676537508065
25,1970,0.587842005117774
25,1971,0.58531807402825
25,1972,0.564611550957323
25,1973,0.568094598361367
25,1974,0.565839918405921
25,1975,0.585734541733665
25,1976,0.586956448858577
25,1977,0.59240127235626
25,1978,0.566755645884664
25,1979,0.562164418528406
25,1980,0.536690673450445
25,1981,0.53911631102798
25,1982,0.483117170612287
25,1983,0.490413359205033
25,1984,0.499913801811509
25,1985,0.480564375686871
25,1986,0.412588388155645
25,1987,0.393518284664932
25,1988,0.328713585730705
25,1989,0.274224839133251
25,1990,0.237756364011131
25,1991,0.178835226163146
25,1992,0.111822380989767
25,1993,0.13889575699752
25,1994,0.114606783890452
25,1995,0.157861130875152
25,1996,0.151056339970639
25,1997,0.136516084644775
25,1998,0.176901995797176
25,1999,0.217716032306778
25,2000,0.192647247153354
25,2001,0.277517266156089
25,2002,0.404190772549744
25,2003,0.419856937486758
25,2004,0.498812388031929
25,2005,0.566588422515799
25,2006,0.5769781456385
25,2007,0.579327945444371
25,2008,0.585069408880279
25,2009,0.586089200917758
25,2010,0.585236476039656
25,2011,0.581097729325406
25,2012,0.568885568391912
25,2013,0.564559675426634
25,2014,0.5566090431642
25,2015,0.562909341064321
25,2016,0.564176113100156
25,2017,0.556005458467593
25,2018,0.530852335877579
25,2019,0.52525909689072
25,2020,0.5337309583432
25,2021,0.525720765661749
25,2022,0.517830170945269
25,2023,0.513534924688134
29,2003,0.6
29,2004,0.6
29,2005,0.577639751552795
29,2006,0.573722627737226
29,2007,0.571875
29,2008,0.588990825688073
29,2009,0.6
29,2010,0.6
29,2011,0.6
29,2012,0.6
29,2013,0.6
29,2014,0.6
29,2015,0.6
29,2016,0.6
29,2017,0.6
29,2018,0.6
29,2019,0.6
29,2020,NA
29,2021,NA
29,2022,NA
29,2023,NA
31,1989,0
31,1990,0
31,1991,0
31,1992,0
31,1993,0
31,1994,0
31,1995,0
31,1996,0
31,1997,0
31,1998,0
31,1999,0
31,2000,0
31,2001,0
31,2002,0
31,2003,0
31,2004,0
31,2005,0
31,2006,0
31,2007,0
31,2008,0
31,2009,NA
31,2010,NA
31,2011,NA
31,2012,NA
31,2013,NA
31,2014,NA
31,2015,NA
31,2016,NA
31,2017,NA
31,2018,NA
31,2019,NA
31,2020,NA
31,2021,NA
31,2022,NA
31,2023,0
32,1985,0.18
32,1986,0.18
32,1987,0.18
32,1988,0.18
32,1989,0.18
32,1990,0.18
32,1991,0.18
32,1992,0.18
32,1993,0.18
32,1994,0.18
32,1995,0.18
32,1996,0.18
32,1997,0.18
32,1998,0.18
32,1999,0.18
32,2000,0.18
32,2001,0.54
32,2002,0.256056338028169
32,2003,0.597285067873303
32,2004,0.597701149425287
32,2005,0.6
32,2006,0.6
32,2007,0.6
32,2008,0.6
32,2009,0.6
32,2010,0.6
32,2011,0.562
32,2012,0.568333333333333
32,2013,0.41
32,2014,0.41
32,2015,0.41
32,2016,0.41
32,2017,NA
32,2018,NA
32,2019,NA
32,2020,NA
32,2021,NA
32,2022,NA
32,2023,NA
37,1984,0.215
37,1985,0.3228
37,1986,0.3585
37,1987,0.3585
37,1988,0.3585
37,1989,0.336666666666667
37,1990,0.323571428571429
37,1991,0.291724137931035
37,1992,0.315454545454545
37,1993,0.288857142857143
37,1994,0.301914893617021
37,1995,0.312295081967213
37,1996,0.32625
37,1997,0.305
37,1998,0.386776859504132
37,1999,0.436666666666667
37,2000,0.431707317073171
37,2001,0.452459016393443
37,2002,0.443661971830986
37,2003,0.452459016393443
37,2004,0.598545895183278
37,2005,0.595543766578249
37,2006,0.597021276595745
37,2007,0.596012658227848
37,2008,0.596594594594595
37,2009,0.597992831541219
37,2010,0.59874601910828
37,2011,0.595958549222798
37,2012,0.595718206770357
37,2013,0.413699059561129
37,2014,0.484271570014144
37,2015,0.456680455015512
37,2016,0.426502946954813
37,2017,0.578131498960166
37,2018,0.589456974155455
37,2019,0.584525277435265
37,2020,0.597680805614892
37,2021,0.59982635316467
37,2022,0.599739921976593
37,2023,0.599829642248722
39,2014,0.18
39,2015,0.18
39,2016,0.18
39,2017,0.18
39,2018,0.18
39,2019,0.18
39,2020,0.18
39,2021,0.18
39,2022,0.18
39,2023,0.18
40,1978,0
40,1979,0
40,1980,0
40,1981,0
40,1982,0
40,1983,0
40,1984,0
40,1985,0
40,1986,0
40,1987,0
40,1988,0
40,1989,0
40,1990,0
40,1991,0
40,1992,0
40,1993,0
40,1994,0
40,1995,0
40,1996,0
40,1997,0
40,1998,0
40,1999,0
40,2000,0
40,2001,0
40,2002,0.000152284263959391
40,2003,0.000232004759071981
40,2004,0.000667226185480487
40,2005,0.0012579415501906
40,2006,0.000398871877518131
40,2007,0.00193360995850622
40,2008,0.00676368375325804
40,2009,0.00136062654373124
40,2010,0.00227755088091047
40,2011,0.00250714394955378
40,2012,0.00143869112468241
40,2013,0.00190512495655391
40,2014,0.000131156674191733
40,2015,0.00468170942073341
40,2016,0.0100421023608697
40,2017,0.00735664427734446
40,2018,0.00768106957905698
40,2019,0.00837856953322569
40,2020,0.00299720189339726
40,2021,0.000325123617100622
40,2022,0.000129968475417533
40,2023,0.000812036360818424
41,2002,0.015299658924801
41,2003,0.300900900900901
41,2004,0.0125969876768599
41,2005,0.0125354107648725
41,2006,0.000903161063723031
41,2007,0.00591513073296186
41,2008,0.00689655172413794
41,2009,0.00366728673930375
41,2010,0
41,2011,0.00703125
41,2012,0.385321100917431
41,2013,0.557142857142857
41,2014,0.6
41,2015,NA
41,2016,NA
41,2017,0.39
41,2018,0.195
41,2019,0.13
41,2020,0.0975
41,2021,0.078
41,2022,0.111428571428571
41,2023,0.167142857142857
42,1989,0
42,1990,0
42,1991,0
42,1992,0.464150943396226
42,1993,0
42,1994,0
42,1995,0
42,1996,0
42,1997,0
42,1998,0
42,1999,0
42,2000,0.00862422997946612
42,2001,0.00767964893033461
42,2002,0.00568874441284031
42,2003,0.00677296458303937
42,2004,0.00759133322789815
42,2005,0.0079225352112676
42,2006,0.035400266844563
42,2007,0.0250724966017218
42,2008,0.026441285390037
42,2009,0.0602151130722559
42,2010,0.0550022696323195
42,2011,0.0186851583077998
42,2012,0.0169377145659637
42,2013,0.0378726748755567
42,2014,0.077964404894327
42,2015,0.185295709160871
42,2016,0.1779267111768
42,2017,0.145639913594406
42,2018,0.0590301871329053
42,2019,0.102954159083585
42,2020,0.0802720087808739
42,2021,0.154452888772752
42,2022,0.109596211408904
42,2023,0.188481350493159
43,1983,0
43,1984,0
43,1985,0
43,1986,0
43,1987,0
43,1988,0
43,1989,0
43,1990,0
43,1991,0
43,1992,0
43,1993,0
43,1994,0
43,1995,0
43,1996,0
43,1997,0
43,1998,0
43,1999,NA
43,2000,NA
43,2001,NA
43,2002,0
43,2003,0
43,2004,NA
43,2005,NA
43,2006,NA
43,2007,NA
43,2008,NA
43,2009,NA
43,2010,0.6
43,2011,0.6
43,2012,0.6
43,2013,0.6
43,2014,0.58
43,2015,0.558
43,2016,0.545
43,2017,0.55728813559322
43,2018,0.55972602739726
43,2019,0.563372093023256
43,2020,0.5628125
43,2021,0.57212389380531
43,2022,0.572844827586207
43,2023,0.569516129032258
45,2000,0
45,2001,0
45,2002,0
45,2003,0
45,2004,0
45,2005,NA
45,2006,NA
45,2007,NA
45,2008,NA
45,2009,NA
45,2010,NA
45,2011,NA
45,2012,NA
45,2013,NA
45,2014,NA
45,2015,NA
45,2016,0.18
45,2017,0.18
45,2018,0.18
45,2019,0.18
45,2020,0.18
45,2021,0.18
45,2022,0.18
45,2023,0.18
47,2005,0
47,2006,0
47,2007,0
47,2008,0
47,2009,0
47,2010,0
47,2011,0
47,2012,0
47,2013,NA
47,2014,NA
47,2015,NA
47,2016,NA
47,2017,NA
47,2018,NA
47,2019,NA
47,2020,NA
47,2021,NA
47,2022,NA
47,2023,NA
48,1998,0
48,1999,0
48,2000,0
48,2001,0
48,2002,0
48,2003,0
48,2004,0
48,2005,0
48,2006,0
48,2007,0
48,2008,0
48,2009,0
48,2010,0
48,2011,0
48,2012,0
48,2013,0
48,2014,0
48,2015,0
48,2016,0
48,2017,NA
48,2018,0
48,2019,0
48,2020,0
48,2021,0
48,2022,0
48,2023,0
50,1986,0.171428571428571
50,1987,0.09
50,1988,0.06
50,1989,0.00178217821782178
50,1990,0.00345489443378119
50,1991,0.00132255694342395
50,1992,0.000100446428571429
50,1993,9.56429330499469e-05
50,1994,0.00118421052631579
50,1995,8.94632206759444e-05
50,1996,8.94632206759444e-05
50,1997,2.16815225246929e-05
50,1998,0.0031740614334471
50,1999,0.00284510010537408
50,2000,0.00377433849226161
50,2001,0.00264957264957265
50,2002,0.00172523961661342
50,2003,0.000957758714301227
50,2004,0.000843814315115482
50,2005,0.000951877313590693
50,2006,0.00153191489361702
50,2007,0.000335025171530415
50,2008,0.000633048371388378
50,2009,0.000928563282775091
50,2010,0.000939407341884122
50,2011,0.00296950240770466
50,2012,0.00496753246753247
50,2013,0.0130555555555556
50,2014,0.0025802752293578
50,2015,0.00142915609396742
50,2016,0.00106708268330733
50,2017,0.000725806451612903
50,2018,0.00053337492202121
50,2019,0
50,2020,0
50,2021,0
50,2022,0
50,2023,0
51,1985,0.18
51,1986,0.18
51,1987,0.18
51,1988,0.18
51,1989,0.18
51,1990,0.18
51,1991,0.18
51,1992,0.18
51,1993,0.18
51,1994,0.18
51,1995,0
51,1996,0
51,1997,0
51,1998,0
51,1999,0.00511363636363637
51,2000,0.003121387283237
51,2001,0.00301675977653631
51,2002,0.00301675977653631
51,2003,0
51,2004,0
51,2005,0
51,2006,0
51,2007,0
51,2008,0
51,2009,0
51,2010,0
51,2011,0
51,2012,0
51,2013,0.18
51,2014,0.18
51,2015,0.18
51,2016,0.153529411764706
51,2017,0.07
51,2018,0
51,2019,0.09
51,2020,0.18
51,2021,0.18
51,2022,0.18
51,2023,0.18
52,1995,0
52,1996,0
52,1997,0
52,1998,0
52,1999,0
52,2000,0
52,2001,0
52,2002,0
52,2003,0.045
52,2004,0.0257142857142857
52,2005,0.06
52,2006,0.0857142857142857
52,2007,0
52,2008,0.09
52,2009,0.09
52,2010,0.113806087229369
52,2011,0.0447897196261682
52,2012,0.0986086956521739
52,2013,NA
52,2014,0.022476357267951
52,2015,0
52,2016,0.00406557838446384
52,2017,0
52,2018,0
52,2019,0
52,2020,0
52,2021,0
52,2022,0
52,2023,0
53,1988,0.35
53,1989,0.35
53,1990,0.35
53,1991,0.35
53,1992,0.35
53,1993,0.35
53,1994,0.35
53,1995,0.35
53,1996,0.35
53,1997,0.35
53,1998,0.35
53,1999,0.35
53,2000,0.35
53,2001,NA
53,2002,0.35
53,2003,0.35
53,2004,0.35
53,2005,0.35
53,2006,0.35
53,2007,0.35
53,2008,0.35
53,2009,0.35
53,2010,0.35
53,2011,0.35
53,2012,0.35
53,2013,0.35
53,2014,0.35
53,2015,0.35
53,2016,0.175
53,2017,0.175
53,2018,0.175
53,2019,0.175
53,2020,0.175
53,2021,0.175
53,2022,0.175
53,2023,0.21
54,1984,0.177464788732394
54,1985,0.177464788732394
54,1986,0.177464788732394
54,1987,0.177777777777778
54,1988,0.177142857142857
54,1989,0.172173913043478
54,1990,0.135
54,1991,0.135
54,1992,0.135
54,1993,0.135
54,1994,0.135
54,1995,0.135
54,1996,0.135
54,1997,0.09
54,1998,0.09
54,1999,0.072
54,2000,0.072
54,2001,0.072
54,2002,0.072
54,2003,1.56487720060856e-05
54,2004,0
54,2005,0
54,2006,0
54,2007,0
54,2008,0
54,2009,0
54,2010,0
54,2011,0
54,2012,0
54,2013,0
54,2014,0
54,2015,0
54,2016,0
54,2017,0.0124124124124124
54,2018,0.0134358288770054
54,2019,0.0157647794807632
54,2020,0.0299046605106098
54,2021,0.0602056083839893
54,2022,0.0716966990640593
54,2023,0.0785122452931909
56,2019,0
56,2020,0
56,2021,0
56,2022,0
56,2023,0
61,1975,0
61,1976,0
61,1977,0
61,1978,0.0642857142857143
61,1979,0.117073170731707
61,1980,0.160714285714286
61,1981,0.183333333333333
61,1982,0.282051282051282
61,1983,0.315
61,1984,0.511627906976744
61,1985,0.504081632653061
61,1986,0.412087912087912
61,1987,0.397391304347826
61,1988,0.253943217665615
61,1989,0.27975
61,1990,0.180137299771167
61,1991,0.168269727013446
61,1992,0.0841720629047179
61,1993,0.149567627494457
61,1994,0.0427091572862793
61,1995,0.14856184084372
61,1996,0.129690674053555
61,1997,0.0459685803396096
61,1998,0.0709322033898305
61,1999,0.0167816091954023
61,2000,0.0896666666666666
61,2001,0.0289163438383415
61,2002,0.0561656165616562
61,2003,0.0440097799511002
61,2004,0.02976
61,2005,0.0466926070038911
61,2006,0.060712266817411
61,2007,0.112645461598138
61,2008,0.0267758444216991
61,2009,0.0273381294964029
61,2010,0.0234255170811062
61,2011,0.0152006294256491
61,2012,0.00838701835419959
61,2013,0.00619914053213861
61,2014,0.00880609652836579
61,2015,0.00713217703349282
61,2016,0.00456741907724896
61,2017,0.00488708969419109
61,2018,0.00524225120791398
61,2019,0.00444287089768444
61,2020,0.00170871712721933
61,2021,0.00259993370368743
61,2022,0.00123791122005043
61,2023,0.000660317588010738
62,1966,0.6
62,1967,0.6
62,1968,0.6
62,1969,0.6
62,1970,0.6
62,1971,0.6
62,1972,0.6
62,1973,0.6
62,1974,0.6
62,1975,0.6
62,1976,0.6
62,1977,0.6
62,1978,0.6
62,1979,0.6
62,1980,0.6
62,1981,0.6
62,1982,0.6
62,1983,0.6
62,1984,0.6
62,1985,0.6
62,1986,0.6
62,1987,0.6
62,1988,0.6
62,1989,0.583333333333333
62,1990,0.270379746835443
62,1991,0.239355992844365
62,1992,0.164467005076142
62,1993,0.0704761904761905
62,1994,0.0566984592809978
62,1995,0.077667638483965
62,1996,0.0619722848855946
62,1997,0.153053402606252
62,1998,0.128637627432808
62,1999,0.112429667519182
62,2000,0.138054298642534
62,2001,0.138139534883721
62,2002,0.177363896848138
62,2003,0.153896103896104
62,2004,0.132
62,2005,0.101840490797546
62,2006,0.504123711340206
62,2007,0.492517006802721
62,2008,0.518691588785047
62,2009,0.511764705882353
62,2010,0.533572202818258
62,2011,0.462365591397849
62,2012,0.359461818181818
62,2013,0.378348214285714
62,2014,0.3863539445629
62,2015,0.368936170212766
62,2016,0.442976417167131
62,2017,0.475188615252571
62,2018,0.458028762912098
62,2019,0.452981176888013
62,2020,0.417480113856748
62,2021,0.463422774737635
62,2022,0.517359625537615
62,2023,0.464275899818323
65,2006,0.58
65,2007,0.58
65,2008,0.58
65,2009,0.58
65,2010,0.58
65,2011,0.561818181818182
65,2012,0.561818181818182
65,2013,0.57375
65,2014,0.57375
65,2015,0.57375
65,2016,0.58
65,2017,0.58
65,2018,0.58
65,2019,0.58
65,2020,0.583846153846154
65,2021,0.583846153846154
65,2022,0.583846153846154
65,2023,0.583846153846154
66,1970,0.6
66,1971,0.6
66,1972,0.6
66,1973,0.6
66,1974,0.6
66,1975,0.6
66,1976,0.6
66,1977,0.6
66,1978,0.6
66,1979,0.6
66,1980,0.6
66,1981,0.6
66,1982,0.6
66,1983,NA
66,1984,0.6
66,1985,0.6
66,1986,0.6
66,1987,0.6
66,1988,0.6
66,1989,NA
66,1990,NA
66,1991,NA
66,1992,NA
66,1993,NA
66,1994,NA
66,1995,NA
66,1996,NA
66,1997,NA
66,1998,NA
66,1999,NA
66,2000,0.6
66,2001,0.6
66,2002,0.6
66,2003,0.6
66,2004,0.6
66,2005,0.6
66,2006,0.6
66,2007,0.6
66,2008,0.6
66,2009,0.6
66,2010,0.6
66,2011,0.6
66,2012,0.6
66,2013,0.6
66,2014,0.6
66,2015,0.6
66,2016,0.6
66,2017,0.6
66,2018,0.6
66,2019,0.6
66,2020,0.6
66,2021,0.6
66,2022,0.6
66,2023,0.6
67,1995,0
67,1996,0
67,1997,0
67,1998,0
67,1999,0
67,2000,0
67,2001,0
67,2002,0
67,2003,0
67,2004,0
67,2005,0
67,2006,0
67,2007,0
67,2008,0
67,2009,0
67,2010,0
67,2011,NA
67,2012,NA
67,2013,NA
67,2014,NA
67,2015,NA
67,2016,NA
67,2017,NA
67,2018,NA
67,2019,NA
67,2020,NA
67,2021,NA
67,2022,NA
67,2023,NA
68,1991,0.8
68,1992,0.8
68,1993,0.8
68,1994,0.8
68,1995,0.8
68,1996,0.8
68,1997,0.8
68,1998,0.8
68,1999,0.8
68,2000,0.8
68,2001,0.8
68,2002,0.8
68,2003,0.8
68,2004,0.8
68,2005,0.8
68,2006,0.119863224005583
68,2007,0.121820933752474
68,2008,0.199165057198039
68,2009,0.298946431749422
68,2010,0.217703822118878
68,2011,0.302693111099379
68,2012,0.313048387096774
68,2013,0.241429987881459
68,2014,0.274480594933767
68,2015,0.181527777777778
68,2016,0.133767968859213
68,2017,0.129066526757688
68,2018,0.0779822050009395
68,2019,0.106907474344244
68,2020,0.110308100735262
68,2021,0.139496928992176
68,2022,0.0990384165259553
68,2023,0.0839678487712985
69,1960,0.6
69,1961,0.6
69,1962,0.6
69,1963,0.6
69,1964,0.6
69,1965,0.6
69,1966,0.6
69,1967,0.6
69,1968,0.6
69,1969,0.6
69,1970,0.6
69,1971,0.6
69,1972,0.6
69,1973,0.6
69,1974,0.6
69,1975,0.6
69,1976,0.6
69,1977,0.6
69,1978,0.6
69,1979,0.6
69,1980,0.6
69,1981,0.6
69,1982,0.6
69,1983,0.6
69,1984,0.575614435815441
69,1985,0.575614435815441
69,1986,0.562370720188902
69,1987,0.572119290597444
69,1988,0.595946547884187
69,1989,0.6
69,1990,0.59941197059853
69,1991,0.599346201743462
69,1992,NA
69,1993,NA
69,1994,NA
69,1995,NA
69,1996,NA
69,1997,NA
69,1998,NA
69,1999,NA
69,2000,NA
69,2001,NA
69,2002,NA
69,2003,NA
69,2004,NA
69,2005,NA
69,2006,NA
69,2007,NA
69,2008,NA
69,2009,NA
69,2010,NA
69,2011,NA
69,2012,NA
69,2013,NA
69,2014,NA
69,2015,NA
69,2016,NA
69,2017,NA
69,2018,NA
69,2019,NA
69,2020,NA
69,2021,NA
69,2022,NA
69,2023,NA
70,1960,0.6
70,1961,0.6
70,1962,0.6
70,1963,0.6
70,1964,0.6
70,1965,0.6
70,1966,0.6
70,1967,0.6
70,1968,0.6
70,1969,0.6
70,1970,0.6
70,1971,0.6
70,1972,0.6
70,1973,0.6
70,1974,0.6
70,1975,0.6
70,1976,0.6
70,1977,0.6
70,1978,0.6
70,1979,0.6
70,1980,0.6
70,1981,0.6
70,1982,0.6
70,1983,0.6
70,1984,0.575614435815441
70,1985,0.575614435815441
70,1986,0.562370720188902
70,1987,0.572119290597444
70,1988,0.595946547884187
70,1989,0.6
70,1990,0.59941197059853
70,1991,0.599346201743462
70,1992,0
70,1993,0
70,1994,0
70,1995,0
70,1996,NA
70,1997,NA
70,1998,NA
70,1999,NA
70,2000,NA
70,2001,NA
70,2002,NA
70,2003,NA
70,2004,NA
70,2005,NA
70,2006,NA
70,2007,NA
70,2008,NA
70,2009,NA
70,2010,NA
70,2011,NA
70,2012,NA
70,2013,NA
70,2014,NA
70,2015,NA
70,2016,NA
70,2017,NA
70,2018,NA
70,2019,0
70,2020,0
70,2021,0
70,2022,0
70,2023,0
71,1982,0.6
71,1983,0.6
71,1984,0.6
71,1985,0.6
71,1986,0.6
71,1987,0.6
71,1988,0.6
71,1989,NA
71,1990,NA
71,1991,NA
71,1992,NA
71,1993,NA
71,1994,NA
71,1995,0.6
71,1996,0.6
71,1997,0.6
71,1998,0.6
71,1999,0.6
71,2000,0.6
71,2001,NA
71,2002,0.6
71,2003,0.6
71,2004,0.6
71,2005,0.6
71,2006,0.6
71,2007,0.6
71,2008,0.6
71,2009,0.6
71,2010,0.6
71,2011,0.6
71,2012,0.6
71,2013,0.6
71,2014,0.6
71,2015,0.6
71,2016,0.6
71,2017,0.6
71,2018,0.6
71,2019,0.6
71,2020,0.598601926545221
71,2021,0.595736292055507
71,2022,0.590635173224334
71,2023,0.587878587470697
72,2011,0.6
72,2012,0.6
72,2013,0.6
72,2014,0.6
72,2015,0.6
72,2016,0.6
72,2017,NA
72,2018,NA
72,2019,NA
72,2020,NA
72,2021,NA
72,2022,NA
72,2023,NA
73,1960,0.6
73,1961,0.6
73,1962,0.6
73,1963,0.6
73,1964,0.6
73,1965,0.6
73,1966,0.6
73,1967,0.6
73,1968,0.6
73,1969,0.6
73,1970,0.6
73,1971,0.6
73,1972,0.6
73,1973,0.6
73,1974,0.6
73,1975,0.6
73,1976,0.6
73,1977,0.6
73,1978,0.6
73,1979,0.6
73,1980,0.6
73,1981,0.6
73,1982,0.6
73,1983,0.6
73,1984,0.575614435815441
73,1985,0.575614435815441
73,1986,0.562370720188902
73,1987,0.572119290597444
73,1988,0.594715025906736
73,1989,0.6
73,1990,0.596496350364964
73,1991,0.594762124711316
73,1992,0.515241635687732
73,1993,0.548913681738109
73,1994,0.58807082945014
73,1995,0.54391947411668
73,1996,0.512849162011173
73,1997,0.584106033923441
73,1998,0.567127962085308
73,1999,0.576905333974051
73,2000,0.568721590909091
73,2001,0.490029325513196
73,2002,0.585093167701863
73,2003,0.33953488372093
73,2004,0.435813366960908
73,2005,0.460869565217391
73,2006,0.481347150259067
73,2007,0.428571428571429
73,2008,0.44620253164557
73,2009,0.227838424786449
73,2010,0.124099378881988
73,2011,0.0787981917001067
73,2012,0.102685376384457
73,2013,0.0662428767930831
73,2014,0.124224790090614
73,2015,0.151367270788913
73,2016,0.186582460095821
73,2017,0.241387056749167
73,2018,0.204267308075314
73,2019,0.254935048492061
73,2020,0.249155519759684
73,2021,0.223704562072666
73,2022,0.218190739753635
73,2023,0.251356965114446
74,1960,0.6
74,1961,0.6
74,1962,0.6
74,1963,0.6
74,1964,0.6
74,1965,0.6
74,1966,0.6
74,1967,0.6
74,1968,0.6
74,1969,0.6
74,1970,0.6
74,1971,0.6
74,1972,0.6
74,1973,0.6
74,1974,0.6
74,1975,0.6
74,1976,0.6
74,1977,0.6
74,1978,0.6
74,1979,0.6
74,1980,0.6
74,1981,0.6
74,1982,0.6
74,1983,0.6
74,1984,0.575614435815441
74,1985,0.575614435815441
74,1986,0.562370720188902
74,1987,0.572119290597444
74,1988,0.595946547884187
74,1989,0.6
74,1990,0.59941197059853
74,1991,0.599346201743462
74,1992,NA
74,1993,NA
74,1994,NA
74,1995,NA
74,1996,NA
74,1997,NA
74,1998,NA
74,1999,NA
74,2000,NA
74,2001,NA
74,2002,NA
74,2003,NA
74,2004,NA
74,2005,NA
74,2006,NA
74,2007,NA
74,2008,NA
74,2009,NA
74,2010,NA
74,2011,NA
74,2012,NA
74,2013,NA
74,2014,NA
74,2015,NA
74,2016,NA
74,2017,NA
74,2018,NA
74,2019,NA
74,2020,NA
74,2021,NA
74,2022,NA
74,2023,NA
75,1960,0.6
75,1961,0.6
75,1962,0.6
75,1963,0.6
75,1964,0.6
75,1965,0.6
75,1966,0.6
75,1967,0.6
75,1968,0.6
75,1969,0.6
75,1970,0.6
75,1971,0.6
75,1972,0.6
75,1973,0.6
75,1974,0.6
75,1975,0.6
75,1976,0.6
75,1977,0.6
75,1978,0.6
75,1979,0.6
75,1980,0.6
75,1981,0.6
75,1982,0.6
75,1983,0.6
75,1984,0.575614435815441
75,1985,0.575614435815441
75,1986,0.562370720188902
75,1987,0.572119290597444
75,1988,0.595946547884187
75,1989,0.6
75,1990,0.59941197059853
75,1991,0.599346201743462
75,1992,0.594028436018957
75,1993,0.479770992366412
75,1994,0.493432835820896
75,1995,0.4425
75,1996,0.4425
75,1997,0.263101604278075
75,1998,NA
75,1999,0.53
75,2000,0.455409836065574
75,2001,0.585198637911464
75,2002,0.577081626221242
75,2003,0.227480777928539
75,2004,0.319466248037677
75,2005,0.243808180535966
75,2006,0.402625599596062
75,2007,0.28408
75,2008,0.217783251231527
75,2009,0.21638961038961
75,2010,0.312952074103907
75,2011,0.236627534685165
75,2012,0.254437206483866
75,2013,0.209737911418123
75,2014,0.210092118730809
75,2015,0.210309278350516
75,2016,NA
75,2017,NA
75,2018,NA
75,2019,NA
75,2020,NA
75,2021,NA
75,2022,NA
75,2023,NA
76,1986,0.8
76,1987,0.8
76,1988,0.8
76,1989,0.8
76,1990,0.632635983263598
76,1991,0.43492546394889
76,1992,0.584554455445545
76,1993,0.673206500198177
76,1994,0.760242757357151
76,1995,0.732234518483636
76,1996,0.687625483892133
76,1997,0.680826446280992
76,1998,0.698560444254592
76,1999,0.741644867221562
76,2000,0.753877854457723
76,2001,0.766599394550959
76,2002,0.774795295518833
76,2003,0.771852187484267
76,2004,0.760770835402801
76,2005,0.759821315333343
76,2006,0.754688252866917
76,2007,0.749822543140374
76,2008,0.755030287587301
76,2009,0.72418678274634
76,2010,0.715203975188721
76,2011,0.719354167608882
76,2012,0.77132585335019
76,2013,0.759177627157177
76,2014,0.762500985074156
76,2015,0.754505720807322
76,2016,0.754890180112521
76,2017,0.758740115483617
76,2018,0.750202034675455
76,2019,0.760207060288795
76,2020,0.735794661891362
76,2021,0.710362888809439
76,2022,0.689989828991443
76,2023,0.65598866549183
78,2003,0
78,2004,0
78,2005,0
78,2006,0
78,2007,0
78,2008,0
78,2009,0
78,2010,0
78,2011,0
78,2012,0
78,2013,0
78,2014,0
78,2015,0
78,2016,0
78,2017,0
78,2018,0
78,2019,0
78,2020,0
78,2021,0
78,2022,0
78,2023,0
79,1984,0
79,1985,NA
79,1986,0
79,1987,0
79,1988,0
79,1989,0
79,1990,0
79,1991,0
79,1992,0
79,1993,0
79,1994,0
79,1995,0
79,1996,0
79,1997,0.0418616352201258
79,1998,0.0447021613073274
79,1999,0.0284883720930233
79,2000,0.0442553191489362
79,2001,0.0584213515048268
79,2002,0.0488678090575275
79,2003,0.0836677582613873
79,2004,0.10564857881137
79,2005,0.0481638846737481
79,2006,0.0744562647754137
79,2007,0.0989711251244607
79,2008,0.0900131578947368
79,2009,0.164565916398714
79,2010,0.150634146341463
79,2011,0.138641444539983
79,2012,0.0778618662747979
79,2013,0.0907528156490812
79,2014,0.0837357630979499
79,2015,0.0991150442477876
79,2016,0.0564231738035265
79,2017,0.0615505397448479
79,2018,0.0372222222222222
79,2019,0.0803203661327231
79,2020,0.0742857142857143
79,2021,0.0597854588796186
79,2022,0.0546542165159031
79,2023,0.0473919107391911
80,1976,0.6
80,1977,0.6
80,1978,0.6
80,1979,0.633333333333333
80,1980,0.643478260869565
80,1981,0.628571428571429
80,1982,0.633333333333333
80,1983,0.633333333333333
80,1984,0.634779016935151
80,1985,0.650187265917603
80,1986,0.668571428571429
80,1987,0.652427184466019
80,1988,0.646153846153846
80,1989,0.668995633187773
80,1990,0.69812050856827
80,1991,0.687625035724493
80,1992,0.704430523917996
80,1993,0.689014421479365
80,1994,0.688989342396146
80,1995,0.711377856232225
80,1996,0.72846558252295
80,1997,0.73514991646883
80,1998,0.728389432794896
80,1999,0.728053377962858
80,2000,0.730639297117317
80,2001,0.733237444436507
80,2002,0.739124284643384
80,2003,0.739260671582001
80,2004,0.726167749883183
80,2005,0.737833787862613
80,2006,0.731132696138453
80,2007,0.745141195028768
80,2008,0.746010785311091
80,2009,0.750253956507846
80,2010,0.751636634728611
80,2011,0.763824544055846
80,2012,0.766189632259616
80,2013,0.762591296894543
80,2014,0.764056601842474
80,2015,0.761456736588295
80,2016,0.758299757218652
80,2017,0.766757704247563
80,2018,0.76334881611171
80,2019,0.760044741808743
80,2020,0.766711890000776
80,2021,0.776194117331
80,2022,0.78092634487996
80,2023,0.7724309040145
81,1984,0.8
81,1985,0.8
81,1986,0.8
81,1987,0.8
81,1988,0.8
81,1989,0.8
81,1990,0.8
81,1991,0.8
81,1992,0.8
81,1993,0.799521244763615
81,1994,0.792380952380952
81,1995,0.786440677966102
81,1996,0.785923753665689
81,1997,0.77962962962963
81,1998,0.781448845190613
81,1999,0.774631268436578
81,2000,0.771111111111111
81,2001,0.766666666666667
81,2002,0.76539924807811
81,2003,0.764379874068511
81,2004,0.478853503184713
81,2005,0.461723943661972
81,2006,0.560885608856089
81,2007,0.550802825947335
81,2008,0.576053339068717
81,2009,0.797591744519753
81,2010,0.799261226820247
81,2011,0.798675183386309
81,2012,0.798698687687386
81,2013,0.797184058135574
81,2014,0.796057359097799
81,2015,0.797400350801019
81,2016,0.796923928797282
81,2017,0.796914175506268
81,2018,0.796933695251865
81,2019,0.797899148175674
81,2020,0.798252082479858
81,2021,0.79829225019046
81,2022,0.798779177006064
81,2023,0.798666146369151
82,1976,0.6
82,1977,0.6
82,1978,0.6
82,1979,0.6
82,1980,0.6
82,1981,0.6
82,1982,0.6
82,1983,0.6
82,1984,0.6
82,1985,0.6
82,1986,0.6
82,1987,0.6
82,1988,0.6
82,1989,0.6
82,1990,0.6
82,1991,0.6
82,1992,0.6
82,1993,0.6
82,1994,0.6
82,1995,0.6
82,1996,0.6
82,1997,0.533333333333333
82,1998,0.555555555555556
82,1999,0.585365853658537
82,2000,0.594059405940594
82,2001,0.340909090909091
82,2002,0.36
82,2003,0.464864864864865
82,2004,0.4
82,2005,0.464864864864865
82,2006,0.449091909741332
82,2007,0.44131963223364
82,2008,0.395284327323162
82,2009,0.425411230856495
82,2010,0.418811881188119
82,2011,0.422764227642276
82,2012,0.193220338983051
82,2013,0.1875
82,2014,0.205714285714286
82,2015,0.0991652754590985
82,2016,0.209638554216867
82,2017,0.0673629242819843
82,2018,0.150816696914701
82,2019,0.141510680466858
82,2020,0.0228854389721627
82,2021,0.0524778761061947
82,2022,0.0737993596584845
82,2023,0.0142111295046479
84,1983,0.6
84,1984,0.119846350832266
84,1985,0.135430916552668
84,1986,0.0889929742388759
84,1987,0.105398871877518
84,1988,0.0696840307429548
84,1989,0.072992700729927
84,1990,0.180456026058632
84,1991,0.35132382892057
84,1992,0.416666666666667
84,1993,0.320638085742772
84,1994,0.234410646387833
84,1995,0.259513274336283
84,1996,0.251785714285714
84,1997,0.251785714285714
84,1998,0.24
84,1999,0.178899082568807
84,2000,0.179874213836478
84,2001,0.194859813084112
84,2002,0.187160120845921
84,2003,0.2895
84,2004,0.199354838709677
84,2005,0.206
84,2006,0.348447204968944
84,2007,0.416363636363636
84,2008,0.167707309078991
84,2009,0.0826012101838109
84,2010,0.0238573705926482
84,2011,0.0220177422329202
84,2012,0.00806860004128011
84,2013,0.00758750406584548
84,2014,0.0244230818529057
84,2015,0.0302423712242062
84,2016,0.158493984850735
84,2017,0.063866518780504
84,2018,0.0746382753103135
84,2019,0.150730454831272
84,2020,0.0241528650883078
84,2021,0.0170371946262734
84,2022,0.0148801597869507
84,2023,0.0148801597869507
95,2004,0.6
95,2005,0.6
95,2006,0.6
95,2007,0.6
95,2008,NA
95,2009,NA
95,2010,NA
95,2011,NA
95,2012,NA
95,2013,NA
95,2014,NA
95,2015,NA
95,2016,NA
95,2017,NA
95,2018,NA
95,2019,NA
95,2020,NA
95,2021,NA
95,2022,NA
95,2023,NA
101,1990,0.6
101,1991,0.6
101,1992,0.6
101,1993,0.6
101,1994,0.6
101,1995,0.6
101,1996,0.6
101,1997,0.6
101,1998,0.6
101,1999,0.6
101,2000,0.6
101,2001,0.6
101,2002,0.6
101,2003,0.6
101,2004,0.6
101,2005,0.6
101,2006,0.6
101,2007,0.6
101,2008,0.6
101,2009,0.6
101,2010,0.6
101,2011,0.6
101,2012,0.6
101,2013,0.6
101,2014,0.6
101,2015,0.6
101,2016,0.6
101,2017,0.6
101,2018,0.6
101,2019,0.6
101,2020,0.6
101,2021,0.6
101,2022,0.6
101,2023,0.6
102,1970,0.6
102,1971,0.6
102,1972,0.6
102,1973,0.6
102,1974,0.6
102,1975,0.6
102,1976,0.6
102,1977,0.6
102,1978,0.6
102,1979,0.6
102,1980,0.6
102,1981,0.6
102,1982,0.6
102,1983,0.6
102,1984,0.6
102,1985,0.560747663551402
102,1986,0.561111111111111
102,1987,0.582207159500106
102,1988,0.58448275862069
102,1989,0.591094147582697
102,1990,0.597609561752988
102,1991,0.596976677224302
102,1992,0.589157022379614
102,1993,0.591833315883154
102,1994,0.590651635963706
102,1995,0.580780691299166
102,1996,0.575841750841751
102,1997,0.586132084803324
102,1998,0.583502036785582
102,1999,0.574748129588422
102,2000,0.52739971684757
102,2001,0.543853639548462
102,2002,0.546688851913477
102,2003,0.571411945918193
102,2004,0.593687005260829
102,2005,0.596825605468108
102,2006,0.6
102,2007,0.6
102,2008,0.597689884494225
102,2009,0.596016230173368
102,2010,0.6
102,2011,0.6
102,2012,0.6
102,2013,0.6
102,2014,0.6
102,2015,0.6
102,2016,0.6
102,2017,0.6
102,2018,0.6
102,2019,0.6
102,2020,0.6
102,2021,0.6
102,2022,0.6
102,2023,0.6
106,2014,0
106,2015,0
106,2016,0
106,2017,0
106,2018,0
106,2019,0
106,2020,0
106,2021,0
106,2022,0
106,2023,0
110,1984,0
110,1985,0
110,1986,0
110,1987,0
110,1988,0
110,1989,0.0114285714285714
110,1990,0.00262295081967213
110,1991,0.00727272727272727
110,1992,0.00307692307692308
110,1993,0.00195121951219512
110,1994,0.00380952380952381
110,1995,0.000661157024793389
110,1996,0.0133333333333333
110,1997,0
110,1998,0
110,1999,0
110,2000,0
110,2001,0
110,2002,0
110,2003,0
110,2004,0
110,2005,0
110,2006,0
110,2007,0
110,2008,0
110,2009,0
110,2010,NA
110,2011,NA
110,2012,NA
110,2013,NA
110,2014,0.39
110,2015,0.39
110,2016,0.39
110,2017,0.39
110,2018,0.39
110,2019,0.39
110,2020,0.39
110,2021,NA
110,2022,NA
110,2023,NA
111,1987,0.6
111,1988,0.6
111,1989,0.6
111,1990,0.6
111,1991,0.59
111,1992,0.59
111,1993,0.580909090909091
111,1994,0.580909090909091
111,1995,0.595882352941177
111,1996,0.593225806451613
111,1997,0.594878048780488
111,1998,0.594878048780488
111,1999,0.597920792079208
111,2000,0.598609271523179
111,2001,0.598955223880597
111,2002,0.599302325581395
111,2003,0.599163346613546
111,2004,0.6
111,2005,0.6
111,2006,0.6
111,2007,0.6
111,2008,0.6
111,2009,0.6
111,2010,0.6
111,2011,0.6
111,2012,0.6
111,2013,0.6
111,2014,0.6
111,2015,0.6
111,2016,0.6
111,2017,0.6
111,2018,0.6
111,2019,NA
111,2020,NA
111,2021,NA
111,2022,NA
111,2023,NA
112,1967,0.6
112,1968,0.6
112,1969,0.6
112,1970,0.6
112,1971,0.6
112,1972,0.6
112,1973,0.6
112,1974,0.6
112,1975,0.6
112,1976,0.6
112,1977,0.6
112,1978,0.6
112,1979,0.6
112,1980,0.6
112,1981,0.6
112,1982,0.6
112,1983,0.6
112,1984,0.6
112,1985,0.6
112,1986,0.6
112,1987,0.473876063183475
112,1988,0.415892420537897
112,1989,0
112,1990,0
112,1991,0
112,1992,0
112,1993,0
112,1994,0
112,1995,0
112,1996,0.000911161731207289
112,1997,0.0126223091976517
112,1998,0.340960676953708
112,1999,0.381523517382413
112,2000,0.247351540967176
112,2001,0.319154175588865
112,2002,0.243492704129152
112,2003,0.29373417721519
112,2004,0.451008883248731
112,2005,0.184263065179096
112,2006,0.121979835013749
112,2007,0.139230769230769
112,2008,0.113339183852567
112,2009,0.170772096874353
112,2010,0.211764705882353
112,2011,0.271162556618017
112,2012,0.206837979094077
112,2013,0.161718666808647
112,2014,0.127281764998279
112,2015,0.103175995788735
112,2016,0.108461913269449
112,2017,0.0972321428571429
112,2018,0.0928981723237598
112,2019,0.0928152380952381
112,2020,0.117466802860061
112,2021,0.107983339118362
112,2022,0.108430319948465
112,2023,0.189807607578205
115,1984,0
115,1985,0
115,1986,0
115,1987,0
115,1988,0
115,1989,0
115,1990,0
115,1991,0.0166666666666667
115,1992,0.00594059405940594
115,1993,0.00298507462686567
115,1994,0.171204680806603
115,1995,0.163089963398189
115,1996,0.162121632879756
115,1997,0.0644919786096257
115,1998,NA
115,1999,NA
115,2000,0
115,2001,0
115,2002,0
115,2003,0
115,2004,0
115,2005,0
115,2006,0
115,2007,0
115,2008,0
115,2009,0
115,2010,0
115,2011,0
115,2012,0
115,2013,0
115,2014,0
115,2015,0
115,2016,0
115,2017,0
115,2018,0
115,2019,0
115,2020,0
115,2021,0.00247422680412371
115,2022,0.00284023668639053
115,2023,0.00284023668639053
116,1995,0.32
116,1996,0.32
116,1997,0.32
116,1998,0.32
116,1999,0.32
116,2000,0.32
116,2001,0.32
116,2002,0.293877551020408
116,2003,0.20256880733945
116,2004,0.257864077669903
116,2005,0.277046979865772
116,2006,0.273790613718412
116,2007,0.000798004987531172
116,2008,0
116,2009,0
116,2010,NA
116,2011,NA
116,2012,NA
116,2013,NA
116,2014,NA
116,2015,NA
116,2016,NA
116,2017,NA
116,2018,NA
116,2019,NA
116,2020,NA
116,2021,NA
116,2022,NA
116,2023,NA
117,2015,0.39
117,2016,0.39
117,2017,0.39
117,2018,0.39
117,2019,0.39
117,2020,0.39
117,2021,0.39
117,2022,0.39
117,2023,0.39
119,2014,0.6
119,2015,0.6
119,2016,NA
119,2017,0.6
119,2018,0.6
119,2019,0.6
119,2020,0.6
119,2021,0.6
119,2022,0.6
119,2023,0.6
122,1985,0.6
122,1986,0.6
122,1987,0.6
122,1988,0.6
122,1989,0.6
122,1990,0.6
122,1991,0.6
122,1992,0.6
122,1993,0.6
122,1994,0.6
122,1995,0.6
122,1996,0.6
122,1997,NA
122,1998,NA
122,1999,0.6
122,2000,NA
122,2001,0.6
122,2002,0.6
122,2003,0.6
122,2004,0.6
122,2005,0.6
122,2006,0.6
122,2007,0.6
122,2008,0.6
122,2009,0.6
122,2010,0.6
122,2011,0.6
122,2012,0.6
122,2013,0.6
122,2014,0.6
122,2015,0.6
122,2016,0.6
122,2017,0.6
122,2018,0.6
122,2019,0.6
122,2020,0.6
122,2021,0.6
122,2022,0.6
122,2023,0.6
125,2015,0.6
125,2016,0.6
125,2017,0.6
125,2018,0.6
125,2019,0.6
125,2020,0.6
125,2021,0.6
125,2022,0.6
125,2023,0.6
127,2013,0.6
127,2014,0.6
127,2015,0.6
127,2016,0.6
127,2017,0.6
127,2018,0.6
127,2019,0.6
127,2020,0.6
127,2021,0.6
127,2022,0.6
127,2023,0.6
129,1970,0
129,1971,0
129,1972,0
129,1973,0
129,1974,0
129,1975,0
129,1976,0
129,1977,0
129,1978,0
129,1979,0
129,1980,0
129,1981,0
129,1982,0
129,1983,0
129,1984,0
129,1985,0
129,1986,0
129,1987,0
129,1988,0
129,1989,0
129,1990,0
129,1991,0
129,1992,0
129,1993,0
129,1994,0
129,1995,0
129,1996,0
129,1997,0
129,1998,0
129,1999,0
129,2000,0
129,2001,0
129,2002,0
129,2003,0
129,2004,0
129,2005,0
129,2006,0
129,2007,0.00214899713467049
129,2008,0.00228079067410035
129,2009,0.00484417891167447
129,2010,0.0153009180550833
129,2011,0.0267976775346137
129,2012,0.0189925681255161
129,2013,0.07141122176342
129,2014,0.0844165863066538
129,2015,0.0761018919775922
129,2016,0.104359925788497
129,2017,0.111053984575835
129,2018,0.124008203097376
129,2019,0.0878913739577141
129,2020,0.183936235438381
129,2021,0.0933081454918033
129,2022,0.0536912751677852
129,2023,0.0410818212940774
130,1984,0.39
130,1985,0.39
130,1986,0.39
130,1987,0.00038961038961039
130,1988,0.000194902548725637
130,1989,0.000177192185370286
130,1990,0.000129956681106298
130,1991,7.42715673205104e-05
130,1992,5.99907706506691e-05
130,1993,5.57063276674761e-05
130,1994,4.87439070116236e-05
130,1995,1.52875230292815e-05
130,1996,1.62493229448773e-05
130,1997,1.62493229448773e-05
130,1998,0
130,1999,0
130,2000,0
130,2001,0
130,2002,0
130,2003,0
130,2004,0
130,2005,0.000136459062281316
130,2006,0.000136173184357542
130,2007,0.000181921546333144
130,2008,0.000963900963900964
130,2009,0.001561144839549
130,2010,0.00258461538461539
130,2011,0.00505017805114924
130,2012,0.00854971500949969
130,2013,0.014368932038835
130,2014,0.0177176253460474
130,2015,0.0250816459830176
130,2016,0.0300929839391378
130,2017,0.0309330344634351
130,2018,0.0359746911720398
130,2019,0.0447843377179566
130,2020,0.0442323651452282
130,2021,0.0451792531192387
130,2022,0.0900818426497245
130,2023,0.0857500760798024
131,1983,0.7
131,1984,0.7
131,1985,0.7
131,1986,0.7
131,1987,0.7
131,1988,0.7
131,1989,0.7
131,1990,0.7
131,1991,0.7
131,1992,0.7
131,1993,0.7
131,1994,0.7
131,1995,0.7
131,1996,0.7
131,1997,0.7
131,1998,0.7
131,1999,0.7
131,2000,0.7
131,2001,0.7
131,2002,0.7
131,2003,0.7
131,2004,0.7
131,2005,0.7
131,2006,0.7
131,2007,0.7
131,2008,0.7
131,2009,0.7
131,2010,0.7
131,2011,0.7
131,2012,0.7
131,2013,0.7
131,2014,0.7
131,2015,0.7
131,2016,0.7
131,2017,0.7
131,2018,0.7
131,2019,0.699911849466011
131,2020,0.699911756720065
131,2021,0.699613955695283
131,2022,0.699699963224571
131,2023,0.699756364204279
132,1976,0
132,1977,0
132,1978,0
132,1979,0
132,1980,0
132,1981,0
132,1982,0
132,1983,0
132,1984,0
132,1985,0
132,1986,0
132,1987,0
132,1988,0
132,1989,0
132,1990,0
132,1991,0
132,1992,0
132,1993,0
132,1994,0
132,1995,0
132,1996,0
132,1997,0
132,1998,0
132,1999,0
132,2000,0
132,2001,0
132,2002,0
132,2003,0
132,2004,0
132,2005,0
132,2006,0
132,2007,0
132,2008,0
132,2009,0
132,2010,0
132,2011,0
132,2012,0
132,2013,0
132,2014,0
132,2015,0
132,2016,0
132,2017,0
132,2018,0
132,2019,0
132,2020,0.0252469472262673
132,2021,0.0788606073018063
132,2022,0.0672428045844752
132,2023,0.0673563218390805
133,1971,0.6
133,1972,0.6
133,1973,0.6
133,1974,0.6
133,1975,0.6
133,1976,0.6
133,1977,0.6
133,1978,0.6
133,1979,0.6
133,1980,0.6
133,1981,0.6
133,1982,0.6
133,1983,0.6
133,1984,0.6
133,1985,0.6
133,1986,0.6
133,1987,0.6
133,1988,0.6
133,1989,0.6
133,1990,0.6
133,1991,0.6
133,1992,0.6
133,1993,0.6
133,1994,0.6
133,1995,0.6
133,1996,0.6
133,1997,0.6
133,1998,0.6
133,1999,0.6
133,2000,0.6
133,2001,0.6
133,2002,0.6
133,2003,0.6
133,2004,0.6
133,2005,0.6
133,2006,0.6
133,2007,0.6
133,2008,0.6
133,2009,0.6
133,2010,0.6
133,2011,0.6
133,2012,0.6
133,2013,0.6
133,2014,0.6
133,2015,0.6
133,2016,0.6
133,2017,0.6
133,2018,0.6
133,2019,0.6
133,2020,0.6
133,2021,0.6
133,2022,0.6
133,2023,0.6
134,1985,0.154674735249622
134,1986,0.158013422818792
134,1987,0.120620957309185
134,1988,0.123926031294452
134,1989,0.123926031294452
134,1990,0.139615384615385
134,1991,0
134,1992,0.108658536585366
134,1993,0.129473684210526
134,1994,0.0997402597402598
134,1995,0.0369381107491857
134,1996,0.0275206611570248
134,1997,0.0101739130434783
134,1998,0.027
134,1999,0.0281739130434783
134,2000,0.00459183673469388
134,2001,0.0059504132231405
134,2002,0.00532258064516129
134,2003,0.00152219873150106
134,2004,0.00372413793103448
134,2005,0
134,2006,0
134,2007,0.0192727272727273
134,2008,0.0312796208530806
134,2009,0.018295471870712
134,2010,0.0177235131941709
134,2011,0.00924617952998587
134,2012,0.00838126540673788
134,2013,0.0131558935361217
134,2014,0.0125060240963855
134,2015,0.00957388939256573
134,2016,0.00938811188811189
134,2017,0.0081640625
134,2018,0.00669156883671291
134,2019,0.00795180722891566
134,2020,0.00901701323251418
134,2021,0.0106
134,2022,0.0103921568627451
134,2023,0.0103921568627451
135,1985,0.8
135,1986,0.8
135,1987,0.786928104575163
135,1988,0.792994746059545
135,1989,0.798604326587579
135,1990,0.73271595567026
135,1991,0.738079157098474
135,1992,0.766870427898587
135,1993,0.783223133912212
135,1994,0.785026141992295
135,1995,0.772247926527422
135,1996,0.763290512076821
135,1997,0.770299312812191
135,1998,0.781256596166225
135,1999,0.788442180382531
135,2000,0.788423692809064
135,2001,0.782351500210026
135,2002,0.784598759772625
135,2003,0.782324557251689
135,2004,0.745425270834064
135,2005,0.753549023725809
135,2006,0.762027478238221
135,2007,0.776350197372469
135,2008,0.777556750399069
135,2009,0.776463649767495
135,2010,0.777593096366224
135,2011,0.769738790955712
135,2012,0.775844274473233
135,2013,0.713614923997101
135,2014,0.712383009015685
135,2015,0.745514589865474
135,2016,0.738062527923546
135,2017,0.754045545242419
135,2018,0.746527317818806
135,2019,0.750625705592946
135,2020,0.767339056736934
135,2021,0.789064203629787
135,2022,0.751988781350871
135,2023,0.770810606114833
136,1984,0
136,1985,0
136,1986,0
136,1987,0
136,1988,0
136,1989,0
136,1990,0
136,1991,0
136,1992,0
136,1993,0
136,1994,0.000988467874794069
136,1995,0.00108892921960073
136,1996,0.00298507462686567
136,1997,0.00175524134568503
136,1998,0.00302593659942363
136,1999,0.00424628450106157
136,2000,0.00280186791194129
136,2001,0.00191387559808612
136,2002,0.000887573964497041
136,2003,0.00127118644067797
136,2004,0
136,2005,0
136,2006,0
136,2007,0
136,2008,0
136,2009,0
136,2010,0
136,2011,0
136,2012,0
136,2013,0
136,2014,0
136,2015,0
136,2016,0
136,2017,0
136,2018,0
136,2019,0
136,2020,0
136,2021,0
136,2022,0
136,2023,0
137,1969,0.6
137,1970,0.6
137,1971,0.6
137,1972,0.6
137,1973,0.6
137,1974,0.6
137,1975,0.6
137,1976,0.6
137,1977,0.6
137,1978,0.6
137,1979,0.6
137,1980,0.6
137,1981,0.6
137,1982,0.6
137,1983,0.6
137,1984,0.6
137,1985,0.6
137,1986,0.6
137,1987,0.6
137,1988,0.6
137,1989,0.6
137,1990,0.6
137,1991,0.6
137,1992,0.6
137,1993,0.6
137,1994,0.6
137,1995,0.6
137,1996,0.6
137,1997,0.6
137,1998,0.6
137,1999,0.6
137,2000,0.6
137,2001,0.6
137,2002,0.6
137,2003,0.6
137,2004,0.6
137,2005,0.6
137,2006,0.6
137,2007,0.6
137,2008,0.6
137,2009,0.6
137,2010,0.6
137,2011,0.6
137,2012,0.6
137,2013,0.6
137,2014,0.6
137,2015,0.6
137,2016,0.6
137,2017,0.6
137,2018,0.6
137,2019,0.6
137,2020,0.6
137,2021,0.6
137,2022,0.6
137,2023,0.6
138,1973,0.0146341463414634
138,1974,0.2
138,1975,0.2
138,1976,0.230769230769231
138,1977,0.216
138,1978,0.24
138,1979,0.24
138,1980,0.17910447761194
138,1981,0.172248803827751
138,1982,0.163265306122449
138,1983,0.434210526315789
138,1984,0.177399756986634
138,1985,0.472143997677457
138,1986,0.096734693877551
138,1987,0.0208070617906683
138,1988,0.0230769230769231
138,1989,0.0173761946133797
138,1990,0.0249201277955272
138,1991,0.0152046783625731
138,1992,0.0302190883908335
138,1993,0.0528014080375477
138,1994,0.0669516310461192
138,1995,0.0516096880295026
138,1996,0.102534789293176
138,1997,0.0464549903266189
138,1998,0.215778034682081
138,1999,0.228928968410484
138,2000,0.518921595598349
138,2001,0.50577873254565
138,2002,0.412621943875708
138,2003,0.400738449256561
138,2004,0.404420741502281
138,2005,0.342490332559938
138,2006,0.342861111111111
138,2007,0.368273531458105
138,2008,0.315998293515358
138,2009,0.326689739413681
138,2010,0.486207617958409
138,2011,0.456726731980406
138,2012,0.349340372489185
138,2013,0.474620401318059
138,2014,0.431655814705333
138,2015,0.305600982710955
138,2016,0.319279896380478
138,2017,0.193835983209888
138,2018,0.281194360281272
138,2019,0.31835823596384
138,2020,0.361466850712583
138,2021,0.367937360017583
138,2022,0.240118104589536
138,2023,0.179888598460603
139,1984,0.6
139,1985,0.6
139,1986,0.6
139,1987,0
139,1988,0
139,1989,0.1
139,1990,0.0312227510899564
139,1991,0.0659127625201939
139,1992,2.38085790246419e-05
139,1993,0.00022122987422672
139,1994,4.04103899602632e-05
139,1995,7.77101411734232e-05
139,1996,4.79961603071755e-05
139,1997,4.33529492047946e-05
139,1998,0.00018455859735466
139,1999,0.000159957344708078
139,2000,0.000771946727451107
139,2001,0.00058447575375989
139,2002,0.000798934753661784
139,2003,0
139,2004,0
139,2005,0
139,2006,0
139,2007,0
139,2008,0
139,2009,0
139,2010,0
139,2011,1.85159060450025e-05
139,2012,5.51578177524415e-06
139,2013,0
139,2014,3.30648444263516e-05
139,2015,6.20762069823259e-05
139,2016,0.00019563090968373
139,2017,0.000133303710286603
139,2018,0.000170184273299204
139,2019,0.00114620616140707
139,2020,0.000960380318273744
139,2021,0.000611785270093113
139,2022,0.0027571348705292
139,2023,0.000730221322906533
140,1987,0.24
140,1988,0.39
140,1989,0.495
140,1990,0.58
140,1991,0.595841584158416
140,1992,0.597218543046358
140,1993,0.595841584158416
140,1994,0.596528925619835
140,1995,0.594084507042254
140,1996,0.595841584158416
140,1997,0.596528925619835
140,1998,0.6
140,1999,0.6
140,2000,0.6
140,2001,0.6
140,2002,0.6
140,2003,0.6
140,2004,0.586516853932584
140,2005,0.583717774762551
140,2006,0.579020979020979
140,2007,0.505362776025237
140,2008,0.398709677419355
140,2009,0.385714285714286
140,2010,0.48
140,2011,0.528571428571429
140,2012,0.6
140,2013,0.6
140,2014,0.6
140,2015,0.6
140,2016,0.6
140,2017,0.6
140,2018,0.6
140,2019,0.6
140,2020,0.6
140,2021,0.6
140,2022,0.6
140,2023,0.6
141,1971,0
141,1972,0
141,1973,0
141,1974,0
141,1975,0
141,1976,0.00980392156862745
141,1977,0.00980392156862745
141,1978,0.00819672131147541
141,1979,0
141,1980,0.0495495495495495
141,1981,0.050561797752809
141,1982,0.0833333333333333
141,1983,0.115384615384615
141,1984,0.114035087719298
141,1985,0.290123456790123
141,1986,0.271825396825397
141,1987,0.352973690028742
141,1988,0.32319391634981
141,1989,0.485856598204403
141,1990,0.498049862343224
141,1991,0.489908658316469
141,1992,0.480783328097183
141,1993,0.470883105802048
141,1994,0.484868249412992
141,1995,0.495819300894205
141,1996,0.484787306642402
141,1997,0.468164877096459
141,1998,0.469172049324721
141,1999,0.461310643098909
141,2000,0.48111880079258
141,2001,0.468210385014339
141,2002,0.400636340950412
141,2003,0.418560545692156
141,2004,0.44474466653645
141,2005,0.40422084843317
141,2006,0.352051254441693
141,2007,0.363285449037428
141,2008,0.412379748462709
141,2009,0.433282738848132
141,2010,0.477046768260641
141,2011,0.5
141,2012,0.5
141,2013,0.499420358587256
141,2014,0.5
141,2015,0.50000362269754
141,2016,0.500005257826779
141,2017,0.500012187454571
141,2018,0.500022301742577
141,2019,0.500019049002243
141,2020,0.500026805628845
141,2021,0.500020834395945
141,2022,0.500022410515548
141,2023,0.500025063780189
143,1975,0
143,1976,0
143,1977,0
143,1978,0
143,1979,0
143,1980,0
143,1981,0
143,1982,0
143,1983,0
143,1984,0
143,1985,0
143,1986,0
143,1987,0.00213607594936709
143,1988,0.00375312760633862
143,1989,0.00274390243902439
143,1990,0.0110537557849769
143,1991,0.0342872191011236
143,1992,0.0573441842000794
143,1993,0.0525412087912088
143,1994,0.0545949157312154
143,1995,0.0609928057553957
143,1996,0.0660436221583202
143,1997,0.0364327431167146
143,1998,0.054265543931275
143,1999,0.0692157251778578
143,2000,0.0886419083762537
143,2001,0.0992908715832903
143,2002,0.155960264900662
143,2003,0.108857142857143
143,2004,0.0561912005616663
143,2005,0.0345619335347432
143,2006,0.0479013614179296
143,2007,0.16131090487239
143,2008,0.266959932160271
143,2009,0.218398821218075
143,2010,0.223972188633615
143,2011,0.273041338582677
143,2012,0.203716650021401
143,2013,0.222842690800092
143,2014,0.207063676534444
143,2015,0.238757512411811
143,2016,0.144607805403741
143,2017,0.12654537389022
143,2018,0.120492323980942
143,2019,0.0859852232801474
143,2020,0.0618223285724968
143,2021,0.0466697316246193
143,2022,0.0443182496864486
143,2023,0.0480380789650333
145,2021,0.6
145,2022,0.6
145,2023,0.6
147,1977,0
147,1978,NA
147,1979,0.6
147,1980,NA
147,1981,NA
147,1982,NA
147,1983,0
147,1984,0.333333333333333
147,1985,0.536175305161822
147,1986,0.543154413284641
147,1987,0.163636363636364
147,1988,0.0652173913043478
147,1989,0.0782608695652174
147,1990,0.0591549295774648
147,1991,0.0184615384615385
147,1992,0.000998336106489185
147,1993,0.507418174662099
147,1994,0.53782485689848
147,1995,0.539527101937148
147,1996,0.536189608021878
147,1997,0.56125128541409
147,1998,0.550016288466307
147,1999,0.570834909123268
147,2000,0.563124499948681
147,2001,0.560112905863016
147,2002,0.571508800461078
147,2003,0.58287468586187
147,2004,0.580071617951966
147,2005,0.585551339017329
147,2006,0.585423639086403
147,2007,0.587725415360168
147,2008,0.586401375280414
147,2009,0.58771888206138
147,2010,0.589287862598984
147,2011,0.588811893870271
147,2012,0.583957692479327
147,2013,0.582329152993018
147,2014,0.574249349241513
147,2015,0.570472128776618
147,2016,0.553587716275889
147,2017,0.557642013601113
147,2018,0.555009707144708
147,2019,0.554865219863998
147,2020,0.538145047814697
147,2021,0.537864579130014
147,2022,0.548335720423947
147,2023,0.556372469635628
152,1992,0.6
152,1993,0.6
152,1994,0.6
152,1995,0.6
152,1996,0.6
152,1997,0.6
152,1998,0.6
152,1999,0.6
152,2000,0.6
152,2001,0.6
152,2002,0.6
152,2003,0.6
152,2004,NA
152,2005,NA
152,2006,NA
152,2007,NA
152,2008,NA
152,2009,NA
152,2010,NA
152,2011,NA
152,2012,NA
152,2013,NA
152,2014,NA
152,2015,NA
152,2016,0.6
152,2017,0.6
152,2018,0.6
152,2019,0.6
152,2020,0.6
152,2021,0.6
152,2022,0.6
152,2023,0.6
153,1985,0.18
153,1986,0.18
153,1987,0.18
153,1988,0.18
153,1989,0.09
153,1990,0.09
153,1991,0.09
153,1992,0.09
153,1993,0.09
153,1994,0.09
153,1995,0.09
153,1996,0.09
153,1997,0.09
153,1998,0.09
153,1999,0.09
153,2000,0.09
153,2001,0.09
153,2002,0.09
153,2003,0.09
153,2004,0.09
153,2005,0.09
153,2006,0.09
153,2007,0.09
153,2008,NA
153,2009,NA
153,2010,NA
153,2011,NA
153,2012,0.6
153,2013,0.6
153,2014,0.6
153,2015,0.6
153,2016,0.6
153,2017,0.6
153,2018,0.6
153,2019,0.6
153,2020,0.6
153,2021,0.6
153,2022,0.6
153,2023,0.6
155,1998,0.6
155,1999,0.6
155,2000,0.386181818181818
155,2001,0.216346153846154
155,2002,0.267796610169492
155,2003,0.229955947136564
155,2004,0.588333333333333
155,2005,0.580909090909091
155,2006,0.592223662284762
155,2007,0.6
155,2008,0.6
155,2009,0.6
155,2010,0.6
155,2011,0.6
155,2012,0.6
155,2013,0.6
155,2014,0.6
155,2015,0.6
155,2016,0.6
155,2017,0.6
155,2018,0.6
155,2019,0.6
155,2020,0.6
155,2021,0.6
155,2022,0.6
155,2023,0.6
162,1950,0.6
162,1951,0.6
162,1952,0.6
162,1953,0.6
162,1954,0.6
162,1955,0.6
162,1956,0.6
162,1957,0.6
162,1958,0.6
162,1959,0.6
162,1960,0.6
162,1961,0.6
162,1962,0.6
162,1963,0.6
162,1964,0.6
162,1965,0.6
162,1966,0.6
162,1967,0.6
162,1968,0.6
162,1969,0.6
162,1970,0.6
162,1971,0.6
162,1972,0.6
162,1973,0.6
162,1974,0.6
162,1975,0.6
162,1976,0.6
162,1977,0.6
162,1978,0.6
162,1979,0.6
162,1980,0.6
162,1981,0.6
162,1982,0.6
162,1983,0.6
162,1984,0.596318681318681
162,1985,0.593381417055579
162,1986,0.584082798001428
162,1987,0.57992261842518
162,1988,0.578261657186334
162,1989,0.56981553940749
162,1990,0.551408450704225
162,1991,0.5671826625387
162,1992,0.567251461988304
162,1993,0.56214221525401
162,1994,0.555343152616735
162,1995,0.558969098602385
162,1996,0.550134048257373
162,1997,0.567144719687093
162,1998,0.564705882352941
162,1999,0.564532019704433
162,2000,0.559957739038563
162,2001,0.537227904015281
162,2002,0.55156785974152
162,2003,0.565973936980896
162,2004,0.566193884189981
162,2005,0.557265768931264
162,2006,0.556915665339831
162,2007,0.54960145834078
162,2008,0.551512130867406
162,2009,0.529160235522781
162,2010,0.532998081242555
162,2011,0.531236544844799
162,2012,0.532128781907476
162,2013,0.529062661833247
162,2014,0.546193509780554
162,2015,0.527638399567897
162,2016,0.53610182637955
162,2017,0.530877309051657
162,2018,0.516143746893184
162,2019,0.532529843487488
162,2020,0.529410858287534
162,2021,0.523176449019146
162,2022,0.526847618496441
162,2023,0.527981685527099
163,1950,0.6
163,1951,0.6
163,1952,0.6
163,1953,0.6
163,1954,0.6
163,1955,0.6
163,1956,0.6
163,1957,0.6
163,1958,0.6
163,1959,0.6
163,1960,0.6
163,1961,0.6
163,1962,0.599970356317069
163,1963,0.599930890887343
163,1964,0.599893666040478
163,1965,0.599643466860339
163,1966,0.599346854942234
163,1967,0.599183734322294
163,1968,0.598976042739086
163,1969,0.598617947747065
163,1970,0.598855634474393
163,1971,0.598667585573168
163,1972,0.598566844392891
163,1973,0.598327359617682
163,1974,0.598093094769754
163,1975,0.598418607715877
163,1976,0.597837747234328
163,1977,0.597526883690256
163,1978,0.597197462146277
163,1979,0.59659806089471
163,1980,0.596390321301071
163,1981,0.596737351423384
163,1982,0.597009902981867
163,1983,0.596614092643782
163,1984,0.595041089543589
163,1985,0.592938226367466
163,1986,0.594566108401728
163,1987,0.59211190894771
163,1988,0.591334430767377
163,1989,0.59355113365919
163,1990,0.593408783953699
163,1991,0.595460567844641
163,1992,0.595852750048876
163,1993,0.596310089077875
163,1994,0.597118671710101
163,1995,0.598902176114564
163,1996,0.598579398502469
163,1997,0.598761940988889
163,1998,0.597969833966793
163,1999,0.597909758611803
163,2000,0.596975876507671
163,2001,0.596101142144806
163,2002,0.595754150880122
163,2003,0.596025253244134
163,2004,0.595358269121151
163,2005,0.593420106700972
163,2006,0.59441366548829
163,2007,0.593917314594328
163,2008,0.595014768641619
163,2009,0.59547699915918
163,2010,0.596444087099855
163,2011,0.594481339474364
163,2012,0.595469613317434
163,2013,0.593886872107597
163,2014,0.593566858900841
163,2015,0.593758967924501
163,2016,0.595045321020566
163,2017,0.594977035436857
163,2018,0.590517071660915
163,2019,0.591835337724253
163,2020,0.590708562627085
163,2021,0.590802640026605
163,2022,0.587935082721892
163,2023,0.594646759538003
164,1984,0
164,1985,0
164,1986,0
164,1987,NA
164,1988,NA
164,1989,0
164,1990,0
164,1991,0
164,1992,0
164,1993,0
164,1994,0
164,1995,0
164,1996,0
164,1997,0
164,1998,0
164,1999,0
164,2000,0
164,2001,0
164,2002,0
164,2003,0
164,2004,0
164,2005,0
164,2006,0
164,2007,0
164,2008,0
164,2009,0
164,2010,0
164,2011,0
164,2012,3.71578638081719e-06
164,2013,8.4744565754721e-06
164,2014,1.84265357749796e-06
164,2015,4.33731804348403e-06
164,2016,1.65133069732026e-05
164,2017,2.39990400383985e-05
164,2018,2.39990400383985e-05
164,2019,4.79961603071755e-05
164,2020,5.16084637880613e-05
164,2021,4.52796015395065e-05
164,2022,3.69208048735463e-05
164,2023,2.99985000749963e-05
166,1982,0.6
166,1983,0.6
166,1984,0.6
166,1985,0.6
166,1986,0.6
166,1987,0.6
166,1988,0.6
166,1989,0.6
166,1990,0.6
166,1991,0.6
166,1992,0.6
166,1993,0.6
166,1994,0.6
166,1995,0.6
166,1996,0.6
166,1997,0.6
166,1998,0.6
166,1999,0.6
166,2000,0.6
166,2001,0.6
166,2002,0.0193548387096774
166,2003,0.00650759219088937
166,2004,0.01
166,2005,0.00340909090909091
166,2006,0.00623700623700624
166,2007,0.142857142857143
166,2008,0.0212765957446809
166,2009,0.0206896551724138
166,2010,0.0206896551724138
166,2011,0.06
166,2012,0.0445103857566766
166,2013,0.0545454545454545
166,2014,0.6
166,2015,0.6
166,2016,0.6
166,2017,0.6
166,2018,0.6
166,2019,0.6
166,2020,0.6
166,2021,0.6
166,2022,0.6
166,2023,0.6
167,1984,0
167,1985,0
167,1986,0
167,1987,0
167,1988,0
167,1989,0
167,1990,0
167,1991,0
167,1992,0
167,1993,0
167,1994,0
167,1995,0
167,1996,0
167,1997,0
167,1998,0
167,1999,0
167,2000,0
167,2001,0
167,2002,0
167,2003,0
167,2004,0
167,2005,0
167,2006,0
167,2007,0
167,2008,0
167,2009,0.1565
167,2010,0.159833080424886
167,2011,0.148767123287671
167,2012,0.154285714285714
167,2013,0.196551724137931
167,2014,0.0778312138324707
167,2015,0.0886871391515354
167,2016,0.0240207972270364
167,2017,0
167,2018,0
167,2019,0
167,2020,0
167,2021,0
167,2022,0.0707888788426763
167,2023,0.0655359565807327
168,1998,0
168,1999,0
168,2000,0
168,2001,0
168,2002,0
168,2003,0
168,2004,0
168,2005,0
168,2006,0
168,2007,0
168,2008,0
168,2009,0
168,2010,0
168,2011,0
168,2012,0
168,2013,0
168,2014,0
168,2015,0
168,2016,0
168,2017,0
168,2018,0
168,2019,0
168,2020,0
168,2021,0
168,2022,0
168,2023,0
171,1968,0.6
171,1969,0.6
171,1970,0.6
171,1971,0.6
171,1972,0.6
171,1973,0.547826086956522
171,1974,0.506896551724138
171,1975,0.454054054054054
171,1976,0.424719101123595
171,1977,0.398076923076923
171,1978,0.365853658536585
171,1979,0.332876712328767
171,1980,0.298265895953757
171,1981,0.266666666666667
171,1982,0.234677419354839
171,1983,0.205369127516779
171,1984,0.2
171,1985,0.156025369978858
171,1986,0.13448275862069
171,1987,0.123809523809524
171,1988,0.0838709677419355
171,1989,0.0545454545454545
171,1990,0.0426229508196721
171,1991,0.0418604651162791
171,1992,0.04
171,1993,0.04
171,1994,0.04
171,1995,0.377822878228782
171,1996,0.36226148409894
171,1997,0.386950201355466
171,1998,0.316218646165874
171,1999,0.236451685901788
171,2000,0.202692899022801
171,2001,0.145596533388839
171,2002,0.0914482176755959
171,2003,0.0642087858776472
171,2004,0.0880978340283476
171,2005,0.114571666559877
171,2006,0.115600158982512
171,2007,0.102582743447484
171,2008,0.0943849337251844
171,2009,0.100500612995505
171,2010,0.110379970025566
171,2011,0.125247459718184
171,2012,0.14322372394472
171,2013,0.138250545443811
171,2014,0.152176664767361
171,2015,0.138067623557524
171,2016,0.171195249289067
171,2017,0.202491542137897
171,2018,0.142266709725542
171,2019,0.131401655315113
171,2020,0.111088672237697
171,2021,0.0763291522278731
171,2022,0.0432140722118038
171,2023,0.0386811283646931
172,1999,0.6
172,2000,0.6
172,2001,0.6
172,2002,0.6
172,2003,0.6
172,2004,0.6
172,2005,0.6
172,2006,0.6
172,2007,0.6
172,2008,0.6
172,2009,0.6
172,2010,0.6
172,2011,0.6
172,2012,0.563414634146342
172,2013,0.581965734896303
172,2014,0.547735191637631
172,2015,0.259090909090909
172,2016,0.235922330097087
172,2017,0.508814589665654
172,2018,0.511764705882353
172,2019,0.36
172,2020,0.527472527472527
172,2021,0.57505972288581
172,2022,0.6
172,2023,0.591019869828253
173,1992,0.12
173,1993,0.12
173,1994,0.12
173,1995,0.12
173,1996,0.12
173,1997,0.12
173,1998,NA
173,1999,NA
173,2000,NA
173,2001,NA
173,2002,NA
173,2003,NA
173,2004,NA
173,2005,NA
173,2006,NA
173,2007,NA
173,2008,NA
173,2009,NA
173,2010,NA
173,2011,NA
173,2012,NA
173,2013,NA
173,2014,NA
173,2015,NA
173,2016,NA
173,2017,NA
173,2018,NA
173,2019,NA
173,2020,NA
173,2021,NA
173,2022,NA
173,2023,NA
174,1978,0
174,1979,0
174,1980,0
174,1981,0
174,1982,0
174,1983,0
174,1984,0
174,1985,0
174,1986,0
174,1987,0
174,1988,0
174,1989,0
174,1990,0
174,1991,0
174,1992,0
174,1993,0
174,1994,0
174,1995,0
174,1996,0
174,1997,0
174,1998,0
174,1999,0
174,2000,0.000271104751863845
174,2001,0
174,2002,0
174,2003,0
174,2004,0
174,2005,0
174,2006,0
174,2007,0
174,2008,0
174,2009,0
174,2010,0
174,2011,0.00211878009630819
174,2012,0.00315849923430322
174,2013,0.00590592334494773
174,2014,0.00495522907067721
174,2015,0.00451054886427936
174,2016,0.00531424290352119
174,2017,0.00391034348922957
174,2018,0
174,2019,0
174,2020,0
174,2021,0
174,2022,0
174,2023,0
175,1978,0
175,1979,0
175,1980,0
175,1981,0
175,1982,0
175,1983,0
175,1984,0
175,1985,0
175,1986,0
175,1987,0
175,1988,0
175,1989,0
175,1990,0
175,1991,0
175,1992,0
175,1993,0
175,1994,0
175,1995,0
175,1996,0
175,1997,0
175,1998,0.000338361765120541
175,1999,0.000340087856029474
175,2000,0.000330214639515685
175,2001,0.000307377049180328
175,2002,0
175,2003,0.000814292059418645
175,2004,0.00355297157622739
175,2005,0.0174654329971931
175,2006,0.0268624524787312
175,2007,0.0784527748405362
175,2008,0.120185114844071
175,2009,0.138134683406977
175,2010,0.0600385480244138
175,2011,0.0548831833567242
175,2012,0.0517319649000863
175,2013,0.0667222792607803
175,2014,0.0916713335804826
175,2015,0.0542736863694308
175,2016,0.0935209334248456
175,2017,0.0897366143192778
175,2018,0.180123481378211
175,2019,0.235505374923923
175,2020,0.501297258697981
175,2021,0.26601650977038
175,2022,0.260214273665039
175,2023,0.230656226394191
176,1950,0.6
176,1951,0.6
176,1952,0.6
176,1953,0.6
176,1954,0.6
176,1955,0.6
176,1956,0.6
176,1957,0.6
176,1958,0.6
176,1959,0.6
176,1960,0.6
176,1961,0.6
176,1962,0.6
176,1963,0.6
176,1964,0.6
176,1965,0.6
176,1966,0.6
176,1967,0.6
176,1968,0.6
176,1969,0.6
176,1970,0.6
176,1971,0.6
176,1972,0.599851888422612
176,1973,0.599423631123919
176,1974,0.598114393463231
176,1975,0.595804684768675
176,1976,0.595799054787327
176,1977,0.589431037519817
176,1978,0.587510407993339
176,1979,0.548690539818279
176,1980,0.578494623655914
176,1981,0.575490196078431
176,1982,0.582691317039666
176,1983,0.590939942090351
176,1984,0.594278748204803
176,1985,0.581806325399413
176,1986,0.586239070859976
176,1987,0.582360861759425
176,1988,0.584569577593823
176,1989,0.581743472381151
176,1990,0.583718592964824
176,1991,0.599698924302392
176,1992,0.599845637491629
176,1993,0.596383147055634
176,1994,0.588111874270105
176,1995,0.598321148722989
176,1996,0.599622314894956
176,1997,0.599248432004493
176,1998,0.599385059434676
176,1999,0.599558185404339
176,2000,0.59915845055897
176,2001,0.598163109107917
176,2002,0.595225269343781
176,2003,0.599602135902
176,2004,0.594227584575349
176,2005,0.592925845485572
176,2006,0.585198649701376
176,2007,0.594682835820896
176,2008,0.598098283886811
176,2009,0.597697421760986
176,2010,0.598319663932787
176,2011,0.599254871990829
176,2012,0.597444270907284
176,2013,0.597430906967692
176,2014,0.597769516728625
176,2015,0.6
176,2016,0.6
176,2017,0.6
176,2018,0.6
176,2019,0.599349622871596
176,2020,0.598894213048286
176,2021,0.598704284221526
176,2022,0.597865013774105
176,2023,0.598863818299261
177,1950,0.6
177,1951,0.6
177,1952,0.6
177,1953,0.6
177,1954,0.6
177,1955,0.6
177,1956,0.6
177,1957,0.6
177,1958,0.6
177,1959,0.6
177,1960,0.6
177,1961,0.6
177,1962,0.6
177,1963,0.6
177,1964,0.6
177,1965,0.6
177,1966,0.6
177,1967,0.6
177,1968,0.6
177,1969,0.6
177,1970,0.6
177,1971,0.6
177,1972,0.6
177,1973,0.6
177,1974,0.6
177,1975,0.6
177,1976,0.6
177,1977,0.6
177,1978,0.6
177,1979,0.6
177,1980,0.6
177,1981,0.6
177,1982,0.6
177,1983,0.6
177,1984,0.6
177,1985,0.6
177,1986,0.6
177,1987,0.6
177,1988,0.6
177,1989,0.6
177,1990,0.6
177,1991,0.6
177,1992,0.6
177,1993,0.6
177,1994,0.6
177,1995,0.599911312573906
177,1996,0.599843130693049
177,1997,0.599841274880163
177,1998,0.599870591483194
177,1999,0.6
177,2000,0.6
177,2001,0.6
177,2002,0.6
177,2003,0.599237804878049
177,2004,0.599358499173177
177,2005,0.59928309702087
177,2006,0.598273530342704
177,2007,0.598856198767236
177,2008,0.598587891958045
177,2009,0.598116311486733
177,2010,0.597379873658302
177,2011,0.595854755054854
177,2012,0.597276517686257
177,2013,0.598298088335187
177,2014,0.598810105750982
177,2015,0.598482882382999
177,2016,0.598257484934505
177,2017,0.597879778712677
177,2018,0.597957371760208
177,2019,0.596071743260646
177,2020,0.590112960289928
177,2021,0.586251346996409
177,2022,0.573922317280871
177,2023,0.6
179,1950,0.6
179,1951,0.6
179,1952,0.6
179,1953,0.6
179,1954,0.6
179,1955,0.6
179,1956,0.6
179,1957,0.6
179,1958,0.6
179,1959,0.6
179,1960,0.6
179,1961,0.6
179,1962,0.6
179,1963,0.6
179,1964,0.6
179,1965,0.6
179,1966,0.6
179,1967,0.6
179,1968,0.6
179,1969,0.6
179,1970,0.6
179,1971,0.6
179,1972,0.599958408429225
179,1973,0.599915206331261
179,1974,0.599876644736842
179,1975,0.59989910200787
179,1976,0.599928555481134
179,1977,0.599872653180032
179,1978,0.59973150481226
179,1979,0.599534186528435
179,1980,0.599094198423246
179,1981,0.598839223839224
179,1982,0.598779261812437
179,1983,0.598760242756275
179,1984,0.59728404557035
179,1985,0.598416231872559
179,1986,0.597922750198678
179,1987,0.597811967613801
179,1988,0.596993238004742
179,1989,0.596000036202691
179,1990,0.596289887629128
179,1991,0.59548518091678
179,1992,0.595728595203129
179,1993,0.59725427862016
179,1994,0.597852210206561
179,1995,0.599296116395183
179,1996,0.599324106806244
179,1997,0.59823581929497
179,1998,0.599899912781138
179,1999,0.600544466832267
179,2000,0.601248241896259
179,2001,0.602006040356146
179,2002,0.600655518394649
179,2003,0.600225311290555
179,2004,0.599352007140109
179,2005,0.59976205844131
179,2006,0.598076677869228
179,2007,0.598926953534895
179,2008,0.599541967906764
179,2009,0.601892457274985
179,2010,0.599394236079731
179,2011,0.600739604874776
179,2012,0.603182301377082
179,2013,0.603614585523089
179,2014,0.603977361300238
179,2015,0.603859820998109
179,2016,0.603082669231878
179,2017,0.601223863768547
179,2018,0.602204702270388
179,2019,0.603862974014431
179,2020,0.603522590944019
179,2021,0.592353030012865
179,2022,0.592415614038767
179,2023,0.591970650915083
180,1961,0.6
180,1962,NA
180,1963,NA
180,1964,0.6
180,1965,0.6
180,1966,0.6
180,1967,0.6
180,1968,0.6
180,1969,0.6
180,1970,0.791511627906977
180,1971,0.784556962025316
180,1972,0.869873298920695
180,1973,0.869932685115931
180,1974,0.869276139410188
180,1975,0.867954545454546
180,1976,0.86246511627907
180,1977,0.869765421372719
180,1978,0.863041237113402
180,1979,0.729652996845426
180,1980,0.753865546218487
180,1981,0.785046511627907
180,1982,0.815679862306368
180,1983,0.841128668171558
180,1984,0.795872024970737
180,1985,0.818522031456357
180,1986,0.813298520593054
180,1987,0.790653206650831
180,1988,0.805253702242236
180,1989,0.831893773727933
180,1990,0.817668161434978
180,1991,0.833922015880872
180,1992,0.832164437602232
180,1993,0.83641100252553
180,1994,0.850262432552887
180,1995,0.845839862213646
180,1996,0.841700934579439
180,1997,0.835958830959582
180,1998,0.844283994492424
180,1999,0.841916835897203
180,2000,0.840947141378242
180,2001,0.834020038510741
180,2002,0.832901042641439
180,2003,0.8299469904547
180,2004,0.814835311872793
180,2005,0.811155455283595
180,2006,0.809639342835653
180,2007,0.804919928548755
180,2008,0.79342061281337
180,2009,0.802715842154475
180,2010,0.814564137356595
180,2011,0.822890405292305
180,2012,0.820979445470888
180,2013,0.799293587659321
180,2014,0.811255336028785
180,2015,0.81692873446886
180,2016,0.827033254949931
180,2017,0.826287948968378
180,2018,0.822116977256944
180,2019,0.83456716960871
180,2020,0.833248902589746
180,2021,0.827569654932148
180,2022,0.820537017091083
180,2023,0.8153638005995
181,1950,0.6
181,1951,0.6
181,1952,0.6
181,1953,0.6
181,1954,0.6
181,1955,0.6
181,1956,0.6
181,1957,0.6
181,1958,0.6
181,1959,0.6
181,1960,0.6
181,1961,0.6
181,1962,0.6
181,1963,0.6
181,1964,0.6
181,1965,0.6
181,1966,0.6
181,1967,0.6
181,1968,0.6
181,1969,0.6
181,1970,0.6
181,1971,0.6
181,1972,0.6
181,1973,0.6
181,1974,0.599840383080607
181,1975,0.5997113997114
181,1976,0.599383857054837
181,1977,0.598111086125478
181,1978,0.597633447278464
181,1979,0.594227300060132
181,1980,0.592128451145487
181,1981,0.588384128809661
181,1982,0.583942065491184
181,1983,0.569158878504673
181,1984,0.579036635006784
181,1985,0.560122431132488
181,1986,0.536044332165268
181,1987,0.513115569557287
181,1988,0.448279369384641
181,1989,0.42720953326713
181,1990,0.445824957476419
181,1991,0.379697624190065
181,1992,0.367246132638995
181,1993,0.332387529057842
181,1994,0.335629119988473
181,1995,0.320153245078329
181,1996,0.337983118613949
181,1997,0.3408720946494
181,1998,0.368004860267315
181,1999,0.330613679499496
181,2000,0.372351885098743
181,2001,0.357519734108849
181,2002,0.365208984005013
181,2003,0.436344028088178
181,2004,0.449917522185488
181,2005,0.453055635386202
181,2006,0.465070227953028
181,2007,0.488843496332084
181,2008,0.461737086536387
181,2009,0.436472630785862
181,2010,0.388545783276559
181,2011,0.423925905541605
181,2012,0.386398977031156
181,2013,0.432689930460346
181,2014,0.414255787365931
181,2015,0.397109160511968
181,2016,0.352489882184674
181,2017,0.354218528604878
181,2018,0.401767846772484
181,2019,0.417523954808924
181,2020,0.391912661145276
181,2021,0.414437309023138
181,2022,0.435800105874666
181,2023,0.438686896168474
182,1950,0.6
182,1951,0.6
182,1952,0.6
182,1953,0.6
182,1954,0.6
182,1955,0.6
182,1956,0.6
182,1957,0.6
182,1958,0.6
182,1959,0.6
182,1960,0.6
182,1961,0.6
182,1962,0.6
182,1963,0.6
182,1964,0.6
182,1965,0.6
182,1966,0.6
182,1967,0.6
182,1968,0.6
182,1969,0.6
182,1970,0.6
182,1971,0.6
182,1972,0.6
182,1973,0.6
182,1974,0.6
182,1975,0.6
182,1976,0.6
182,1977,0.6
182,1978,0.6
182,1979,0.6
182,1980,0.6
182,1981,0.6
182,1982,0.6
182,1983,0.6
182,1984,0.599575944487278
182,1985,0.599219105746263
182,1986,0.5991061061789
182,1987,0.598930296397373
182,1988,0.599012214678357
182,1989,0.597545696565879
182,1990,0.594919968282613
182,1991,0.596303919121929
182,1992,0.591368404195692
182,1993,0.590139662960553
182,1994,0.591270866271723
182,1995,0.59338032755844
182,1996,0.594215286827865
182,1997,0.594751612872485
182,1998,0.596440538790275
182,1999,0.595572480924245
182,2000,0.596803078887422
182,2001,0.5968547900524
182,2002,0.598870914943532
182,2003,0.602482134757418
182,2004,0.589692653379717
182,2005,0.593830139630711
182,2006,0.597743358818285
182,2007,0.597127083894636
182,2008,0.59928546614244
182,2009,0.605917698870774
182,2010,0.605581055995242
182,2011,0.601675670914893
182,2012,0.598976079465223
182,2013,0.603259854778503
182,2014,0.599429472536899
182,2015,0.59795532305078
182,2016,0.599114209588991
182,2017,0.595221746698571
182,2018,0.593529821328796
182,2019,0.593503758600328
182,2020,0.586834380525671
182,2021,0.583555132402818
182,2022,0.573768105862221
182,2023,0.582719674869369
183,1977,0.18
183,1978,0.1725
183,1979,0.202795698924731
183,1980,0.226993006993007
183,1981,0.252
183,1982,0.267307692307692
183,1983,0.558088658606793
183,1984,0.577262773722628
183,1985,0.576539155539516
183,1986,0.579617537313433
183,1987,0.580241072434381
183,1988,0.579433938080423
183,1989,0.591387054161163
183,1990,0.580335023877392
183,1991,0.593731703674201
183,1992,0.555207625704357
183,1993,0.615173744322441
183,1994,0.618414839414066
183,1995,0.620375326451934
183,1996,0.623481832068715
183,1997,0.595724554201619
183,1998,0.635006371455878
183,1999,0.636218887626791
183,2000,0.640106800313836
183,2001,0.644639259227505
183,2002,0.641220075687781
183,2003,0.651484672976409
183,2004,0.671142035691805
183,2005,0.675898619086683
183,2006,0.67230326323214
183,2007,0.674804397224099
183,2008,0.643103497197985
183,2009,0.526945632537097
183,2010,0.43534639750037
183,2011,0.392238636885915
183,2012,0.355756232912216
183,2013,0.48033699142213
183,2014,0.430122272812692
183,2015,0.458781514693412
183,2016,0.462127817006552
183,2017,0.478085355995177
183,2018,0.49107349933291
183,2019,0.484556917623602
183,2020,0.442518179016395
183,2021,0.517595559345576
183,2022,0.540637951611153
183,2023,0.525454569459803
184,1950,0.126
184,1951,0.116756756756757
184,1952,0.1314
184,1953,0.129661016949153
184,1954,0.131868131868132
184,1955,0.135
184,1956,0.149206349206349
184,1957,0.187982832618026
184,1958,0.183650190114068
184,1959,0.265760869565217
184,1960,0.349051490514905
184,1961,0.39
184,1962,0.403879064460924
184,1963,0.392056583242655
184,1964,0.426061855670103
184,1965,0.445782335428382
184,1966,0.454726085722396
184,1967,0.522757475083056
184,1968,0.516843826655764
184,1969,0.521039574719433
184,1970,0.546688230537381
184,1971,0.562073788280685
184,1972,0.538689704823614
184,1973,0.52421279416639
184,1974,0.551247771836007
184,1975,0.567576896998089
184,1976,0.569375237474895
184,1977,0.569643699565487
184,1978,0.572688399466642
184,1979,0.570987824830546
184,1980,0.570987361769352
184,1981,0.573497897734979
184,1982,0.573098629830368
184,1983,0.573370881782946
184,1984,0.57551724137931
184,1985,0.577456794420423
184,1986,0.578917304946125
184,1987,0.581661905733524
184,1988,0.585457528291832
184,1989,0.585174344616951
184,1990,0.58288405983771
184,1991,0.586596260608768
184,1992,0.587751698321315
184,1993,0.590810337972167
184,1994,0.592941333600454
184,1995,0.597771946760876
184,1996,0.599051446581664
184,1997,0.601111693450162
184,1998,0.605495041456674
184,1999,0.607717808976066
184,2000,0.608910672762016
184,2001,0.612424991175432
184,2002,0.614361932817806
184,2003,0.611076047108115
184,2004,0.6269679813727
184,2005,0.609952779811522
184,2006,0.615349728020961
184,2007,0.611425897964826
184,2008,0.617133063887575
184,2009,0.616138020674668
184,2010,0.618822927317863
184,2011,0.616046149979454
184,2012,0.624539744687793
184,2013,0.62381734424265
184,2014,0.619060045790038
184,2015,0.619137846864914
184,2016,0.622028970503231
184,2017,0.621953849471641
184,2018,0.616545353313701
184,2019,0.618879626043171
184,2020,0.62987175469063
184,2021,0.62815362420172
184,2022,0.616264626746417
184,2023,0.627016599746145
186,1992,0.3
186,1993,0.0666666666666667
186,1994,0.2
186,1995,0.381818181818182
186,1996,0.3
186,1997,0.3
186,1998,0.3
186,1999,0.218181818181818
186,2000,0.225
186,2001,0.133333333333333
186,2002,0.2
186,2003,0.15
186,2004,0.109090909090909
186,2005,0.109090909090909
186,2006,0.445414847161572
186,2007,0.38135593220339
186,2008,0.394736842105263
186,2009,0.377245508982036
186,2010,0.32258064516129
186,2011,0.364741641337386
186,2012,0.386476868327402
186,2013,0.386476868327402
186,2014,0.409923664122137
186,2015,0.365806451612903
186,2016,0.349090909090909
186,2017,0.389090909090909
186,2018,0.39945652173913
186,2019,0.379947229551451
186,2020,0.424137931034483
186,2021,0.44040404040404
186,2022,0.368852459016393
186,2023,0.403580562659847
187,1992,0.728915662650602
187,1993,0.691685393258427
187,1994,0.695454545454545
187,1995,0.717217391304348
187,1996,0.698823529411765
187,1997,0.710573248407643
187,1998,0.710826149425287
187,1999,0.696813040585496
187,2000,0.681778929188256
187,2001,0.650935550935551
187,2002,0.627506654835847
187,2003,0.602458100558659
187,2004,0.418035392603582
187,2005,0.445201887781856
187,2006,0.356468023255814
187,2007,0.451873935264055
187,2008,0.482299707213202
187,2009,0.465084727703762
187,2010,0.507784480706946
187,2011,0.466097824780675
187,2012,0.569479121376818
187,2013,0.56214347252395
187,2014,0.606145287005394
187,2015,0.613690674655713
187,2016,0.61110048802795
187,2017,0.66088512317651
187,2018,0.635008477799155
187,2019,0.6616759413686
187,2020,0.654598239045122
187,2021,0.618506164895774
187,2022,0.674336299191271
187,2023,0.640201343189362
188,1992,0.592307692307692
188,1993,0.584615384615385
188,1994,0.427184466019417
188,1995,0.5
188,1996,0.583870967741935
188,1997,0.35748031496063
188,1998,0.451948051948052
188,1999,0.492156862745098
188,2000,0.54017094017094
188,2001,0.649350649350649
188,2002,0.581666666666667
188,2003,0.606796116504854
188,2004,0.589010989010989
188,2005,0.616666666666667
188,2006,0.631088082901554
188,2007,0.609493670886076
188,2008,0.636496350364964
188,2009,0.633510355815188
188,2010,0.669740150880134
188,2011,0.622720840913685
188,2012,0.628571428571429
188,2013,0.626385224274406
188,2014,0.626634382566586
188,2015,0.621266899589853
188,2016,0.620086083213773
188,2017,0.621436227224009
188,2018,0.623211954156391
188,2019,0.617499726566772
188,2020,0.622065313327449
188,2021,0.564383561643836
188,2022,0.579295933129722
188,2023,0.551095461658842
189,1960,0.6
189,1961,0.6
189,1962,0.6
189,1963,0.6
189,1964,0.6
189,1965,0.6
189,1966,0.6
189,1967,0.6
189,1968,0.6
189,1969,0.6
189,1970,0.6
189,1971,0.6
189,1972,0.6
189,1973,0.6
189,1974,0.6
189,1975,0.6
189,1976,0.6
189,1977,0.6
189,1978,0.6
189,1979,0.6
189,1980,0.6
189,1981,0.6
189,1982,0.6
189,1983,0.6
189,1984,0.575614435815441
189,1985,0.575614435815441
189,1986,0.562370720188902
189,1987,0.572119290597444
189,1988,0.595946547884187
189,1989,0.6
189,1990,0.59941197059853
189,1991,0.599346201743462
189,1992,NA
189,1993,NA
189,1994,NA
189,1995,NA
189,1996,NA
189,1997,NA
189,1998,NA
189,1999,NA
189,2000,NA
189,2001,NA
189,2002,NA
189,2003,NA
189,2004,NA
189,2005,NA
189,2006,NA
189,2007,NA
189,2008,NA
189,2009,NA
189,2010,NA
189,2011,NA
189,2012,NA
189,2013,NA
189,2014,NA
189,2015,NA
189,2016,NA
189,2017,NA
189,2018,NA
189,2019,NA
189,2020,NA
189,2021,NA
189,2022,NA
189,2023,NA
190,1996,0.18
190,1997,0.18
190,1998,0.18
190,1999,0.18
190,2000,0.18
190,2001,0.185454545454545
190,2002,0.21
190,2003,0.21
190,2004,0.21
190,2005,0.21
190,2006,0.21
190,2007,NA
190,2008,NA
190,2009,NA
190,2010,NA
190,2011,NA
190,2012,NA
190,2013,NA
190,2014,NA
190,2015,NA
190,2016,NA
190,2017,NA
190,2018,NA
190,2019,NA
190,2020,0
190,2021,0.00197802197802198
190,2022,0
190,2023,0.0539240506329114
191,1992,0
191,1993,0
191,1994,0
191,1995,0
191,1996,0
191,1997,0
191,1998,0
191,1999,0
191,2000,0
191,2001,0
191,2002,0
191,2003,0
191,2004,0
191,2005,0
191,2006,0
191,2007,0
191,2008,0
191,2009,0
191,2010,0
191,2011,0
191,2012,0
191,2013,0
191,2014,0.000979732719709709
191,2015,0.0219002961500494
191,2016,0.0580814784237767
191,2017,0.0545254624638869
191,2018,0.0347866610013844
191,2019,0.00113603033229603
191,2020,0.00114723404255319
191,2021,0.000118720783557172
191,2022,0.000116026105873822
191,2023,0.000120481927710843
194,1997,0
194,1998,0
194,1999,0
194,2000,0
194,2001,NA
194,2002,NA
194,2003,NA
194,2004,NA
194,2005,NA
194,2006,NA
194,2007,NA
194,2008,NA
194,2009,NA
194,2010,NA
194,2011,NA
194,2012,NA
194,2013,NA
194,2014,NA
194,2015,NA
194,2016,NA
194,2017,NA
194,2018,NA
194,2019,NA
194,2020,NA
194,2021,NA
194,2022,NA
194,2023,NA
196,1972,0.18
196,1973,0.18
196,1974,0.18
196,1975,0.18
196,1976,0.18
196,1977,0.18
196,1978,0.18
196,1979,0.18
196,1980,0.18
196,1981,0.18
196,1982,0.18
196,1983,0.18
196,1984,0.18
196,1985,0.18
196,1986,0.18
196,1987,0.18
196,1988,0.18
196,1989,0.18
196,1990,0.18
196,1991,0.18
196,1992,0.18
196,1993,0.18
196,1994,0.18
196,1995,0.18
196,1996,NA
196,1997,NA
196,1998,NA
196,1999,NA
196,2000,NA
196,2001,NA
196,2002,NA
196,2003,NA
196,2004,NA
196,2005,NA
196,2006,NA
196,2007,NA
196,2008,NA
196,2009,NA
196,2010,NA
196,2011,NA
196,2012,NA
196,2013,NA
196,2014,NA
196,2015,NA
196,2016,0
196,2017,0
196,2018,0
196,2019,0
196,2020,0
196,2021,0
196,2022,0
196,2023,0
202,1989,0.6
202,1990,0.6
202,1991,0.6
202,1992,0.6
202,1993,0.6
202,1994,0.6
202,1995,0.6
202,1996,0.6
202,1997,0.6
202,1998,0.6
202,1999,0.6
202,2000,0.6
202,2001,0.6
202,2002,0.6
202,2003,0.6
202,2004,0.599882244091177
202,2005,0.599881712896179
202,2006,0.595378470901483
202,2007,0.597715123905164
202,2008,0.589353502893496
202,2009,0.593643833559451
202,2010,0.589341513621161
202,2011,0.58354166311337
202,2012,0.583965088683132
202,2013,0.578454441777449
202,2014,0.576795426851381
202,2015,0.586140029040738
202,2016,0.570211616236938
202,2017,0.566942222349883
202,2018,0.566748163076031
202,2019,0.578734945614762
202,2020,0.587033739947193
202,2021,0.596520276067476
202,2022,0.599600665470662
202,2023,0.599577441151438
203,1970,0.6
203,1971,0.6
203,1972,0.6
203,1973,0.6
203,1974,0.6
203,1975,0.6
203,1976,0.6
203,1977,0.6
203,1978,0.6
203,1979,0.6
203,1980,0.6
203,1981,0.6
203,1982,0.6
203,1983,0.6
203,1984,0.6
203,1985,0.6
203,1986,0.6
203,1987,0.6
203,1988,0.6
203,1989,0.6
203,1990,0.602914285714286
203,1991,0.60285
203,1992,0.602435897435897
203,1993,0.60241935483871
203,1994,0.602074788902292
203,1995,0.601714089818307
203,1996,0.601704327571759
203,1997,0.592956464476476
203,1998,0.592716052301799
203,1999,0.601229906683671
203,2000,0.601175446679977
203,2001,0.601118765711654
203,2002,0.601024551544537
203,2003,0.591433038040646
203,2004,0.574935599849104
203,2005,0.553621110930119
203,2006,0.456016250120092
203,2007,0.484627812358273
203,2008,0.329588689398069
203,2009,0.383319954058628
203,2010,0.392135027799841
203,2011,0.569746355127888
203,2012,0.541479925226224
203,2013,0.558433104144326
203,2014,0.58639751539909
203,2015,0.607617942487105
203,2016,0.614768578101138
203,2017,0.625241171177184
203,2018,0.621054856304608
203,2019,0.623257371046612
203,2020,0.632568173116797
203,2021,0.634624774770605
203,2022,0.627487647054413
203,2023,0.632381696216349
204,1950,0.237709923664122
204,1951,0.241764705882353
204,1952,0.245531914893617
204,1953,0.251428571428571
204,1954,0.256762402088773
204,1955,0.261630094043887
204,1956,0.268129496402878
204,1957,0.275890410958904
204,1958,0.282885138813283
204,1959,0.290812209001552
204,1960,0.297931034482759
204,1961,0.305724976613658
204,1962,0.31398316349136
204,1963,0.322521994134897
204,1964,0.331246537396122
204,1965,0.337883211678832
204,1966,0.349354838709677
204,1967,0.359192648506728
204,1968,0.371625
204,1969,0.378681192660551
204,1970,0.387976445396146
204,1971,0.395172413793103
204,1972,0.407236994219653
204,1973,0.417075048107761
204,1974,0.428982035928144
204,1975,0.437867647058824
204,1976,0.445010907870448
204,1977,0.456728971962617
204,1978,0.461577464788732
204,1979,0.467877237851662
204,1980,0.475174825174825
204,1981,0.480379746835443
204,1982,0.48666028708134
204,1983,0.486289881494986
204,1984,0.466423830069698
204,1985,0.496191111704257
204,1986,0.488574006315473
204,1987,0.461390476190476
204,1988,0.478083658004024
204,1989,0.461860002944207
204,1990,0.46438756589711
204,1991,0.468178947368421
204,1992,0.418378378378378
204,1993,0.440191117385167
204,1994,0.441810498027827
204,1995,0.477852410626435
204,1996,0.45516925378717
204,1997,0.449177563568993
204,1998,0.468022171709191
204,1999,0.466523700432205
204,2000,0.465701831063673
204,2001,0.459012963384126
204,2002,0.447228494196216
204,2003,0.441922873162333
204,2004,0.429940842962158
204,2005,0.441934501142422
204,2006,0.433694696255357
204,2007,0.432190332326284
204,2008,0.433489316220124
204,2009,0.431786916263416
204,2010,0.352427300745756
204,2011,0.425452364704179
204,2012,0.423876359777129
204,2013,0.41385818013286
204,2014,0.374385202179524
204,2015,0.375344079355239
204,2016,0.355600872229966
204,2017,0.35602586960157
204,2018,0.330568086533624
204,2019,0.332375559386692
204,2020,0.330528757737327
204,2021,0.33253737862866
204,2022,0.332694804997601
204,2023,0.332423863862613
205,1989,0
205,1990,0
205,1991,0
205,1992,NA
205,1993,NA
205,1994,NA
205,1995,0
205,1996,0
205,1997,0
205,1998,0
205,1999,0
205,2000,0
205,2001,0
205,2002,0
205,2003,0
205,2004,0
205,2005,0
205,2006,0
205,2007,0
205,2008,0.0349023114621368
205,2009,0.159156263617954
205,2010,0.150130099171221
205,2011,0.0217884546040032
205,2012,0.026026956844318
205,2013,0.0343948877543884
205,2014,0.11932660572653
205,2015,0.0210831649433609
205,2016,0.0213011481847377
205,2017,0.0201913134785555
205,2018,0.0485296136719637
205,2019,0.00627951362098978
205,2020,0.0181157298686297
205,2021,0.0217087066397603
205,2022,0.0223881141260051
205,2023,0.02234375
206,1950,0.6
206,1951,0.6
206,1952,0.6
206,1953,0.6
206,1954,0.6
206,1955,0.6
206,1956,0.6
206,1957,0.6
206,1958,0.6
206,1959,0.6
206,1960,0.6
206,1961,0.6
206,1962,0.6
206,1963,0.6
206,1964,0.6
206,1965,0.6
206,1966,0.6
206,1967,0.6
206,1968,0.6
206,1969,0.6
206,1970,0.6
206,1971,0.6
206,1972,0.6
206,1973,0.6
206,1974,0.6
206,1975,0.6
206,1976,0.6
206,1977,0.6
206,1978,0.599984894259819
206,1979,0.598965940569126
206,1980,0.599221946861852
206,1981,0.598302746323051
206,1982,0.597218734775475
206,1983,0.596462715105163
206,1984,0.599081398796218
206,1985,0.594504212687234
206,1986,0.588057566462384
206,1987,0.583276373075118
206,1988,0.577140929408788
206,1989,0.576175129259211
206,1990,0.565470408376374
206,1991,0.574407042308544
206,1992,0.568421077415709
206,1993,0.56124179583468
206,1994,0.56814248590649
206,1995,0.574413541295363
206,1996,0.566124188872014
206,1997,0.556915847424302
206,1998,0.558694810051076
206,1999,0.562990815519066
206,2000,0.560949986190539
206,2001,0.559437783220692
206,2002,0.559051696641678
206,2003,0.551721910184183
206,2004,0.551052833210235
206,2005,0.546589006061031
206,2006,0.520937379621365
206,2007,0.520630717975902
206,2008,0.513603379467542
206,2009,0.50893289264359
206,2010,0.505592436320218
206,2011,0.489753126722093
206,2012,0.462846066540587
206,2013,0.463876970794927
206,2014,0.411003932917052
206,2015,0.369124026543739
206,2016,0.396669770572475
206,2017,0.350022331415673
206,2018,0.380846484826309
206,2019,0.400222454793496
206,2020,0.385461556644682
206,2021,0.370292766910205
206,2022,0.342798029130271
206,2023,0.296153556642297
207,1950,0.6
207,1951,0.6
207,1952,0.6
207,1953,0.6
207,1954,0.6
207,1955,0.6
207,1956,0.6
207,1957,0.6
207,1958,0.6
207,1959,0.6
207,1960,0.6
207,1961,0.6
207,1962,0.6
207,1963,0.6
207,1964,0.600275229357798
207,1965,0.600254237288136
207,1966,0.600234375
207,1967,0.600428571428571
207,1968,0.600588235294118
207,1969,0.600710059171598
207,1970,0.601105263157895
207,1971,0.60125
207,1972,0.601604938271605
207,1973,0.601963636363636
207,1974,0.602211538461539
207,1975,0.60252808988764
207,1976,0.602926829268293
207,1977,0.603241525423729
207,1978,0.603484573502722
207,1979,0.60384375
207,1980,0.604147651006711
207,1981,0.60439446366782
207,1982,0.604633663366337
207,1983,0.604868309260833
207,1984,0.604528301886792
207,1985,0.604485981308411
207,1986,0.605291723202171
207,1987,0.605606925044265
207,1988,0.606082337317397
207,1989,0.606103613408794
207,1990,0.60625745298884
207,1991,0.606163817827234
207,1992,0.606012861736334
207,1993,0.605952630306936
207,1994,0.605962839040364
207,1995,0.605872076561527
207,1996,0.605861765204133
207,1997,0.605041155320477
207,1998,0.605142698808534
207,1999,0.604703437724776
207,2000,0.605093519643275
207,2001,0.605759767736966
207,2002,0.609013446315431
207,2003,0.613975953354654
207,2004,0.612691702395732
207,2005,0.624284658431
207,2006,0.633088900050226
207,2007,0.630761255115962
207,2008,0.603362939399896
207,2009,0.603940674925246
207,2010,0.551561213974884
207,2011,0.527183818105629
207,2012,0.534507422913616
207,2013,0.582429500934724
207,2014,0.592003364883285
207,2015,0.619685871421686
207,2016,0.619558244075067
207,2017,0.622512504114453
207,2018,0.623997935581243
207,2019,0.630010011552687
207,2020,0.625233647125051
207,2021,0.627352448906403
207,2022,0.634852382440249
207,2023,0.633510144631099
208,1970,0
208,1971,0.00129568106312292
208,1972,0.288888888888889
208,1973,0.278571428571429
208,1974,0.000972568578553616
208,1975,0.00102362204724409
208,1976,0.116635514018692
208,1977,0.000748560460652591
208,1978,0.251875
208,1979,0.242330097087379
208,1980,0.227142857142857
208,1981,0.401935483870968
208,1982,0.450985790408526
208,1983,0.443286573146293
208,1984,0.386005221932115
208,1985,0.393820408163265
208,1986,0.366451127819549
208,1987,0.418576819407008
208,1988,0.436058913153885
208,1989,0.444910441685325
208,1990,0.394442171010123
208,1991,0.323180522921562
208,1992,0.385783942475429
208,1993,0.427165893715696
208,1994,0.462304791763759
208,1995,0.483496193071671
208,1996,0.468871579673488
208,1997,0.476330229046061
208,1998,0.497815852205006
208,1999,0.456186465291897
208,2000,0.442978436657682
208,2001,0.446471531676022
208,2002,0.44986397642258
208,2003,0.400522388059702
208,2004,0.3891
208,2005,0.406261523988711
208,2006,0.485543409789899
208,2007,0.353698636724291
208,2008,0.36729829984544
208,2009,0.332729274334118
208,2010,0.188900912439011
208,2011,0.213867895038466
208,2012,0.210626585885549
208,2013,0.207282911372864
208,2014,0.207710018641339
208,2015,0.214212130940473
208,2016,0.194338114846956
208,2017,0.172665692784561
208,2018,0.180834086261424
208,2019,0.164890583966861
208,2020,0.17590814339692
208,2021,0.168397529840596
208,2022,0.15129553511981
208,2023,0.152480612356112
209,1950,0.6
209,1951,0.6
209,1952,0.6
209,1953,0.6
209,1954,0.6
209,1955,0.6
209,1956,0.6
209,1957,0.599996928185362
209,1958,0.599990216798843
209,1959,0.599989528165495
209,1960,0.599991545313096
209,1961,0.599989302579097
209,1962,0.599987084076511
209,1963,0.599986112917411
209,1964,0.599986495442212
209,1965,0.599984239693118
209,1966,0.599955525533714
209,1967,0.599936175989475
209,1968,0.599904190504645
209,1969,0.599871134522233
209,1970,0.599737571513119
209,1971,0.599674055877213
209,1972,0.599575335854838
209,1973,0.599577803758435
209,1974,0.599558426877278
209,1975,0.599479436115025
209,1976,0.599240157290056
209,1977,0.59855949134246
209,1978,0.598443564652827
209,1979,0.598222834178363
209,1980,0.597660966763937
209,1981,0.597209649875811
209,1982,0.596460777120982
209,1983,0.595530550805168
209,1984,0.595670314750044
209,1985,0.593069541309757
209,1986,0.587719693754421
209,1987,0.580431042835202
209,1988,0.580249853662616
209,1989,0.583112134060602
209,1990,0.582221032580785
209,1991,0.583852048446877
209,1992,0.587673613367209
209,1993,0.592974923937525
209,1994,0.59309712696784
209,1995,0.59129254271362
209,1996,0.590548380743627
209,1997,0.587534205755575
209,1998,0.585868106382795
209,1999,0.586213375122147
209,2000,0.583521260038045
209,2001,0.582928044677897
209,2002,0.582906967701164
209,2003,0.58645233048219
209,2004,0.585156155526458
209,2005,0.583579754866889
209,2006,0.583142158364399
209,2007,0.582065347593201
209,2008,0.579988174714552
209,2009,0.580059587963757
209,2010,0.580145925989317
209,2011,0.578641101665983
209,2012,0.579117899664578
209,2013,0.57796556339129
209,2014,0.57910791103266
209,2015,0.578670645139869
209,2016,0.579369297039532
209,2017,0.579179624931774
209,2018,0.579046949797555
209,2019,0.578484480613014
209,2020,0.578184688380362
209,2021,0.577020801136954
209,2022,0.575671262472309
209,2023,0.573066800789897
210,1950,0.599511549959017
210,1951,0.599557934726299
210,1952,0.599701376467844
210,1953,0.599528513200412
210,1954,0.599415586215217
210,1955,0.599345362977476
210,1956,0.599538571181834
210,1957,0.599494278769784
210,1958,0.598880340241319
210,1959,0.598309061426079
210,1960,0.59631258389268
210,1961,0.595454375425182
210,1962,0.591988370077877
210,1963,0.591606684530649
210,1964,0.582511480561771
210,1965,0.575068011721458
210,1966,0.573505176297734
210,1967,0.571995532973011
210,1968,0.562482446154423
210,1969,0.557483530206528
210,1970,0.551762913260094
210,1971,0.537975175163549
210,1972,0.526995829276482
210,1973,0.535964308474368
210,1974,0.53332097428805
210,1975,0.523470761649644
210,1976,0.522836020077187
210,1977,0.514183949320675
210,1978,0.514406088376066
210,1979,0.487090045182401
210,1980,0.500825569891046
210,1981,0.495287588469999
210,1982,0.493848994137471
210,1983,0.498725989579659
210,1984,0.503639202129833
210,1985,0.500122584152551
210,1986,0.510374533679478
210,1987,0.494660005112025
210,1988,0.502019209139839
210,1989,0.501316951812106
210,1990,0.494688397461113
210,1991,0.49108377886218
210,1992,0.49851070318986
210,1993,0.500450527307321
210,1994,0.501656292901602
210,1995,0.49447820095921
210,1996,0.503943127261242
210,1997,0.505337886596571
210,1998,0.497881593197433
210,1999,0.501741657576779
210,2000,0.501089209672533
210,2001,0.496906322421005
210,2002,0.500866659866674
210,2003,0.494641616105229
210,2004,0.49588999756043
210,2005,0.491621454922193
210,2006,0.492266625380686
210,2007,0.49444221260515
210,2008,0.488231280071848
210,2009,0.491351990237229
210,2010,0.491922682657341
210,2011,0.470775698464638
210,2012,0.477430530672729
210,2013,0.476297669811478
210,2014,0.479773762671638
210,2015,0.48453453714379
210,2016,0.478778876466425
210,2017,0.470920491229586
210,2018,0.472917047762068
210,2019,0.461916015623729
210,2020,0.469400499204012
210,2021,0.462274482173991
210,2022,0.47218894967318
210,2023,0.458554448714521
212,1984,0.18
212,1985,0.18
212,1986,0.53
212,1987,0.417073170731707
212,1988,0.422784810126582
212,1989,0.504669260700389
212,1990,0.57292817679558
212,1991,0.580392156862745
212,1992,0.556611570247934
212,1993,0.501500938086304
212,1994,0.563667820069204
212,1995,0.58832901074472
212,1996,0.596050156739812
212,1997,0.596051571313457
212,1998,0.597189695550351
212,1999,0.594268318286794
212,2000,0.594802899063108
212,2001,0.591994917407878
212,2002,0.586599817684594
212,2003,0.590535803705558
212,2004,0.590535803705558
212,2005,0.59015625
212,2006,0.59437311599866
212,2007,0.581927710843373
212,2008,0.559222620735674
212,2009,0.57699481865285
212,2010,0.59048403707518
212,2011,0.597083333333333
212,2012,0.594493444576877
212,2013,0.580423728813559
212,2014,0.598791366906475
212,2015,0.597620396600567
212,2016,0.18
212,2017,0.550588235294118
212,2018,0.18
212,2019,0.18
212,2020,0.18
212,2021,0.18
212,2022,0.18
212,2023,0.18
214,1985,0.18
214,1986,0.18
214,1987,0.18
214,1988,0.18
214,1989,0.18
214,1990,0.18
214,1991,0.232723112128147
214,1992,0.227505154639175
214,1993,0.232844036697248
214,1994,0.227426924660354
214,1995,0.215579488434708
214,1996,0.214563124029288
214,1997,0.250016081087666
214,1998,0.245422541132943
214,1999,0.216052430591392
214,2000,0.240808464842139
214,2001,0.186116344723608
214,2002,0.187861883500836
214,2003,0.189641837735236
214,2004,0.189995187255209
214,2005,0.192803260281948
214,2006,0.180942418183436
214,2007,0.182471500468938
214,2008,0.201321546113682
214,2009,0.205077512066562
214,2010,0.451818038721864
214,2011,0.455409071137649
214,2012,0.446495514717691
214,2013,0.39651332525022
214,2014,0.39479476431509
214,2015,0.457054851217706
214,2016,0.463431167292119
214,2017,0.451553912093453
214,2018,0.450584017260344
214,2019,0.451878582909811
214,2020,0.428179416444075
214,2021,0.416226510919248
214,2022,0.418896153323366
214,2023,0.418896153323366
216,1950,0.18224094653849
216,1951,0.182271670849416
216,1952,0.182030951251089
216,1953,0.182602843243754
216,1954,0.181939597061751
216,1955,0.182525932342685
216,1956,0.182233815141657
216,1957,0.182123194160636
216,1958,0.182640853042756
216,1959,0.182601178019989
216,1960,0.182773300018437
216,1961,0.182601777938593
216,1962,0.182829552501954
216,1963,0.18358751475648
216,1964,0.184088374476294
216,1965,0.185707614256299
216,1966,0.186028652846189
216,1967,0.188995401485674
216,1968,0.194151935636296
216,1969,0.198201668964023
216,1970,0.211797037716648
216,1971,0.22598776076417
216,1972,0.23563825622277
216,1973,0.261238564491487
216,1974,0.263490072763172
216,1975,0.259109439394069
216,1976,0.295236162988497
216,1977,0.314716346861658
216,1978,0.322036034765868
216,1979,0.332865759311484
216,1980,0.326816559405806
216,1981,0.327720164994844
216,1982,0.319686240720834
216,1983,0.307782183431815
216,1984,0.315193894178425
216,1985,0.315161958160464
216,1986,0.319322805711757
216,1987,0.334136645444544
216,1988,0.34883549399473
216,1989,0.36027234933909
216,1990,0.362496790594906
216,1991,0.373374989232423
216,1992,0.374752086416645
216,1993,0.365719164797601
216,1994,0.364960534896903
216,1995,0.374286243555318
216,1996,0.376173978540236
216,1997,0.391673713433928
216,1998,0.358483950594095
216,1999,0.344254657408684
216,2000,0.333606328208591
216,2001,0.337760508697142
216,2002,0.340493785129855
216,2003,0.354398602399739
216,2004,0.386332621121927
216,2005,0.417085566993256
216,2006,0.456255813154259
216,2007,0.452453983525897
216,2008,0.459547980743985
216,2009,0.45021332418051
216,2010,0.448727285863385
216,2011,0.462228495799631
216,2012,0.469202882702244
216,2013,0.486933519929277
216,2014,0.493792795696753
216,2015,0.491997010093433
216,2016,0.487521455088978
216,2017,0.494676469752444
216,2018,0.475531880204068
216,2019,0.483912399365596
216,2020,0.488354236482656
216,2021,0.49225807464125
216,2022,0.49064351444019
216,2023,0.491144226317541
218,1950,0.567407407407407
218,1951,0.567527675276753
218,1952,0.567527675276753
218,1953,0.567647058823529
218,1954,0.553356890459364
218,1955,0.583333333333333
218,1956,0.583941605839416
218,1957,0.584
218,1958,0.585135135135135
218,1959,0.585185185185185
218,1960,0.585185185185185
218,1961,0.585234899328859
218,1962,0.585760517799353
218,1963,0.58625
218,1964,0.586292834890966
218,1965,0.586292834890966
218,1966,0.586335403726708
218,1967,0.586377708978328
218,1968,0.586826347305389
218,1969,0.586826347305389
218,1970,0.587428571428571
218,1971,0.588421052631579
218,1972,0.590112359550562
218,1973,0.591538461538462
218,1974,0.595125480443138
218,1975,0.594600550964187
218,1976,0.594431879375336
218,1977,0.592713221087496
218,1978,0.593119439201941
218,1979,0.59318864229765
218,1980,0.581500496853263
218,1981,0.58839156800462
218,1982,0.581476683937824
218,1983,0.593548387096774
218,1984,0.576299465240642
218,1985,0.582687037544533
218,1986,0.578565076312943
218,1987,0.519407681211684
218,1988,0.44868413838478
218,1989,0.468729353446498
218,1990,0.477318196416523
218,1991,0.472706838052252
218,1992,0.520860285230844
218,1993,0.524747003442412
218,1994,0.570573392243495
218,1995,0.579953185086106
218,1996,0.58224512198893
218,1997,0.604568619582665
218,1998,0.587035669314219
218,1999,0.592583504431869
218,2000,0.599693302243026
218,2001,0.607345120125472
218,2002,0.607707795943363
218,2003,0.598826983120001
218,2004,0.635922315681631
218,2005,0.635876843625542
218,2006,0.637450435532885
218,2007,0.636689764275539
218,2008,0.609511494448956
218,2009,0.603496577181664
218,2010,0.605330124332541
218,2011,0.604429887208787
218,2012,0.600775454550577
218,2013,0.584380018008554
218,2014,0.617256390690576
218,2015,0.597271304786742
218,2016,0.325117342115379
218,2017,0.331584567104774
218,2018,0.334416515679824
218,2019,0.34021855010661
218,2020,0.319820641024837
218,2021,0.332615379481418
218,2022,0.346491954706141
218,2023,0.348940946143167
219,2011,0.6
219,2012,0.6
219,2013,0.6
219,2014,0.6
219,2015,0.6
219,2016,0.6
219,2017,NA
219,2018,NA
219,2019,NA
219,2020,NA
219,2021,NA
219,2022,NA
219,2023,NA
222,1950,0.6
222,1951,0.6
222,1952,0.6
222,1953,0.6
222,1954,0.6
222,1955,0.6
222,1956,0.6
222,1957,0.6
222,1958,0.6
222,1959,0.6
222,1960,0.6
222,1961,0.6
222,1962,0.6
222,1963,0.6
222,1964,0.6
222,1965,0.6
222,1966,0.6
222,1967,0.6
222,1968,0.6
222,1969,0.6
222,1970,0.6
222,1971,0.6
222,1972,0.6
222,1973,0.6
222,1974,0.6
222,1975,0.6
222,1976,0.6
222,1977,0.514285714285714
222,1978,0.490909090909091
222,1979,0.439285714285714
222,1980,0.339130434782609
222,1981,0.550576606260296
222,1982,0.581226533166458
222,1983,0.407741935483871
222,1984,0.331892826274849
222,1985,0.109809973105242
222,1986,0.0618629285465098
222,1987,0.273180028855916
222,1988,0.0976574799415792
222,1989,0.0316051648423674
222,1990,0.131893179112094
222,1991,0.213338815433555
222,1992,0.208431105748248
222,1993,0.147562643889093
222,1994,0.280587486886453
222,1995,0.204490152584526
222,1996,0.215425563376116
222,1997,0.238095238095238
222,1998,0.110036275695284
222,1999,0.192174515235457
222,2000,0.131454005934718
222,2001,0.256635071090047
222,2002,0.277510040160643
222,2003,0.373019271948608
222,2004,0.312977099236641
222,2005,0.252122641509434
222,2006,0.326229508196721
222,2007,0.264652567975831
222,2008,0.320368818105616
222,2009,0.279850746268657
222,2010,0.2262482946794
222,2011,0.186666666666667
222,2012,0.180041293874742
222,2013,0.211691542288557
222,2014,0.247133757961783
222,2015,0.265679442508711
222,2016,0.293167439898777
222,2017,0.248131416837782
222,2018,0.245387149917628
222,2019,0.339399141630901
222,2020,0.393771428571429
222,2021,0.50590243902439
222,2022,0.6
222,2023,0.444914134742404
223,1950,0
223,1951,0
223,1952,0
223,1953,NA
223,1954,NA
223,1955,NA
223,1956,NA
223,1957,0
223,1958,NA
223,1959,0
223,1960,0
223,1961,0
223,1962,0
223,1963,0
223,1964,0.00133111480865225
223,1965,0.00792079207920792
223,1966,0.0156862745098039
223,1967,0.020125786163522
223,1968,0.0328767123287671
223,1969,0.0505854800936768
223,1970,0.0833333333333333
223,1971,0.147645951035782
223,1972,0.126406926406926
223,1973,0.116723549488055
223,1974,0.206617963042544
223,1975,0.273976956694478
223,1976,0.329344073647871
223,1977,0.434791454730417
223,1978,0.501682905225864
223,1979,0.475965839772265
223,1980,0.432280701754386
223,1981,0.516362521085723
223,1982,0.558239937373606
223,1983,0.609370376893272
223,1984,0.687751542057911
223,1985,0.681132391599503
223,1986,0.72825882734046
223,1987,0.672500045143466
223,1988,0.714320575609988
223,1989,0.773551602510958
223,1990,0.776113919822344
223,1991,0.77127023348979
223,1992,0.757710669775694
223,1993,0.75684827454983
223,1994,0.74325680214897
223,1995,0.754928388261301
223,1996,0.741074241694273
223,1997,0.725032540651673
223,1998,0.703609067256537
223,1999,0.716056050852632
223,2000,0.718141465669345
223,2001,0.684569203487982
223,2002,0.674257523261831
223,2003,0.699845916162308
223,2004,0.712455235307798
223,2005,0.714212318288406
223,2006,0.711530007225988
223,2007,0.710262941826799
223,2008,0.698238489928651
223,2009,0.719195338361233
223,2010,0.73866452482371
223,2011,0.745977044605679
223,2012,0.747258574304481
223,2013,0.750399955243588
223,2014,0.756626040859503
223,2015,0.756522017007286
223,2016,0.745434880408686
223,2017,0.757301837068144
223,2018,0.757957798278397
223,2019,0.752354915988139
223,2020,0.746603363492032
223,2021,0.75200107441193
223,2022,0.754948305605406
223,2023,0.749435162421318
224,1950,0.6
224,1951,0.6
224,1952,0.6
224,1953,0.6
224,1954,0.6
224,1955,0.6
224,1956,0.6
224,1957,0.6
224,1958,0.6
224,1959,0.6
224,1960,0.6
224,1961,0.6
224,1962,0.6
224,1963,0.6
224,1964,0.6
224,1965,0.6
224,1966,0.6
224,1967,0.6
224,1968,0.6
224,1969,0.6
224,1970,0.6
224,1971,0.6
224,1972,0.6
224,1973,0.6
224,1974,0.6
224,1975,0.6
224,1976,0.6
224,1977,0.6
224,1978,0.627906976744186
224,1979,0.620043572984749
224,1980,0.62122133185963
224,1981,0.600241060666935
224,1982,0.619971056439942
224,1983,0.635635306754281
224,1984,0.610464
224,1985,0.647095761381476
224,1986,0.669544072948328
224,1987,0.686893164142448
224,1988,0.688030355294929
224,1989,0.696425628577155
224,1990,0.703963781777381
224,1991,0.688859792590713
224,1992,0.69684809351022
224,1993,0.693557541484356
224,1994,0.699730184030752
224,1995,0.701797464748611
224,1996,0.703357026103324
224,1997,0.697670231288321
224,1998,0.697590863280797
224,1999,0.697883139546354
224,2000,0.685766144356464
224,2001,0.685122443907645
224,2002,0.671285940566477
224,2003,0.665355297211671
224,2004,0.65513251066413
224,2005,0.655955066483137
224,2006,0.660771172172858
224,2007,0.659401750885789
224,2008,0.649918213764016
224,2009,0.680764252672976
224,2010,0.678522748421967
224,2011,0.668984422136005
224,2012,0.664144935183789
224,2013,0.652881638545375
224,2014,0.649316868413971
224,2015,0.645300010494881
224,2016,0.640134866251937
224,2017,0.647068981475841
224,2018,0.641184156184374
224,2019,0.650208261450348
224,2020,0.64704839218225
224,2021,0.648598852445471
224,2022,0.652787985698748
224,2023,0.658539336891975
227,1986,0.6
227,1987,0.6
227,1988,0.6
227,1989,0.6
227,1990,0.6
227,1991,0.6
227,1992,0.6
227,1993,0.6
227,1994,0.6
227,1995,0.6
227,1996,0.6
227,1997,0.6
227,1998,0.6
227,1999,0.6
227,2000,0.6
227,2001,0.6
227,2002,0.6
227,2003,0.6
227,2004,0.6
227,2005,0.6
227,2006,0.598138091543832
227,2007,0.6
227,2008,0.599479417114424
227,2009,0.598454067981369
227,2010,0.598485394879192
227,2011,0.598536585365854
227,2012,0.599170220122162
227,2013,0.599211477384733
227,2014,0.6
227,2015,0.6
227,2016,0.6
227,2017,0.6
227,2018,0.6
227,2019,0.6
227,2020,0.6
227,2021,0.6
227,2022,0.6
227,2023,0.6
228,1990,0.6
228,1991,NA
228,1992,NA
228,1993,NA
228,1994,NA
228,1995,NA
228,1996,NA
228,1997,NA
228,1998,NA
228,1999,0.6
228,2000,0.6
228,2001,0.6
228,2002,0.6
228,2003,0.6
228,2004,0.6
228,2005,0.6
228,2006,0.6
228,2007,NA
228,2008,0.6
228,2009,0.6
228,2010,0.6
228,2011,0.6
228,2012,0.6
228,2013,0.6
228,2014,0.6
228,2015,0.6
228,2016,0.6
228,2017,0.6
228,2018,0.6
228,2019,0.6
228,2020,0.6
228,2021,0.6
228,2022,0.6
228,2023,0.6
231,2004,0.18
231,2005,0.18
231,2006,0.18
231,2007,0.545714285714286
231,2008,0.541304347826087
231,2009,0.547058823529412
231,2010,0.582692307692308
231,2011,0.525
231,2012,0.541304347826087
231,2013,0.576724137931034
231,2014,0.568604651162791
231,2015,0.555737704918033
231,2016,0.556567164179104
231,2017,0.564512195121951
231,2018,0.509294117647059
231,2019,0.497586206896552
231,2020,0.486404494382022
231,2021,0.455454545454546
231,2022,0.4548
231,2023,0.4548
232,2002,0.161538461538462
232,2003,0.161538461538462
232,2004,0.0841121495327103
232,2005,0.143426294820717
232,2006,0.158490566037736
232,2007,0.168561872909699
232,2008,0.170032573289902
232,2009,0.161538461538462
232,2010,0.161538461538462
232,2011,0.114824797843666
232,2012,0.6
232,2013,0.188679245283019
232,2014,0.109090909090909
232,2015,0.11214953271028
232,2016,0.112570356472796
232,2017,0.110854503464203
232,2018,0.112254443405051
232,2019,0.111317254174397
232,2020,0.149625935162095
232,2021,0.136752136752137
232,2022,0.160320641282565
232,2023,0.209424083769633
244,1987,0.6
244,1988,0.6
244,1989,0.6
244,1990,0.6
244,1991,0.6
244,1992,0.6
244,1993,0.6
244,1994,0.6
244,1995,0.6
244,1996,0.6
244,1997,0.6
244,1998,0.6
244,1999,0.6
244,2000,0.6
244,2001,0.6
244,2002,NA
244,2003,NA
244,2004,NA
244,2005,NA
244,2006,NA
244,2007,NA
244,2008,NA
244,2009,NA
244,2010,NA
244,2011,NA
244,2012,NA
244,2013,NA
244,2014,NA
244,2015,NA
244,2016,NA
244,2017,NA
244,2018,NA
244,2019,NA
244,2020,NA
244,2021,NA
244,2022,NA
244,2023,NA
245,1987,0.6
245,1988,0.6
245,1989,0.6
245,1990,0.6
245,1991,0.6
245,1992,0.6
245,1993,0.6
245,1994,0.6
245,1995,0.6
245,1996,0.6
245,1997,0.6
245,1998,0.6
245,1999,0.6
245,2000,0.6
245,2001,0.6
245,2002,NA
245,2003,NA
245,2004,NA
245,2005,NA
245,2006,NA
245,2007,NA
245,2008,NA
245,2009,NA
245,2010,NA
245,2011,NA
245,2012,NA
245,2013,NA
245,2014,NA
245,2015,NA
245,2016,NA
245,2017,NA
245,2018,NA
245,2019,NA
245,2020,NA
245,2021,NA
245,2022,NA
245,2023,NA
247,1987,0
247,1988,0
247,1989,0
247,1990,0
247,1991,0
247,1992,0
247,1993,0.0205714285714286
247,1994,0.00063943161634103
247,1995,0.000427046263345196
247,1996,0.000362537764350453
247,1997,0.000285035629453682
247,1998,0.000251221214235869
247,1999,0.0531751227495909
247,2000,0.0384484590860786
247,2001,0.0885245901639344
247,2002,0.0211764705882353
247,2003,0.0257142857142857
247,2004,0.00440414507772021
247,2005,0.00168224299065421
247,2006,0.00375824175824176
247,2007,0.00250819672131148
247,2008,0.00123427840545726
247,2009,0.0157042253521127
247,2010,0.0286548829169925
247,2011,0.0373529411764706
247,2012,0.054622641509434
247,2013,0.00511690324531726
247,2014,0.00828384570642228
247,2015,0.0153493975903614
247,2016,0.0157623685987077
247,2017,0.0157346559206448
247,2018,0.0537417713372344
247,2019,0.0333703817584516
247,2020,0.00426221393534986
247,2021,0.00324582396229588
247,2022,0.00181729000318524
247,2023,0.0027532657969904
250,1987,0.6
250,1988,0.6
250,1989,0.6
250,1990,0.6
250,1991,0.6
250,1992,0.6
250,1993,0.6
250,1994,0.6
250,1995,0.6
250,1996,0.6
250,1997,0.6
250,1998,0.6
250,1999,0.6
250,2000,0.6
250,2001,0.6
250,2002,NA
250,2003,NA
250,2004,NA
250,2005,NA
250,2006,NA
250,2007,NA
250,2008,NA
250,2009,NA
250,2010,NA
250,2011,NA
250,2012,NA
250,2013,NA
250,2014,NA
250,2015,NA
250,2016,NA
250,2017,NA
250,2018,NA
250,2019,NA
250,2020,NA
250,2021,NA
250,2022,NA
250,2023,NA
