"rgn_id","year","pressure_score"
1,1996,0.180158929030101
1,1998,0.19735819498698
1,2000,0.176759707927704
1,2002,0.193150500456492
1,2003,0.186438461144766
1,2004,0.168852392832438
1,2005,0.186669075489044
1,2006,0.188117512067159
1,2007,0.181799791256587
1,2008,0.178000410397848
1,2009,0.182247513532638
1,2010,0.181689246495565
1,2011,0.176574842135112
1,2012,0.179116000731786
1,2013,0.185365053017934
1,2014,0.179332081476847
1,2015,0.19429321885109
1,2016,0.19018790324529
1,2017,0.19749927520752
1,2018,0.191344702243805
1,2019,0.197520945469538
1,2020,0.206785627206166
1,2021,0.205264725287755
1,2022,0.199862180153528
1,2023,0.191328893105189
2,1996,0.180158929030101
2,1998,0.19735819498698
2,2000,0.176759707927704
2,2002,0.193150500456492
2,2003,0.186438461144766
2,2004,0.168852392832438
2,2005,0.186669075489044
2,2006,0.188117512067159
2,2007,0.181799791256587
2,2008,0.178000410397848
2,2009,0.182247513532638
2,2010,0.181689246495565
2,2011,0.176574842135112
2,2012,0.179116000731786
2,2013,0.185365053017934
2,2014,0.179332081476847
2,2015,0.19429321885109
2,2016,0.19018790324529
2,2017,0.19749927520752
2,2018,0.191344702243805
2,2019,0.197520945469538
2,2020,0.206785627206166
2,2021,0.205264725287755
2,2022,0.199862180153528
2,2023,0.191328893105189
3,1996,0.180158929030101
3,1998,0.19735819498698
3,2000,0.176759707927704
3,2002,0.193150500456492
3,2003,0.186438461144766
3,2004,0.168852392832438
3,2005,0.186669075489044
3,2006,0.188117512067159
3,2007,0.181799791256587
3,2008,0.178000410397848
3,2009,0.182247513532638
3,2010,0.181689246495565
3,2011,0.176574842135112
3,2012,0.179116000731786
3,2013,0.185365053017934
3,2014,0.179332081476847
3,2015,0.19429321885109
3,2016,0.19018790324529
3,2017,0.19749927520752
3,2018,0.191344702243805
3,2019,0.197520945469538
3,2020,0.206785627206166
3,2021,0.205264725287755
3,2022,0.199862180153528
3,2023,0.191328893105189
4,1996,0.180158929030101
4,1998,0.19735819498698
4,2000,0.176759707927704
4,2002,0.193150500456492
4,2003,0.186438461144766
4,2004,0.168852392832438
4,2005,0.186669075489044
4,2006,0.188117512067159
4,2007,0.181799791256587
4,2008,0.178000410397848
4,2009,0.182247513532638
4,2010,0.181689246495565
4,2011,0.176574842135112
4,2012,0.179116000731786
4,2013,0.185365053017934
4,2014,0.179332081476847
4,2015,0.19429321885109
4,2016,0.19018790324529
4,2017,0.19749927520752
4,2018,0.191344702243805
4,2019,0.197520945469538
4,2020,0.206785627206166
4,2021,0.205264725287755
4,2022,0.199862180153528
4,2023,0.191328893105189
5,1996,0.317719678371213
5,1998,0.320791323832236
5,2000,0.316849732127351
5,2002,0.319125614540341
5,2003,0.31946812592602
5,2004,0.314391398429871
5,2005,0.313045235102375
5,2006,0.316446594335139
5,2007,0.320708944058666
5,2008,0.326292974998554
5,2009,0.307693968464931
5,2010,0.305548715467254
5,2011,0.307916329676906
5,2012,0.308947989096244
5,2013,0.310397026439508
5,2014,0.305039494302538
5,2015,0.307996990039117
5,2016,0.303229266533421
5,2017,0.297724891520209
5,2018,0.299099974082266
5,2019,0.305332728293207
5,2020,0.323982646382517
5,2021,0.321221833866504
5,2022,0.320599382436938
5,2023,0.33103335497073
6,1996,0.45344820115172
6,1998,0.449375263782373
6,2000,0.427305942706298
6,2002,0.423621017169984
6,2003,0.437881197961203
6,2004,0.465461799999078
6,2005,0.420641380548477
6,2006,0.428243179759011
6,2007,0.445617123444875
6,2008,0.448318406939507
6,2009,0.450624731183052
6,2010,0.457097652554512
6,2011,0.458490855495135
6,2012,0.45523516535759
6,2013,0.448589037358761
6,2014,0.463496440649033
6,2015,0.503308009852966
6,2016,0.492833749204874
6,2017,0.479127245295482
6,2018,0.479005958636602
6,2019,0.478995031615098
6,2020,0.470096161961555
6,2021,0.454331740612785
6,2022,0.459605434350669
6,2023,0.466728815995157
7,1996,0.465955121318499
7,1998,0.463890332976977
7,2000,0.555473274489244
7,2002,0.554335110882918
7,2003,0.52651565472285
7,2004,0.608513395798703
7,2005,0.58188106076171
7,2006,0.593471480036775
7,2007,0.60282543549935
7,2008,0.598717518337071
7,2009,0.598940316836039
7,2010,0.593432854861021
7,2011,0.584181032252187
7,2012,0.586148041362564
7,2013,0.585054942290298
7,2014,0.576012707750003
7,2015,0.562579199671745
7,2016,0.55326621333758
7,2017,0.538817142198483
7,2018,0.541847711925705
7,2019,0.529585318018993
7,2020,0.5162446004649
7,2021,0.541957603891691
7,2022,0.537348258495331
7,2023,0.537511365115643
8,1996,0.406646995143207
8,1998,0.403863845662388
8,2000,0.404972720539682
8,2002,0.405997366106622
8,2003,0.399531831264418
8,2004,0.402002173582635
8,2005,0.405726462523065
8,2006,0.399895054022394
8,2007,0.402027688344242
8,2008,0.454389780759812
8,2009,0.445901558796565
8,2010,0.461169777313868
8,2011,0.462030371030172
8,2012,0.461882885297139
8,2013,0.468363350629807
8,2014,0.48054023484389
8,2015,0.382976534962654
8,2016,0.370014075934887
8,2017,0.36130518016095
8,2018,0.360971551388502
8,2019,0.358617797493934
8,2020,0.351285525163015
8,2021,0.352099766333898
8,2022,0.346665897965431
8,2023,0.348878075679143
9,1996,0.414662092896326
9,1998,0.416850211195175
9,2000,0.417185817134404
9,2002,0.416818487616404
9,2003,0.432312446994086
9,2004,0.381758793070912
9,2005,0.38021304483215
9,2006,0.379024485126138
9,2007,0.421316553652287
9,2008,0.44958565980196
9,2009,0.451288310190042
9,2010,0.469351591666539
9,2011,0.500334789603949
9,2012,0.485269390915831
9,2013,0.482217897474766
9,2014,0.46319396396478
9,2015,0.453589959442616
9,2016,0.437228908203542
9,2017,0.41571593756477
9,2018,0.420476647093892
9,2019,0.427754907310009
9,2020,0.407540323833625
9,2021,0.40046435991923
9,2022,0.389139909545581
9,2023,0.391805907090505
10,1996,0.430003583427635
10,1998,0.42725671529409
10,2000,0.430509690440066
10,2002,0.430661586916812
10,2003,0.419999306160482
10,2004,0.422924483575694
10,2005,0.426856224495443
10,2006,0.42092976645457
10,2007,0.466329118609428
10,2008,0.472576496005058
10,2009,0.462046651045481
10,2010,0.454075932006041
10,2011,0.466637571156025
10,2012,0.464043465318779
10,2013,0.495583452781041
10,2014,0.56251175502936
10,2015,0.480260792871316
10,2016,0.468027795354525
10,2017,0.464127155020833
10,2018,0.433324824025234
10,2019,0.449640577736621
10,2020,0.437882682929436
10,2021,0.439322830488284
10,2022,0.42349382241567
10,2023,0.429031493825217
11,1996,0.483378682485491
11,1998,0.481433299135436
11,2000,0.447654447407792
11,2002,0.448763799122244
11,2003,0.445656076332722
11,2004,0.447866689424508
11,2005,0.451316660642624
11,2006,0.492125395933787
11,2007,0.494877348343531
11,2008,0.503285835186641
11,2009,0.513586030403773
11,2010,0.514169614513715
11,2011,0.518005849421024
11,2012,0.518825061122576
11,2013,0.511003871776241
11,2014,0.528655282283822
11,2015,0.449004542493882
11,2016,0.441250692556302
11,2017,0.428270678222179
11,2018,0.44485094944636
11,2019,0.427144584556421
11,2020,0.41264250104626
11,2021,0.413528778217733
11,2022,0.397675937910875
11,2023,0.398452828327815
12,1996,0.309782726139229
12,1998,0.30823215816184
12,2000,0.302454030075614
12,2002,0.306591060474489
12,2003,0.312249804027052
12,2004,0.334875387691698
12,2005,0.325865918068839
12,2006,0.340152441482669
12,2007,0.333175868099518
12,2008,0.329856486684801
12,2009,0.340919588011549
12,2010,0.341320281149754
12,2011,0.3372693655592
12,2012,0.334951010843385
12,2013,0.342352309618483
12,2014,0.320087331946154
12,2015,0.32867083415373
12,2016,0.33649046043678
12,2017,0.336727290024734
12,2018,0.338076649668643
12,2019,0.344475085689676
12,2020,0.342066996151734
12,2021,0.335281067478026
12,2022,0.337534524193789
12,2023,0.345007104551161
13,1996,0.351170113200529
13,1998,0.351170113200529
13,2000,0.351170113200529
13,2002,0.351170113200529
13,2003,0.351170113200529
13,2004,0.378320008516312
13,2005,0.361980914572875
13,2006,0.368307351072629
13,2007,0.362276529272398
13,2008,0.359743143121401
13,2009,0.368170091447731
13,2010,0.376405608529846
13,2011,0.364591501963635
13,2012,0.366094879433513
13,2013,0.365767280633251
13,2014,0.336767246458266
13,2015,0.342657772335741
13,2016,0.363377033306493
13,2017,0.354008213314745
13,2018,0.345502533266942
13,2019,0.340576996157567
13,2020,0.315131072203318
13,2021,0.313105829556783
13,2022,0.31266180674235
13,2023,0.32795645210478
14,1996,0.350148079792659
14,1998,0.337729318936666
14,2000,0.34356139699618
14,2002,0.336657925446828
14,2003,0.32573845187823
14,2004,0.313770407438278
14,2005,0.325666469335556
14,2006,0.343082684278488
14,2007,0.34583215713501
14,2008,0.334247781833013
14,2009,0.328644261757533
14,2010,0.309463646014531
14,2011,0.302347817023595
14,2012,0.305793339014053
14,2013,0.306149270137151
14,2014,0.290241581201553
14,2015,0.287551919619242
14,2016,0.28438953558604
14,2017,0.283689057826996
14,2018,0.281384936968485
14,2019,0.27735111117363
14,2020,0.263358149925868
14,2021,0.260053837299347
14,2022,0.264438209931056
14,2023,0.258211149772008
15,1996,0.526849078759551
15,1998,0.499597879312933
15,2000,0.575129543369015
15,2002,0.565194363395373
15,2003,0.59494898095727
15,2004,0.620274780628582
15,2005,0.580489299461866
15,2006,0.611751248935858
15,2007,0.599227316677571
15,2008,0.609260564794143
15,2009,0.606750274449587
15,2010,0.605635772148768
15,2011,0.585829893002907
15,2012,0.568934732365111
15,2013,0.556599554233253
15,2014,0.532296250760555
15,2015,0.546394930407405
15,2016,0.567822213284671
15,2017,0.567398464058836
15,2018,0.57084744318078
15,2019,0.564758993995686
15,2020,0.562222263216972
15,2021,0.57461662851274
15,2022,0.55476360693574
15,2023,0.540677622084816
16,1996,0.180158929030101
16,1998,0.19735819498698
16,2000,0.176759707927704
16,2002,0.193150500456492
16,2003,0.186438461144766
16,2004,0.168852392832438
16,2005,0.186669075489044
16,2006,0.188117512067159
16,2007,0.181799791256587
16,2008,0.178000410397848
16,2009,0.182247513532638
16,2010,0.181689246495565
16,2011,0.176574842135112
16,2012,0.179116000731786
16,2013,0.185365053017934
16,2014,0.179332081476847
16,2015,0.19429321885109
16,2016,0.19018790324529
16,2017,0.19749927520752
16,2018,0.191344702243805
16,2019,0.197520945469538
16,2020,0.206785627206166
16,2021,0.205264725287755
16,2022,0.199862180153528
16,2023,0.191328893105189
17,1996,0.583780137946208
17,1998,0.570723654826482
17,2000,0.58360095222791
17,2002,0.616719569762548
17,2003,0.623370240132014
17,2004,0.640708669026693
17,2005,0.675753006339073
17,2006,0.645361632977923
17,2007,0.630728173504273
17,2008,0.635973025392741
17,2009,0.642843338195234
17,2010,0.637047079081337
17,2011,0.629394146924218
17,2012,0.622798275699218
17,2013,0.62027630872714
17,2014,0.599336758318047
17,2015,0.612134752050042
17,2016,0.612345225115617
17,2017,0.620579637090365
17,2018,0.613647836446762
17,2019,0.625036888072888
17,2020,0.614727595821023
17,2021,0.626347061060369
17,2022,0.616174914998313
17,2023,0.60386305116117
18,1996,0.437598976368705
18,1998,0.432249964152773
18,2000,0.505013361573219
18,2002,0.447607030129681
18,2003,0.480513101754089
18,2004,0.516283732528488
18,2005,0.504180785392721
18,2006,0.517340947594494
18,2007,0.566661341488361
18,2008,0.599841507275899
18,2009,0.64496886531512
18,2010,0.622697570919991
18,2011,0.603895339618126
18,2012,0.605761200686296
18,2013,0.601516236489018
18,2014,0.51363964676857
18,2015,0.498589218283693
18,2016,0.477909032565852
18,2017,0.447721402098735
18,2018,0.411006701116761
18,2019,0.409729816950858
18,2020,0.432727666075031
18,2021,0.434923537851622
18,2022,0.438250456253688
18,2023,0.428592635442813
19,1996,0.42539816036765
19,1998,0.422551734595936
19,2000,0.423223651796025
19,2002,0.428225858359975
19,2003,0.437186856702126
19,2004,0.415562186638514
19,2005,0.409348266447584
19,2006,0.432252038518588
19,2007,0.447879946231842
19,2008,0.45898805608352
19,2009,0.450577292342981
19,2010,0.458921101689339
19,2011,0.463659386833509
19,2012,0.491949900984764
19,2013,0.492261353135109
19,2014,0.465532257656256
19,2015,0.458133698208258
19,2016,0.447101500506203
19,2017,0.449481419473887
19,2018,0.428149376064539
19,2019,0.421028460065524
19,2020,0.407281539837519
19,2021,0.395250098903974
19,2022,0.386646258334319
19,2023,0.385685194035371
20,1996,0.388843907912572
20,1998,0.405460144082705
20,2000,0.389503090580305
20,2002,0.368485716978709
20,2003,0.372493622203668
20,2004,0.364821957548459
20,2005,0.34910169839859
20,2006,0.368074624737104
20,2007,0.334378093481064
20,2008,0.363841585318248
20,2009,0.350487847129504
20,2010,0.347732672095299
20,2011,0.340381181240082
20,2012,0.352889648079872
20,2013,0.349915494521459
20,2014,0.350797992448012
20,2015,0.363109146555265
20,2016,0.351124917964141
20,2017,0.338662764430046
20,2018,0.318693447113037
20,2019,0.314943265914917
20,2020,0.310933476686478
20,2021,0.305062087376913
20,2022,0.304703541596731
20,2023,0.295354958375295
21,1996,0.801324282089869
21,1998,0.797824108600616
21,2000,0.781354447236905
21,2002,0.767918829123179
21,2003,0.782152420779069
21,2004,0.78394093165795
21,2005,0.785813431752225
21,2006,0.807395614435276
21,2007,0.79560636083285
21,2008,0.788756696383159
21,2009,0.803650671243668
21,2010,0.816892398397128
21,2011,0.817566709717115
21,2012,0.810943563344578
21,2013,0.826250434915225
21,2014,0.836107281843821
21,2015,0.843748863538106
21,2016,0.833819629748662
21,2017,0.833352539936702
21,2018,0.825796087582906
21,2019,0.820554305116336
21,2020,0.823504009842873
21,2021,0.824158696333567
21,2022,0.819337569673856
21,2023,0.81477177143097
24,1996,0.667365607619286
24,1998,0.676184895634651
24,2000,0.655490953226884
24,2002,0.653981416424115
24,2003,0.667857448259989
24,2004,0.663851350545883
24,2005,0.68041920264562
24,2006,0.67913079559803
24,2007,0.666481641928355
24,2008,0.671002289652824
24,2009,0.674498934547106
24,2010,0.675133528312047
24,2011,0.666300532221794
24,2012,0.643467875570059
24,2013,0.648541222512722
24,2014,0.644164512244364
24,2015,0.650090675552686
24,2016,0.650597593684991
24,2017,0.655657965689898
24,2018,0.658363052457571
24,2019,0.660216777275006
24,2020,0.663794951140881
24,2021,0.661443153520425
24,2022,0.652555574476719
24,2023,0.645225496217609
25,1996,0.46022037367026
25,1998,0.448669426018993
25,2000,0.435537188748519
25,2002,0.457469823459784
25,2003,0.476898051798344
25,2004,0.509778797502319
25,2005,0.5129182419274
25,2006,0.556814521551132
25,2007,0.561361500372489
25,2008,0.571088221669197
25,2009,0.571471160401901
25,2010,0.579582340146104
25,2011,0.564400993039211
25,2012,0.561338696877162
25,2013,0.565334919591745
25,2014,0.568357272446156
25,2015,0.575784415006638
25,2016,0.573854927159846
25,2017,0.565571663528681
25,2018,0.568956296145916
25,2019,0.549402696515123
25,2020,0.549812183280786
25,2021,0.547988596061866
25,2022,0.536930805196365
25,2023,0.52149628897508
26,1996,0.540953706701597
26,1998,0.543033819397291
26,2000,0.535040733714898
26,2002,0.564255530697604
26,2003,0.563904362171888
26,2004,0.561113814264536
26,2005,0.540696322669585
26,2006,0.536741844813029
26,2007,0.539261617511511
26,2008,0.543804597513129
26,2009,0.556068444197687
26,2010,0.557101765399178
26,2011,0.561957021057606
26,2012,0.57012257501483
26,2013,0.566502686962485
26,2014,0.560313600301743
26,2015,0.544969373196363
26,2016,0.538768255462249
26,2017,0.530811533518136
26,2018,0.527718155966917
26,2019,0.53061308413744
26,2020,0.527335526670019
26,2021,0.528924945741892
26,2022,0.515277816106876
26,2023,0.512672735750675
28,1996,0.652910113334656
28,1998,0.646026057998339
28,2000,0.681173948881527
28,2002,0.603941573699315
28,2003,0.672869163751602
28,2004,0.676162659128507
28,2005,0.70524017115434
28,2006,0.678113465507825
28,2007,0.713964756329854
28,2008,0.715062553683917
28,2009,0.711512486139933
28,2010,0.699794283509255
28,2011,0.698281166950862
28,2012,0.69224627117316
28,2013,0.674385609229406
28,2014,0.660879290600618
28,2015,0.663071632385254
28,2016,0.660045514504115
28,2017,0.66344559006393
28,2018,0.691908906896909
28,2019,0.701738178233306
28,2020,0.714575361212095
28,2021,0.720213232934475
28,2022,0.717364238202572
28,2023,0.704668500522772
29,1996,0.317719678371213
29,1998,0.320791323832236
29,2000,0.316849732127351
29,2002,0.319125614540341
29,2003,0.31946812592602
29,2004,0.314391398429871
29,2005,0.313045235102375
29,2006,0.316446594335139
29,2007,0.320708944058666
29,2008,0.326292974998554
29,2009,0.307693968464931
29,2010,0.305548715467254
29,2011,0.307916329676906
29,2012,0.308947989096244
29,2013,0.310397026439508
29,2014,0.305039494302538
29,2015,0.307996990039117
29,2016,0.303229266533421
29,2017,0.297724891520209
29,2018,0.299099974082266
29,2019,0.305332728293207
29,2020,0.323982646382517
29,2021,0.321221833866504
29,2022,0.320599382436938
29,2023,0.33103335497073
30,1996,0.317719678371213
30,1998,0.320791323832236
30,2000,0.316849732127351
30,2002,0.319125614540341
30,2003,0.31946812592602
30,2004,0.314391398429871
30,2005,0.313045235102375
30,2006,0.316446594335139
30,2007,0.320708944058666
30,2008,0.326292974998554
30,2009,0.307693968464931
30,2010,0.305548715467254
30,2011,0.307916329676906
30,2012,0.308947989096244
30,2013,0.310397026439508
30,2014,0.305039494302538
30,2015,0.307996990039117
30,2016,0.303229266533421
30,2017,0.297724891520209
30,2018,0.299099974082266
30,2019,0.305332728293207
30,2020,0.323982646382517
30,2021,0.321221833866504
30,2022,0.320599382436938
30,2023,0.33103335497073
31,1996,0.390988159924746
31,1998,0.388081528246403
31,2000,0.381895557915171
31,2002,0.386265041182439
31,2003,0.382083278149366
31,2004,0.421164351701736
31,2005,0.406959579388301
31,2006,0.427722346534332
31,2007,0.429309910411636
31,2008,0.42199498009868
31,2009,0.434001205271731
31,2010,0.425846744204561
31,2011,0.429010264047732
31,2012,0.434341248497367
31,2013,0.43154423708717
31,2014,0.453931275506814
31,2015,0.402604801952839
31,2016,0.410289169599613
31,2017,0.416936306748539
31,2018,0.411353096862634
31,2019,0.398401317559183
31,2020,0.383098335564137
31,2021,0.360468985155846
31,2022,0.349717489878337
31,2023,0.359416223069032
32,1996,0.322881188895553
32,1998,0.322881188895553
32,2000,0.322881188895553
32,2002,0.322881188895553
32,2003,0.322881188895553
32,2004,0.298813836773237
32,2005,0.302949560681979
32,2006,0.302525357405345
32,2007,0.303529731432597
32,2008,0.318856432040533
32,2009,0.318448384602864
32,2010,0.319727686047554
32,2011,0.320566355188687
32,2012,0.320653547843297
32,2013,0.321327272057533
32,2014,0.31723118464152
32,2015,0.321260323524475
32,2016,0.32028568426768
32,2017,0.319257846872012
32,2018,0.321854444245498
32,2019,0.331408237318198
32,2020,0.349000246723493
32,2021,0.346730337440967
32,2022,0.342193067471186
32,2023,0.361004241332412
33,1996,0.317719678371213
33,1998,0.320791323832236
33,2000,0.316849732127351
33,2002,0.319125614540341
33,2003,0.31946812592602
33,2004,0.314391398429871
33,2005,0.313045235102375
33,2006,0.316446594335139
33,2007,0.320708944058666
33,2008,0.326292974998554
33,2009,0.307693968464931
33,2010,0.305548715467254
33,2011,0.307916329676906
33,2012,0.308947989096244
33,2013,0.310397026439508
33,2014,0.305039494302538
33,2015,0.307996990039117
33,2016,0.303229266533421
33,2017,0.297724891520209
33,2018,0.299099974082266
33,2019,0.305332728293207
33,2020,0.323982646382517
33,2021,0.321221833866504
33,2022,0.320599382436938
33,2023,0.33103335497073
34,1996,0.317719678371213
34,1998,0.320791323832236
34,2000,0.316849732127351
34,2002,0.319125614540341
34,2003,0.31946812592602
34,2004,0.314391398429871
34,2005,0.313045235102375
34,2006,0.316446594335139
34,2007,0.320708944058666
34,2008,0.326292974998554
34,2009,0.307693968464931
34,2010,0.305548715467254
34,2011,0.307916329676906
34,2012,0.308947989096244
34,2013,0.310397026439508
34,2014,0.305039494302538
34,2015,0.307996990039117
34,2016,0.303229266533421
34,2017,0.297724891520209
34,2018,0.299099974082266
34,2019,0.305332728293207
34,2020,0.323982646382517
34,2021,0.321221833866504
34,2022,0.320599382436938
34,2023,0.33103335497073
35,1996,0.317719678371213
35,1998,0.320791323832236
35,2000,0.316849732127351
35,2002,0.319125614540341
35,2003,0.31946812592602
35,2004,0.314391398429871
35,2005,0.313045235102375
35,2006,0.316446594335139
35,2007,0.320708944058666
35,2008,0.326292974998554
35,2009,0.307693968464931
35,2010,0.305548715467254
35,2011,0.307916329676906
35,2012,0.308947989096244
35,2013,0.310397026439508
35,2014,0.305039494302538
35,2015,0.307996990039117
35,2016,0.303229266533421
35,2017,0.297724891520209
35,2018,0.299099974082266
35,2019,0.305332728293207
35,2020,0.323982646382517
35,2021,0.321221833866504
35,2022,0.320599382436938
35,2023,0.33103335497073
36,1996,0.317719678371213
36,1998,0.320791323832236
36,2000,0.316849732127351
36,2002,0.319125614540341
36,2003,0.31946812592602
36,2004,0.314391398429871
36,2005,0.313045235102375
36,2006,0.316446594335139
36,2007,0.320708944058666
36,2008,0.326292974998554
36,2009,0.307693968464931
36,2010,0.305548715467254
36,2011,0.307916329676906
36,2012,0.308947989096244
36,2013,0.310397026439508
36,2014,0.305039494302538
36,2015,0.307996990039117
36,2016,0.303229266533421
36,2017,0.297724891520209
36,2018,0.299099974082266
36,2019,0.305332728293207
36,2020,0.323982646382517
36,2021,0.321221833866504
36,2022,0.320599382436938
36,2023,0.33103335497073
37,1996,0.40137425052623
37,1998,0.377828329304854
37,2000,0.37718579719464
37,2002,0.369700713952382
37,2003,0.361604904135068
37,2004,0.368273668984572
37,2005,0.364973621070385
37,2006,0.36788471142451
37,2007,0.360475357373556
37,2008,0.343315922220548
37,2009,0.351666098833084
37,2010,0.349764548738797
37,2011,0.340282642841339
37,2012,0.330002822478612
37,2013,0.336625626683235
37,2014,0.325961525241534
37,2015,0.32849286198616
37,2016,0.342475304752588
37,2017,0.347107469042142
37,2018,0.352247153222561
37,2019,0.355348715186119
37,2020,0.335311241944631
37,2021,0.341284763813019
37,2022,0.346915091077487
37,2023,0.35252640247345
38,1996,0.239304879049206
38,1998,0.239658772686863
38,2000,0.240696520679272
38,2002,0.241499608827707
38,2003,0.250504794458293
38,2004,0.254460570967605
38,2005,0.250677633912772
38,2006,0.247138573318465
38,2007,0.248896927227322
38,2008,0.252614348719263
38,2009,0.260080094020973
38,2010,0.251568853116443
38,2011,0.24450953586234
38,2012,0.245999730626742
38,2013,0.245632380743821
38,2014,0.274890083736844
38,2015,0.270613255020645
38,2016,0.280865516348018
38,2017,0.283958793265952
38,2018,0.285557514470485
38,2019,0.279732894400756
38,2020,0.280922313696808
38,2021,0.278893253207207
38,2022,0.270508654415607
38,2023,0.270588572654459
39,1996,0.438517822511494
39,1998,0.437035026152929
39,2000,0.423265144228935
39,2002,0.438089057306449
39,2003,0.448688838630914
39,2004,0.530536833467583
39,2005,0.491661012669404
39,2006,0.51024628902475
39,2007,0.555163389941057
39,2008,0.56819587846597
39,2009,0.563839358836412
39,2010,0.555418504526218
39,2011,0.572408967713515
39,2012,0.588817444443703
39,2013,0.581694217522939
39,2014,0.536214202642441
39,2015,0.55786381761233
39,2016,0.562933992842833
39,2017,0.588104156653086
39,2018,0.598260865360498
39,2019,0.558608813397586
39,2020,0.538160196940104
39,2021,0.509399404873451
39,2022,0.520444608852267
39,2023,0.529432224730651
40,1996,0.568720720087488
40,1998,0.56532268350323
40,2000,0.577272071441014
40,2002,0.523062217980623
40,2003,0.539636987199386
40,2004,0.555135944485665
40,2005,0.575876742104689
40,2006,0.572795252501965
40,2007,0.585806095351775
40,2008,0.599608773282186
40,2009,0.592224093278249
40,2010,0.5812124406298
40,2011,0.567569019893805
40,2012,0.565946114808321
40,2013,0.567550704379877
40,2014,0.551083256055911
40,2015,0.520740730703498
40,2016,0.515724009710054
40,2017,0.531203008567293
40,2018,0.532481440904182
40,2019,0.53086769854029
40,2020,0.526079589904596
40,2021,0.543187667615712
40,2022,0.583522788435221
40,2023,0.565812650322914
41,1996,0.574178230017424
41,1998,0.568824809789658
41,2000,0.577465939025084
41,2002,0.570408145089944
41,2003,0.576205394851665
41,2004,0.580318534381998
41,2005,0.577321620937437
41,2006,0.570180635899305
41,2007,0.567712082962195
41,2008,0.56211606413126
41,2009,0.551850719501575
41,2010,0.557356239110231
41,2011,0.568888680140177
41,2012,0.569798295696576
41,2013,0.598662510514259
41,2014,0.608091894288858
41,2015,0.627557763457298
41,2016,0.672903053959211
41,2017,0.664377774794897
41,2018,0.665070414543152
41,2019,0.664856205383936
41,2020,0.677516899506251
41,2021,0.678399550914764
41,2022,0.672519503037135
41,2023,0.671400096019109
42,1996,0.567872841407855
42,1998,0.564182764788469
42,2000,0.55061288451155
42,2002,0.540299403422978
42,2003,0.517968640103936
42,2004,0.543997133042042
42,2005,0.540780930717786
42,2006,0.54872823903958
42,2007,0.547070071101189
42,2008,0.585860927899678
42,2009,0.63374437491099
42,2010,0.657358925541242
42,2011,0.652864563465119
42,2012,0.65703099767367
42,2013,0.663832265138626
42,2014,0.655902685721715
42,2015,0.651183418432872
42,2016,0.644723715384801
42,2017,0.65097605685393
42,2018,0.658526762326558
42,2019,0.653244354824225
42,2020,0.65090965727965
42,2021,0.650825038552284
42,2022,0.649398073554039
42,2023,0.66025710105896
43,1996,0.64410950144132
43,1998,0.657187221447627
43,2000,0.665325222412745
43,2002,0.659047738711039
43,2003,0.648108690977097
43,2004,0.633401634792487
43,2005,0.646203018724918
43,2006,0.632333385944367
43,2007,0.645048332711061
43,2008,0.654873608549436
43,2009,0.656452063719432
43,2010,0.63229409356912
43,2011,0.64034681469202
43,2012,0.646638304988543
43,2013,0.631160543362299
43,2014,0.616219880183538
43,2015,0.622961692512035
43,2016,0.620009998728831
43,2017,0.61357393960158
43,2018,0.620174315571785
43,2019,0.615516872207324
43,2020,0.623990462223689
43,2021,0.61089444855849
43,2022,0.596201221644878
43,2023,0.595116301129262
44,1996,0.904397479693095
44,1998,0.878859905401865
44,2000,0.870786174138387
44,2002,0.848215043544769
44,2003,0.892819392681122
44,2004,0.930798761049906
44,2005,0.92350697517395
44,2006,0.938380610942841
44,2007,0.962278604507446
44,2008,0.981906779607137
44,2009,0.971739860375723
44,2010,0.958169730504354
44,2011,0.954566737016042
44,2012,0.949664815266927
44,2013,0.944257438182831
44,2014,0.938730518023173
44,2015,0.921609783172608
44,2016,0.921851066748301
44,2017,0.922370596726736
44,2018,0.916038084030151
44,2019,0.925782537460327
44,2020,0.916806423664093
44,2021,0.915693187713624
44,2022,0.90353627204895
44,2023,0.894838043053945
45,1996,0.657709443569183
45,1998,0.651292190949122
45,2000,0.661089201768239
45,2002,0.655169014135997
45,2003,0.695661855737368
45,2004,0.709063440064589
45,2005,0.73225341339906
45,2006,0.762131511171659
45,2007,0.773904037475586
45,2008,0.765326829751332
45,2009,0.775925975044568
45,2010,0.784675361712774
45,2011,0.78841443657875
45,2012,0.794388403495153
45,2013,0.802966831127802
45,2014,0.80460568467776
45,2015,0.819889801740646
45,2016,0.82440298597018
45,2017,0.823088987668356
45,2018,0.823244736591975
45,2019,0.831482277313868
45,2020,0.822926074266434
45,2021,0.826757156848907
45,2022,0.83320396343867
45,2023,0.834973287582398
46,1996,0.660320350527763
46,1998,0.676475473244985
46,2000,0.641873241464297
46,2002,0.638193239768346
46,2003,0.651594521601995
46,2004,0.623684421181679
46,2005,0.675022176901499
46,2006,0.656403696537018
46,2007,0.643878843386968
46,2008,0.617643293738365
46,2009,0.612466465433439
46,2010,0.628319636980693
46,2011,0.634913971523444
46,2012,0.636172095437844
46,2013,0.647430614878734
46,2014,0.675532762209574
46,2015,0.675769361853599
46,2016,0.682642656564713
46,2017,0.684017225106557
46,2018,0.663978495200475
46,2019,0.674421154459318
46,2020,0.675641133387883
46,2021,0.680510485172272
46,2022,0.679370607932409
46,2023,0.678722383578618
47,1996,0.67266937494278
47,1998,0.691996467113495
47,2000,0.696711260080338
47,2002,0.722890436649323
47,2003,0.709337451060613
47,2004,0.723239763577779
47,2005,0.713457324107488
47,2006,0.701819441715876
47,2007,0.701045387983322
47,2008,0.721199355522792
47,2009,0.749785186847051
47,2010,0.756217960516612
47,2011,0.778492699066798
47,2012,0.776743563016256
47,2013,0.7706525127093
47,2014,0.802500492334366
47,2015,0.828671840826671
47,2016,0.874972458680471
47,2017,0.881094551086425
47,2018,0.90437091588974
47,2019,0.902833354473114
47,2020,0.903856647014618
47,2021,0.903352995713551
47,2022,0.892173524697622
47,2023,0.89065121014913
48,1996,0.444712699453036
48,1998,0.450664850945274
48,2000,0.432810641204317
48,2002,0.415728973348936
48,2003,0.420583949486415
48,2004,0.408666196465492
48,2005,0.447517335414886
48,2006,0.459934354821841
48,2007,0.448292185862859
48,2008,0.432205887635549
48,2009,0.449264406164487
48,2010,0.459889777501424
48,2011,0.482675867776076
48,2012,0.471867096424103
48,2013,0.47580484499534
48,2014,0.454320125778516
48,2015,0.470068484296402
48,2016,0.462652993202209
48,2017,0.471622316042582
48,2018,0.481929539640744
48,2019,0.471114169061184
48,2020,0.479272617896398
48,2021,0.505134873216351
48,2022,0.486997135728598
48,2023,0.462688638766607
49,1996,0.821166416009267
49,1998,0.807161358992259
49,2000,0.799196751912435
49,2002,0.770177261034648
49,2003,0.799999137719472
49,2004,0.778290359179179
49,2005,0.817384095986684
49,2006,0.793817619482676
49,2007,0.80715716679891
49,2008,0.824100478490193
49,2009,0.810289673010508
49,2010,0.821609898408254
49,2011,0.817759728431702
49,2012,0.823084346453349
49,2013,0.823083488146464
49,2014,0.824528968334198
49,2015,0.822911687692006
49,2016,0.835142918427785
49,2017,0.818227978547414
49,2018,0.817991467316946
49,2019,0.80842585961024
49,2020,0.789920663833618
49,2021,0.802417727311452
49,2022,0.817096443970998
49,2023,0.860941092173258
50,1996,0.574303955833117
50,1998,0.57430203234156
50,2000,0.569584374626477
50,2002,0.564906430422949
50,2003,0.561593716839949
50,2004,0.586952818961193
50,2005,0.572805654878418
50,2006,0.591093385530015
50,2007,0.579780558682978
50,2008,0.566713539138436
50,2009,0.574712240447601
50,2010,0.556411238883933
50,2011,0.597673711242775
50,2012,0.570982671404878
50,2013,0.56818963761131
50,2014,0.55891788341105
50,2015,0.573279995284974
50,2016,0.546892467141151
50,2017,0.557785585336387
50,2018,0.557333495219548
50,2019,0.557249073684216
50,2020,0.547984209905068
50,2021,0.530549997091293
50,2022,0.506404493252436
50,2023,0.478859707713127
51,1996,0.45218656261762
51,1998,0.460600317145387
51,2000,0.452587674185634
51,2002,0.451269593338172
51,2003,0.444621389855941
51,2004,0.434539413700501
51,2005,0.452412701149781
51,2006,0.45504395266374
51,2007,0.454434504856666
51,2008,0.463572068636616
51,2009,0.463797242939472
51,2010,0.462832630674044
51,2011,0.484759118244983
51,2012,0.513453646873434
51,2013,0.516291074454784
51,2014,0.534727336963018
51,2015,0.547758091303209
51,2016,0.54226765834416
51,2017,0.541071203847726
51,2018,0.525144338204215
51,2019,0.513783576960365
51,2020,0.505189655472835
51,2021,0.50571054716905
51,2022,0.488848838955164
51,2023,0.476974506179492
52,1996,0.4713634059454
52,1998,0.476500734686851
52,2000,0.468653856714567
52,2002,0.418928297360738
52,2003,0.436906376481056
52,2004,0.430036907394727
52,2005,0.457058215482781
52,2006,0.488460107644399
52,2007,0.475287199517091
52,2008,0.477664459248384
52,2009,0.469528708358606
52,2010,0.49019168416659
52,2011,0.513337997098764
52,2012,0.520658687750499
52,2013,0.52450767159462
52,2014,0.509468669692675
52,2015,0.518668521940708
52,2016,0.530415276686351
52,2017,0.551985845466455
52,2018,0.551051224271456
52,2019,0.53040765064458
52,2020,0.523211828867594
52,2021,0.497300857305527
52,2022,0.486437732974688
52,2023,0.477668710052967
53,1996,0.656790586312612
53,1998,0.65605660378933
53,2000,0.682653978466987
53,2002,0.702043437957764
53,2003,0.695290724436442
53,2004,0.716354791323344
53,2005,0.692629579703013
53,2006,0.681677452723185
53,2007,0.70385626355807
53,2008,0.720680284500122
53,2009,0.727041306098302
53,2010,0.723034052054087
53,2011,0.737026504675547
53,2012,0.732625371217728
53,2013,0.724186344941457
53,2014,0.705298413832982
53,2015,0.70534000992775
53,2016,0.708411127328873
53,2017,0.695727688074112
53,2018,0.696281254291535
53,2019,0.702945454915365
53,2020,0.685890130201975
53,2021,0.674158811569214
53,2022,0.68965171178182
53,2023,0.707663754622141
54,1996,0.409720291849226
54,1998,0.418755798041821
54,2000,0.411519825210174
54,2002,0.366840839385986
54,2003,0.412352172533671
54,2004,0.398873071869214
54,2005,0.402813245852788
54,2006,0.410284951329231
54,2007,0.403285731871923
54,2008,0.408722786108653
54,2009,0.405375225345294
54,2010,0.42187802195549
54,2011,0.396635449926058
54,2012,0.387121870120366
54,2013,0.375758663813273
54,2014,0.3667882223924
54,2015,0.370618649323782
54,2016,0.372653665145238
54,2017,0.374024246136348
54,2018,0.373197118441264
54,2019,0.374763931830724
54,2020,0.375570434331894
54,2021,0.375822172562281
54,2022,0.36859094897906
54,2023,0.360505759716034
55,1996,0.235507222016653
55,1998,0.250116717815399
55,2000,0.266917506853739
55,2002,0.244443865617116
55,2003,0.252540139357249
55,2004,0.265832193692525
55,2005,0.264548361301422
55,2006,0.29659615556399
55,2007,0.297965123256048
55,2008,0.285405993461609
55,2009,0.293290875355403
55,2010,0.312908357381821
55,2011,0.317660941680272
55,2012,0.312711717685064
55,2013,0.308033702770869
55,2014,0.310944873094559
55,2015,0.29577648639679
55,2016,0.300033009052276
55,2017,0.285965879758199
55,2018,0.291191405057907
55,2019,0.293658196926117
55,2020,0.301882382233937
55,2021,0.309757175048193
55,2022,0.311385303735733
55,2023,0.318975172440211
56,1996,0.378451568219162
56,1998,0.385372637046473
56,2000,0.373504568222261
56,2002,0.444854384660721
56,2003,0.4438835978508
56,2004,0.448000131050746
56,2005,0.44800418317318
56,2006,0.40314033801357
56,2007,0.392364272475243
56,2008,0.399839178845286
56,2009,0.400123053044081
56,2010,0.405703429629405
56,2011,0.393228759270763
56,2012,0.392642387064795
56,2013,0.399225136513511
56,2014,0.408835556854804
56,2015,0.38995705495278
56,2016,0.403539179265499
56,2017,0.402024991561969
56,2018,0.391300186639031
56,2019,0.387977222663661
56,2020,0.385874703029792
56,2021,0.385339835581059
56,2022,0.382794451961915
56,2023,0.383237031878283
57,1996,0.235507222016653
57,1998,0.250116717815399
57,2000,0.266917506853739
57,2002,0.244443865617116
57,2003,0.252540139357249
57,2004,0.265832193692525
57,2005,0.264548361301422
57,2006,0.29659615556399
57,2007,0.297965123256048
57,2008,0.285405993461609
57,2009,0.293290875355403
57,2010,0.312908357381821
57,2011,0.317660941680272
57,2012,0.312711717685064
57,2013,0.308033702770869
57,2014,0.310944873094559
57,2015,0.29577648639679
57,2016,0.300033009052276
57,2017,0.285965879758199
57,2018,0.291191405057907
57,2019,0.293658196926117
57,2020,0.301882382233937
57,2021,0.309757175048193
57,2022,0.311385303735733
57,2023,0.318975172440211
58,1996,0.27124417523543
58,1998,0.270422640442849
58,2000,0.253462612628937
58,2002,0.254195909698804
58,2003,0.268638128042221
58,2004,0.288725302368403
58,2005,0.280815129975477
58,2006,0.325585593779882
58,2007,0.323950377106666
58,2008,0.322261553009351
58,2009,0.331930938363075
58,2010,0.325917040308316
58,2011,0.317576632152001
58,2012,0.325093863097331
58,2013,0.331547374433527
58,2014,0.339590624968211
58,2015,0.341605590283871
58,2016,0.330988553166389
58,2017,0.341366654634475
58,2018,0.33987292945385
58,2019,0.33361908296744
58,2020,0.346746435761452
58,2021,0.340912326176961
58,2022,0.348747740189234
58,2023,0.353996482491493
59,1996,0.22086081902186
59,1998,0.244187263647716
59,2000,0.231024241447449
59,2002,0.212990550200144
59,2003,0.226894893248876
59,2004,0.232608636220296
59,2005,0.239092955986659
59,2006,0.240074729919433
59,2007,0.239873925844828
59,2008,0.252324821551641
59,2009,0.237521642446518
59,2010,0.233331982294718
59,2011,0.226861025889715
59,2012,0.227523795763652
59,2013,0.221338186661402
59,2014,0.240031860272089
59,2015,0.243375804026921
59,2016,0.25139631330967
59,2017,0.268153358499209
59,2018,0.267464989423752
59,2019,0.268613661328951
59,2020,0.266850473483404
59,2021,0.263400250673294
59,2022,0.259919327497483
59,2023,0.281098392605782
60,1996,0.239304879049206
60,1998,0.239658772686863
60,2000,0.240696520679272
60,2002,0.241499608827707
60,2003,0.250504794458293
60,2004,0.254460570967605
60,2005,0.250677633912772
60,2006,0.247138573318465
60,2007,0.248896927227322
60,2008,0.252614348719263
60,2009,0.260080094020973
60,2010,0.251568853116443
60,2011,0.24450953586234
60,2012,0.245999730626742
60,2013,0.245632380743821
60,2014,0.274890083736844
60,2015,0.270613255020645
60,2016,0.280865516348018
60,2017,0.283958793265952
60,2018,0.285557514470485
60,2019,0.279732894400756
60,2020,0.280922313696808
60,2021,0.278893253207207
60,2022,0.270508654415607
60,2023,0.270588572654459
61,1996,0.521881911158562
61,1998,0.525371498366197
61,2000,0.522771696497997
61,2002,0.508500745892525
61,2003,0.506924070138484
61,2004,0.510006325071057
61,2005,0.524802171563109
61,2006,0.503945391966651
61,2007,0.523500673721234
61,2008,0.53141816581289
61,2009,0.529929857794196
61,2010,0.549646933500965
61,2011,0.540249329300908
61,2012,0.546175893520315
61,2013,0.551722114657362
61,2014,0.538416558255752
61,2015,0.544436548650265
61,2016,0.554605833254755
61,2017,0.544687693938613
61,2018,0.541313768473143
61,2019,0.536123891919851
61,2020,0.525810409337282
61,2021,0.548335951566696
61,2022,0.564404895653327
61,2023,0.574812626341979
62,1996,0.523952890435855
62,1998,0.488483906723559
62,2000,0.521524759319921
62,2002,0.54298656185468
62,2003,0.569776639839013
62,2004,0.552756205325325
62,2005,0.592648471395175
62,2006,0.581681783994039
62,2007,0.582795317967733
62,2008,0.588821779688199
62,2009,0.571621888130903
62,2010,0.562557538102071
62,2011,0.575759734710058
62,2012,0.570449834565322
62,2013,0.571208413938681
62,2014,0.55785317166398
62,2015,0.556320069730282
62,2016,0.55849126080672
62,2017,0.566357150177161
62,2018,0.572358071307341
62,2019,0.564789504309495
62,2020,0.559443921471635
62,2021,0.565308217207591
62,2022,0.555684523284435
62,2023,0.554033297176162
63,1996,0.523952890435855
63,1998,0.488483906723559
63,2000,0.521524759319921
63,2002,0.54298656185468
63,2003,0.569776639839013
63,2004,0.552756205325325
63,2005,0.592648471395175
63,2006,0.581681783994039
63,2007,0.582795317967733
63,2008,0.588821779688199
63,2009,0.571621888130903
63,2010,0.562557538102071
63,2011,0.575759734710058
63,2012,0.570449834565322
63,2013,0.571208413938681
63,2014,0.55785317166398
63,2015,0.556320069730282
63,2016,0.55849126080672
63,2017,0.566357150177161
63,2018,0.572358071307341
63,2019,0.564789504309495
63,2020,0.559443921471635
63,2021,0.565308217207591
63,2022,0.555684523284435
63,2023,0.554033297176162
64,1996,0.559484094878038
64,1998,0.562760483225187
64,2000,0.559884811441104
64,2002,0.534674211591482
64,2003,0.558410266538461
64,2004,0.60539728552103
64,2005,0.603207629919052
64,2006,0.617192544539769
64,2007,0.621431653698285
64,2008,0.673781482378642
64,2009,0.662265308698018
64,2010,0.680807763338089
64,2011,0.681169434388478
64,2012,0.678155187765757
64,2013,0.683185809850693
64,2014,0.670532113313675
64,2015,0.677863723039627
64,2016,0.655820777018865
64,2017,0.64816360672315
64,2018,0.657055425643921
64,2019,0.642510624726613
64,2020,0.656034926573435
64,2021,0.657023950417837
64,2022,0.649062367280324
64,2023,0.646068282922109
65,1996,0.584435759112239
65,1998,0.559202016641696
65,2000,0.566598596175512
65,2002,0.546846322218577
65,2003,0.535827887554963
65,2004,0.584405077497164
65,2005,0.610155811409156
65,2006,0.60817478025953
65,2007,0.599582111959656
65,2008,0.606757925947507
65,2009,0.604070971906185
65,2010,0.613197829574347
65,2011,0.610468937963985
65,2012,0.612482349555163
65,2013,0.625987987716993
65,2014,0.634289628267288
65,2015,0.652473998007675
65,2016,0.662349518140157
65,2017,0.602838313827912
65,2018,0.589538357406855
65,2019,0.577665907641252
65,2020,0.577216265102227
65,2021,0.580732977514466
65,2022,0.569853125015895
65,2023,0.56462180170541
66,1996,0.529044161736965
66,1998,0.544280734534065
66,2000,0.525440221528212
66,2002,0.495769944787025
66,2003,0.529105473930637
66,2004,0.513949158166846
66,2005,0.522958278314521
66,2006,0.551032411307096
66,2007,0.569142341117064
66,2008,0.556870145599047
66,2009,0.573618680238724
66,2010,0.587856835126877
66,2011,0.573408148189386
66,2012,0.541191289372121
66,2013,0.530843603486816
66,2014,0.51968758230408
66,2015,0.522441033894817
66,2016,0.52394473683089
66,2017,0.519533223286271
66,2018,0.521198332558076
66,2019,0.508533877576701
66,2020,0.519527591594184
66,2021,0.521283136246105
66,2022,0.517311338490496
66,2023,0.516527323921521
67,1996,0.738683863480886
67,1998,0.744652487834294
67,2000,0.722558656334877
67,2002,0.721927826354901
67,2003,0.695737870782614
67,2004,0.6830081452926
67,2005,0.696622647841772
67,2006,0.711160752177239
67,2007,0.684847491979599
67,2008,0.671838641166687
67,2009,0.683430165052414
67,2010,0.719010480369131
67,2011,0.755777211983998
67,2012,0.755788884560267
67,2013,0.786041341225306
67,2014,0.833107221126557
67,2015,0.845788478851318
67,2016,0.864958520730336
67,2017,0.85971200466156
67,2018,0.86969541311264
67,2019,0.881923206647237
67,2020,0.879041655858358
67,2021,0.862247709433238
67,2022,0.858261199792226
67,2023,0.847857824961345
68,1996,0.30268361667792
68,1998,0.291434802611669
68,2000,0.259521615505218
68,2002,0.262436985969544
68,2003,0.254037670294444
68,2004,0.275371968746185
68,2005,0.275865429639817
68,2006,0.262438555558523
68,2007,0.250481144587199
68,2008,0.246763372421265
68,2009,0.260771491130193
68,2010,0.258943871657053
68,2011,0.274375426769257
68,2012,0.264443361759186
68,2013,0.265219918886821
68,2014,0.285025993982951
68,2015,0.293323270479838
68,2016,0.300654586156209
68,2017,0.284451649586359
68,2018,0.293393804629644
68,2019,0.333748418092728
68,2020,0.315086744228999
68,2021,0.341966252525647
68,2022,0.350184013446172
68,2023,0.37771518205603
69,1996,0.413177420695623
69,1998,0.424341984838247
69,2000,0.427504930148522
69,2002,0.384215848272045
69,2003,0.361806731919448
69,2004,0.383141388495763
69,2005,0.368887993693352
69,2006,0.35842921535174
69,2007,0.372492312391599
69,2008,0.384026349584262
69,2009,0.375598602493604
69,2010,0.368806111315886
69,2011,0.375984972715378
69,2012,0.363791254162789
69,2013,0.354536420106888
69,2014,0.342167514562607
69,2015,0.346271722515424
69,2016,0.344421452283859
69,2017,0.344578350583712
69,2018,0.348573212822278
69,2019,0.333660843968392
69,2020,0.334512986739477
69,2021,0.32370275259018
69,2022,0.336629468202591
69,2023,0.326970821619034
70,1996,0.347691508134206
70,1998,0.34566698273023
70,2000,0.323831081390381
70,2002,0.317904623349508
70,2003,0.30955401857694
70,2004,0.306931308905283
70,2005,0.310636323690414
70,2006,0.287080252170563
70,2007,0.295745901266734
70,2008,0.289416517814001
70,2009,0.294219261407852
70,2010,0.2875148832798
70,2011,0.286045948664347
70,2012,0.288538807630539
70,2013,0.27853703101476
70,2014,0.25663307706515
70,2015,0.264969428380331
70,2016,0.265425300598145
70,2017,0.266188182433446
70,2018,0.262067649761836
70,2019,0.256754426161449
70,2020,0.245951690276464
70,2021,0.242825682957967
70,2022,0.239919048547745
70,2023,0.248730528354645
71,1996,0.519850813597441
71,1998,0.476094856609901
71,2000,0.474200174584985
71,2002,0.451022058352828
71,2003,0.461260764921705
71,2004,0.456335132615641
71,2005,0.451857408570747
71,2006,0.458721516281366
71,2007,0.457287657385071
71,2008,0.462883125990629
71,2009,0.452972105766336
71,2010,0.46091347237428
71,2011,0.472586314131816
71,2012,0.468981288125118
71,2013,0.481043517931054
71,2014,0.482242925216754
71,2015,0.48323868131265
71,2016,0.471350640803575
71,2017,0.460467774420977
71,2018,0.458896140754223
71,2019,0.453272919977705
71,2020,0.484734734892845
71,2021,0.480587300409873
71,2022,0.487191134442886
71,2023,0.46529069985263
72,1996,0.494827027060092
72,1998,0.506193299591541
72,2000,0.532303218295177
72,2002,0.500207245225708
72,2003,0.511225591848294
72,2004,0.502543504039447
72,2005,0.498902023086945
72,2006,0.480822694301605
72,2007,0.482828412701686
72,2008,0.475580002274364
72,2009,0.472615076477329
72,2010,0.46600098858277
72,2011,0.472447297225396
72,2012,0.483087442815304
72,2013,0.461702725291252
72,2014,0.455978002771735
72,2015,0.454364947726329
72,2016,0.447341079264879
72,2017,0.456974776213368
72,2018,0.468684473757943
72,2019,0.451194977760315
72,2020,0.45255227064093
72,2021,0.44588226514558
72,2022,0.44062126345622
72,2023,0.447300663590431
73,1996,0.637580972413222
73,1998,0.649218878149986
73,2000,0.66562248369058
73,2002,0.620412578185399
73,2003,0.637253720064958
73,2004,0.647054848819971
73,2005,0.646025392909845
73,2006,0.653830660382906
73,2007,0.649091153343519
73,2008,0.650785369674365
73,2009,0.653440662225087
73,2010,0.654188655813535
73,2011,0.653885327776273
73,2012,0.652916773160299
73,2013,0.647044412295023
73,2014,0.642616391678651
73,2015,0.660709386070569
73,2016,0.650996749599775
73,2017,0.640368141233921
73,2018,0.632565150409937
73,2019,0.623802919189135
73,2020,0.635641002158324
73,2021,0.645616775751114
73,2022,0.709414462248484
73,2023,0.718224273125331
74,1996,0.711243979136149
74,1998,0.684216914574305
74,2000,0.633994245529175
74,2002,0.683140973250071
74,2003,0.628527944286664
74,2004,0.604841953764359
74,2005,0.59292032495141
74,2006,0.561455344160398
74,2007,0.530978192389011
74,2008,0.525362605849902
74,2009,0.522305853416522
74,2010,0.505296329719325
74,2011,0.486710346738497
74,2012,0.465765743361165
74,2013,0.450044451359038
74,2014,0.426655990878741
74,2015,0.441999205946922
74,2016,0.423090905944506
74,2017,0.421909226973852
74,2018,0.422435488303502
74,2019,0.419070618351301
74,2020,0.427724158391356
74,2021,0.431466050135593
74,2022,0.431618299583594
74,2023,0.425600094596545
75,1996,0.616656149427096
75,1998,0.638584494094054
75,2000,0.64353855351607
75,2002,0.635602747400602
75,2003,0.63239049911499
75,2004,0.630378669500351
75,2005,0.609933977325757
75,2006,0.586381590242187
75,2007,0.582137433687846
75,2008,0.591197361672918
75,2009,0.616839133823911
75,2010,0.607405541961392
75,2011,0.619050864130259
75,2012,0.615197737018267
75,2013,0.645475547512372
75,2014,0.666774527728558
75,2015,0.671094110111396
75,2016,0.651889568039526
75,2017,0.641218050103635
75,2018,0.64334620287021
75,2019,0.616742901317775
75,2020,0.609927965948979
75,2021,0.608502235511939
75,2022,0.645110034259657
75,2023,0.62428592517972
76,1996,0.554930771887302
76,1998,0.574994262556235
76,2000,0.53976732523491
76,2002,0.552233902613322
76,2003,0.528509951444964
76,2004,0.530563675208638
76,2005,0.503515820877025
76,2006,0.508170562501376
76,2007,0.504685635988911
76,2008,0.505589858194192
76,2009,0.512373949338992
76,2010,0.509889255650341
76,2011,0.509502215621372
76,2012,0.513983254383008
76,2013,0.518426529473315
76,2014,0.527005129307508
76,2015,0.559454063077768
76,2016,0.59893512618728
76,2017,0.598692695734401
76,2018,0.598490980143348
76,2019,0.597534375948211
76,2020,0.598949354204038
76,2021,0.601949408402046
76,2022,0.611023675402006
76,2023,0.612118039031824
77,1996,0.668553092082342
77,1998,0.678533589094877
77,2000,0.68405026892821
77,2002,0.641239267587662
77,2003,0.667938500146071
77,2004,0.675465077161789
77,2005,0.685062330961227
77,2006,0.702337613701821
77,2007,0.699931951363882
77,2008,0.683739684025447
77,2009,0.674630742271741
77,2010,0.683401077985764
77,2011,0.738961790005366
77,2012,0.818799149990082
77,2013,0.837996657689413
77,2014,0.854538643360138
77,2015,0.872878829638163
77,2016,0.900550917784373
77,2017,0.897266968091329
77,2018,0.89565923611323
77,2019,0.901458195845286
77,2020,0.903759094079335
77,2021,0.895537380377452
77,2022,0.903151826063792
77,2023,0.899615641434987
78,1996,0.582582792143027
78,1998,0.583806556214889
78,2000,0.561506771172086
78,2002,0.57791111121575
78,2003,0.573528958857059
78,2004,0.572846182932456
78,2005,0.578128606329362
78,2006,0.640934441486995
78,2007,0.65849777062734
78,2008,0.647518862287204
78,2009,0.629911419004202
78,2010,0.621248492412269
78,2011,0.624877036611239
78,2012,0.633128868540128
78,2013,0.638015286376079
78,2014,0.647806923588117
78,2015,0.654574512441953
78,2016,0.661220704515775
78,2017,0.662536108493805
78,2018,0.67265654305617
78,2019,0.685068662961324
78,2020,0.707897001504898
78,2021,0.722258683045705
78,2022,0.729179062445958
78,2023,0.738676023483276
79,1996,0.365252822637558
79,1998,0.375698908170064
79,2000,0.37318750222524
79,2002,0.388557283083598
79,2003,0.394455943504969
79,2004,0.394688520828883
79,2005,0.402350536982219
79,2006,0.378290585676829
79,2007,0.384016076723734
79,2008,0.379347854852676
79,2009,0.4015300989151
79,2010,0.383217114210129
79,2011,0.369899543126424
79,2012,0.372091446320216
79,2013,0.372405052185059
79,2014,0.36430180867513
79,2015,0.356646529833476
79,2016,0.34053107102712
79,2017,0.360248756408691
79,2018,0.372197443246841
79,2019,0.360414808988571
79,2020,0.382584460576375
79,2021,0.375333307186762
79,2022,0.37944020430247
79,2023,0.398007007439931
80,1996,0.355870124697685
80,1998,0.342657053470612
80,2000,0.345414086182912
80,2002,0.341009508570035
80,2003,0.350718553860982
80,2004,0.344924791653951
80,2005,0.353039011359215
80,2006,0.356539221604665
80,2007,0.364172915617625
80,2008,0.378820840020974
80,2009,0.405227324863275
80,2010,0.419079018632571
80,2011,0.430059548467398
80,2012,0.450672099490961
80,2013,0.436895450452964
80,2014,0.455321933329105
80,2015,0.463759839038054
80,2016,0.474107803901037
80,2017,0.467376961931586
80,2018,0.446229773884018
80,2019,0.43411651228865
80,2020,0.422050508856773
80,2021,0.420540641744932
80,2022,0.422085838144024
80,2023,0.423671495417754
81,1996,0.298475144306818
81,1998,0.314543586969376
81,2000,0.305513288577397
81,2002,0.302628516157468
81,2003,0.301238922278087
81,2004,0.318706994255384
81,2005,0.312591777245204
81,2006,0.289677608013153
81,2007,0.282145404815674
81,2008,0.266180743773779
81,2009,0.288519864281019
81,2010,0.279924566547076
81,2011,0.287499318520228
81,2012,0.283261416355769
81,2013,0.297221181790034
81,2014,0.301782717307409
81,2015,0.312643108765284
81,2016,0.330346260468165
81,2017,0.330260199308395
81,2018,0.347491707404454
81,2019,0.337586716810862
81,2020,0.369301686684291
81,2021,0.373456496993701
81,2022,0.374339278539022
81,2023,0.371301892399788
82,1996,0.624209927519162
82,1998,0.634241063396136
82,2000,0.634501661856969
82,2002,0.59497552877292
82,2003,0.595459530254205
82,2004,0.581354985463743
82,2005,0.605853057156006
82,2006,0.588516683876514
82,2007,0.561754148950179
82,2008,0.543008350146314
82,2009,0.531926658004522
82,2010,0.534373097866774
82,2011,0.542765692869822
82,2012,0.548285659402609
82,2013,0.539990148569147
82,2014,0.501294267425935
82,2015,0.505474691092968
82,2016,0.502359011148413
82,2017,0.499958644558986
82,2018,0.502286690473557
82,2019,0.517625211303433
82,2020,0.523659433921178
82,2021,0.514535365998745
82,2022,0.503395956257979
82,2023,0.490705356001854
84,1996,0.724358006318411
84,1998,0.733422974745433
84,2000,0.716557695468267
84,2002,0.681129080057144
84,2003,0.676931019624074
84,2004,0.649260271588961
84,2005,0.621905904014905
84,2006,0.644069367647171
84,2007,0.652625395854314
84,2008,0.656823205947876
84,2009,0.67248729467392
84,2010,0.671711380283038
84,2011,0.683855833609899
84,2012,0.677766884366671
84,2013,0.661071798205376
84,2014,0.6687839726607
84,2015,0.672919495900472
84,2016,0.675261314709981
84,2017,0.672105342149734
84,2018,0.67128970126311
84,2019,0.686091727018356
84,2020,0.677670902013779
84,2021,0.676997623840968
84,2022,0.65703150232633
84,2023,0.648122135798136
85,1996,0.239304879049206
85,1998,0.239658772686863
85,2000,0.240696520679272
85,2002,0.241499608827707
85,2003,0.250504794458293
85,2004,0.254460570967605
85,2005,0.250677633912772
85,2006,0.247138573318465
85,2007,0.248896927227322
85,2008,0.252614348719263
85,2009,0.260080094020973
85,2010,0.251568853116443
85,2011,0.24450953586234
85,2012,0.245999730626742
85,2013,0.245632380743821
85,2014,0.274890083736844
85,2015,0.270613255020645
85,2016,0.280865516348018
85,2017,0.283958793265952
85,2018,0.285557514470485
85,2019,0.279732894400756
85,2020,0.280922313696808
85,2021,0.278893253207207
85,2022,0.270508654415607
85,2023,0.270588572654459
86,1996,0.239304879049206
86,1998,0.239658772686863
86,2000,0.240696520679272
86,2002,0.241499608827707
86,2003,0.250504794458293
86,2004,0.254460570967605
86,2005,0.250677633912772
86,2006,0.247138573318465
86,2007,0.248896927227322
86,2008,0.252614348719263
86,2009,0.260080094020973
86,2010,0.251568853116443
86,2011,0.24450953586234
86,2012,0.245999730626742
86,2013,0.245632380743821
86,2014,0.274890083736844
86,2015,0.270613255020645
86,2016,0.280865516348018
86,2017,0.283958793265952
86,2018,0.285557514470485
86,2019,0.279732894400756
86,2020,0.280922313696808
86,2021,0.278893253207207
86,2022,0.270508654415607
86,2023,0.270588572654459
88,1996,0.239304879049206
88,1998,0.239658772686863
88,2000,0.240696520679272
88,2002,0.241499608827707
88,2003,0.250504794458293
88,2004,0.254460570967605
88,2005,0.250677633912772
88,2006,0.247138573318465
88,2007,0.248896927227322
88,2008,0.252614348719263
88,2009,0.260080094020973
88,2010,0.251568853116443
88,2011,0.24450953586234
88,2012,0.245999730626742
88,2013,0.245632380743821
88,2014,0.274890083736844
88,2015,0.270613255020645
88,2016,0.280865516348018
88,2017,0.283958793265952
88,2018,0.285557514470485
88,2019,0.279732894400756
88,2020,0.280922313696808
88,2021,0.278893253207207
88,2022,0.270508654415607
88,2023,0.270588572654459
89,1996,0.239304879049206
89,1998,0.239658772686863
89,2000,0.240696520679272
89,2002,0.241499608827707
89,2003,0.250504794458293
89,2004,0.254460570967605
89,2005,0.250677633912772
89,2006,0.247138573318465
89,2007,0.248896927227322
89,2008,0.252614348719263
89,2009,0.260080094020973
89,2010,0.251568853116443
89,2011,0.24450953586234
89,2012,0.245999730626742
89,2013,0.245632380743821
89,2014,0.274890083736844
89,2015,0.270613255020645
89,2016,0.280865516348018
89,2017,0.283958793265952
89,2018,0.285557514470485
89,2019,0.279732894400756
89,2020,0.280922313696808
89,2021,0.278893253207207
89,2022,0.270508654415607
89,2023,0.270588572654459
90,1996,0.406056092927853
90,1998,0.425670057535172
90,2000,0.419857669870059
90,2002,0.429769166683157
90,2003,0.429343969623248
90,2004,0.425403862958774
90,2005,0.425300693046302
90,2006,0.422323383390903
90,2007,0.437628755084006
90,2008,0.44088102215901
90,2009,0.452870918313662
90,2010,0.454230621581276
90,2011,0.453191167007511
90,2012,0.465806094867488
90,2013,0.458730346833666
90,2014,0.469343421359857
90,2015,0.477704338356853
90,2016,0.473966086717943
90,2017,0.490962549050649
90,2018,0.496535648157199
90,2019,0.490747888696691
90,2020,0.493300453200936
90,2021,0.503257137412826
90,2022,0.518052838742733
90,2023,0.519994327674309
91,1996,0.317719678371213
91,1998,0.320791323832236
91,2000,0.316849732127351
91,2002,0.319125614540341
91,2003,0.31946812592602
91,2004,0.314391398429871
91,2005,0.313045235102375
91,2006,0.316446594335139
91,2007,0.320708944058666
91,2008,0.326292974998554
91,2009,0.307693968464931
91,2010,0.305548715467254
91,2011,0.307916329676906
91,2012,0.308947989096244
91,2013,0.310397026439508
91,2014,0.305039494302538
91,2015,0.307996990039117
91,2016,0.303229266533421
91,2017,0.297724891520209
91,2018,0.299099974082266
91,2019,0.305332728293207
91,2020,0.323982646382517
91,2021,0.321221833866504
91,2022,0.320599382436938
91,2023,0.33103335497073
92,1996,0.317719678371213
92,1998,0.320791323832236
92,2000,0.316849732127351
92,2002,0.319125614540341
92,2003,0.31946812592602
92,2004,0.314391398429871
92,2005,0.313045235102375
92,2006,0.316446594335139
92,2007,0.320708944058666
92,2008,0.326292974998554
92,2009,0.307693968464931
92,2010,0.305548715467254
92,2011,0.307916329676906
92,2012,0.308947989096244
92,2013,0.310397026439508
92,2014,0.305039494302538
92,2015,0.307996990039117
92,2016,0.303229266533421
92,2017,0.297724891520209
92,2018,0.299099974082266
92,2019,0.305332728293207
92,2020,0.323982646382517
92,2021,0.321221833866504
92,2022,0.320599382436938
92,2023,0.33103335497073
93,1996,0.317719678371213
93,1998,0.320791323832236
93,2000,0.316849732127351
93,2002,0.319125614540341
93,2003,0.31946812592602
93,2004,0.314391398429871
93,2005,0.313045235102375
93,2006,0.316446594335139
93,2007,0.320708944058666
93,2008,0.326292974998554
93,2009,0.307693968464931
93,2010,0.305548715467254
93,2011,0.307916329676906
93,2012,0.308947989096244
93,2013,0.310397026439508
93,2014,0.305039494302538
93,2015,0.307996990039117
93,2016,0.303229266533421
93,2017,0.297724891520209
93,2018,0.299099974082266
93,2019,0.305332728293207
93,2020,0.323982646382517
93,2021,0.321221833866504
93,2022,0.320599382436938
93,2023,0.33103335497073
94,1996,0.180158929030101
94,1998,0.19735819498698
94,2000,0.176759707927704
94,2002,0.193150500456492
94,2003,0.186438461144766
94,2004,0.168852392832438
94,2005,0.186669075489044
94,2006,0.188117512067159
94,2007,0.181799791256587
94,2008,0.178000410397848
94,2009,0.182247513532638
94,2010,0.181689246495565
94,2011,0.176574842135112
94,2012,0.179116000731786
94,2013,0.185365053017934
94,2014,0.179332081476847
94,2015,0.19429321885109
94,2016,0.19018790324529
94,2017,0.19749927520752
94,2018,0.191344702243805
94,2019,0.197520945469538
94,2020,0.206785627206166
94,2021,0.205264725287755
94,2022,0.199862180153528
94,2023,0.191328893105189
95,1996,0.239304879049206
95,1998,0.239658772686863
95,2000,0.240696520679272
95,2002,0.241499608827707
95,2003,0.250504794458293
95,2004,0.254460570967605
95,2005,0.250677633912772
95,2006,0.247138573318465
95,2007,0.248896927227322
95,2008,0.252614348719263
95,2009,0.260080094020973
95,2010,0.251568853116443
95,2011,0.24450953586234
95,2012,0.245999730626742
95,2013,0.245632380743821
95,2014,0.274890083736844
95,2015,0.270613255020645
95,2016,0.280865516348018
95,2017,0.283958793265952
95,2018,0.285557514470485
95,2019,0.279732894400756
95,2020,0.280922313696808
95,2021,0.278893253207207
95,2022,0.270508654415607
95,2023,0.270588572654459
96,1996,0.745412069559097
96,1998,0.779436937967936
96,2000,0.780261588096618
96,2002,0.711895759900411
96,2003,0.700834347804387
96,2004,0.669090261061986
96,2005,0.689800071716308
96,2006,0.663020244240761
96,2007,0.647886669014891
96,2008,0.647875284651915
96,2009,0.646236472825209
96,2010,0.636376335223516
96,2011,0.633839949468772
96,2012,0.645210149884224
96,2013,0.641248395542304
96,2014,0.644893896828095
96,2015,0.643038801848889
96,2016,0.63949734121561
96,2017,0.626701219876607
96,2018,0.623010019212961
96,2019,0.618462213873863
96,2020,0.618520064651966
96,2021,0.619719923535983
96,2022,0.628591553370158
96,2023,0.638745525976022
97,1996,0.861632335186004
97,1998,0.815579054752986
97,2000,0.816362762451172
97,2002,0.808724741141002
97,2003,0.811340912183126
97,2004,0.794074598948161
97,2005,0.743404317895571
97,2006,0.688688757518927
97,2007,0.668150027592977
97,2008,0.695248208443323
97,2009,0.673773733774821
97,2010,0.650665364662806
97,2011,0.653806727131208
97,2012,0.649826141198476
97,2013,0.658381086587906
97,2014,0.656472510099411
97,2015,0.662340392172337
97,2016,0.65174472356836
97,2017,0.642683310930928
97,2018,0.647277732628087
97,2019,0.658072986205419
97,2020,0.660703744739294
97,2021,0.652065013162792
97,2022,0.650759790775676
97,2023,0.642045324419936
98,1996,0.633864409724871
98,1998,0.666471695899963
98,2000,0.656804661949476
98,2002,0.663299055024981
98,2003,0.673488560815652
98,2004,0.694839806358019
98,2005,0.729957536856334
98,2006,0.704475867748261
98,2007,0.694568906227748
98,2008,0.680697979032993
98,2009,0.676886349419753
98,2010,0.676855180164178
98,2011,0.6792622645696
98,2012,0.68301015595595
98,2013,0.683604627847671
98,2014,0.660159902771314
98,2015,0.653242392341296
98,2016,0.634488949179649
98,2017,0.665460093816121
98,2018,0.660449039936066
98,2019,0.656431112686793
98,2020,0.648002356290817
98,2021,0.636623670657476
98,2022,0.631318259239197
98,2023,0.631828664739927
99,1996,0.491436839476228
99,1998,0.497509689380725
99,2000,0.507583470145861
99,2002,0.54446780346334
99,2003,0.543969005346298
99,2004,0.562174697468678
99,2005,0.576002677840491
99,2006,0.54389613767465
99,2007,0.542635648449262
99,2008,0.545707035064697
99,2009,0.550966159502665
99,2010,0.559165755907695
99,2011,0.557622091968854
99,2012,0.562400326877832
99,2013,0.559386236965656
99,2014,0.565660805193086
99,2015,0.571651045295099
99,2016,0.565527900494635
99,2017,0.567872436344624
99,2018,0.566947321097056
99,2019,0.576694736505548
99,2020,0.570003171761831
99,2021,0.570428578555584
99,2022,0.562793942044179
99,2023,0.55452186341087
100,1996,0.711784102519353
100,1998,0.773044757048289
100,2000,0.733315451939901
100,2002,0.735537666082382
100,2003,0.723721259832383
100,2004,0.715026046832403
100,2005,0.74502640167872
100,2006,0.730631695191065
100,2007,0.729626605908076
100,2008,0.723669546842575
100,2009,0.709551034371058
100,2010,0.708081525564194
100,2011,0.709240305423736
100,2012,0.718194549282392
100,2013,0.713448140025139
100,2014,0.704657237728437
100,2015,0.710070564349492
100,2016,0.713408084710439
100,2017,0.727860452731451
100,2018,0.72224604388078
100,2019,0.718264432748159
100,2020,0.725940764943758
100,2021,0.716974344352881
100,2022,0.708061866462231
100,2023,0.702485487610102
101,1996,0.393224749962489
101,1998,0.416297935446103
101,2000,0.447141784677903
101,2002,0.448297479003668
101,2003,0.446073461075624
101,2004,0.453423061904808
101,2005,0.458098315447569
101,2006,0.433640526731809
101,2007,0.427263766030471
101,2008,0.38520336051782
101,2009,0.424078170955181
101,2010,0.430167164901892
101,2011,0.436006022493045
101,2012,0.420746452112993
101,2013,0.419409237802029
101,2014,0.435713787873586
101,2015,0.428306247418126
101,2016,0.426489123531307
101,2017,0.439468114078045
101,2018,0.436649536611124
101,2019,0.439599289993445
101,2020,0.44239601076891
101,2021,0.444729937488834
101,2022,0.439618596465637
101,2023,0.444905596226454
102,1996,0.406056092927853
102,1998,0.425670057535172
102,2000,0.419857669870059
102,2002,0.429769166683157
102,2003,0.429343969623248
102,2004,0.425403862958774
102,2005,0.425300693046302
102,2006,0.422323383390903
102,2007,0.437628755084006
102,2008,0.44088102215901
102,2009,0.452870918313662
102,2010,0.454230621581276
102,2011,0.453191167007511
102,2012,0.465806094867488
102,2013,0.458730346833666
102,2014,0.469343421359857
102,2015,0.477704338356853
102,2016,0.473966086717943
102,2017,0.490962549050649
102,2018,0.496535648157199
102,2019,0.490747888696691
102,2020,0.493300453200936
102,2021,0.503257137412826
102,2022,0.518052838742733
102,2023,0.519994327674309
103,1996,0.466213132937749
103,1998,0.457726682225863
103,2000,0.462631664673487
103,2002,0.487204518417517
103,2003,0.527099566161633
103,2004,0.555079240848621
103,2005,0.569020138060053
103,2006,0.556128727396329
103,2007,0.557696584363778
103,2008,0.563436595102151
103,2009,0.570531974236171
103,2010,0.579923471560081
103,2011,0.569932131562382
103,2012,0.575343737130364
103,2013,0.57555956641833
103,2014,0.565838097687811
103,2015,0.570478834956884
103,2016,0.561425352593263
103,2017,0.5610176106294
103,2018,0.553311357895533
103,2019,0.547081012527148
103,2020,0.547299900402625
103,2021,0.542624748249849
103,2022,0.543922760089239
103,2023,0.54947584271431
104,1996,0.719989105562369
104,1998,0.728456106036902
104,2000,0.729687634979685
104,2002,0.741145155827205
104,2003,0.719706700742245
104,2004,0.734196725860238
104,2005,0.746330167849858
104,2006,0.72976259191831
104,2007,0.718489384651184
104,2008,0.715505995849768
104,2009,0.712322056293487
104,2010,0.722473752001921
104,2011,0.724384708205859
104,2012,0.727198934555054
104,2013,0.74112324938178
104,2014,0.761188446482023
104,2015,0.759388327598572
104,2016,0.760362463196119
104,2017,0.763511543969313
104,2018,0.75938988601168
104,2019,0.753619411587715
104,2020,0.755327357848486
104,2021,0.754471710324288
104,2022,0.75803876866897
104,2023,0.753868551552295
105,1996,0.147876560688019
105,1998,0.154511511325836
105,2000,0.168763943513234
105,2002,0.162877174218495
105,2003,0.174414571126302
105,2004,0.157540416717529
105,2005,0.16045864423116
105,2006,0.167307360967001
105,2007,0.168196773529053
105,2008,0.170371659596761
105,2009,0.167118163903554
105,2010,0.15733152627945
105,2011,0.153139086564382
105,2012,0.143522628148397
105,2013,0.137264462312063
105,2014,0.149558460712433
105,2015,0.152101131280263
105,2016,0.149674924214681
105,2017,0.141086979707082
105,2018,0.152269347508749
105,2019,0.15347071091334
105,2020,0.149347805976868
105,2021,0.157770093282064
105,2022,0.16905781229337
105,2023,0.166164211432139
106,1996,0.549300633867582
106,1998,0.551097520192464
106,2000,0.509143114377124
106,2002,0.534928610920906
106,2003,0.519141091002772
106,2004,0.532625762745738
106,2005,0.517691770195961
106,2006,0.487461018515751
106,2007,0.484136339525382
106,2008,0.495977525847654
106,2009,0.487138678630193
106,2010,0.484246014027546
106,2011,0.479631313689364
106,2012,0.484645246093472
106,2013,0.483860079323252
106,2014,0.504424844682217
106,2015,0.502169195065896
106,2016,0.508390680824717
106,2017,0.494849686076244
106,2018,0.500932847211758
106,2019,0.496747913522025
106,2020,0.493803975234429
106,2021,0.5030697517097
106,2022,0.507467666765054
106,2023,0.502774731752773
107,1996,0.317719678371213
107,1998,0.320791323832236
107,2000,0.316849732127351
107,2002,0.319125614540341
107,2003,0.31946812592602
107,2004,0.314391398429871
107,2005,0.313045235102375
107,2006,0.316446594335139
107,2007,0.320708944058666
107,2008,0.326292974998554
107,2009,0.307693968464931
107,2010,0.305548715467254
107,2011,0.307916329676906
107,2012,0.308947989096244
107,2013,0.310397026439508
107,2014,0.305039494302538
107,2015,0.307996990039117
107,2016,0.303229266533421
107,2017,0.297724891520209
107,2018,0.299099974082266
107,2019,0.305332728293207
107,2020,0.323982646382517
107,2021,0.321221833866504
107,2022,0.320599382436938
107,2023,0.33103335497073
108,1996,0.263678006331127
108,1998,0.264197796583176
108,2000,0.273909614483515
108,2002,0.267946912844976
108,2003,0.262678974866867
108,2004,0.265864113966624
108,2005,0.284318687518438
108,2006,0.292510728041331
108,2007,0.293283611536026
108,2008,0.290026557445526
108,2009,0.291506757338842
108,2010,0.276574929555257
108,2011,0.276900547742844
108,2012,0.277122521400451
108,2013,0.278029863039652
108,2014,0.332017385363579
108,2015,0.304643839995066
108,2016,0.295335088570913
108,2017,0.293777428468069
108,2018,0.289117525418599
108,2019,0.292975787719091
108,2020,0.288409154017766
108,2021,0.286912209192912
108,2022,0.292174218495687
108,2023,0.295167512098948
110,1996,0.27273352543513
110,1998,0.264161678155263
110,2000,0.251590259869894
110,2002,0.249542850255966
110,2003,0.264626884460449
110,2004,0.266850574811299
110,2005,0.270433461666107
110,2006,0.284533526500066
110,2007,0.282029318809509
110,2008,0.279786690076192
110,2009,0.305908107757568
110,2010,0.311127400398255
110,2011,0.316014971335729
110,2012,0.319242666165034
110,2013,0.330660755435626
110,2014,0.33764989922444
110,2015,0.355381435652574
110,2016,0.36538099249204
110,2017,0.374353963633378
110,2018,0.38485963443915
110,2019,0.391965956365069
110,2020,0.390722862246912
110,2021,0.384709920734167
110,2022,0.385933290918668
110,2023,0.380235831206664
111,1996,0.239304879049206
111,1998,0.239658772686863
111,2000,0.240696520679272
111,2002,0.241499608827707
111,2003,0.250504794458293
111,2004,0.254460570967605
111,2005,0.250677633912772
111,2006,0.247138573318465
111,2007,0.248896927227322
111,2008,0.252614348719263
111,2009,0.260080094020973
111,2010,0.251568853116443
111,2011,0.24450953586234
111,2012,0.245999730626742
111,2013,0.245632380743821
111,2014,0.274890083736844
111,2015,0.270613255020645
111,2016,0.280865516348018
111,2017,0.283958793265952
111,2018,0.285557514470485
111,2019,0.279732894400756
111,2020,0.280922313696808
111,2021,0.278893253207207
111,2022,0.270508654415607
111,2023,0.270588572654459
112,1996,0.635003154476484
112,1998,0.636607110283027
112,2000,0.622400609155496
112,2002,0.634682488441467
112,2003,0.642907274266084
112,2004,0.645884290337563
112,2005,0.635136503974597
112,2006,0.619960221648216
112,2007,0.617987578610579
112,2008,0.62323236266772
112,2009,0.624125572045644
112,2010,0.6229393551747
112,2011,0.624490438898404
112,2012,0.620858464141687
112,2013,0.622843099882205
112,2014,0.598412803312143
112,2015,0.59498542516958
112,2016,0.589657657841842
112,2017,0.589362550278505
112,2018,0.595813592274984
112,2019,0.594587127647052
112,2020,0.599860141674677
112,2021,0.606215274209778
112,2022,0.603712518513203
112,2023,0.611657096445561
113,1996,0.231031390031179
113,1998,0.232047679026922
113,2000,0.225978469848633
113,2002,0.217688673734665
113,2003,0.262000876665115
113,2004,0.258845106760661
113,2005,0.271423081556956
113,2006,0.272073441743851
113,2007,0.273062853018443
113,2008,0.293620000282923
113,2009,0.297377230723699
113,2010,0.295114213228226
113,2011,0.283028926452001
113,2012,0.29597221215566
113,2013,0.295093743006388
113,2014,0.328552983204524
113,2015,0.323872991402944
113,2016,0.340768272678057
113,2017,0.340131241083145
113,2018,0.336568820476532
113,2019,0.329110833009084
113,2020,0.325423091650009
113,2021,0.303786242008209
113,2022,0.301894378662109
113,2023,0.30488639374574
114,1996,0.697260886430741
114,1998,0.709218710660934
114,2000,0.706734305620194
114,2002,0.770239134629568
114,2003,0.781741638978322
114,2004,0.823427152633667
114,2005,0.788280248641968
114,2006,0.733425041039785
114,2007,0.724319926897685
114,2008,0.718520605564117
114,2009,0.716307260592779
114,2010,0.730004658301671
114,2011,0.738079913457235
114,2012,0.724311192830404
114,2013,0.711595676342647
114,2014,0.73411029179891
114,2015,0.741055186589559
114,2016,0.743410787979762
114,2017,0.741273089249929
114,2018,0.733580094575882
114,2019,0.744603586196899
114,2020,0.753844612836838
114,2021,0.778198436896006
114,2022,0.799720207850139
114,2023,0.801263884703318
115,1996,0.547308441624045
115,1998,0.575218758235375
115,2000,0.555876689497381
115,2002,0.548876686642567
115,2003,0.590394188463688
115,2004,0.589212870473663
115,2005,0.587849404662848
115,2006,0.566784159342448
115,2007,0.572435288876295
115,2008,0.57017442745467
115,2009,0.577105724640812
115,2010,0.583761116241415
115,2011,0.578906661480626
115,2012,0.561247744907935
115,2013,0.5544780553629
115,2014,0.543822848175963
115,2015,0.54673991445452
115,2016,0.536050583670537
115,2017,0.544213122253617
115,2018,0.54920398540174
115,2019,0.545107364902894
115,2020,0.525938121601939
115,2021,0.501642642488393
115,2022,0.498988987257083
115,2023,0.490464827418327
116,1996,0.327959561524525
116,1998,0.327372768369015
116,2000,0.315620255601314
116,2002,0.305868475393482
116,2003,0.314937808210469
116,2004,0.323385627044209
116,2005,0.319139941583088
116,2006,0.358317344470526
116,2007,0.363951565049441
116,2008,0.366592771080026
116,2009,0.382381733328784
116,2010,0.378659212402737
116,2011,0.376232217021998
116,2012,0.368615064895227
116,2013,0.38915319621698
116,2014,0.364040133172491
116,2015,0.387674195321135
116,2016,0.397702267723618
116,2017,0.418008973532805
116,2018,0.428630393531948
116,2019,0.440410338209279
116,2020,0.430431010058137
116,2021,0.416317920404883
116,2022,0.430893166223459
116,2023,0.43979889095211
117,1996,0.239304879049206
117,1998,0.239658772686863
117,2000,0.240696520679272
117,2002,0.241499608827707
117,2003,0.250504794458293
117,2004,0.254460570967605
117,2005,0.250677633912772
117,2006,0.247138573318465
117,2007,0.248896927227322
117,2008,0.252614348719263
117,2009,0.260080094020973
117,2010,0.251568853116443
117,2011,0.24450953586234
117,2012,0.245999730626742
117,2013,0.245632380743821
117,2014,0.274890083736844
117,2015,0.270613255020645
117,2016,0.280865516348018
117,2017,0.283958793265952
117,2018,0.285557514470485
117,2019,0.279732894400756
117,2020,0.280922313696808
117,2021,0.278893253207207
117,2022,0.270508654415607
117,2023,0.270588572654459
118,1996,0.283185782929262
118,1998,0.283185782929262
118,2000,0.283185782929262
118,2002,0.283185782929262
118,2003,0.283185782929262
118,2004,0.313637232780457
118,2005,0.244619355599086
118,2006,0.238387755552928
118,2007,0.239346361160278
118,2008,0.235234536727269
118,2009,0.250488271315893
118,2010,0.235291137297948
118,2011,0.23167421023051
118,2012,0.234479256470998
118,2013,0.233173437913259
118,2014,0.326536818941434
118,2015,0.329257546961307
118,2016,0.319089163442453
118,2017,0.334334053695202
118,2018,0.338317171831926
118,2019,0.321283031105995
118,2020,0.322594785292943
118,2021,0.320519728064537
118,2022,0.300546787778537
118,2023,0.294905016422272
119,1996,0.331468774367065
119,1998,0.328710094579747
119,2000,0.329987920809478
119,2002,0.330990770944646
119,2003,0.326747515810033
119,2004,0.390176758170128
119,2005,0.265280296405157
119,2006,0.274206682046255
119,2007,0.295734181006749
119,2008,0.278549083073934
119,2009,0.268829043706258
119,2010,0.270761400461197
119,2011,0.276674741506577
119,2012,0.277439520756403
119,2013,0.277976312239964
119,2014,0.449083629498879
119,2015,0.39202153980732
119,2016,0.384675186872482
119,2017,0.378912270069122
119,2018,0.384392343958219
119,2019,0.390822938084602
119,2020,0.376280263066292
119,2021,0.38387975593408
119,2022,0.380886055032412
119,2023,0.382902170221011
120,1996,0.353227497140566
120,1998,0.352330182989438
120,2000,0.354310313860575
120,2002,0.357322028279304
120,2003,0.355501429239909
120,2004,0.349045900503794
120,2005,0.373414021730423
120,2006,0.352428909142812
120,2007,0.35612320403258
120,2008,0.34187488257885
120,2009,0.341568973660469
120,2010,0.340465195973714
120,2011,0.340136613448461
120,2012,0.336580108602842
120,2013,0.341620017091433
120,2014,0.417974595725536
120,2015,0.389425416787465
120,2016,0.394756883382797
120,2017,0.428452811390162
120,2018,0.421244026596348
120,2019,0.410393133262793
120,2020,0.412983592847983
120,2021,0.420164055625598
120,2022,0.416892203191916
120,2023,0.390097760160764
121,1996,0.239304879049206
121,1998,0.239658772686863
121,2000,0.240696520679272
121,2002,0.241499608827707
121,2003,0.250504794458293
121,2004,0.254460570967605
121,2005,0.250677633912772
121,2006,0.247138573318465
121,2007,0.248896927227322
121,2008,0.252614348719263
121,2009,0.260080094020973
121,2010,0.251568853116443
121,2011,0.24450953586234
121,2012,0.245999730626742
121,2013,0.245632380743821
121,2014,0.274890083736844
121,2015,0.270613255020645
121,2016,0.280865516348018
121,2017,0.283958793265952
121,2018,0.285557514470485
121,2019,0.279732894400756
121,2020,0.280922313696808
121,2021,0.278893253207207
121,2022,0.270508654415607
121,2023,0.270588572654459
122,1996,0.344313344812642
122,1998,0.364391670084248
122,2000,0.33646416808789
122,2002,0.364627236581097
122,2003,0.33799179142341
122,2004,0.385383088390032
122,2005,0.279972239335378
122,2006,0.299443777402242
122,2007,0.322370048364004
122,2008,0.323036823670069
122,2009,0.314982055624326
122,2010,0.322934292753538
122,2011,0.316197394331296
122,2012,0.339092564582825
122,2013,0.337003176410993
122,2014,0.387670332814256
122,2015,0.384269211192926
122,2016,0.381091971695423
122,2017,0.37191023627917
122,2018,0.376542061567307
122,2019,0.380198604861895
122,2020,0.379424667358398
122,2021,0.396253399799267
122,2022,0.38453127592802
122,2023,0.383304735273123
123,1996,0.328557564814885
123,1998,0.326295069853465
123,2000,0.329826816916466
123,2002,0.330300470193227
123,2003,0.328477493921916
123,2004,0.340525273482005
123,2005,0.348192077875137
123,2006,0.339363503456116
123,2007,0.349842584133148
123,2008,0.348513808846474
123,2009,0.353471494714419
123,2010,0.353233511249224
123,2011,0.350345678627491
123,2012,0.354279563824336
123,2013,0.347250990072886
123,2014,0.372983992596468
123,2015,0.376756540934245
123,2016,0.383414093156656
123,2017,0.392095523575942
123,2018,0.401260794202487
123,2019,0.398833562930425
123,2020,0.377397022644679
123,2021,0.381500272701184
123,2022,0.379242257773876
123,2023,0.373006870349248
124,1996,0.243809787432353
124,1998,0.239320266246796
124,2000,0.234422345956167
124,2002,0.241393605868022
124,2003,0.247912476460139
124,2004,0.256762492656708
124,2005,0.25826290845871
124,2006,0.268466653426488
124,2007,0.260265401999156
124,2008,0.26276734272639
124,2009,0.279164232810338
124,2010,0.277981942892075
124,2011,0.257996195554733
124,2012,0.27013225654761
124,2013,0.271355160077413
124,2014,0.294309921065966
124,2015,0.291260000069936
124,2016,0.315498612324397
124,2017,0.321747230490049
124,2018,0.344828620553017
124,2019,0.346431070566177
124,2020,0.345159430305163
124,2021,0.338575041294098
124,2022,0.3391094515721
124,2023,0.333611565828323
125,1996,0.366103907426198
125,1998,0.360887138048808
125,2000,0.364291642109553
125,2002,0.368554328878721
125,2003,0.371411894758542
125,2004,0.388758185505867
125,2005,0.406226907173793
125,2006,0.399896552165349
125,2007,0.415076795220375
125,2008,0.427768728137016
125,2009,0.424809031685193
125,2010,0.421108393867811
125,2011,0.42378814270099
125,2012,0.418398190041383
125,2013,0.4209664011995
125,2014,0.434032827988267
125,2015,0.425344191988309
125,2016,0.402057319755355
125,2017,0.418326927845677
125,2018,0.446073365708192
125,2019,0.442010683069626
125,2020,0.423895155677262
125,2021,0.397426788757245
125,2022,0.392949914559722
125,2023,0.391890723879139
126,1996,0.403526096045971
126,1998,0.385709720849991
126,2000,0.412123590707779
126,2002,0.433169920742512
126,2003,0.439703352128466
126,2004,0.447949003055692
126,2005,0.457178122301896
126,2006,0.473181579510371
126,2007,0.464739377672474
126,2008,0.466426897794008
126,2009,0.464258286108573
126,2010,0.468496012687683
126,2011,0.458011275529862
126,2012,0.467228760570288
126,2013,0.475164640198151
126,2014,0.479003816097975
126,2015,0.481677886595329
126,2016,0.481792052276433
126,2017,0.482206036616117
126,2018,0.489904787143072
126,2019,0.495095345377922
126,2020,0.486091690758864
126,2021,0.483211456487576
126,2022,0.488330084892611
126,2023,0.493668040260673
127,1996,0.343428661438326
127,1998,0.338051191978157
127,2000,0.335639510564506
127,2002,0.365584193679194
127,2003,0.350639677060147
127,2004,0.386497012774149
127,2005,0.285523847738902
127,2006,0.311030654112498
127,2007,0.333977194627126
127,2008,0.327030126253764
127,2009,0.328214733799299
127,2010,0.335968275864919
127,2011,0.329636092980703
127,2012,0.327308408419291
127,2013,0.329587717851003
127,2014,0.371679018934568
127,2015,0.378776518503825
127,2016,0.376754399140676
127,2017,0.380804795026779
127,2018,0.383306589722633
127,2019,0.377638027071953
127,2020,0.367131093144417
127,2021,0.369583216309547
127,2022,0.368280183275541
127,2023,0.381657810260852
129,1996,0.474816247820854
129,1998,0.440242595970631
129,2000,0.459694174925486
129,2002,0.46552832176288
129,2003,0.491762381543716
129,2004,0.48787116954724
129,2005,0.499221694966157
129,2006,0.486862064649661
129,2007,0.480929174522559
129,2008,0.465968017776807
129,2009,0.47569554982086
129,2010,0.480460072557132
129,2011,0.471899435917536
129,2012,0.484627272188664
129,2013,0.486196817954381
129,2014,0.465522835403681
129,2015,0.463830780982971
129,2016,0.466454228510459
129,2017,0.475095312530175
129,2018,0.485383499599993
129,2019,0.48217218692104
129,2020,0.485742637018363
129,2021,0.490372834851344
129,2022,0.505502878626188
129,2023,0.510145389537017
130,1996,0.361167188485463
130,1998,0.34441727300485
130,2000,0.361371213197708
130,2002,0.369097450375557
130,2003,0.385398778319359
130,2004,0.395012676715851
130,2005,0.395614085594813
130,2006,0.405559327701728
130,2007,0.400293044249217
130,2008,0.3963272412618
130,2009,0.375783585508664
130,2010,0.372782163818677
130,2011,0.384058972199758
130,2012,0.365189416209857
130,2013,0.363304726282756
130,2014,0.365220813949903
130,2015,0.367584654688835
130,2016,0.377127685149511
130,2017,0.392131553590298
130,2018,0.387658449014028
130,2019,0.380892098943392
130,2020,0.376618657509486
130,2021,0.383456277350585
130,2022,0.381618028258284
130,2023,0.36996989051501
131,1996,0.585283476859331
131,1998,0.595056310544411
131,2000,0.599673177053531
131,2002,0.589074883982539
131,2003,0.58591639349858
131,2004,0.592685223091394
131,2005,0.603018288314342
131,2006,0.606975317498048
131,2007,0.609948932379484
131,2008,0.616896890600522
131,2009,0.621881732344627
131,2010,0.627407334248225
131,2011,0.618576023976008
131,2012,0.620069974660873
131,2013,0.60804065366586
131,2014,0.609500312680999
131,2015,0.615053859849771
131,2016,0.619881096482277
131,2017,0.623071868220965
131,2018,0.689899929364522
131,2019,0.693870341777802
131,2020,0.680737845102946
131,2021,0.703882344563802
131,2022,0.708622740705808
131,2023,0.704750564197699
132,1996,0.632900317758322
132,1998,0.62729063530763
132,2000,0.622998770078023
132,2002,0.629921543225646
132,2003,0.636568420628707
132,2004,0.624271866182486
132,2005,0.612432379648089
132,2006,0.594878323624532
132,2007,0.58166494804124
132,2008,0.580513226923843
132,2009,0.596632992724577
132,2010,0.577694364637137
132,2011,0.555002815152208
132,2012,0.562952984287403
132,2013,0.560326042522987
132,2014,0.549972708523273
132,2015,0.545149148938556
132,2016,0.537122165908416
132,2017,0.544885459542275
132,2018,0.542446384330591
132,2019,0.536635876943668
132,2020,0.535596784452597
132,2021,0.551433347786466
132,2022,0.536562465441724
132,2023,0.541813578704993
133,1996,0.637909475962321
133,1998,0.596839830403527
133,2000,0.609667763610681
133,2002,0.617858641843001
133,2003,0.627446628113588
133,2004,0.622476633389791
133,2005,0.628845305244128
133,2006,0.624913920462131
133,2007,0.606229834755262
133,2008,0.621604549884796
133,2009,0.620986435810725
133,2010,0.621615722278754
133,2011,0.609071445465088
133,2012,0.627266726394494
133,2013,0.631776649753253
133,2014,0.629829015334447
133,2015,0.62346927523613
133,2016,0.632878094911575
133,2017,0.626238277554512
133,2018,0.62788300216198
133,2019,0.639107999205589
133,2020,0.640219649672508
133,2021,0.658354226748149
133,2022,0.647727755705516
133,2023,0.648866488536199
134,1996,0.597936241825422
134,1998,0.566034158319235
134,2000,0.563357957266271
134,2002,0.558106801907222
134,2003,0.557115513831377
134,2004,0.548914473698824
134,2005,0.560903013745944
134,2006,0.546333042780558
134,2007,0.5410276728527
134,2008,0.533830517778794
134,2009,0.525127419472362
134,2010,0.52229515335833
134,2011,0.51835512916247
134,2012,0.528440449759364
134,2013,0.530925989026825
134,2014,0.517320184782147
134,2015,0.538361012935638
134,2016,0.554155029853185
134,2017,0.569151083131631
134,2018,0.579436804540455
134,2019,0.565841726213694
134,2020,0.558217310160398
134,2021,0.575925552969178
134,2022,0.59641486008962
134,2023,0.555341434377866
135,1996,0.561660249903798
135,1998,0.524925077458223
135,2000,0.498181786636511
135,2002,0.488506483162443
135,2003,0.497407781332731
135,2004,0.506913958489895
135,2005,0.526084202528
135,2006,0.529564296578368
135,2007,0.532923466215531
135,2008,0.539831963678201
135,2009,0.536540841062864
135,2010,0.542903738965591
135,2011,0.537799917906523
135,2012,0.528482476870219
135,2013,0.534222780913115
135,2014,0.553664706388372
135,2015,0.560900373756886
135,2016,0.563500261306763
135,2017,0.577192888408899
135,2018,0.582713074951122
135,2019,0.590091869731744
135,2020,0.588863502287616
135,2021,0.606286149471998
135,2022,0.604018965860208
135,2023,0.598105650146802
136,1996,0.633219553530216
136,1998,0.609389886260033
136,2000,0.620695321758588
136,2002,0.619088403383891
136,2003,0.633903512358665
136,2004,0.62820288836956
136,2005,0.640817872683207
136,2006,0.628234760959943
136,2007,0.626149675746759
136,2008,0.620134318371614
136,2009,0.621619176367919
136,2010,0.617803861200809
136,2011,0.618696325520674
136,2012,0.626776956518491
136,2013,0.62629892428716
136,2014,0.625108340382576
136,2015,0.627730518579483
136,2016,0.620422512292862
136,2017,0.628609170516332
136,2018,0.626637820402781
136,2019,0.632949955264727
136,2020,0.633756258090337
136,2021,0.642477468649546
136,2022,0.644089516997337
136,2023,0.638749213516712
137,1996,0.589163743487249
137,1998,0.559952748566866
137,2000,0.614093547562758
137,2002,0.632989903911948
137,2003,0.641715061416229
137,2004,0.641189523041248
137,2005,0.648679778973261
137,2006,0.668651846051216
137,2007,0.658466148376465
137,2008,0.656430856386821
137,2009,0.66236131588618
137,2010,0.648909723758697
137,2011,0.641669323047002
137,2012,0.628560690085093
137,2013,0.603030663232009
137,2014,0.607960981937746
137,2015,0.617470195889473
137,2016,0.600363383193811
137,2017,0.599045814573765
137,2018,0.586377854195113
137,2019,0.580770433445772
137,2020,0.589053967191527
137,2021,0.568951171636581
137,2022,0.578795839411517
137,2023,0.60725418291986
138,1996,0.5719300703456
138,1998,0.556253755589326
138,2000,0.577729657789071
138,2002,0.568082802494367
138,2003,0.576597291727861
138,2004,0.586093281209469
138,2005,0.591552373735855
138,2006,0.578614305704832
138,2007,0.569324283550183
138,2008,0.559592957297961
138,2009,0.572529263546069
138,2010,0.551844154795011
138,2011,0.541870587567488
138,2012,0.550997314602137
138,2013,0.550036410490672
138,2014,0.544438493251801
138,2015,0.540109424789747
138,2016,0.521745976308982
138,2017,0.53093585173289
138,2018,0.53689721574386
138,2019,0.517897155384223
138,2020,0.528060466051102
138,2021,0.553270260741313
138,2022,0.566157998517156
138,2023,0.564004841198524
139,1996,0.604674767951171
139,1998,0.605847359945377
139,2000,0.611584841956695
139,2002,0.68899607360363
139,2003,0.703097782532374
139,2004,0.711535050471624
139,2005,0.706347705920538
139,2006,0.720289087295532
139,2007,0.739025290807089
139,2008,0.745560294389725
139,2009,0.748774083455404
139,2010,0.755641766389211
139,2011,0.746817435820898
139,2012,0.747803397973379
139,2013,0.758869671821594
139,2014,0.771849685907364
139,2015,0.786402412255605
139,2016,0.802167455355326
139,2017,0.817576185862223
139,2018,0.854240250587463
139,2019,0.862010327974955
139,2020,0.871060411135356
139,2021,0.869544013341268
139,2022,0.846004780133565
139,2023,0.839577865600586
140,1996,0.332906553149223
140,1998,0.332960014541944
140,2000,0.327970183889071
140,2002,0.331371802091599
140,2003,0.328035098314285
140,2004,0.315403870741526
140,2005,0.329967683553696
140,2006,0.338092792034149
140,2007,0.339068714777629
140,2008,0.352923556168874
140,2009,0.357457123200099
140,2010,0.358650371432304
140,2011,0.352932683626811
140,2012,0.35489129225413
140,2013,0.353389749924342
140,2014,0.343135188884205
140,2015,0.345538494355148
140,2016,0.314996804661221
140,2017,0.304944179322985
140,2018,0.306116493410534
140,2019,0.321543830500709
140,2020,0.355777873463101
140,2021,0.353554906315274
140,2022,0.349744194613563
140,2023,0.365854654577043
141,1996,0.188067616356744
141,1998,0.188395519389047
141,2000,0.184754760397805
141,2002,0.181231798066033
141,2003,0.182569687896305
141,2004,0.176681227816476
141,2005,0.184457772307926
141,2006,0.17951657904519
141,2007,0.17599376572503
141,2008,0.180170982413822
141,2009,0.182723420858383
141,2010,0.182522853215535
141,2011,0.175639512141546
141,2012,0.180859755476316
141,2013,0.181099769473076
141,2014,0.187940134604772
141,2015,0.193463268876076
141,2016,0.198867316047351
141,2017,0.20150571167469
141,2018,0.198200498024623
141,2019,0.200100832184156
141,2020,0.197498230139415
141,2021,0.193198588490486
141,2022,0.198088158170382
141,2023,0.198193367322286
143,1996,0.192112612724304
143,1998,0.182506295045217
143,2000,0.148016742865245
143,2002,0.146351885795593
143,2003,0.137028475602468
143,2004,0.139208642641703
143,2005,0.139173579216003
143,2006,0.154299326737721
143,2007,0.158637169996897
143,2008,0.168183338642121
143,2009,0.200344526767731
143,2010,0.212977574268977
143,2011,0.20314830938975
143,2012,0.205324804782867
143,2013,0.203291324774424
143,2014,0.205647297700246
143,2015,0.20238851706187
143,2016,0.209820528825124
143,2017,0.202688002586365
143,2018,0.196556496620178
143,2019,0.19452623128891
143,2020,0.196906205018362
143,2021,0.189020891984304
143,2022,0.20607176621755
143,2023,0.207590198516846
144,1996,0.147876560688019
144,1998,0.154511511325836
144,2000,0.168763943513234
144,2002,0.162877174218495
144,2003,0.174414571126302
144,2004,0.157540416717529
144,2005,0.16045864423116
144,2006,0.167307360967001
144,2007,0.168196773529053
144,2008,0.170371659596761
144,2009,0.167118163903554
144,2010,0.15733152627945
144,2011,0.153139086564382
144,2012,0.143522628148397
144,2013,0.137264462312063
144,2014,0.149558460712433
144,2015,0.152101131280263
144,2016,0.149674924214681
144,2017,0.141086979707082
144,2018,0.152269347508749
144,2019,0.15347071091334
144,2020,0.149347805976868
144,2021,0.157770093282064
144,2022,0.16905781229337
144,2023,0.166164211432139
145,1996,0.228647445307838
145,1998,0.228647445307838
145,2000,0.228647445307838
145,2002,0.228647445307838
145,2003,0.228647445307838
145,2004,0.228647445307838
145,2005,0.228647445307838
145,2006,0.228647445307838
145,2007,0.228647445307838
145,2008,0.228647445307838
145,2009,0.23209095398585
145,2010,0.225300494829814
145,2011,0.216758398214976
145,2012,0.216143057743709
145,2013,0.217889030774434
145,2014,0.219055775801341
145,2015,0.225553178787231
145,2016,0.226592173178991
145,2017,0.227246310313542
145,2018,0.225575083494187
145,2019,0.229766964912415
145,2020,0.231799487272898
145,2021,0.234999106327693
145,2022,0.249364763498307
145,2023,0.251576900482178
146,1996,0.239304879049206
146,1998,0.239658772686863
146,2000,0.240696520679272
146,2002,0.241499608827707
146,2003,0.250504794458293
146,2004,0.254460570967605
146,2005,0.250677633912772
146,2006,0.247138573318465
146,2007,0.248896927227322
146,2008,0.252614348719263
146,2009,0.260080094020973
146,2010,0.251568853116443
146,2011,0.24450953586234
146,2012,0.245999730626742
146,2013,0.245632380743821
146,2014,0.274890083736844
146,2015,0.270613255020645
146,2016,0.280865516348018
146,2017,0.283958793265952
146,2018,0.285557514470485
146,2019,0.279732894400756
146,2020,0.280922313696808
146,2021,0.278893253207207
146,2022,0.270508654415607
146,2023,0.270588572654459
147,1996,0.317719678371213
147,1998,0.320791323832236
147,2000,0.316849732127351
147,2002,0.319125614540341
147,2003,0.31946812592602
147,2004,0.314391398429871
147,2005,0.313045235102375
147,2006,0.316446594335139
147,2007,0.320708944058666
147,2008,0.326292974998554
147,2009,0.307693968464931
147,2010,0.305548715467254
147,2011,0.307916329676906
147,2012,0.308947989096244
147,2013,0.310397026439508
147,2014,0.305039494302538
147,2015,0.307996990039117
147,2016,0.303229266533421
147,2017,0.297724891520209
147,2018,0.299099974082266
147,2019,0.305332728293207
147,2020,0.323982646382517
147,2021,0.321221833866504
147,2022,0.320599382436938
147,2023,0.33103335497073
148,1996,0.430198607910868
148,1998,0.427144706317978
148,2000,0.429466317166087
148,2002,0.431398538817164
148,2003,0.435024919748927
148,2004,0.433028268814087
148,2005,0.465973451671501
148,2006,0.448179436971744
148,2007,0.460596608618895
148,2008,0.47813507852455
148,2009,0.499233887096246
148,2010,0.504809300849835
148,2011,0.493737233430147
148,2012,0.495134054496884
148,2013,0.494174503348768
148,2014,0.485555979112784
148,2015,0.478606761495272
148,2016,0.455758197108904
148,2017,0.432627641161283
148,2018,0.422672551125288
148,2019,0.404047534614801
148,2020,0.384767599900563
148,2021,0.395420358578364
148,2022,0.401239457229773
148,2023,0.406200597435236
149,1996,0.309782726139229
149,1998,0.30823215816184
149,2000,0.302454030075614
149,2002,0.306591060474489
149,2003,0.312249804027052
149,2004,0.334875387691698
149,2005,0.325865918068839
149,2006,0.340152441482669
149,2007,0.333175868099518
149,2008,0.329856486684801
149,2009,0.340919588011549
149,2010,0.341320281149754
149,2011,0.3372693655592
149,2012,0.334951010843385
149,2013,0.342352309618483
149,2014,0.320087331946154
149,2015,0.32867083415373
149,2016,0.33649046043678
149,2017,0.336727290024734
149,2018,0.338076649668643
149,2019,0.344475085689676
149,2020,0.342066996151734
149,2021,0.335281067478026
149,2022,0.337534524193789
149,2023,0.345007104551161
150,1996,0.309782726139229
150,1998,0.30823215816184
150,2000,0.302454030075614
150,2002,0.306591060474489
150,2003,0.312249804027052
150,2004,0.334875387691698
150,2005,0.325865918068839
150,2006,0.340152441482669
150,2007,0.333175868099518
150,2008,0.329856486684801
150,2009,0.340919588011549
150,2010,0.341320281149754
150,2011,0.3372693655592
150,2012,0.334951010843385
150,2013,0.342352309618483
150,2014,0.320087331946154
150,2015,0.32867083415373
150,2016,0.33649046043678
150,2017,0.336727290024734
150,2018,0.338076649668643
150,2019,0.344475085689676
150,2020,0.342066996151734
150,2021,0.335281067478026
150,2022,0.337534524193789
150,2023,0.345007104551161
151,1996,0.342432868072674
151,1998,0.342432868072674
151,2000,0.342432868072674
151,2002,0.342432868072674
151,2003,0.342432868072674
151,2004,0.391922953724861
151,2005,0.37023235609134
151,2006,0.39240637421608
151,2007,0.360124173760414
151,2008,0.357450287540753
151,2009,0.357248545686404
151,2010,0.359030595421791
151,2011,0.359594182173411
151,2012,0.359523471196493
151,2013,0.360431413849195
151,2014,0.325205944691386
151,2015,0.329949108972436
151,2016,0.329340486938045
151,2017,0.320092446321533
151,2018,0.321515114818301
151,2019,0.310779658953349
151,2020,0.313229980071386
151,2021,0.312013433376948
151,2022,0.307327489058177
151,2023,0.311239344591186
152,1996,0.386729942634702
152,1998,0.38659068569541
152,2000,0.386524727505942
152,2002,0.389324623594681
152,2003,0.384535126884778
152,2004,0.414810547201584
152,2005,0.381551345561941
152,2006,0.387958245724439
152,2007,0.398477572451035
152,2008,0.410416570305824
152,2009,0.428760752081871
152,2010,0.4406480910955
152,2011,0.434059962630272
152,2012,0.436766930172841
152,2013,0.429266493270795
152,2014,0.389136293033759
152,2015,0.382104503860076
152,2016,0.37760544170936
152,2017,0.362135934829712
152,2018,0.368030578891436
152,2019,0.368730613589287
152,2020,0.367093792557716
152,2021,0.383467322091262
152,2022,0.378813151518504
152,2023,0.367746901512146
153,1996,0.481723468653632
153,1998,0.481723468653632
153,2000,0.481723468653632
153,2002,0.481723468653632
153,2003,0.481723468653632
153,2004,0.481723468653632
153,2005,0.343765533941262
153,2006,0.358095462100975
153,2007,0.368866228538029
153,2008,0.481723468653632
153,2009,0.58449741601944
153,2010,0.581914892792702
153,2011,0.584403785318136
153,2012,0.587787934889396
153,2013,0.587471194813649
153,2014,0.481723468653632
153,2015,0.481723468653632
153,2016,0.481723468653632
153,2017,0.481723468653632
153,2018,0.462121997450789
153,2019,0.45905842003723
153,2020,0.458681277607878
153,2021,0.455303426757455
153,2022,0.456850157181422
153,2023,0.455310833702485
154,1996,0.512188611576955
154,1998,0.512188611576955
154,2000,0.512188611576955
154,2002,0.512188611576955
154,2003,0.512188611576955
154,2004,0.512188611576955
154,2005,0.512188611576955
154,2006,0.512188611576955
154,2007,0.512188611576955
154,2008,0.512188611576955
154,2009,0.58449741601944
154,2010,0.574435905615489
154,2011,0.574694655338923
154,2012,0.578089640537898
154,2013,0.577520166834195
154,2014,0.512188611576955
154,2015,0.512188611576955
154,2016,0.512188611576955
154,2017,0.512188611576955
154,2018,0.48718138958017
154,2019,0.478820995738109
154,2020,0.482104154676199
154,2021,0.482291754335165
154,2022,0.390542655189832
154,2023,0.42389599348108
155,1996,0.479680448900132
155,1998,0.476684847603707
155,2000,0.478974703083901
155,2002,0.487218797957369
155,2003,0.523043998957146
155,2004,0.511044522499045
155,2005,0.540128067135811
155,2006,0.554786885840197
155,2007,0.553674876193206
155,2008,0.552050059164564
155,2009,0.549923985575636
155,2010,0.502907391885916
155,2011,0.499297938651095
155,2012,0.504079068948825
155,2013,0.496256883318226
155,2014,0.478403801082944
155,2015,0.497694214681784
155,2016,0.478931491573652
155,2017,0.472108802696069
155,2018,0.444268342355887
155,2019,0.442568468054136
155,2020,0.439202286799749
155,2021,0.438045275211334
155,2022,0.446549293895563
155,2023,0.443655794113875
156,1996,0.380149617228996
156,1998,0.381769594650226
156,2000,0.383781929579799
156,2002,0.385576032036633
156,2003,0.383035414517679
156,2004,0.375221155518384
156,2005,0.337634153871825
156,2006,0.34398445590578
156,2007,0.346578439615592
156,2008,0.383990755115043
156,2009,0.439393291208479
156,2010,0.434794963399569
156,2011,0.431064579966995
156,2012,0.435213210433722
156,2013,0.43462605567442
156,2014,0.374475833873707
156,2015,0.375438715120909
156,2016,0.375540294681083
156,2017,0.375617331697634
156,2018,0.364032033557693
156,2019,0.363373920793335
156,2020,0.364324924821655
156,2021,0.367555138940613
156,2022,0.337220742636257
156,2023,0.345553811026944
157,1996,0.430198607910868
157,1998,0.427144706317978
157,2000,0.429466317166087
157,2002,0.431398538817164
157,2003,0.435024919748927
157,2004,0.433028268814087
157,2005,0.465973451671501
157,2006,0.448179436971744
157,2007,0.460596608618895
157,2008,0.47813507852455
157,2009,0.499233887096246
157,2010,0.504809300849835
157,2011,0.493737233430147
157,2012,0.495134054496884
157,2013,0.494174503348768
157,2014,0.485555979112784
157,2015,0.478606761495272
157,2016,0.455758197108904
157,2017,0.432627641161283
157,2018,0.422672551125288
157,2019,0.404047534614801
157,2020,0.384767599900563
157,2021,0.395420358578364
157,2022,0.401239457229773
157,2023,0.406200597435236
158,1996,0.309782726139229
158,1998,0.30823215816184
158,2000,0.302454030075614
158,2002,0.306591060474489
158,2003,0.312249804027052
158,2004,0.334875387691698
158,2005,0.325865918068839
158,2006,0.340152441482669
158,2007,0.333175868099518
158,2008,0.329856486684801
158,2009,0.340919588011549
158,2010,0.341320281149754
158,2011,0.3372693655592
158,2012,0.334951010843385
158,2013,0.342352309618483
158,2014,0.320087331946154
158,2015,0.32867083415373
158,2016,0.33649046043678
158,2017,0.336727290024734
158,2018,0.338076649668643
158,2019,0.344475085689676
158,2020,0.342066996151734
158,2021,0.335281067478026
158,2022,0.337534524193789
158,2023,0.345007104551161
159,1996,0.309782726139229
159,1998,0.30823215816184
159,2000,0.302454030075614
159,2002,0.306591060474489
159,2003,0.312249804027052
159,2004,0.334875387691698
159,2005,0.325865918068839
159,2006,0.340152441482669
159,2007,0.333175868099518
159,2008,0.329856486684801
159,2009,0.340919588011549
159,2010,0.341320281149754
159,2011,0.3372693655592
159,2012,0.334951010843385
159,2013,0.342352309618483
159,2014,0.320087331946154
159,2015,0.32867083415373
159,2016,0.33649046043678
159,2017,0.336727290024734
159,2018,0.338076649668643
159,2019,0.344475085689676
159,2020,0.342066996151734
159,2021,0.335281067478026
159,2022,0.337534524193789
159,2023,0.345007104551161
161,1996,0.317719678371213
161,1998,0.320791323832236
161,2000,0.316849732127351
161,2002,0.319125614540341
161,2003,0.31946812592602
161,2004,0.314391398429871
161,2005,0.313045235102375
161,2006,0.316446594335139
161,2007,0.320708944058666
161,2008,0.326292974998554
161,2009,0.307693968464931
161,2010,0.305548715467254
161,2011,0.307916329676906
161,2012,0.308947989096244
161,2013,0.310397026439508
161,2014,0.305039494302538
161,2015,0.307996990039117
161,2016,0.303229266533421
161,2017,0.297724891520209
161,2018,0.299099974082266
161,2019,0.305332728293207
161,2020,0.323982646382517
161,2021,0.321221833866504
161,2022,0.320599382436938
161,2023,0.33103335497073
162,1996,0.146536771456401
162,1998,0.151396703720093
162,2000,0.157433708508809
162,2002,0.162816015879313
162,2003,0.155194163322449
162,2004,0.131751386324565
162,2005,0.156948316097259
162,2006,0.161669294039409
162,2007,0.158680478731791
162,2008,0.158060185114543
162,2009,0.149185041586558
162,2010,0.148034091790517
162,2011,0.134095299243927
162,2012,0.139762055873871
162,2013,0.138886805375417
162,2014,0.129515421390533
162,2015,0.132404065132141
162,2016,0.132708803812662
162,2017,0.132939914862315
162,2018,0.14279271364212
162,2019,0.152242346604665
162,2020,0.152189342180888
162,2021,0.165070235729218
162,2022,0.164269415537516
162,2023,0.157454605897268
163,1996,0.217568361759186
163,1998,0.211952883005142
163,2000,0.200592883427938
163,2002,0.226892785231272
163,2003,0.240458426624536
163,2004,0.245872961481412
163,2005,0.252110460028052
163,2006,0.241578696171443
163,2007,0.246351204315821
163,2008,0.235639744997024
163,2009,0.255877981583277
163,2010,0.251185708244642
163,2011,0.248659561077754
163,2012,0.245570627848307
163,2013,0.254057347774506
163,2014,0.254336003462474
163,2015,0.254402259985606
163,2016,0.255542053778966
163,2017,0.254799526929855
163,2018,0.256658557057381
163,2019,0.286133349438508
163,2020,0.309475922274093
163,2021,0.299687086573491
163,2022,0.299255634751171
163,2023,0.301033730556567
164,1996,0.434232572466135
164,1998,0.435000126188
164,2000,0.440383742625515
164,2002,0.448337690904737
164,2003,0.436637954662243
164,2004,0.464247239008546
164,2005,0.47461984877785
164,2006,0.502546755038202
164,2007,0.507787386203806
164,2008,0.509826416770617
164,2009,0.506109549229344
164,2010,0.504862205994626
164,2011,0.518557453652223
164,2012,0.5064414391915
164,2013,0.504544128850102
164,2014,0.547037101288636
164,2015,0.549035159498453
164,2016,0.556940117726723
164,2017,0.563529558790227
164,2018,0.562594648629116
164,2019,0.555850533892711
164,2020,0.537798726558685
164,2021,0.542239169279734
164,2022,0.521773297091325
164,2023,0.518142997721831
166,1996,0.470205476880074
166,1998,0.461776479085286
166,2000,0.477494689100422
166,2002,0.510294182846944
166,2003,0.520175186047951
166,2004,0.515915643175443
166,2005,0.521292093892892
166,2006,0.499305364986261
166,2007,0.49050420721372
166,2008,0.493217724561691
166,2009,0.500481936335564
166,2010,0.504454571008682
166,2011,0.486841187377771
166,2012,0.493463128432632
166,2013,0.487967699021101
166,2014,0.489988605181376
166,2015,0.482366772151242
166,2016,0.461158458888531
166,2017,0.458482927704851
166,2018,0.456915283203125
166,2019,0.458364248027404
166,2020,0.46111189511915
166,2021,0.461707901457945
166,2022,0.444830502259234
166,2023,0.461071744809548
167,1996,0.530311878522237
167,1998,0.509925762812297
167,2000,0.534981873258948
167,2002,0.544143697619438
167,2003,0.54351785822461
167,2004,0.564527085671822
167,2005,0.596731401483218
167,2006,0.589855200797319
167,2007,0.571397132550677
167,2008,0.580761248866717
167,2009,0.581270802269379
167,2010,0.571993298828602
167,2011,0.57651775572449
167,2012,0.583628466391626
167,2013,0.57741387989372
167,2014,0.569510106742382
167,2015,0.567184037466844
167,2016,0.538566911841432
167,2017,0.542847911889354
167,2018,0.5465777511398
167,2019,0.553185083468755
167,2020,0.550488861401876
167,2021,0.542831466098627
167,2022,0.539624853866796
167,2023,0.549662147834897
168,1996,0.525950107226769
168,1998,0.499617187601204
168,2000,0.488344289486607
168,2002,0.49222193111976
168,2003,0.489172298585375
168,2004,0.506580401336153
168,2005,0.50457229912281
168,2006,0.523027002780388
168,2007,0.51983292348062
168,2008,0.507557145692408
168,2009,0.516150947411855
168,2010,0.523356924330195
168,2011,0.517958296090364
168,2012,0.515707173539947
168,2013,0.510187047285338
168,2014,0.521054029464722
168,2015,0.527900356054306
168,2016,0.531912779808044
168,2017,0.534433916707834
168,2018,0.544303017854691
168,2019,0.546043276290099
168,2020,0.537782735129197
168,2021,0.540984281897545
168,2022,0.549958348274231
168,2023,0.5465313150237
169,1996,0.3561037791272
169,1998,0.356164528429508
169,2000,0.359017583727837
169,2002,0.355681263407072
169,2003,0.353883479038874
169,2004,0.393682053685188
169,2005,0.371039704978466
169,2006,0.381160237143437
169,2007,0.389813501263658
169,2008,0.38666354517142
169,2009,0.299004754424095
169,2010,0.298625256121158
169,2011,0.301150235037009
169,2012,0.300230603416761
169,2013,0.300424105922381
169,2014,0.284695895512898
169,2015,0.280264542500178
169,2016,0.28262312412262
169,2017,0.283244210481644
169,2018,0.282309391101201
169,2019,0.294233720004558
169,2020,0.296546001235644
169,2021,0.298930656909943
169,2022,0.300382933020592
169,2023,0.302668646971385
171,1996,0.502222176020344
171,1998,0.501414763430754
171,2000,0.481480344136556
171,2002,0.474555965264638
171,2003,0.485071766702458
171,2004,0.51234763028721
171,2005,0.518524960925182
171,2006,0.525016812980175
171,2007,0.520925562269986
171,2008,0.503340663574636
171,2009,0.484062440196673
171,2010,0.471839902394762
171,2011,0.47665857039392
171,2012,0.486240792398651
171,2013,0.500130063543717
171,2014,0.507386114199956
171,2015,0.531844956676165
171,2016,0.533859853446484
171,2017,0.544792623817921
171,2018,0.555991294980049
171,2019,0.546683703362942
171,2020,0.546573995302121
171,2021,0.552687021593253
171,2022,0.560089968144894
171,2023,0.556046748161316
172,1996,0.461290892958641
172,1998,0.473936794449886
172,2000,0.49061292031159
172,2002,0.593461069961389
172,2003,0.566450036689639
172,2004,0.570450722302
172,2005,0.544377539803584
172,2006,0.538377772108652
172,2007,0.535846747489025
172,2008,0.556320173790057
172,2009,0.573985835909843
172,2010,0.55103949457407
172,2011,0.539920392135779
172,2012,0.559178225696087
172,2013,0.564358642697334
172,2014,0.575117757404223
172,2015,0.561895894445479
172,2016,0.501905210316181
172,2017,0.497213627398014
172,2018,0.498011965847885
172,2019,0.52117667272687
172,2020,0.52966461032629
172,2021,0.543698920988633
172,2022,0.548763540138801
172,2023,0.540845309694608
173,1996,0.347836709022522
173,1998,0.340982286135356
173,2000,0.346795973181725
173,2002,0.344744282960892
173,2003,0.358987798293432
173,2004,0.387091227372487
173,2005,0.362864002585411
173,2006,0.353601135810216
173,2007,0.343125509222349
173,2008,0.339809203147888
173,2009,0.332294682661693
173,2010,0.323711264133453
173,2011,0.325035971403122
173,2012,0.340737078587214
173,2013,0.334103449185689
173,2014,0.319728374481201
173,2015,0.326070454716682
173,2016,0.324537239472072
173,2017,0.331083469589551
173,2018,0.329282546043396
173,2019,0.323038601875305
173,2020,0.30696008404096
173,2021,0.295492734511693
173,2022,0.289587678511937
173,2023,0.29781161348025
174,1996,0.156054393450419
174,1998,0.13987774848938
174,2000,0.118431560198466
174,2002,0.116965250174205
174,2003,0.112914685408274
174,2004,0.11062380472819
174,2005,0.122205889225006
174,2006,0.127391846974691
174,2007,0.141591552893321
174,2008,0.140255057811737
174,2009,0.127895152568817
174,2010,0.129325644175212
174,2011,0.130633413791657
174,2012,0.126525239149729
174,2013,0.12876615524292
174,2014,0.132974294821421
174,2015,0.149690854549408
174,2016,0.154770298798879
174,2017,0.146689550081889
174,2018,0.150653719902039
174,2019,0.155396807193756
174,2020,0.148924299081167
174,2021,0.14568671186765
174,2022,0.158663332462311
174,2023,0.165368626515071
175,1996,0.14748778740565
175,1998,0.148143593470255
175,2000,0.140862075487773
175,2002,0.133816150824229
175,2003,0.136491930484771
175,2004,0.124715010325114
175,2005,0.140268099308014
175,2006,0.130385712782542
175,2007,0.123340086142222
175,2008,0.131694519519806
175,2009,0.133355887730917
175,2010,0.139745211601257
175,2011,0.134520626068115
175,2012,0.145576453208924
175,2013,0.144310508171717
175,2014,0.156824493408203
175,2015,0.16137335896492
175,2016,0.171142458915711
175,2017,0.175765113035838
175,2018,0.170825912555059
175,2019,0.170434699455897
175,2020,0.163196973005931
175,2021,0.151398070653279
175,2022,0.146811552842458
175,2023,0.144809834162394
176,1996,0.188723270098368
176,1998,0.193407372633616
176,2000,0.186740760008494
176,2002,0.193195211887359
176,2003,0.221198576688767
176,2004,0.215602837006251
176,2005,0.202732632557551
176,2006,0.194369530677795
176,2007,0.197936993837357
176,2008,0.207884313662847
176,2009,0.210623073577881
176,2010,0.213835628827413
176,2011,0.213313164313634
176,2012,0.209457325935364
176,2013,0.205704867839813
176,2014,0.187138468027115
176,2015,0.1995687464873
176,2016,0.204548466205597
176,2017,0.207790555556615
176,2018,0.206978436311086
176,2019,0.214690816402435
176,2020,0.224798315763474
176,2021,0.21952137351036
176,2022,0.22650226354599
176,2023,0.236461977163951
177,1996,0.145185967286428
177,1998,0.138132500648499
177,2000,0.126875452200571
177,2002,0.156654357910156
177,2003,0.16443518002828
177,2004,0.157915170987447
177,2005,0.168018802007039
177,2006,0.175988078117371
177,2007,0.174884845813115
177,2008,0.177956326802571
177,2009,0.174214712778727
177,2010,0.173582665125529
177,2011,0.160983844598135
177,2012,0.155960353215536
177,2013,0.162582059701284
177,2014,0.162504371007284
177,2015,0.17231901884079
177,2016,0.169104297955831
177,2017,0.174609438578288
177,2018,0.173497112592061
177,2019,0.182546865940094
177,2020,0.179642548163732
177,2021,0.181661659479142
177,2022,0.195364365975062
177,2023,0.195311679442723
178,1996,0.341509006420771
178,1998,0.341516713301341
178,2000,0.367126093308131
178,2002,0.367041490475337
178,2003,0.376433788736661
178,2004,0.403645881513755
178,2005,0.390545905629794
178,2006,0.405646201968193
178,2007,0.387241911888123
178,2008,0.360856819152832
178,2009,0.348673379421234
178,2010,0.335522747039795
178,2011,0.332932734489441
178,2012,0.325145208835602
178,2013,0.327715639273326
178,2014,0.322205336888631
178,2015,0.33013808131218
178,2016,0.358282208442688
178,2017,0.375287427504857
178,2018,0.379611643155416
178,2019,0.374962799747785
178,2020,0.38582358956337
178,2021,0.395705442627271
178,2022,0.399346126119296
178,2023,0.386273066202799
179,1996,0.258987192312876
179,1998,0.271159563461939
179,2000,0.257529971996943
179,2002,0.26656820376714
179,2003,0.273072737455368
179,2004,0.249665832519531
179,2005,0.248223991195361
179,2006,0.244007990757624
179,2007,0.250423828760783
179,2008,0.246728366613388
179,2009,0.255865611632665
179,2010,0.245191548268
179,2011,0.257016044855118
179,2012,0.260016512870789
179,2013,0.266446977853775
179,2014,0.275095708171526
179,2015,0.284924599776665
179,2016,0.295011453082164
179,2017,0.283453329404195
179,2018,0.286119567571829
179,2019,0.274145125349363
179,2020,0.294606464107831
179,2021,0.28567143479983
179,2022,0.29007733464241
179,2023,0.294605877002081
180,1996,0.174478061993917
180,1998,0.175065344572067
180,2000,0.177649223804474
180,2002,0.196720250447592
180,2003,0.211707099278768
180,2004,0.204960939288139
180,2005,0.220248645792405
180,2006,0.196403481562932
180,2007,0.204232704639434
180,2008,0.213348964850108
180,2009,0.237652271737655
180,2010,0.218976805607478
180,2011,0.227456826965014
180,2012,0.221155732870102
180,2013,0.216772702336311
180,2014,0.208161785205205
180,2015,0.201883469025294
180,2016,0.218091398477554
180,2017,0.221980783343315
180,2018,0.233334435770909
180,2019,0.227602271238963
180,2020,0.245167854428291
180,2021,0.250574613610903
180,2022,0.245658767223358
180,2023,0.254881701866786
181,1996,0.196037058035532
181,1998,0.187333154678345
181,2000,0.19029747247696
181,2002,0.199000851313273
181,2003,0.21325272321701
181,2004,0.216139173507691
181,2005,0.189674293994903
181,2006,0.187742900848388
181,2007,0.183837866783142
181,2008,0.184822030862172
181,2009,0.202251537640889
181,2010,0.208356511592865
181,2011,0.213271371523539
181,2012,0.215018244584401
181,2013,0.211797734101613
181,2014,0.193970588843027
181,2015,0.201298340161641
181,2016,0.22334661881129
181,2017,0.231949822107951
181,2018,0.224926888942719
181,2019,0.236060184240341
181,2020,0.225033271312713
181,2021,0.220343522230784
181,2022,0.209057140350342
181,2023,0.202175019184749
182,1996,0.27124417523543
182,1998,0.270422640442849
182,2000,0.253462612628937
182,2002,0.254195909698804
182,2003,0.268638128042221
182,2004,0.288725302368403
182,2005,0.280815129975477
182,2006,0.325585593779882
182,2007,0.323950377106666
182,2008,0.322261553009351
182,2009,0.331930938363075
182,2010,0.325917040308316
182,2011,0.317576632152001
182,2012,0.325093863097331
182,2013,0.331547374433527
182,2014,0.339590624968211
182,2015,0.341605590283871
182,2016,0.330988553166389
182,2017,0.341366654634475
182,2018,0.33987292945385
182,2019,0.33361908296744
182,2020,0.346746435761452
182,2021,0.340912326176961
182,2022,0.348747740189234
182,2023,0.353996482491493
183,1996,0.235507222016653
183,1998,0.250116717815399
183,2000,0.266917506853739
183,2002,0.244443865617116
183,2003,0.252540139357249
183,2004,0.265832193692525
183,2005,0.264548361301422
183,2006,0.29659615556399
183,2007,0.297965123256048
183,2008,0.285405993461609
183,2009,0.293290875355403
183,2010,0.312908357381821
183,2011,0.317660941680272
183,2012,0.312711717685064
183,2013,0.308033702770869
183,2014,0.310944873094559
183,2015,0.29577648639679
183,2016,0.300033009052276
183,2017,0.285965879758199
183,2018,0.291191405057907
183,2019,0.293658196926117
183,2020,0.301882382233937
183,2021,0.309757175048193
183,2022,0.311385303735733
183,2023,0.318975172440211
184,1996,0.320014367500941
184,1998,0.330342387159665
184,2000,0.333013502756754
184,2002,0.340058408180873
184,2003,0.354033250610034
184,2004,0.36298013428847
184,2005,0.366284980376561
184,2006,0.373850685358048
184,2007,0.383680993318558
184,2008,0.382072457671166
184,2009,0.38804737875859
184,2010,0.382112736503283
184,2011,0.389574935038884
184,2012,0.39283109853665
184,2013,0.391059244672457
184,2014,0.400127763859928
184,2015,0.402805755473673
184,2016,0.397292264799277
184,2017,0.401292222241561
184,2018,0.404332436124484
184,2019,0.393785744905472
184,2020,0.399377589921157
184,2021,0.391857672234376
184,2022,0.389170625805855
184,2023,0.37018639643987
185,1996,0.239206364514336
185,1998,0.236423215033516
185,2000,0.23753208991081
185,2002,0.23855673547775
185,2003,0.243340182304382
185,2004,0.246280392011007
185,2005,0.250844351450602
185,2006,0.244494430224101
185,2007,0.246914452314377
185,2008,0.245124554634094
185,2009,0.246007589499156
185,2010,0.246167264382045
185,2011,0.249065421024958
185,2012,0.249470512072245
185,2013,0.248362600803375
185,2014,0.237807892759641
185,2015,0.213680934906006
185,2016,0.21864874958992
185,2017,0.205785264571507
185,2018,0.213285551468531
185,2019,0.213392547766367
185,2020,0.238455009460449
185,2021,0.235564476251602
185,2022,0.229859334230423
185,2023,0.235309990247091
186,1996,0.488644059816216
186,1998,0.513518693225868
186,2000,0.4959306336217
186,2002,0.479512045739628
186,2003,0.500558725175547
186,2004,0.502811570890037
186,2005,0.49712782325568
186,2006,0.522467543184757
186,2007,0.520521239191294
186,2008,0.480239130308231
186,2009,0.471843710759034
186,2010,0.480591615413626
186,2011,0.481059984790772
186,2012,0.473961562290788
186,2013,0.479714725663265
186,2014,0.473780492320657
186,2015,0.48318854359289
186,2016,0.483433854579925
186,2017,0.488000793755054
186,2018,0.480998184609537
186,2019,0.481799818746125
186,2020,0.492882982517282
186,2021,0.487392262990276
186,2022,0.486491715908051
186,2023,0.46962978305916
187,1996,0.549397074307005
187,1998,0.544158748909831
187,2000,0.467655967051784
187,2002,0.437046858668327
187,2003,0.427342557658752
187,2004,0.413270717983445
187,2005,0.431971353540818
187,2006,0.434673244506121
187,2007,0.430375563229124
187,2008,0.43324438923349
187,2009,0.429510412365198
187,2010,0.424687323657175
187,2011,0.425766202186545
187,2012,0.423460412522157
187,2013,0.417107533415159
187,2014,0.416467354198297
187,2015,0.42785912056764
187,2016,0.422128415107727
187,2017,0.421178153405587
187,2018,0.413603195299705
187,2019,0.415009898195664
187,2020,0.420424466828505
187,2021,0.413934394220511
187,2022,0.403722583750884
187,2023,0.397781822582086
188,1996,0.275076285998026
188,1998,0.280338730414708
188,2000,0.328818454345067
188,2002,0.308900111913681
188,2003,0.305364763736725
188,2004,0.304347435633342
188,2005,0.30869674483935
188,2006,0.305630817015966
188,2007,0.306464976072311
188,2008,0.297501868009567
188,2009,0.294357421000798
188,2010,0.313044595718384
188,2011,0.310574096441269
188,2012,0.319336491823197
188,2013,0.325774427254995
188,2014,0.323430057366689
188,2015,0.327870213985443
188,2016,0.31532148718834
188,2017,0.32209666967392
188,2018,0.318352458874384
188,2019,0.306960479418437
188,2020,0.317201894521713
188,2021,0.322847918669383
188,2022,0.327089269955953
188,2023,0.317203233639399
189,1996,0.367432240645091
189,1998,0.385159868001938
189,2000,0.410468174268802
189,2002,0.36746459454298
189,2003,0.347435009479523
189,2004,0.355723261833191
189,2005,0.357945999503136
189,2006,0.357183610896269
189,2007,0.361356552690268
189,2008,0.366769709438086
189,2009,0.362524565557639
189,2010,0.350732876857122
189,2011,0.35850555896759
189,2012,0.336945846676826
189,2013,0.329123701651891
189,2014,0.321319731076558
189,2015,0.310040042797725
189,2016,0.311816535393397
189,2017,0.323066665728887
189,2018,0.328496679663658
189,2019,0.314266775051753
189,2020,0.308407155672709
189,2021,0.299098761876424
189,2022,0.305967744191488
189,2023,0.291662349303563
190,1996,0.490238993863265
190,1998,0.453070382277171
190,2000,0.436682340937356
190,2002,0.432037269075711
190,2003,0.431084808210532
190,2004,0.426530354221662
190,2005,0.418199663360914
190,2006,0.417049302657445
190,2007,0.434651519854863
190,2008,0.401419599850972
190,2009,0.355591773986816
190,2010,0.372191222508748
190,2011,0.396701822678248
190,2012,0.365013150374095
190,2013,0.363424909114837
190,2014,0.392772076527278
190,2015,0.398572609821955
190,2016,0.407654796044032
190,2017,0.433338376879692
190,2018,0.431356781721115
190,2019,0.424057092269262
190,2020,0.405769487222036
190,2021,0.390772267182668
190,2022,0.37866005897522
190,2023,0.372255686918894
191,1996,0.657349472244581
191,1998,0.66023924946785
191,2000,0.656960038344065
191,2002,0.66073063959678
191,2003,0.660569037993749
191,2004,0.660033147533735
191,2005,0.674855879942576
191,2006,0.699726962049802
191,2007,0.710524026552836
191,2008,0.717776785294215
191,2009,0.741666199763616
191,2010,0.747300772865613
191,2011,0.727572256326675
191,2012,0.720273313919703
191,2013,0.72432416677475
191,2014,0.701010634501775
191,2015,0.686835033694903
191,2016,0.669199068347613
191,2017,0.674601783851783
191,2018,0.708152205745379
191,2019,0.732764516274134
191,2020,0.755884311596553
191,2021,0.755202080806096
191,2022,0.756867947181066
191,2023,0.77168003320694
192,1996,0.872671381632487
192,1998,0.852382496992747
192,2000,0.856969304879507
192,2002,0.850507307052613
192,2003,0.83148688475291
192,2004,0.880242164929708
192,2005,0.841959242026011
192,2006,0.845524493853251
192,2007,0.836161720752716
192,2008,0.806187947591146
192,2009,0.780651605129242
192,2010,0.781157435973485
192,2011,0.760510365168253
192,2012,0.767502347628275
192,2013,0.770914336045583
192,2014,0.787558937072754
192,2015,0.79094412724177
192,2016,0.792347953716914
192,2017,0.795426785945892
192,2018,0.803703542550405
192,2019,0.804761823018392
192,2020,0.808630212148031
192,2021,0.793817033370336
192,2022,0.793480889002482
192,2023,0.807138502597809
193,1996,0.754144950707753
193,1998,0.777211447556813
193,2000,0.674515926837921
193,2002,0.682618826627731
193,2003,0.698448065916697
193,2004,0.707639033595721
193,2005,0.699062312642733
193,2006,0.686198686559995
193,2007,0.698115829626719
193,2008,0.709766832987468
193,2009,0.707859436670939
193,2010,0.706881455580394
193,2011,0.710558327039083
193,2012,0.754923476775488
193,2013,0.7647678454717
193,2014,0.743627053499222
193,2015,0.732582495609919
193,2016,0.741872242093086
193,2017,0.746005320549011
193,2018,0.731956845521927
193,2019,0.722559479872385
193,2020,0.723089763522148
193,2021,0.701224850614866
193,2022,0.708368356029193
193,2023,0.702060322960218
194,1996,0.72590415875117
194,1998,0.693980566660563
194,2000,0.738304658730825
194,2002,0.720180118083954
194,2003,0.692189214626948
194,2004,0.713751908143361
194,2005,0.730835135777791
194,2006,0.769832968711853
194,2007,0.798706301053365
194,2008,0.787476046880087
194,2009,0.774444035689036
194,2010,0.749810399611791
194,2011,0.733221272627513
194,2012,0.73444721698761
194,2013,0.72935430208842
194,2014,0.718535540501277
194,2015,0.684427323937416
194,2016,0.676779650648435
194,2017,0.689364975690841
194,2018,0.692451417446136
194,2019,0.681023003657659
194,2020,0.69042267203331
194,2021,0.701386453708013
194,2022,0.698522450526555
194,2023,0.700618795553843
195,1996,0.575178860872984
195,1998,0.592720317343871
195,2000,0.692000023523966
195,2002,0.715970853964488
195,2003,0.740548167626063
195,2004,0.777068169911702
195,2005,0.788276368379593
195,2006,0.763440746068954
195,2007,0.756969881057739
195,2008,0.757044277588527
195,2009,0.728498003880183
195,2010,0.742160757382711
195,2011,0.729050540924072
195,2012,0.695274084806442
195,2013,0.671549133459727
195,2014,0.634465719262759
195,2015,0.621972166498502
195,2016,0.619903307159742
195,2017,0.626535896460215
195,2018,0.605952690541744
195,2019,0.610633714993795
195,2020,0.623088344931602
195,2021,0.601198853055636
195,2022,0.575960600872835
195,2023,0.575235559294621
196,1996,0.732706930239996
196,1998,0.702013059457143
196,2000,0.708934583266576
196,2002,0.748567855358124
196,2003,0.745809054374695
196,2004,0.753421717882157
196,2005,0.725346565246582
196,2006,0.725807344913483
196,2007,0.727650849024455
196,2008,0.711292876799901
196,2009,0.73340248465538
196,2010,0.736908302704493
196,2011,0.727994553248088
196,2012,0.726036671797435
196,2013,0.726973837614059
196,2014,0.736165396372478
196,2015,0.708613201975823
196,2016,0.711343119541804
196,2017,0.709396812319756
196,2018,0.717348967989286
196,2019,0.719081416726112
196,2020,0.720064405600229
196,2021,0.712244049708049
196,2022,0.720619789759318
196,2023,0.701004401842753
197,1996,0.729148282607397
197,1998,0.701108650366465
197,2000,0.692866653203965
197,2002,0.706137837966283
197,2003,0.681661011775335
197,2004,0.672104686498642
197,2005,0.681659176945686
197,2006,0.677910746137301
197,2007,0.676178704698881
197,2008,0.680233498414357
197,2009,0.67633338868618
197,2010,0.686862176656723
197,2011,0.688237526019414
197,2012,0.692068835099538
197,2013,0.691026236613592
197,2014,0.693065323432287
197,2015,0.693652888139089
197,2016,0.698758478959401
197,2017,0.704249719778697
197,2018,0.715568699439366
197,2019,0.728164700667063
197,2020,0.726263884703318
197,2021,0.720821605126063
197,2022,0.715864332516988
197,2023,0.716244222720464
198,1996,0.567146551609039
198,1998,0.551968519886335
198,2000,0.534042149533828
198,2002,0.541568951060375
198,2003,0.560233629494906
198,2004,0.598719836274783
198,2005,0.581817695995172
198,2006,0.623490830262502
198,2007,0.621749781568845
198,2008,0.627827011545499
198,2009,0.621717698375384
198,2010,0.605468050638835
198,2011,0.604018982251485
198,2012,0.604831187923749
198,2013,0.605773387352626
198,2014,0.605594009160995
198,2015,0.621985810777793
198,2016,0.633308658748865
198,2017,0.648321526249249
198,2018,0.650472319126129
198,2019,0.655861941476663
198,2020,0.649432344734669
198,2021,0.63936451052626
198,2022,0.635807314515114
198,2023,0.654250971476237
199,1996,0.873813382784526
199,1998,0.89130634466807
199,2000,0.870754488309224
199,2002,0.844989252090454
199,2003,0.845204484462738
199,2004,0.844921433925629
199,2005,0.827228895823161
199,2006,0.81557772954305
199,2007,0.812526210149129
199,2008,0.804951723416646
199,2009,0.821130526065826
199,2010,0.831930760542552
199,2011,0.832168062527975
199,2012,0.822760550181071
199,2013,0.810117030143738
199,2014,0.805979609489441
199,2015,0.811921882629395
199,2016,0.817780903975169
199,2017,0.836902244885762
199,2018,0.8320796251297
199,2019,0.816317013899485
199,2020,0.823789246877035
199,2021,0.811364058653514
199,2022,0.820512755711873
199,2023,0.816902736822764
200,1996,0.790451234579087
200,1998,0.797936511039734
200,2000,0.795911224683126
200,2002,0.767669586340586
200,2003,0.747000404198964
200,2004,0.76008905172348
200,2005,0.741937673091889
200,2006,0.729370556275049
200,2007,0.727163986365001
200,2008,0.711044901609421
200,2009,0.70374593436718
200,2010,0.70502069791158
200,2011,0.714666709303856
200,2012,0.701737686991691
200,2013,0.71392096777757
200,2014,0.697633099555969
200,2015,0.697789824008942
200,2016,0.696353088816007
200,2017,0.698858276009559
200,2018,0.675242786606153
200,2019,0.673400743802388
200,2020,0.680546063184738
200,2021,0.66663694580396
200,2022,0.656827692190806
200,2023,0.651934715112051
202,1996,0.609558936456839
202,1998,0.594843818744024
202,2000,0.609974445899328
202,2002,0.599435291687648
202,2003,0.614572394887606
202,2004,0.608888918161392
202,2005,0.592375112573306
202,2006,0.569652027388414
202,2007,0.570863033334414
202,2008,0.574695019423962
202,2009,0.569921171168486
202,2010,0.57427515781795
202,2011,0.579787920104961
202,2012,0.584617171188196
202,2013,0.589691738287608
202,2014,0.599139842887719
202,2015,0.594413737952709
202,2016,0.589644761383533
202,2017,0.603282930453618
202,2018,0.614349068204562
202,2019,0.614017484585444
202,2020,0.622187209129334
202,2021,0.609488807121913
202,2022,0.591820149620374
202,2023,0.577444986502329
203,1996,0.540953706701597
203,1998,0.543033819397291
203,2000,0.535040733714898
203,2002,0.564255530697604
203,2003,0.563904362171888
203,2004,0.561113814264536
203,2005,0.540696322669585
203,2006,0.536741844813029
203,2007,0.539261617511511
203,2008,0.543804597513129
203,2009,0.556068444197687
203,2010,0.557101765399178
203,2011,0.561957021057606
203,2012,0.57012257501483
203,2013,0.566502686962485
203,2014,0.560313600301743
203,2015,0.544969373196363
203,2016,0.538768255462249
203,2017,0.530811533518136
203,2018,0.527718155966917
203,2019,0.53061308413744
203,2020,0.527335526670019
203,2021,0.528924945741892
203,2022,0.515277816106876
203,2023,0.512672735750675
204,1996,0.637620582555731
204,1998,0.623495474209388
204,2000,0.656875291466713
204,2002,0.689589218298594
204,2003,0.708158004283905
204,2004,0.728700464963913
204,2005,0.727317770322164
204,2006,0.705104077855746
204,2007,0.688922268152237
204,2008,0.680084147055944
204,2009,0.678824546933174
204,2010,0.67200854520003
204,2011,0.671324309706688
204,2012,0.678033825755119
204,2013,0.684020341436068
204,2014,0.659160180886587
204,2015,0.666950259606044
204,2016,0.663939474026362
204,2017,0.666136656204859
204,2018,0.663837063312531
204,2019,0.667397926251094
204,2020,0.664674137036006
204,2021,0.664109633366267
204,2022,0.672273993492126
204,2023,0.663251793384552
205,1996,0.803854751586914
205,1998,0.807997318108877
205,2000,0.8242267370224
205,2002,0.827980268001557
205,2003,0.824554193019867
205,2004,0.847241677840551
205,2005,0.833542368809382
205,2006,0.831571976343791
205,2007,0.84074688355128
205,2008,0.840459072589874
205,2009,0.85067675113678
205,2010,0.848321946461995
205,2011,0.823469467957815
205,2012,0.776717295249303
205,2013,0.762042502562205
205,2014,0.740251008669535
205,2015,0.734551062186559
205,2016,0.667784674962362
205,2017,0.680826958020528
205,2018,0.688858477274577
205,2019,0.695044350624084
205,2020,0.698811054229736
205,2021,0.793073340257008
205,2022,0.820222628116608
205,2023,0.833065342903137
206,1996,0.412825562059879
206,1998,0.445249194155137
206,2000,0.444170201321443
206,2002,0.429038873314857
206,2003,0.418581885099411
206,2004,0.419955251614253
206,2005,0.409952053924401
206,2006,0.427273524800936
206,2007,0.435603727400303
206,2008,0.465361129492521
206,2009,0.47001612658302
206,2010,0.441596426814795
206,2011,0.447945691024264
206,2012,0.445838702920203
206,2013,0.435071756939093
206,2014,0.407601817448934
206,2015,0.431048513948917
206,2016,0.446340376573304
206,2017,0.448540218671163
206,2018,0.413084403673808
206,2019,0.422044890870651
206,2020,0.417934063573678
206,2021,0.425339910760522
206,2022,0.412980825421982
206,2023,0.411335504551729
207,1996,0.590591075023015
207,1998,0.5985175182422
207,2000,0.593200036883354
207,2002,0.617981336514155
207,2003,0.617207661271095
207,2004,0.619487042228381
207,2005,0.593193570772807
207,2006,0.609093891084194
207,2007,0.606466784576575
207,2008,0.611256325244903
207,2009,0.605530590812365
207,2010,0.614242751399676
207,2011,0.60819716155529
207,2012,0.6054835130771
207,2013,0.600400528808435
207,2014,0.59483636803925
207,2015,0.585000922282537
207,2016,0.569709266225497
207,2017,0.57525704378883
207,2018,0.5789785400033
207,2019,0.576961983367801
207,2020,0.567432762061556
207,2021,0.568937940647205
207,2022,0.567786142975092
207,2023,0.567855381096403
208,1996,0.207582838833332
208,1998,0.214526286224524
208,2000,0.204660050570965
208,2002,0.212181301663319
208,2003,0.224155515432358
208,2004,0.203738545626402
208,2005,0.203914422790209
208,2006,0.21291280289491
208,2007,0.204844444990158
208,2008,0.194175011912982
208,2009,0.20687240511179
208,2010,0.206153850754102
208,2011,0.205660240103801
208,2012,0.185948655257622
208,2013,0.190974801406264
208,2014,0.18602058639129
208,2015,0.184387084841728
208,2016,0.181956452131272
208,2017,0.178666854898134
208,2018,0.17721641783913
208,2019,0.179378214975198
208,2020,0.177406732241313
208,2021,0.175437996288141
208,2022,0.179608533903957
208,2023,0.174059498558442
209,1996,0.594759832174158
209,1998,0.602625185794594
209,2000,0.591765028745655
209,2002,0.621408319661702
209,2003,0.61661017383302
209,2004,0.612987355140963
209,2005,0.617509142471014
209,2006,0.621975227457637
209,2007,0.613903510234403
209,2008,0.606124181658503
209,2009,0.60914776155674
209,2010,0.618030037481044
209,2011,0.610581629857814
209,2012,0.612043627008415
209,2013,0.610900395881121
209,2014,0.592742995106741
209,2015,0.593040866835181
209,2016,0.584980411701101
209,2017,0.566183874692435
209,2018,0.56343534234855
209,2019,0.572298202754
209,2020,0.560468201235251
209,2021,0.553232156073549
209,2022,0.565190157593906
209,2023,0.556465180321926
210,1996,0.284760081768036
210,1998,0.293990534543991
210,2000,0.279516379038493
210,2002,0.307060896356901
210,2003,0.277632852395376
210,2004,0.266698674360911
210,2005,0.265973854064941
210,2006,0.246333465973536
210,2007,0.263306125005086
210,2008,0.264671323696772
210,2009,0.259990427891414
210,2010,0.255587550004324
210,2011,0.251150864362717
210,2012,0.24781257112821
210,2013,0.235589059193929
210,2014,0.225462553898494
210,2015,0.232869259516398
210,2016,0.232695424556732
210,2017,0.231400020917257
210,2018,0.237215540806452
210,2019,0.241945904493332
210,2020,0.238712400197982
210,2021,0.237052035331727
210,2022,0.22634243965149
210,2023,0.230385581652323
212,1996,0.430198607910868
212,1998,0.427144706317978
212,2000,0.429466317166087
212,2002,0.431398538817164
212,2003,0.435024919748927
212,2004,0.433028268814087
212,2005,0.465973451671501
212,2006,0.448179436971744
212,2007,0.460596608618895
212,2008,0.47813507852455
212,2009,0.499233887096246
212,2010,0.504809300849835
212,2011,0.493737233430147
212,2012,0.495134054496884
212,2013,0.494174503348768
212,2014,0.485555979112784
212,2015,0.478606761495272
212,2016,0.455758197108904
212,2017,0.432627641161283
212,2018,0.422672551125288
212,2019,0.404047534614801
212,2020,0.384767599900563
212,2021,0.395420358578364
212,2022,0.401239457229773
212,2023,0.406200597435236
214,1996,0.578768471263659
214,1998,0.563771025960644
214,2000,0.562182412048181
214,2002,0.595702996508529
214,2003,0.607393251724231
214,2004,0.606278027687222
214,2005,0.599564844319442
214,2006,0.63197758992513
214,2007,0.613202484945456
214,2008,0.606690082450708
214,2009,0.589960417151451
214,2010,0.61090330183506
214,2011,0.646067504088084
214,2012,0.646164243419965
214,2013,0.679360286394755
214,2014,0.682969137032826
214,2015,0.679294768969218
214,2016,0.671398813525836
214,2017,0.665632492303848
214,2018,0.652903470396996
214,2019,0.652197860678037
214,2020,0.660298149784406
214,2021,0.649406026800474
214,2022,0.651195645332336
214,2023,0.636103205382824
215,1996,0.501674005699654
215,1998,0.483583508928617
215,2000,0.485772647015498
215,2002,0.538359507794182
215,2003,0.490506653487682
215,2004,0.496205237880349
215,2005,0.500111895427108
215,2006,0.513302256166935
215,2007,0.492990926901499
215,2008,0.492160039146741
215,2009,0.508206136027972
215,2010,0.520396287118395
215,2011,0.520246547708909
215,2012,0.518865324184299
215,2013,0.527153236977756
215,2014,0.515263660997152
215,2015,0.517096312095722
215,2016,0.517541897296905
215,2017,0.517894998937845
215,2018,0.520538134872913
215,2019,0.521816278807819
215,2020,0.514764733985066
215,2021,0.518864528276026
215,2022,0.513173176844915
215,2023,0.500903207063675
216,1996,0.638839723790685
216,1998,0.69047090113163
216,2000,0.64990452627341
216,2002,0.67318418721358
216,2003,0.689875234166781
216,2004,0.669995806614558
216,2005,0.649787274499734
216,2006,0.626848468929529
216,2007,0.608114166061083
216,2008,0.599687659492095
216,2009,0.596616046930042
216,2010,0.599968188256025
216,2011,0.592198013576368
216,2012,0.578355253239473
216,2013,0.568151939908663
216,2014,0.541565131023526
216,2015,0.562091955542564
216,2016,0.536535704384247
216,2017,0.534065049638351
216,2018,0.529475510306656
216,2019,0.534141927026212
216,2020,0.52167848298947
216,2021,0.515046806136767
216,2022,0.513042768836021
216,2023,0.500805467367172
218,1996,0.17634318669637
218,1998,0.177817412217458
218,2000,0.175738314787547
218,2002,0.174817132949829
218,2003,0.177390964825948
218,2004,0.181498855352402
218,2005,0.189877949158351
218,2006,0.178160015741984
218,2007,0.181971077124278
218,2008,0.177785281340281
218,2009,0.172794771194458
218,2010,0.179310077428818
218,2011,0.179568020502726
218,2012,0.176999600728353
218,2013,0.178254012266795
218,2014,0.17004105647405
218,2015,0.172685964902242
218,2016,0.169888055324555
218,2017,0.169737342993418
218,2018,0.188457141319911
218,2019,0.190592402219772
218,2020,0.204647672176361
218,2021,0.206930794318517
218,2022,0.210412834088007
218,2023,0.213063762585322
219,1996,0.317719678371213
219,1998,0.320791323832236
219,2000,0.316849732127351
219,2002,0.319125614540341
219,2003,0.31946812592602
219,2004,0.314391398429871
219,2005,0.313045235102375
219,2006,0.316446594335139
219,2007,0.320708944058666
219,2008,0.326292974998554
219,2009,0.307693968464931
219,2010,0.305548715467254
219,2011,0.307916329676906
219,2012,0.308947989096244
219,2013,0.310397026439508
219,2014,0.305039494302538
219,2015,0.307996990039117
219,2016,0.303229266533421
219,2017,0.297724891520209
219,2018,0.299099974082266
219,2019,0.305332728293207
219,2020,0.323982646382517
219,2021,0.321221833866504
219,2022,0.320599382436938
219,2023,0.33103335497073
220,1996,0.337840878466765
220,1998,0.337840878466765
220,2000,0.337840878466765
220,2002,0.337840878466765
220,2003,0.337840878466765
220,2004,0.348866597811381
220,2005,0.317548402150472
220,2006,0.322235256433487
220,2007,0.323171901702881
220,2008,0.323825323581696
220,2009,0.349736774961154
220,2010,0.347211918234825
220,2011,0.34086030125618
220,2012,0.345842998226484
220,2013,0.359109310309092
220,2014,0.337840878466765
220,2015,0.337840878466765
220,2016,0.337840878466765
220,2017,0.337840878466765
220,2018,0.337840878466765
220,2019,0.337840878466765
220,2020,0.337840878466765
220,2021,0.337840878466765
220,2022,0.337840878466765
220,2023,0.337840878466765
221,1996,0.317719678371213
221,1998,0.320791323832236
221,2000,0.316849732127351
221,2002,0.319125614540341
221,2003,0.31946812592602
221,2004,0.314391398429871
221,2005,0.313045235102375
221,2006,0.316446594335139
221,2007,0.320708944058666
221,2008,0.326292974998554
221,2009,0.307693968464931
221,2010,0.305548715467254
221,2011,0.307916329676906
221,2012,0.308947989096244
221,2013,0.310397026439508
221,2014,0.305039494302538
221,2015,0.307996990039117
221,2016,0.303229266533421
221,2017,0.297724891520209
221,2018,0.299099974082266
221,2019,0.305332728293207
221,2020,0.323982646382517
221,2021,0.321221833866504
221,2022,0.320599382436938
221,2023,0.33103335497073
222,1996,0.160435831546784
222,1998,0.169809361298879
222,2000,0.159337961673736
222,2002,0.147375206152598
222,2003,0.14826770623525
222,2004,0.13747231165568
222,2005,0.162810095151266
222,2006,0.164757601420084
222,2007,0.150028912226359
222,2008,0.154602209726969
222,2009,0.149232049783071
222,2010,0.153140266736348
222,2011,0.141761449972789
222,2012,0.137419068813324
222,2013,0.144656538963318
222,2014,0.158367725213368
222,2015,0.162580955028534
222,2016,0.162340788046519
222,2017,0.169216362635295
222,2018,0.170249132315318
222,2019,0.169255685806274
222,2020,0.176467267672221
222,2021,0.177977077166239
222,2022,0.185298359394073
222,2023,0.190504435698191
223,1996,0.147876560688019
223,1998,0.154511511325836
223,2000,0.168763943513234
223,2002,0.162877174218495
223,2003,0.174414571126302
223,2004,0.157540416717529
223,2005,0.16045864423116
223,2006,0.167307360967001
223,2007,0.168196773529053
223,2008,0.170371659596761
223,2009,0.167118163903554
223,2010,0.15733152627945
223,2011,0.153139086564382
223,2012,0.143522628148397
223,2013,0.137264462312063
223,2014,0.149558460712433
223,2015,0.152101131280263
223,2016,0.149674924214681
223,2017,0.141086979707082
223,2018,0.152269347508749
223,2019,0.15347071091334
223,2020,0.149347805976868
223,2021,0.157770093282064
223,2022,0.16905781229337
223,2023,0.166164211432139
224,1996,0.271739699443181
224,1998,0.315973708530267
224,2000,0.280474432309468
224,2002,0.256354252497355
224,2003,0.280142323176066
224,2004,0.270869332551956
224,2005,0.259009420871735
224,2006,0.278305447101593
224,2007,0.275869488716126
224,2008,0.282053579886754
224,2009,0.276674105723699
224,2010,0.266176454226176
224,2011,0.271359953284263
224,2012,0.268202099204063
224,2013,0.271166727940241
224,2014,0.272916122277578
224,2015,0.297656579812368
224,2016,0.314028916756312
224,2017,0.31583503484726
224,2018,0.315173183878263
224,2019,0.33698322220395
224,2020,0.34246743482848
224,2021,0.350281950334708
224,2022,0.356997946401437
224,2023,0.35363019357125
227,1996,0.241728016504875
227,1998,0.241728016504875
227,2000,0.241728016504875
227,2002,0.241728016504875
227,2003,0.241728016504875
227,2004,0.241728016504875
227,2005,0.241728016504875
227,2006,0.241728016504875
227,2007,0.241728016504875
227,2008,0.241728016504875
227,2009,0.241728016504875
227,2010,0.241728016504875
227,2011,0.223998351891835
227,2012,0.223634330431621
227,2013,0.225362269083659
227,2014,0.227035764853159
227,2015,0.232010841369629
227,2016,0.255954587459565
227,2017,0.256764626502991
227,2018,0.258003566662471
227,2019,0.2537127216657
227,2020,0.25196949839592
227,2021,0.25578336318334
227,2022,0.241388887166977
227,2023,0.236845405896505
228,1996,0.241728016504875
228,1998,0.241728016504875
228,2000,0.241728016504875
228,2002,0.241728016504875
228,2003,0.241728016504875
228,2004,0.241728016504875
228,2005,0.241728016504875
228,2006,0.241728016504875
228,2007,0.241728016504875
228,2008,0.241728016504875
228,2009,0.241728016504875
228,2010,0.241728016504875
228,2011,0.223998351891835
228,2012,0.223634330431621
228,2013,0.225362269083659
228,2014,0.227035764853159
228,2015,0.232010841369629
228,2016,0.255954587459565
228,2017,0.256764626502991
228,2018,0.258003566662471
228,2019,0.2537127216657
228,2020,0.25196949839592
228,2021,0.25578336318334
228,2022,0.241388887166977
228,2023,0.236845405896505
231,1996,0.701920893454093
231,1998,0.701165619158285
231,2000,0.564827532208327
231,2002,0.609197534124057
231,2003,0.601227177182833
231,2004,0.600405991077423
231,2005,0.638200167318185
231,2006,0.686175599321723
231,2007,0.686425994336605
231,2008,0.656326908369859
231,2009,0.660905361672243
231,2010,0.656930339212219
231,2011,0.652625603973865
231,2012,0.643180791040261
231,2013,0.647951938460271
231,2014,0.62643049856027
231,2015,0.627956284582615
231,2016,0.618114443744222
231,2017,0.602562934656938
231,2018,0.593974328041077
231,2019,0.585492974023024
231,2020,0.583036368588607
231,2021,0.566157645483812
231,2022,0.554758616288503
231,2023,0.556566556791464
232,1996,0.610444233069817
232,1998,0.630256245688846
232,2000,0.619199560830991
232,2002,0.599114734927813
232,2003,0.581385274728139
232,2004,0.552174092332522
232,2005,0.579439237217108
232,2006,0.571779796977838
232,2007,0.5829920510451
232,2008,0.569088461591552
232,2009,0.574507398018614
232,2010,0.577608805398146
232,2011,0.581111554056406
232,2012,0.555381514256199
232,2013,0.547124826908112
232,2014,0.53520812317729
232,2015,0.566484612971544
232,2016,0.560155957937241
232,2017,0.562999631216129
232,2018,0.576815917591254
232,2019,0.579224792619546
232,2020,0.59960673302412
232,2021,0.599218501150608
232,2022,0.60072662383318
232,2023,0.590510748823484
237,1996,0.701920893454093
237,1998,0.701165619158285
237,2000,0.564827532208327
237,2002,0.609197534124057
237,2003,0.601227177182833
237,2004,0.600405991077423
237,2005,0.638200167318185
237,2006,0.686175599321723
237,2007,0.686425994336605
237,2008,0.656326908369859
237,2009,0.660905361672243
237,2010,0.656930339212219
237,2011,0.652625603973865
237,2012,0.643180791040261
237,2013,0.647951938460271
237,2014,0.62643049856027
237,2015,0.627956284582615
237,2016,0.618114443744222
237,2017,0.602562934656938
237,2018,0.593974328041077
237,2019,0.585492974023024
237,2020,0.583036368588607
237,2021,0.566157645483812
237,2022,0.554758616288503
237,2023,0.556566556791464
244,1996,0.337840878466765
244,1998,0.337840878466765
244,2000,0.337840878466765
244,2002,0.337840878466765
244,2003,0.337840878466765
244,2004,0.348866597811381
244,2005,0.317548402150472
244,2006,0.322235256433487
244,2007,0.323171901702881
244,2008,0.323825323581696
244,2009,0.349736774961154
244,2010,0.347211918234825
244,2011,0.34086030125618
244,2012,0.345842998226484
244,2013,0.359109310309092
244,2014,0.337840878466765
244,2015,0.337840878466765
244,2016,0.337840878466765
244,2017,0.337840878466765
244,2018,0.337840878466765
244,2019,0.337840878466765
244,2020,0.337840878466765
244,2021,0.337840878466765
244,2022,0.337840878466765
244,2023,0.337840878466765
245,1996,0.337840878466765
245,1998,0.337840878466765
245,2000,0.337840878466765
245,2002,0.337840878466765
245,2003,0.337840878466765
245,2004,0.348866597811381
245,2005,0.317548402150472
245,2006,0.322235256433487
245,2007,0.323171901702881
245,2008,0.323825323581696
245,2009,0.349736774961154
245,2010,0.347211918234825
245,2011,0.34086030125618
245,2012,0.345842998226484
245,2013,0.359109310309092
245,2014,0.337840878466765
245,2015,0.337840878466765
245,2016,0.337840878466765
245,2017,0.337840878466765
245,2018,0.337840878466765
245,2019,0.337840878466765
245,2020,0.337840878466765
245,2021,0.337840878466765
245,2022,0.337840878466765
245,2023,0.337840878466765
247,1996,0.361410149931908
247,1998,0.398124658068021
247,2000,0.391059213876724
247,2002,0.400305272142092
247,2003,0.402766628066699
247,2004,0.408056355516116
247,2005,0.41953676144282
247,2006,0.428540532042583
247,2007,0.414640733599663
247,2008,0.409573983152707
247,2009,0.352595223983129
247,2010,0.357912206649781
247,2011,0.359578607479732
247,2012,0.376258534193039
247,2013,0.374636671940486
247,2014,0.376745370030403
247,2015,0.391275176405907
247,2016,0.402055374781291
247,2017,0.389595810572306
247,2018,0.379031787316005
247,2019,0.386537736654281
247,2020,0.343587245543798
247,2021,0.340168104569117
247,2022,0.332490009069443
247,2023,0.326862792174021
248,1996,0.337840878466765
248,1998,0.337840878466765
248,2000,0.337840878466765
248,2002,0.337840878466765
248,2003,0.337840878466765
248,2004,0.348866597811381
248,2005,0.317548402150472
248,2006,0.322235256433487
248,2007,0.323171901702881
248,2008,0.323825323581696
248,2009,0.349736774961154
248,2010,0.347211918234825
248,2011,0.34086030125618
248,2012,0.345842998226484
248,2013,0.359109310309092
248,2014,0.337840878466765
248,2015,0.337840878466765
248,2016,0.337840878466765
248,2017,0.337840878466765
248,2018,0.337840878466765
248,2019,0.337840878466765
248,2020,0.337840878466765
248,2021,0.337840878466765
248,2022,0.337840878466765
248,2023,0.337840878466765
249,1996,0.337840878466765
249,1998,0.337840878466765
249,2000,0.337840878466765
249,2002,0.337840878466765
249,2003,0.337840878466765
249,2004,0.348866597811381
249,2005,0.317548402150472
249,2006,0.322235256433487
249,2007,0.323171901702881
249,2008,0.323825323581696
249,2009,0.349736774961154
249,2010,0.347211918234825
249,2011,0.34086030125618
249,2012,0.345842998226484
249,2013,0.359109310309092
249,2014,0.337840878466765
249,2015,0.337840878466765
249,2016,0.337840878466765
249,2017,0.337840878466765
249,2018,0.337840878466765
249,2019,0.337840878466765
249,2020,0.337840878466765
249,2021,0.337840878466765
249,2022,0.337840878466765
249,2023,0.337840878466765
250,1996,0.269029951691627
250,1998,0.269029951691627
250,2000,0.269029951691627
250,2002,0.269029951691627
250,2003,0.269029951691627
250,2004,0.304780884583791
250,2005,0.273386003573736
250,2006,0.282747228940328
250,2007,0.284305334091186
250,2008,0.28089257478714
250,2009,0.243493028481801
250,2010,0.249618951479594
250,2011,0.248718738555909
250,2012,0.246557494004567
250,2013,0.245183857282003
250,2014,0.27917729417483
250,2015,0.261152827739716
250,2016,0.260391887029012
250,2017,0.25991973678271
250,2018,0.268429005146027
250,2019,0.272164082527161
250,2020,0.262912098566691
250,2021,0.282636054356893
250,2022,0.279899591207504
250,2023,0.294232360521953
