"rgn_id","year","resilience_score"
1,1996,0.819841070969899
1,1998,0.80264180501302
1,2000,0.823240292072296
1,2002,0.806849499543508
1,2003,0.813561538855234
1,2004,0.831147607167562
1,2005,0.813330924510956
1,2006,0.811882487932841
1,2007,0.818200208743413
1,2008,0.821999589602152
1,2009,0.817752486467362
1,2010,0.818310753504435
1,2011,0.823425157864888
1,2012,0.820883999268214
1,2013,0.814634946982066
1,2014,0.820667918523153
1,2015,0.80570678114891
1,2016,0.80981209675471
1,2017,0.80250072479248
1,2018,0.808655297756195
1,2019,0.802479054530462
1,2020,0.793214372793834
1,2021,0.794735274712245
1,2022,0.800137819846472
1,2023,0.808671106894811
2,1996,0.819841070969899
2,1998,0.80264180501302
2,2000,0.823240292072296
2,2002,0.806849499543508
2,2003,0.813561538855234
2,2004,0.831147607167562
2,2005,0.813330924510956
2,2006,0.811882487932841
2,2007,0.818200208743413
2,2008,0.821999589602152
2,2009,0.817752486467362
2,2010,0.818310753504435
2,2011,0.823425157864888
2,2012,0.820883999268214
2,2013,0.814634946982066
2,2014,0.820667918523153
2,2015,0.80570678114891
2,2016,0.80981209675471
2,2017,0.80250072479248
2,2018,0.808655297756195
2,2019,0.802479054530462
2,2020,0.793214372793834
2,2021,0.794735274712245
2,2022,0.800137819846472
2,2023,0.808671106894811
3,1996,0.819841070969899
3,1998,0.80264180501302
3,2000,0.823240292072296
3,2002,0.806849499543508
3,2003,0.813561538855234
3,2004,0.831147607167562
3,2005,0.813330924510956
3,2006,0.811882487932841
3,2007,0.818200208743413
3,2008,0.821999589602152
3,2009,0.817752486467362
3,2010,0.818310753504435
3,2011,0.823425157864888
3,2012,0.820883999268214
3,2013,0.814634946982066
3,2014,0.820667918523153
3,2015,0.80570678114891
3,2016,0.80981209675471
3,2017,0.80250072479248
3,2018,0.808655297756195
3,2019,0.802479054530462
3,2020,0.793214372793834
3,2021,0.794735274712245
3,2022,0.800137819846472
3,2023,0.808671106894811
4,1996,0.819841070969899
4,1998,0.80264180501302
4,2000,0.823240292072296
4,2002,0.806849499543508
4,2003,0.813561538855234
4,2004,0.831147607167562
4,2005,0.813330924510956
4,2006,0.811882487932841
4,2007,0.818200208743413
4,2008,0.821999589602152
4,2009,0.817752486467362
4,2010,0.818310753504435
4,2011,0.823425157864888
4,2012,0.820883999268214
4,2013,0.814634946982066
4,2014,0.820667918523153
4,2015,0.80570678114891
4,2016,0.80981209675471
4,2017,0.80250072479248
4,2018,0.808655297756195
4,2019,0.802479054530462
4,2020,0.793214372793834
4,2021,0.794735274712245
4,2022,0.800137819846472
4,2023,0.808671106894811
5,1996,0.682280321628787
5,1998,0.679208676167764
5,2000,0.683150267872649
5,2002,0.680874385459659
5,2003,0.68053187407398
5,2004,0.685608601570129
5,2005,0.686954764897625
5,2006,0.683553405664861
5,2007,0.679291055941334
5,2008,0.673707025001446
5,2009,0.692306031535069
5,2010,0.694451284532746
5,2011,0.692083670323094
5,2012,0.691052010903756
5,2013,0.689602973560492
5,2014,0.694960505697462
5,2015,0.692003009960883
5,2016,0.696770733466579
5,2017,0.702275108479791
5,2018,0.700900025917734
5,2019,0.694667271706793
5,2020,0.676017353617483
5,2021,0.678778166133496
5,2022,0.679400617563062
5,2023,0.66896664502927
6,1996,0.54655179884828
6,1998,0.550624736217627
6,2000,0.572694057293702
6,2002,0.576378982830016
6,2003,0.562118802038797
6,2004,0.534538200000922
6,2005,0.579358619451523
6,2006,0.571756820240989
6,2007,0.554382876555125
6,2008,0.551681593060493
6,2009,0.549375268816948
6,2010,0.542902347445488
6,2011,0.541509144504865
6,2012,0.54476483464241
6,2013,0.551410962641239
6,2014,0.536503559350967
6,2015,0.496691990147034
6,2016,0.507166250795126
6,2017,0.520872754704518
6,2018,0.520994041363398
6,2019,0.521004968384902
6,2020,0.529903838038445
6,2021,0.545668259387215
6,2022,0.540394565649331
6,2023,0.533271184004843
7,1996,0.534044878681501
7,1998,0.536109667023023
7,2000,0.444526725510756
7,2002,0.445664889117082
7,2003,0.47348434527715
7,2004,0.391486604201297
7,2005,0.41811893923829
7,2006,0.406528519963225
7,2007,0.39717456450065
7,2008,0.401282481662929
7,2009,0.401059683163961
7,2010,0.406567145138979
7,2011,0.415818967747813
7,2012,0.413851958637436
7,2013,0.414945057709702
7,2014,0.423987292249997
7,2015,0.437420800328255
7,2016,0.44673378666242
7,2017,0.461182857801517
7,2018,0.458152288074295
7,2019,0.470414681981007
7,2020,0.4837553995351
7,2021,0.458042396108309
7,2022,0.462651741504669
7,2023,0.462488634884357
8,1996,0.593353004856793
8,1998,0.596136154337612
8,2000,0.595027279460318
8,2002,0.594002633893378
8,2003,0.600468168735582
8,2004,0.597997826417365
8,2005,0.594273537476935
8,2006,0.600104945977606
8,2007,0.597972311655758
8,2008,0.545610219240188
8,2009,0.554098441203435
8,2010,0.538830222686132
8,2011,0.537969628969828
8,2012,0.538117114702861
8,2013,0.531636649370193
8,2014,0.51945976515611
8,2015,0.617023465037346
8,2016,0.629985924065113
8,2017,0.63869481983905
8,2018,0.639028448611498
8,2019,0.641382202506066
8,2020,0.648714474836985
8,2021,0.647900233666102
8,2022,0.653334102034569
8,2023,0.651121924320857
9,1996,0.585337907103674
9,1998,0.583149788804825
9,2000,0.582814182865596
9,2002,0.583181512383596
9,2003,0.567687553005914
9,2004,0.618241206929088
9,2005,0.61978695516785
9,2006,0.620975514873862
9,2007,0.578683446347713
9,2008,0.55041434019804
9,2009,0.548711689809958
9,2010,0.530648408333461
9,2011,0.499665210396051
9,2012,0.514730609084169
9,2013,0.517782102525234
9,2014,0.53680603603522
9,2015,0.546410040557384
9,2016,0.562771091796458
9,2017,0.58428406243523
9,2018,0.579523352906108
9,2019,0.572245092689991
9,2020,0.592459676166375
9,2021,0.59953564008077
9,2022,0.610860090454419
9,2023,0.608194092909495
10,1996,0.569996416572365
10,1998,0.57274328470591
10,2000,0.569490309559934
10,2002,0.569338413083188
10,2003,0.580000693839518
10,2004,0.577075516424306
10,2005,0.573143775504557
10,2006,0.57907023354543
10,2007,0.533670881390572
10,2008,0.527423503994942
10,2009,0.537953348954519
10,2010,0.545924067993959
10,2011,0.533362428843975
10,2012,0.535956534681221
10,2013,0.504416547218959
10,2014,0.43748824497064
10,2015,0.519739207128684
10,2016,0.531972204645475
10,2017,0.535872844979167
10,2018,0.566675175974766
10,2019,0.550359422263379
10,2020,0.562117317070564
10,2021,0.560677169511716
10,2022,0.57650617758433
10,2023,0.570968506174783
11,1996,0.516621317514509
11,1998,0.518566700864564
11,2000,0.552345552592208
11,2002,0.551236200877756
11,2003,0.554343923667278
11,2004,0.552133310575492
11,2005,0.548683339357376
11,2006,0.507874604066213
11,2007,0.505122651656469
11,2008,0.496714164813359
11,2009,0.486413969596227
11,2010,0.485830385486285
11,2011,0.481994150578975
11,2012,0.481174938877424
11,2013,0.488996128223759
11,2014,0.471344717716178
11,2015,0.550995457506118
11,2016,0.558749307443698
11,2017,0.571729321777821
11,2018,0.55514905055364
11,2019,0.572855415443579
11,2020,0.58735749895374
11,2021,0.586471221782267
11,2022,0.602324062089125
11,2023,0.601547171672185
12,1996,0.690217273860771
12,1998,0.69176784183816
12,2000,0.697545969924386
12,2002,0.693408939525511
12,2003,0.687750195972948
12,2004,0.665124612308302
12,2005,0.674134081931161
12,2006,0.659847558517331
12,2007,0.666824131900482
12,2008,0.670143513315199
12,2009,0.659080411988451
12,2010,0.658679718850246
12,2011,0.6627306344408
12,2012,0.665048989156615
12,2013,0.657647690381517
12,2014,0.679912668053846
12,2015,0.67132916584627
12,2016,0.66350953956322
12,2017,0.663272709975266
12,2018,0.661923350331357
12,2019,0.655524914310324
12,2020,0.657933003848266
12,2021,0.664718932521974
12,2022,0.662465475806211
12,2023,0.654992895448839
13,1996,0.648829886799471
13,1998,0.648829886799471
13,2000,0.648829886799471
13,2002,0.648829886799471
13,2003,0.648829886799471
13,2004,0.621679991483688
13,2005,0.638019085427125
13,2006,0.631692648927371
13,2007,0.637723470727602
13,2008,0.640256856878599
13,2009,0.631829908552269
13,2010,0.623594391470154
13,2011,0.635408498036365
13,2012,0.633905120566487
13,2013,0.634232719366749
13,2014,0.663232753541734
13,2015,0.657342227664259
13,2016,0.636622966693507
13,2017,0.645991786685255
13,2018,0.654497466733058
13,2019,0.659423003842433
13,2020,0.684868927796682
13,2021,0.686894170443217
13,2022,0.68733819325765
13,2023,0.67204354789522
14,1996,0.649851920207341
14,1998,0.662270681063334
14,2000,0.65643860300382
14,2002,0.663342074553172
14,2003,0.67426154812177
14,2004,0.686229592561722
14,2005,0.674333530664444
14,2006,0.656917315721512
14,2007,0.65416784286499
14,2008,0.665752218166987
14,2009,0.671355738242467
14,2010,0.690536353985469
14,2011,0.697652182976405
14,2012,0.694206660985947
14,2013,0.693850729862849
14,2014,0.709758418798447
14,2015,0.712448080380758
14,2016,0.71561046441396
14,2017,0.716310942173004
14,2018,0.718615063031515
14,2019,0.72264888882637
14,2020,0.736641850074132
14,2021,0.739946162700653
14,2022,0.735561790068944
14,2023,0.741788850227992
15,1996,0.473150921240449
15,1998,0.500402120687067
15,2000,0.424870456630985
15,2002,0.434805636604627
15,2003,0.40505101904273
15,2004,0.379725219371418
15,2005,0.419510700538134
15,2006,0.388248751064142
15,2007,0.400772683322429
15,2008,0.390739435205857
15,2009,0.393249725550413
15,2010,0.394364227851232
15,2011,0.414170106997093
15,2012,0.431065267634889
15,2013,0.443400445766747
15,2014,0.467703749239445
15,2015,0.453605069592595
15,2016,0.432177786715329
15,2017,0.432601535941164
15,2018,0.42915255681922
15,2019,0.435241006004314
15,2020,0.437777736783028
15,2021,0.42538337148726
15,2022,0.44523639306426
15,2023,0.459322377915184
16,1996,0.819841070969899
16,1998,0.80264180501302
16,2000,0.823240292072296
16,2002,0.806849499543508
16,2003,0.813561538855234
16,2004,0.831147607167562
16,2005,0.813330924510956
16,2006,0.811882487932841
16,2007,0.818200208743413
16,2008,0.821999589602152
16,2009,0.817752486467362
16,2010,0.818310753504435
16,2011,0.823425157864888
16,2012,0.820883999268214
16,2013,0.814634946982066
16,2014,0.820667918523153
16,2015,0.80570678114891
16,2016,0.80981209675471
16,2017,0.80250072479248
16,2018,0.808655297756195
16,2019,0.802479054530462
16,2020,0.793214372793834
16,2021,0.794735274712245
16,2022,0.800137819846472
16,2023,0.808671106894811
17,1996,0.416219862053792
17,1998,0.429276345173518
17,2000,0.41639904777209
17,2002,0.383280430237452
17,2003,0.376629759867986
17,2004,0.359291330973307
17,2005,0.324246993660927
17,2006,0.354638367022077
17,2007,0.369271826495727
17,2008,0.364026974607259
17,2009,0.357156661804766
17,2010,0.362952920918663
17,2011,0.370605853075782
17,2012,0.377201724300782
17,2013,0.37972369127286
17,2014,0.400663241681953
17,2015,0.387865247949958
17,2016,0.387654774884383
17,2017,0.379420362909635
17,2018,0.386352163553238
17,2019,0.374963111927112
17,2020,0.385272404178977
17,2021,0.373652938939631
17,2022,0.383825085001687
17,2023,0.39613694883883
18,1996,0.562401023631295
18,1998,0.567750035847227
18,2000,0.494986638426781
18,2002,0.552392969870319
18,2003,0.519486898245911
18,2004,0.483716267471512
18,2005,0.495819214607279
18,2006,0.482659052405506
18,2007,0.433338658511639
18,2008,0.400158492724101
18,2009,0.35503113468488
18,2010,0.377302429080009
18,2011,0.396104660381874
18,2012,0.394238799313704
18,2013,0.398483763510982
18,2014,0.48636035323143
18,2015,0.501410781716307
18,2016,0.522090967434148
18,2017,0.552278597901265
18,2018,0.588993298883239
18,2019,0.590270183049142
18,2020,0.567272333924969
18,2021,0.565076462148378
18,2022,0.561749543746312
18,2023,0.571407364557187
19,1996,0.57460183963235
19,1998,0.577448265404064
19,2000,0.576776348203975
19,2002,0.571774141640025
19,2003,0.562813143297874
19,2004,0.584437813361486
19,2005,0.590651733552416
19,2006,0.567747961481412
19,2007,0.552120053768158
19,2008,0.54101194391648
19,2009,0.549422707657019
19,2010,0.541078898310661
19,2011,0.536340613166491
19,2012,0.508050099015236
19,2013,0.507738646864891
19,2014,0.534467742343744
19,2015,0.541866301791742
19,2016,0.552898499493797
19,2017,0.550518580526113
19,2018,0.571850623935461
19,2019,0.578971539934476
19,2020,0.592718460162481
19,2021,0.604749901096026
19,2022,0.613353741665681
19,2023,0.614314805964629
20,1996,0.611156092087428
20,1998,0.594539855917295
20,2000,0.610496909419695
20,2002,0.631514283021291
20,2003,0.627506377796332
20,2004,0.635178042451541
20,2005,0.65089830160141
20,2006,0.631925375262896
20,2007,0.665621906518936
20,2008,0.636158414681752
20,2009,0.649512152870496
20,2010,0.652267327904701
20,2011,0.659618818759918
20,2012,0.647110351920128
20,2013,0.650084505478541
20,2014,0.649202007551988
20,2015,0.636890853444735
20,2016,0.648875082035859
20,2017,0.661337235569954
20,2018,0.681306552886963
20,2019,0.685056734085083
20,2020,0.689066523313522
20,2021,0.694937912623087
20,2022,0.695296458403269
20,2023,0.704645041624705
21,1996,0.198675717910131
21,1998,0.202175891399383
21,2000,0.218645552763095
21,2002,0.232081170876821
21,2003,0.217847579220931
21,2004,0.21605906834205
21,2005,0.214186568247775
21,2006,0.192604385564724
21,2007,0.20439363916715
21,2008,0.211243303616841
21,2009,0.196349328756332
21,2010,0.183107601602872
21,2011,0.182433290282885
21,2012,0.189056436655422
21,2013,0.173749565084775
21,2014,0.163892718156179
21,2015,0.156251136461894
21,2016,0.166180370251338
21,2017,0.166647460063298
21,2018,0.174203912417094
21,2019,0.179445694883664
21,2020,0.176495990157128
21,2021,0.175841303666433
21,2022,0.180662430326144
21,2023,0.18522822856903
24,1996,0.332634392380714
24,1998,0.323815104365349
24,2000,0.344509046773116
24,2002,0.346018583575885
24,2003,0.332142551740011
24,2004,0.336148649454117
24,2005,0.31958079735438
24,2006,0.32086920440197
24,2007,0.333518358071645
24,2008,0.328997710347175
24,2009,0.325501065452894
24,2010,0.324866471687953
24,2011,0.333699467778206
24,2012,0.356532124429941
24,2013,0.351458777487278
24,2014,0.355835487755636
24,2015,0.349909324447314
24,2016,0.349402406315009
24,2017,0.344342034310102
24,2018,0.341636947542429
24,2019,0.339783222724994
24,2020,0.336205048859119
24,2021,0.338556846479575
24,2022,0.347444425523281
24,2023,0.354774503782391
25,1996,0.53977962632974
25,1998,0.551330573981007
25,2000,0.564462811251481
25,2002,0.542530176540216
25,2003,0.523101948201656
25,2004,0.490221202497681
25,2005,0.4870817580726
25,2006,0.443185478448868
25,2007,0.438638499627511
25,2008,0.428911778330803
25,2009,0.428528839598099
25,2010,0.420417659853896
25,2011,0.435599006960789
25,2012,0.438661303122838
25,2013,0.434665080408255
25,2014,0.431642727553844
25,2015,0.424215584993362
25,2016,0.426145072840154
25,2017,0.434428336471319
25,2018,0.431043703854084
25,2019,0.450597303484877
25,2020,0.450187816719214
25,2021,0.452011403938134
25,2022,0.463069194803635
25,2023,0.47850371102492
26,1996,0.459046293298403
26,1998,0.456966180602709
26,2000,0.464959266285102
26,2002,0.435744469302396
26,2003,0.436095637828112
26,2004,0.438886185735464
26,2005,0.459303677330415
26,2006,0.463258155186971
26,2007,0.460738382488489
26,2008,0.456195402486871
26,2009,0.443931555802313
26,2010,0.442898234600822
26,2011,0.438042978942394
26,2012,0.42987742498517
26,2013,0.433497313037515
26,2014,0.439686399698257
26,2015,0.455030626803637
26,2016,0.461231744537751
26,2017,0.469188466481864
26,2018,0.472281844033083
26,2019,0.46938691586256
26,2020,0.472664473329981
26,2021,0.471075054258108
26,2022,0.484722183893124
26,2023,0.487327264249325
28,1996,0.347089886665344
28,1998,0.353973942001661
28,2000,0.318826051118473
28,2002,0.396058426300685
28,2003,0.327130836248398
28,2004,0.323837340871493
28,2005,0.29475982884566
28,2006,0.321886534492175
28,2007,0.286035243670146
28,2008,0.284937446316083
28,2009,0.288487513860067
28,2010,0.300205716490745
28,2011,0.301718833049138
28,2012,0.30775372882684
28,2013,0.325614390770594
28,2014,0.339120709399382
28,2015,0.336928367614746
28,2016,0.339954485495885
28,2017,0.33655440993607
28,2018,0.308091093103091
28,2019,0.298261821766694
28,2020,0.285424638787905
28,2021,0.279786767065525
28,2022,0.282635761797428
28,2023,0.295331499477228
29,1996,0.682280321628787
29,1998,0.679208676167764
29,2000,0.683150267872649
29,2002,0.680874385459659
29,2003,0.68053187407398
29,2004,0.685608601570129
29,2005,0.686954764897625
29,2006,0.683553405664861
29,2007,0.679291055941334
29,2008,0.673707025001446
29,2009,0.692306031535069
29,2010,0.694451284532746
29,2011,0.692083670323094
29,2012,0.691052010903756
29,2013,0.689602973560492
29,2014,0.694960505697462
29,2015,0.692003009960883
29,2016,0.696770733466579
29,2017,0.702275108479791
29,2018,0.700900025917734
29,2019,0.694667271706793
29,2020,0.676017353617483
29,2021,0.678778166133496
29,2022,0.679400617563062
29,2023,0.66896664502927
30,1996,0.682280321628787
30,1998,0.679208676167764
30,2000,0.683150267872649
30,2002,0.680874385459659
30,2003,0.68053187407398
30,2004,0.685608601570129
30,2005,0.686954764897625
30,2006,0.683553405664861
30,2007,0.679291055941334
30,2008,0.673707025001446
30,2009,0.692306031535069
30,2010,0.694451284532746
30,2011,0.692083670323094
30,2012,0.691052010903756
30,2013,0.689602973560492
30,2014,0.694960505697462
30,2015,0.692003009960883
30,2016,0.696770733466579
30,2017,0.702275108479791
30,2018,0.700900025917734
30,2019,0.694667271706793
30,2020,0.676017353617483
30,2021,0.678778166133496
30,2022,0.679400617563062
30,2023,0.66896664502927
31,1996,0.609011840075254
31,1998,0.611918471753597
31,2000,0.618104442084829
31,2002,0.613734958817561
31,2003,0.617916721850634
31,2004,0.578835648298264
31,2005,0.593040420611699
31,2006,0.572277653465668
31,2007,0.570690089588364
31,2008,0.57800501990132
31,2009,0.565998794728269
31,2010,0.574153255795439
31,2011,0.570989735952268
31,2012,0.565658751502633
31,2013,0.56845576291283
31,2014,0.546068724493186
31,2015,0.597395198047161
31,2016,0.589710830400387
31,2017,0.583063693251461
31,2018,0.588646903137366
31,2019,0.601598682440817
31,2020,0.616901664435863
31,2021,0.639531014844154
31,2022,0.650282510121663
31,2023,0.640583776930968
32,1996,0.677118811104447
32,1998,0.677118811104447
32,2000,0.677118811104447
32,2002,0.677118811104447
32,2003,0.677118811104447
32,2004,0.701186163226763
32,2005,0.697050439318021
32,2006,0.697474642594655
32,2007,0.696470268567403
32,2008,0.681143567959467
32,2009,0.681551615397136
32,2010,0.680272313952446
32,2011,0.679433644811313
32,2012,0.679346452156703
32,2013,0.678672727942467
32,2014,0.68276881535848
32,2015,0.678739676475525
32,2016,0.67971431573232
32,2017,0.680742153127988
32,2018,0.678145555754502
32,2019,0.668591762681802
32,2020,0.650999753276507
32,2021,0.653269662559033
32,2022,0.657806932528814
32,2023,0.638995758667588
33,1996,0.682280321628787
33,1998,0.679208676167764
33,2000,0.683150267872649
33,2002,0.680874385459659
33,2003,0.68053187407398
33,2004,0.685608601570129
33,2005,0.686954764897625
33,2006,0.683553405664861
33,2007,0.679291055941334
33,2008,0.673707025001446
33,2009,0.692306031535069
33,2010,0.694451284532746
33,2011,0.692083670323094
33,2012,0.691052010903756
33,2013,0.689602973560492
33,2014,0.694960505697462
33,2015,0.692003009960883
33,2016,0.696770733466579
33,2017,0.702275108479791
33,2018,0.700900025917734
33,2019,0.694667271706793
33,2020,0.676017353617483
33,2021,0.678778166133496
33,2022,0.679400617563062
33,2023,0.66896664502927
34,1996,0.682280321628787
34,1998,0.679208676167764
34,2000,0.683150267872649
34,2002,0.680874385459659
34,2003,0.68053187407398
34,2004,0.685608601570129
34,2005,0.686954764897625
34,2006,0.683553405664861
34,2007,0.679291055941334
34,2008,0.673707025001446
34,2009,0.692306031535069
34,2010,0.694451284532746
34,2011,0.692083670323094
34,2012,0.691052010903756
34,2013,0.689602973560492
34,2014,0.694960505697462
34,2015,0.692003009960883
34,2016,0.696770733466579
34,2017,0.702275108479791
34,2018,0.700900025917734
34,2019,0.694667271706793
34,2020,0.676017353617483
34,2021,0.678778166133496
34,2022,0.679400617563062
34,2023,0.66896664502927
35,1996,0.682280321628787
35,1998,0.679208676167764
35,2000,0.683150267872649
35,2002,0.680874385459659
35,2003,0.68053187407398
35,2004,0.685608601570129
35,2005,0.686954764897625
35,2006,0.683553405664861
35,2007,0.679291055941334
35,2008,0.673707025001446
35,2009,0.692306031535069
35,2010,0.694451284532746
35,2011,0.692083670323094
35,2012,0.691052010903756
35,2013,0.689602973560492
35,2014,0.694960505697462
35,2015,0.692003009960883
35,2016,0.696770733466579
35,2017,0.702275108479791
35,2018,0.700900025917734
35,2019,0.694667271706793
35,2020,0.676017353617483
35,2021,0.678778166133496
35,2022,0.679400617563062
35,2023,0.66896664502927
36,1996,0.682280321628787
36,1998,0.679208676167764
36,2000,0.683150267872649
36,2002,0.680874385459659
36,2003,0.68053187407398
36,2004,0.685608601570129
36,2005,0.686954764897625
36,2006,0.683553405664861
36,2007,0.679291055941334
36,2008,0.673707025001446
36,2009,0.692306031535069
36,2010,0.694451284532746
36,2011,0.692083670323094
36,2012,0.691052010903756
36,2013,0.689602973560492
36,2014,0.694960505697462
36,2015,0.692003009960883
36,2016,0.696770733466579
36,2017,0.702275108479791
36,2018,0.700900025917734
36,2019,0.694667271706793
36,2020,0.676017353617483
36,2021,0.678778166133496
36,2022,0.679400617563062
36,2023,0.66896664502927
37,1996,0.59862574947377
37,1998,0.622171670695146
37,2000,0.62281420280536
37,2002,0.630299286047618
37,2003,0.638395095864932
37,2004,0.631726331015428
37,2005,0.635026378929615
37,2006,0.63211528857549
37,2007,0.639524642626444
37,2008,0.656684077779452
37,2009,0.648333901166916
37,2010,0.650235451261203
37,2011,0.659717357158661
37,2012,0.669997177521388
37,2013,0.663374373316765
37,2014,0.674038474758466
37,2015,0.67150713801384
37,2016,0.657524695247412
37,2017,0.652892530957858
37,2018,0.647752846777439
37,2019,0.644651284813881
37,2020,0.664688758055369
37,2021,0.658715236186981
37,2022,0.653084908922513
37,2023,0.64747359752655
38,1996,0.760695120950794
38,1998,0.760341227313137
38,2000,0.759303479320728
38,2002,0.758500391172293
38,2003,0.749495205541707
38,2004,0.745539429032395
38,2005,0.749322366087228
38,2006,0.752861426681535
38,2007,0.751103072772678
38,2008,0.747385651280737
38,2009,0.739919905979027
38,2010,0.748431146883557
38,2011,0.75549046413766
38,2012,0.754000269373258
38,2013,0.754367619256179
38,2014,0.725109916263156
38,2015,0.729386744979355
38,2016,0.719134483651982
38,2017,0.716041206734048
38,2018,0.714442485529515
38,2019,0.720267105599244
38,2020,0.719077686303192
38,2021,0.721106746792793
38,2022,0.729491345584393
38,2023,0.729411427345541
39,1996,0.561482177488506
39,1998,0.562964973847071
39,2000,0.576734855771065
39,2002,0.561910942693551
39,2003,0.551311161369086
39,2004,0.469463166532417
39,2005,0.508338987330596
39,2006,0.48975371097525
39,2007,0.444836610058943
39,2008,0.43180412153403
39,2009,0.436160641163588
39,2010,0.444581495473782
39,2011,0.427591032286485
39,2012,0.411182555556297
39,2013,0.418305782477061
39,2014,0.463785797357559
39,2015,0.44213618238767
39,2016,0.437066007157167
39,2017,0.411895843346914
39,2018,0.401739134639502
39,2019,0.441391186602414
39,2020,0.461839803059896
39,2021,0.490600595126549
39,2022,0.479555391147733
39,2023,0.470567775269349
40,1996,0.431279279912512
40,1998,0.43467731649677
40,2000,0.422727928558986
40,2002,0.476937782019377
40,2003,0.460363012800614
40,2004,0.444864055514336
40,2005,0.424123257895311
40,2006,0.427204747498035
40,2007,0.414193904648225
40,2008,0.400391226717814
40,2009,0.407775906721751
40,2010,0.4187875593702
40,2011,0.432430980106195
40,2012,0.434053885191679
40,2013,0.432449295620123
40,2014,0.448916743944089
40,2015,0.479259269296502
40,2016,0.484275990289946
40,2017,0.468796991432707
40,2018,0.467518559095818
40,2019,0.46913230145971
40,2020,0.473920410095404
40,2021,0.456812332384288
40,2022,0.416477211564779
40,2023,0.434187349677086
41,1996,0.425821769982576
41,1998,0.431175190210342
41,2000,0.422534060974916
41,2002,0.429591854910056
41,2003,0.423794605148335
41,2004,0.419681465618002
41,2005,0.422678379062563
41,2006,0.429819364100695
41,2007,0.432287917037805
41,2008,0.43788393586874
41,2009,0.448149280498425
41,2010,0.442643760889769
41,2011,0.431111319859823
41,2012,0.430201704303424
41,2013,0.401337489485741
41,2014,0.391908105711142
41,2015,0.372442236542702
41,2016,0.327096946040789
41,2017,0.335622225205103
41,2018,0.334929585456848
41,2019,0.335143794616064
41,2020,0.322483100493749
41,2021,0.321600449085235
41,2022,0.327480496962865
41,2023,0.328599903980891
42,1996,0.432127158592145
42,1998,0.435817235211531
42,2000,0.44938711548845
42,2002,0.459700596577022
42,2003,0.482031359896064
42,2004,0.456002866957958
42,2005,0.459219069282214
42,2006,0.45127176096042
42,2007,0.452929928898811
42,2008,0.414139072100321
42,2009,0.36625562508901
42,2010,0.342641074458758
42,2011,0.347135436534881
42,2012,0.34296900232633
42,2013,0.336167734861374
42,2014,0.344097314278285
42,2015,0.348816581567128
42,2016,0.355276284615199
42,2017,0.34902394314607
42,2018,0.341473237673442
42,2019,0.346755645175775
42,2020,0.34909034272035
42,2021,0.349174961447716
42,2022,0.350601926445961
42,2023,0.33974289894104
43,1996,0.35589049855868
43,1998,0.342812778552373
43,2000,0.334674777587255
43,2002,0.340952261288961
43,2003,0.351891309022903
43,2004,0.366598365207513
43,2005,0.353796981275082
43,2006,0.367666614055633
43,2007,0.354951667288939
43,2008,0.345126391450564
43,2009,0.343547936280568
43,2010,0.36770590643088
43,2011,0.35965318530798
43,2012,0.353361695011457
43,2013,0.368839456637701
43,2014,0.383780119816462
43,2015,0.377038307487965
43,2016,0.379990001271169
43,2017,0.38642606039842
43,2018,0.379825684428215
43,2019,0.384483127792676
43,2020,0.376009537776311
43,2021,0.38910555144151
43,2022,0.403798778355122
43,2023,0.404883698870738
44,1996,0.0956025203069053
44,1998,0.121140094598135
44,2000,0.129213825861613
44,2002,0.151784956455231
44,2003,0.107180607318878
44,2004,0.0692012389500936
44,2005,0.07649302482605
44,2006,0.0616193890571593
44,2007,0.037721395492554
44,2008,0.018093220392863
44,2009,0.0282601396242773
44,2010,0.041830269495646
44,2011,0.0454332629839577
44,2012,0.0503351847330733
44,2013,0.0557425618171694
44,2014,0.0612694819768273
44,2015,0.0783902168273923
44,2016,0.0781489332516987
44,2017,0.0776294032732643
44,2018,0.0839619159698486
44,2019,0.0742174625396727
44,2020,0.083193576335907
44,2021,0.0843068122863763
44,2022,0.09646372795105
44,2023,0.105161956946055
45,1996,0.342290556430817
45,1998,0.348707809050878
45,2000,0.338910798231761
45,2002,0.344830985864003
45,2003,0.304338144262632
45,2004,0.290936559935411
45,2005,0.26774658660094
45,2006,0.237868488828341
45,2007,0.226095962524414
45,2008,0.234673170248668
45,2009,0.224074024955432
45,2010,0.215324638287226
45,2011,0.21158556342125
45,2012,0.205611596504847
45,2013,0.197033168872198
45,2014,0.19539431532224
45,2015,0.180110198259354
45,2016,0.17559701402982
45,2017,0.176911012331644
45,2018,0.176755263408025
45,2019,0.168517722686132
45,2020,0.177073925733566
45,2021,0.173242843151093
45,2022,0.16679603656133
45,2023,0.165026712417602
46,1996,0.339679649472237
46,1998,0.323524526755015
46,2000,0.358126758535703
46,2002,0.361806760231654
46,2003,0.348405478398005
46,2004,0.376315578818321
46,2005,0.3249778230985
46,2006,0.343596303462982
46,2007,0.356121156613032
46,2008,0.382356706261635
46,2009,0.387533534566561
46,2010,0.371680363019307
46,2011,0.365086028476556
46,2012,0.363827904562156
46,2013,0.352569385121266
46,2014,0.324467237790426
46,2015,0.324230638146401
46,2016,0.317357343435287
46,2017,0.315982774893443
46,2018,0.336021504799525
46,2019,0.325578845540682
46,2020,0.324358866612117
46,2021,0.319489514827728
46,2022,0.320629392067591
46,2023,0.321277616421382
47,1996,0.32733062505722
47,1998,0.308003532886505
47,2000,0.303288739919662
47,2002,0.277109563350677
47,2003,0.290662548939387
47,2004,0.276760236422221
47,2005,0.286542675892512
47,2006,0.298180558284124
47,2007,0.298954612016678
47,2008,0.278800644477208
47,2009,0.250214813152949
47,2010,0.243782039483388
47,2011,0.221507300933202
47,2012,0.223256436983744
47,2013,0.2293474872907
47,2014,0.197499507665634
47,2015,0.171328159173329
47,2016,0.125027541319529
47,2017,0.118905448913575
47,2018,0.09562908411026
47,2019,0.0971666455268863
47,2020,0.0961433529853823
47,2021,0.0966470042864486
47,2022,0.107826475302378
47,2023,0.10934878985087
48,1996,0.555287300546964
48,1998,0.549335149054726
48,2000,0.567189358795683
48,2002,0.584271026651064
48,2003,0.579416050513585
48,2004,0.591333803534508
48,2005,0.552482664585114
48,2006,0.540065645178159
48,2007,0.551707814137141
48,2008,0.567794112364451
48,2009,0.550735593835513
48,2010,0.540110222498576
48,2011,0.517324132223924
48,2012,0.528132903575897
48,2013,0.52419515500466
48,2014,0.545679874221484
48,2015,0.529931515703598
48,2016,0.537347006797791
48,2017,0.528377683957418
48,2018,0.518070460359256
48,2019,0.528885830938816
48,2020,0.520727382103602
48,2021,0.494865126783649
48,2022,0.513002864271402
48,2023,0.537311361233393
49,1996,0.178833583990733
49,1998,0.192838641007741
49,2000,0.200803248087565
49,2002,0.229822738965352
49,2003,0.200000862280528
49,2004,0.221709640820821
49,2005,0.182615904013316
49,2006,0.206182380517324
49,2007,0.19284283320109
49,2008,0.175899521509807
49,2009,0.189710326989492
49,2010,0.178390101591746
49,2011,0.182240271568298
49,2012,0.176915653546651
49,2013,0.176916511853536
49,2014,0.175471031665802
49,2015,0.177088312307994
49,2016,0.164857081572215
49,2017,0.181772021452586
49,2018,0.182008532683054
49,2019,0.19157414038976
49,2020,0.210079336166382
49,2021,0.197582272688548
49,2022,0.182903556029002
49,2023,0.139058907826742
50,1996,0.425696044166883
50,1998,0.42569796765844
50,2000,0.430415625373523
50,2002,0.435093569577051
50,2003,0.438406283160051
50,2004,0.413047181038807
50,2005,0.427194345121582
50,2006,0.408906614469985
50,2007,0.420219441317022
50,2008,0.433286460861564
50,2009,0.425287759552399
50,2010,0.443588761116067
50,2011,0.402326288757225
50,2012,0.429017328595122
50,2013,0.43181036238869
50,2014,0.44108211658895
50,2015,0.426720004715026
50,2016,0.453107532858849
50,2017,0.442214414663613
50,2018,0.442666504780452
50,2019,0.442750926315784
50,2020,0.452015790094932
50,2021,0.469450002908707
50,2022,0.493595506747564
50,2023,0.521140292286873
51,1996,0.54781343738238
51,1998,0.539399682854613
51,2000,0.547412325814366
51,2002,0.548730406661828
51,2003,0.555378610144059
51,2004,0.565460586299499
51,2005,0.547587298850219
51,2006,0.54495604733626
51,2007,0.545565495143334
51,2008,0.536427931363384
51,2009,0.536202757060528
51,2010,0.537167369325956
51,2011,0.515240881755017
51,2012,0.486546353126566
51,2013,0.483708925545216
51,2014,0.465272663036982
51,2015,0.452241908696791
51,2016,0.45773234165584
51,2017,0.458928796152274
51,2018,0.474855661795785
51,2019,0.486216423039635
51,2020,0.494810344527165
51,2021,0.49428945283095
51,2022,0.511151161044836
51,2023,0.523025493820508
52,1996,0.5286365940546
52,1998,0.523499265313149
52,2000,0.531346143285433
52,2002,0.581071702639262
52,2003,0.563093623518944
52,2004,0.569963092605273
52,2005,0.542941784517219
52,2006,0.511539892355601
52,2007,0.524712800482909
52,2008,0.522335540751616
52,2009,0.530471291641394
52,2010,0.50980831583341
52,2011,0.486662002901236
52,2012,0.479341312249501
52,2013,0.47549232840538
52,2014,0.490531330307325
52,2015,0.481331478059292
52,2016,0.469584723313649
52,2017,0.448014154533545
52,2018,0.448948775728544
52,2019,0.46959234935542
52,2020,0.476788171132406
52,2021,0.502699142694473
52,2022,0.513562267025312
52,2023,0.522331289947033
53,1996,0.343209413687388
53,1998,0.34394339621067
53,2000,0.317346021533013
53,2002,0.297956562042236
53,2003,0.304709275563558
53,2004,0.283645208676656
53,2005,0.307370420296987
53,2006,0.318322547276815
53,2007,0.29614373644193
53,2008,0.279319715499878
53,2009,0.272958693901698
53,2010,0.276965947945913
53,2011,0.262973495324453
53,2012,0.267374628782272
53,2013,0.275813655058543
53,2014,0.294701586167018
53,2015,0.29465999007225
53,2016,0.291588872671127
53,2017,0.304272311925888
53,2018,0.303718745708465
53,2019,0.297054545084635
53,2020,0.314109869798025
53,2021,0.325841188430786
53,2022,0.31034828821818
53,2023,0.292336245377859
54,1996,0.590279708150774
54,1998,0.581244201958179
54,2000,0.588480174789826
54,2002,0.633159160614014
54,2003,0.587647827466329
54,2004,0.601126928130786
54,2005,0.597186754147212
54,2006,0.589715048670769
54,2007,0.596714268128077
54,2008,0.591277213891347
54,2009,0.594624774654706
54,2010,0.57812197804451
54,2011,0.603364550073942
54,2012,0.612878129879634
54,2013,0.624241336186727
54,2014,0.6332117776076
54,2015,0.629381350676218
54,2016,0.627346334854762
54,2017,0.625975753863652
54,2018,0.626802881558736
54,2019,0.625236068169276
54,2020,0.624429565668106
54,2021,0.624177827437719
54,2022,0.63140905102094
54,2023,0.639494240283966
55,1996,0.764492777983347
55,1998,0.749883282184601
55,2000,0.733082493146261
55,2002,0.755556134382884
55,2003,0.747459860642751
55,2004,0.734167806307475
55,2005,0.735451638698578
55,2006,0.70340384443601
55,2007,0.702034876743952
55,2008,0.714594006538391
55,2009,0.706709124644597
55,2010,0.687091642618179
55,2011,0.682339058319728
55,2012,0.687288282314936
55,2013,0.691966297229131
55,2014,0.689055126905441
55,2015,0.70422351360321
55,2016,0.699966990947724
55,2017,0.714034120241801
55,2018,0.708808594942093
55,2019,0.706341803073883
55,2020,0.698117617766063
55,2021,0.690242824951807
55,2022,0.688614696264267
55,2023,0.681024827559789
56,1996,0.621548431780838
56,1998,0.614627362953527
56,2000,0.626495431777739
56,2002,0.555145615339279
56,2003,0.5561164021492
56,2004,0.551999868949254
56,2005,0.55199581682682
56,2006,0.59685966198643
56,2007,0.607635727524757
56,2008,0.600160821154714
56,2009,0.599876946955919
56,2010,0.594296570370595
56,2011,0.606771240729237
56,2012,0.607357612935205
56,2013,0.600774863486489
56,2014,0.591164443145196
56,2015,0.61004294504722
56,2016,0.596460820734501
56,2017,0.597975008438031
56,2018,0.608699813360969
56,2019,0.612022777336339
56,2020,0.614125296970208
56,2021,0.614660164418941
56,2022,0.617205548038085
56,2023,0.616762968121717
57,1996,0.764492777983347
57,1998,0.749883282184601
57,2000,0.733082493146261
57,2002,0.755556134382884
57,2003,0.747459860642751
57,2004,0.734167806307475
57,2005,0.735451638698578
57,2006,0.70340384443601
57,2007,0.702034876743952
57,2008,0.714594006538391
57,2009,0.706709124644597
57,2010,0.687091642618179
57,2011,0.682339058319728
57,2012,0.687288282314936
57,2013,0.691966297229131
57,2014,0.689055126905441
57,2015,0.70422351360321
57,2016,0.699966990947724
57,2017,0.714034120241801
57,2018,0.708808594942093
57,2019,0.706341803073883
57,2020,0.698117617766063
57,2021,0.690242824951807
57,2022,0.688614696264267
57,2023,0.681024827559789
58,1996,0.72875582476457
58,1998,0.729577359557151
58,2000,0.746537387371063
58,2002,0.745804090301196
58,2003,0.731361871957779
58,2004,0.711274697631597
58,2005,0.719184870024523
58,2006,0.674414406220118
58,2007,0.676049622893334
58,2008,0.677738446990649
58,2009,0.668069061636925
58,2010,0.674082959691684
58,2011,0.682423367847999
58,2012,0.674906136902669
58,2013,0.668452625566473
58,2014,0.660409375031789
58,2015,0.658394409716129
58,2016,0.669011446833611
58,2017,0.658633345365525
58,2018,0.66012707054615
58,2019,0.66638091703256
58,2020,0.653253564238548
58,2021,0.659087673823039
58,2022,0.651252259810766
58,2023,0.646003517508507
59,1996,0.77913918097814
59,1998,0.755812736352284
59,2000,0.768975758552551
59,2002,0.787009449799856
59,2003,0.773105106751124
59,2004,0.767391363779704
59,2005,0.760907044013341
59,2006,0.759925270080567
59,2007,0.760126074155172
59,2008,0.747675178448359
59,2009,0.762478357553482
59,2010,0.766668017705282
59,2011,0.773138974110285
59,2012,0.772476204236348
59,2013,0.778661813338598
59,2014,0.759968139727911
59,2015,0.756624195973079
59,2016,0.74860368669033
59,2017,0.731846641500791
59,2018,0.732535010576248
59,2019,0.731386338671049
59,2020,0.733149526516596
59,2021,0.736599749326706
59,2022,0.740080672502517
59,2023,0.718901607394218
60,1996,0.760695120950794
60,1998,0.760341227313137
60,2000,0.759303479320728
60,2002,0.758500391172293
60,2003,0.749495205541707
60,2004,0.745539429032395
60,2005,0.749322366087228
60,2006,0.752861426681535
60,2007,0.751103072772678
60,2008,0.747385651280737
60,2009,0.739919905979027
60,2010,0.748431146883557
60,2011,0.75549046413766
60,2012,0.754000269373258
60,2013,0.754367619256179
60,2014,0.725109916263156
60,2015,0.729386744979355
60,2016,0.719134483651982
60,2017,0.716041206734048
60,2018,0.714442485529515
60,2019,0.720267105599244
60,2020,0.719077686303192
60,2021,0.721106746792793
60,2022,0.729491345584393
60,2023,0.729411427345541
61,1996,0.478118088841438
61,1998,0.474628501633803
61,2000,0.477228303502003
61,2002,0.491499254107475
61,2003,0.493075929861516
61,2004,0.489993674928943
61,2005,0.475197828436891
61,2006,0.496054608033349
61,2007,0.476499326278766
61,2008,0.46858183418711
61,2009,0.470070142205805
61,2010,0.450353066499035
61,2011,0.459750670699092
61,2012,0.453824106479685
61,2013,0.448277885342638
61,2014,0.461583441744248
61,2015,0.455563451349735
61,2016,0.445394166745245
61,2017,0.455312306061387
61,2018,0.458686231526857
61,2019,0.463876108080149
61,2020,0.474189590662718
61,2021,0.451664048433304
61,2022,0.435595104346673
61,2023,0.425187373658021
62,1996,0.476047109564145
62,1998,0.511516093276441
62,2000,0.478475240680079
62,2002,0.45701343814532
62,2003,0.430223360160987
62,2004,0.447243794674675
62,2005,0.407351528604825
62,2006,0.418318216005961
62,2007,0.417204682032267
62,2008,0.411178220311801
62,2009,0.428378111869097
62,2010,0.437442461897929
62,2011,0.424240265289942
62,2012,0.429550165434678
62,2013,0.428791586061319
62,2014,0.44214682833602
62,2015,0.443679930269718
62,2016,0.44150873919328
62,2017,0.433642849822839
62,2018,0.427641928692659
62,2019,0.435210495690505
62,2020,0.440556078528365
62,2021,0.434691782792409
62,2022,0.444315476715565
62,2023,0.445966702823838
63,1996,0.476047109564145
63,1998,0.511516093276441
63,2000,0.478475240680079
63,2002,0.45701343814532
63,2003,0.430223360160987
63,2004,0.447243794674675
63,2005,0.407351528604825
63,2006,0.418318216005961
63,2007,0.417204682032267
63,2008,0.411178220311801
63,2009,0.428378111869097
63,2010,0.437442461897929
63,2011,0.424240265289942
63,2012,0.429550165434678
63,2013,0.428791586061319
63,2014,0.44214682833602
63,2015,0.443679930269718
63,2016,0.44150873919328
63,2017,0.433642849822839
63,2018,0.427641928692659
63,2019,0.435210495690505
63,2020,0.440556078528365
63,2021,0.434691782792409
63,2022,0.444315476715565
63,2023,0.445966702823838
64,1996,0.440515905121962
64,1998,0.437239516774813
64,2000,0.440115188558896
64,2002,0.465325788408518
64,2003,0.441589733461539
64,2004,0.39460271447897
64,2005,0.396792370080948
64,2006,0.38280745546023
64,2007,0.378568346301715
64,2008,0.326218517621358
64,2009,0.337734691301982
64,2010,0.319192236661911
64,2011,0.318830565611522
64,2012,0.321844812234243
64,2013,0.316814190149307
64,2014,0.329467886686325
64,2015,0.322136276960373
64,2016,0.344179222981135
64,2017,0.35183639327685
64,2018,0.342944574356079
64,2019,0.357489375273387
64,2020,0.343965073426565
64,2021,0.342976049582163
64,2022,0.350937632719676
64,2023,0.353931717077891
65,1996,0.415564240887761
65,1998,0.440797983358304
65,2000,0.433401403824488
65,2002,0.453153677781423
65,2003,0.464172112445037
65,2004,0.415594922502836
65,2005,0.389844188590844
65,2006,0.39182521974047
65,2007,0.400417888040344
65,2008,0.393242074052493
65,2009,0.395929028093815
65,2010,0.386802170425653
65,2011,0.389531062036015
65,2012,0.387517650444837
65,2013,0.374012012283007
65,2014,0.365710371732712
65,2015,0.347526001992325
65,2016,0.337650481859843
65,2017,0.397161686172088
65,2018,0.410461642593145
65,2019,0.422334092358748
65,2020,0.422783734897772
65,2021,0.419267022485534
65,2022,0.430146874984105
65,2023,0.43537819829459
66,1996,0.470955838263035
66,1998,0.455719265465935
66,2000,0.474559778471788
66,2002,0.504230055212975
66,2003,0.470894526069363
66,2004,0.486050841833154
66,2005,0.477041721685479
66,2006,0.448967588692904
66,2007,0.430857658882936
66,2008,0.443129854400953
66,2009,0.426381319761276
66,2010,0.412143164873123
66,2011,0.426591851810614
66,2012,0.458808710627879
66,2013,0.469156396513184
66,2014,0.48031241769592
66,2015,0.477558966105183
66,2016,0.47605526316911
66,2017,0.480466776713729
66,2018,0.478801667441924
66,2019,0.491466122423299
66,2020,0.480472408405816
66,2021,0.478716863753895
66,2022,0.482688661509504
66,2023,0.483472676078479
67,1996,0.261316136519114
67,1998,0.255347512165706
67,2000,0.277441343665123
67,2002,0.278072173645099
67,2003,0.304262129217386
67,2004,0.3169918547074
67,2005,0.303377352158228
67,2006,0.288839247822761
67,2007,0.315152508020401
67,2008,0.328161358833313
67,2009,0.316569834947586
67,2010,0.280989519630869
67,2011,0.244222788016002
67,2012,0.244211115439733
67,2013,0.213958658774693
67,2014,0.166892778873443
67,2015,0.154211521148682
67,2016,0.135041479269664
67,2017,0.14028799533844
67,2018,0.13030458688736
67,2019,0.118076793352763
67,2020,0.120958344141642
67,2021,0.137752290566762
67,2022,0.141738800207774
67,2023,0.152142175038655
68,1996,0.69731638332208
68,1998,0.708565197388331
68,2000,0.740478384494782
68,2002,0.737563014030456
68,2003,0.745962329705556
68,2004,0.724628031253815
68,2005,0.724134570360183
68,2006,0.737561444441477
68,2007,0.749518855412801
68,2008,0.753236627578735
68,2009,0.739228508869807
68,2010,0.741056128342947
68,2011,0.725624573230743
68,2012,0.735556638240814
68,2013,0.734780081113179
68,2014,0.714974006017049
68,2015,0.706676729520162
68,2016,0.699345413843791
68,2017,0.715548350413641
68,2018,0.706606195370356
68,2019,0.666251581907272
68,2020,0.684913255771001
68,2021,0.658033747474353
68,2022,0.649815986553828
68,2023,0.62228481794397
69,1996,0.586822579304377
69,1998,0.575658015161753
69,2000,0.572495069851478
69,2002,0.615784151727955
69,2003,0.638193268080552
69,2004,0.616858611504237
69,2005,0.631112006306648
69,2006,0.64157078464826
69,2007,0.627507687608401
69,2008,0.615973650415738
69,2009,0.624401397506396
69,2010,0.631193888684114
69,2011,0.624015027284622
69,2012,0.636208745837211
69,2013,0.645463579893112
69,2014,0.657832485437393
69,2015,0.653728277484576
69,2016,0.655578547716141
69,2017,0.655421649416288
69,2018,0.651426787177722
69,2019,0.666339156031608
69,2020,0.665487013260523
69,2021,0.67629724740982
69,2022,0.663370531797409
69,2023,0.673029178380966
70,1996,0.652308491865794
70,1998,0.65433301726977
70,2000,0.676168918609619
70,2002,0.682095376650492
70,2003,0.69044598142306
70,2004,0.693068691094717
70,2005,0.689363676309586
70,2006,0.712919747829437
70,2007,0.704254098733266
70,2008,0.710583482185999
70,2009,0.705780738592148
70,2010,0.7124851167202
70,2011,0.713954051335653
70,2012,0.711461192369461
70,2013,0.72146296898524
70,2014,0.74336692293485
70,2015,0.735030571619669
70,2016,0.734574699401855
70,2017,0.733811817566554
70,2018,0.737932350238164
70,2019,0.743245573838551
70,2020,0.754048309723536
70,2021,0.757174317042033
70,2022,0.760080951452255
70,2023,0.751269471645355
71,1996,0.480149186402559
71,1998,0.523905143390099
71,2000,0.525799825415015
71,2002,0.548977941647172
71,2003,0.538739235078295
71,2004,0.543664867384359
71,2005,0.548142591429253
71,2006,0.541278483718634
71,2007,0.542712342614929
71,2008,0.537116874009371
71,2009,0.547027894233664
71,2010,0.53908652762572
71,2011,0.527413685868184
71,2012,0.531018711874882
71,2013,0.518956482068946
71,2014,0.517757074783246
71,2015,0.51676131868735
71,2016,0.528649359196425
71,2017,0.539532225579023
71,2018,0.541103859245777
71,2019,0.546727080022295
71,2020,0.515265265107155
71,2021,0.519412699590127
71,2022,0.512808865557114
71,2023,0.53470930014737
72,1996,0.505172972939908
72,1998,0.493806700408459
72,2000,0.467696781704823
72,2002,0.499792754774292
72,2003,0.488774408151706
72,2004,0.497456495960553
72,2005,0.501097976913055
72,2006,0.519177305698395
72,2007,0.517171587298314
72,2008,0.524419997725636
72,2009,0.527384923522671
72,2010,0.53399901141723
72,2011,0.527552702774604
72,2012,0.516912557184696
72,2013,0.538297274708748
72,2014,0.544021997228265
72,2015,0.545635052273671
72,2016,0.552658920735121
72,2017,0.543025223786632
72,2018,0.531315526242057
72,2019,0.548805022239685
72,2020,0.54744772935907
72,2021,0.55411773485442
72,2022,0.55937873654378
72,2023,0.552699336409569
73,1996,0.362419027586778
73,1998,0.350781121850014
73,2000,0.33437751630942
73,2002,0.379587421814601
73,2003,0.362746279935042
73,2004,0.352945151180029
73,2005,0.353974607090155
73,2006,0.346169339617093
73,2007,0.350908846656481
73,2008,0.349214630325635
73,2009,0.346559337774912
73,2010,0.345811344186465
73,2011,0.346114672223727
73,2012,0.347083226839701
73,2013,0.352955587704977
73,2014,0.357383608321349
73,2015,0.339290613929431
73,2016,0.349003250400225
73,2017,0.359631858766079
73,2018,0.367434849590063
73,2019,0.376197080810865
73,2020,0.364358997841676
73,2021,0.354383224248886
73,2022,0.290585537751516
73,2023,0.281775726874669
74,1996,0.288756020863851
74,1998,0.315783085425695
74,2000,0.366005754470825
74,2002,0.316859026749929
74,2003,0.371472055713336
74,2004,0.395158046235641
74,2005,0.40707967504859
74,2006,0.438544655839602
74,2007,0.469021807610989
74,2008,0.474637394150098
74,2009,0.477694146583478
74,2010,0.494703670280675
74,2011,0.513289653261503
74,2012,0.534234256638835
74,2013,0.549955548640962
74,2014,0.573344009121259
74,2015,0.558000794053078
74,2016,0.576909094055494
74,2017,0.578090773026148
74,2018,0.577564511696498
74,2019,0.580929381648699
74,2020,0.572275841608644
74,2021,0.568533949864407
74,2022,0.568381700416406
74,2023,0.574399905403455
75,1996,0.383343850572904
75,1998,0.361415505905946
75,2000,0.35646144648393
75,2002,0.364397252599398
75,2003,0.36760950088501
75,2004,0.369621330499649
75,2005,0.390066022674243
75,2006,0.413618409757813
75,2007,0.417862566312154
75,2008,0.408802638327082
75,2009,0.383160866176089
75,2010,0.392594458038608
75,2011,0.380949135869741
75,2012,0.384802262981733
75,2013,0.354524452487628
75,2014,0.333225472271442
75,2015,0.328905889888604
75,2016,0.348110431960473
75,2017,0.358781949896365
75,2018,0.35665379712979
75,2019,0.383257098682225
75,2020,0.390072034051021
75,2021,0.391497764488061
75,2022,0.354889965740343
75,2023,0.37571407482028
76,1996,0.445069228112698
76,1998,0.425005737443765
76,2000,0.46023267476509
76,2002,0.447766097386678
76,2003,0.471490048555036
76,2004,0.469436324791362
76,2005,0.496484179122975
76,2006,0.491829437498624
76,2007,0.495314364011089
76,2008,0.494410141805808
76,2009,0.487626050661008
76,2010,0.490110744349659
76,2011,0.490497784378628
76,2012,0.486016745616992
76,2013,0.481573470526685
76,2014,0.472994870692492
76,2015,0.440545936922232
76,2016,0.40106487381272
76,2017,0.401307304265599
76,2018,0.401509019856651
76,2019,0.402465624051789
76,2020,0.401050645795961
76,2021,0.398050591597954
76,2022,0.388976324597994
76,2023,0.387881960968176
77,1996,0.331446907917658
77,1998,0.321466410905123
77,2000,0.31594973107179
77,2002,0.358760732412338
77,2003,0.332061499853929
77,2004,0.324534922838211
77,2005,0.314937669038773
77,2006,0.297662386298179
77,2007,0.300068048636118
77,2008,0.316260315974553
77,2009,0.325369257728259
77,2010,0.316598922014236
77,2011,0.261038209994634
77,2012,0.181200850009918
77,2013,0.162003342310587
77,2014,0.145461356639862
77,2015,0.127121170361837
77,2016,0.0994490822156266
77,2017,0.102733031908671
77,2018,0.10434076388677
77,2019,0.098541804154714
77,2020,0.0962409059206647
77,2021,0.104462619622548
77,2022,0.0968481739362083
77,2023,0.100384358565013
78,1996,0.417417207856973
78,1998,0.416193443785111
78,2000,0.438493228827914
78,2002,0.42208888878425
78,2003,0.426471041142941
78,2004,0.427153817067544
78,2005,0.421871393670638
78,2006,0.359065558513005
78,2007,0.34150222937266
78,2008,0.352481137712796
78,2009,0.370088580995798
78,2010,0.378751507587731
78,2011,0.375122963388761
78,2012,0.366871131459872
78,2013,0.361984713623921
78,2014,0.352193076411883
78,2015,0.345425487558047
78,2016,0.338779295484225
78,2017,0.337463891506195
78,2018,0.32734345694383
78,2019,0.314931337038676
78,2020,0.292102998495102
78,2021,0.277741316954295
78,2022,0.270820937554042
78,2023,0.261323976516724
79,1996,0.634747177362442
79,1998,0.624301091829936
79,2000,0.62681249777476
79,2002,0.611442716916402
79,2003,0.605544056495031
79,2004,0.605311479171117
79,2005,0.597649463017781
79,2006,0.621709414323171
79,2007,0.615983923276266
79,2008,0.620652145147324
79,2009,0.5984699010849
79,2010,0.616782885789871
79,2011,0.630100456873576
79,2012,0.627908553679784
79,2013,0.627594947814941
79,2014,0.63569819132487
79,2015,0.643353470166524
79,2016,0.65946892897288
79,2017,0.639751243591309
79,2018,0.627802556753159
79,2019,0.639585191011429
79,2020,0.617415539423625
79,2021,0.624666692813238
79,2022,0.62055979569753
79,2023,0.601992992560069
80,1996,0.644129875302315
80,1998,0.657342946529388
80,2000,0.654585913817088
80,2002,0.658990491429965
80,2003,0.649281446139018
80,2004,0.655075208346049
80,2005,0.646960988640785
80,2006,0.643460778395335
80,2007,0.635827084382375
80,2008,0.621179159979026
80,2009,0.594772675136725
80,2010,0.580920981367429
80,2011,0.569940451532602
80,2012,0.549327900509039
80,2013,0.563104549547036
80,2014,0.544678066670895
80,2015,0.536240160961946
80,2016,0.525892196098963
80,2017,0.532623038068414
80,2018,0.553770226115982
80,2019,0.56588348771135
80,2020,0.577949491143227
80,2021,0.579459358255068
80,2022,0.577914161855976
80,2023,0.576328504582246
81,1996,0.701524855693182
81,1998,0.685456413030624
81,2000,0.694486711422603
81,2002,0.697371483842532
81,2003,0.698761077721913
81,2004,0.681293005744616
81,2005,0.687408222754796
81,2006,0.710322391986847
81,2007,0.717854595184326
81,2008,0.733819256226221
81,2009,0.711480135718981
81,2010,0.720075433452924
81,2011,0.712500681479772
81,2012,0.716738583644231
81,2013,0.702778818209966
81,2014,0.698217282692591
81,2015,0.687356891234716
81,2016,0.669653739531835
81,2017,0.669739800691605
81,2018,0.652508292595546
81,2019,0.662413283189138
81,2020,0.630698313315709
81,2021,0.626543503006299
81,2022,0.625660721460978
81,2023,0.628698107600212
82,1996,0.375790072480838
82,1998,0.365758936603864
82,2000,0.365498338143031
82,2002,0.40502447122708
82,2003,0.404540469745795
82,2004,0.418645014536257
82,2005,0.394146942843994
82,2006,0.411483316123486
82,2007,0.438245851049821
82,2008,0.456991649853686
82,2009,0.468073341995478
82,2010,0.465626902133226
82,2011,0.457234307130178
82,2012,0.451714340597391
82,2013,0.460009851430853
82,2014,0.498705732574065
82,2015,0.494525308907032
82,2016,0.497640988851587
82,2017,0.500041355441014
82,2018,0.497713309526443
82,2019,0.482374788696567
82,2020,0.476340566078822
82,2021,0.485464634001255
82,2022,0.496604043742021
82,2023,0.509294643998146
84,1996,0.27564199368159
84,1998,0.266577025254567
84,2000,0.283442304531733
84,2002,0.318870919942856
84,2003,0.323068980375926
84,2004,0.350739728411039
84,2005,0.378094095985095
84,2006,0.355930632352829
84,2007,0.347374604145686
84,2008,0.343176794052124
84,2009,0.32751270532608
84,2010,0.328288619716962
84,2011,0.316144166390101
84,2012,0.322233115633329
84,2013,0.338928201794624
84,2014,0.3312160273393
84,2015,0.327080504099528
84,2016,0.324738685290019
84,2017,0.327894657850266
84,2018,0.32871029873689
84,2019,0.313908272981644
84,2020,0.322329097986222
84,2021,0.323002376159032
84,2022,0.34296849767367
84,2023,0.351877864201864
85,1996,0.760695120950794
85,1998,0.760341227313137
85,2000,0.759303479320728
85,2002,0.758500391172293
85,2003,0.749495205541707
85,2004,0.745539429032395
85,2005,0.749322366087228
85,2006,0.752861426681535
85,2007,0.751103072772678
85,2008,0.747385651280737
85,2009,0.739919905979027
85,2010,0.748431146883557
85,2011,0.75549046413766
85,2012,0.754000269373258
85,2013,0.754367619256179
85,2014,0.725109916263156
85,2015,0.729386744979355
85,2016,0.719134483651982
85,2017,0.716041206734048
85,2018,0.714442485529515
85,2019,0.720267105599244
85,2020,0.719077686303192
85,2021,0.721106746792793
85,2022,0.729491345584393
85,2023,0.729411427345541
86,1996,0.760695120950794
86,1998,0.760341227313137
86,2000,0.759303479320728
86,2002,0.758500391172293
86,2003,0.749495205541707
86,2004,0.745539429032395
86,2005,0.749322366087228
86,2006,0.752861426681535
86,2007,0.751103072772678
86,2008,0.747385651280737
86,2009,0.739919905979027
86,2010,0.748431146883557
86,2011,0.75549046413766
86,2012,0.754000269373258
86,2013,0.754367619256179
86,2014,0.725109916263156
86,2015,0.729386744979355
86,2016,0.719134483651982
86,2017,0.716041206734048
86,2018,0.714442485529515
86,2019,0.720267105599244
86,2020,0.719077686303192
86,2021,0.721106746792793
86,2022,0.729491345584393
86,2023,0.729411427345541
88,1996,0.760695120950794
88,1998,0.760341227313137
88,2000,0.759303479320728
88,2002,0.758500391172293
88,2003,0.749495205541707
88,2004,0.745539429032395
88,2005,0.749322366087228
88,2006,0.752861426681535
88,2007,0.751103072772678
88,2008,0.747385651280737
88,2009,0.739919905979027
88,2010,0.748431146883557
88,2011,0.75549046413766
88,2012,0.754000269373258
88,2013,0.754367619256179
88,2014,0.725109916263156
88,2015,0.729386744979355
88,2016,0.719134483651982
88,2017,0.716041206734048
88,2018,0.714442485529515
88,2019,0.720267105599244
88,2020,0.719077686303192
88,2021,0.721106746792793
88,2022,0.729491345584393
88,2023,0.729411427345541
89,1996,0.760695120950794
89,1998,0.760341227313137
89,2000,0.759303479320728
89,2002,0.758500391172293
89,2003,0.749495205541707
89,2004,0.745539429032395
89,2005,0.749322366087228
89,2006,0.752861426681535
89,2007,0.751103072772678
89,2008,0.747385651280737
89,2009,0.739919905979027
89,2010,0.748431146883557
89,2011,0.75549046413766
89,2012,0.754000269373258
89,2013,0.754367619256179
89,2014,0.725109916263156
89,2015,0.729386744979355
89,2016,0.719134483651982
89,2017,0.716041206734048
89,2018,0.714442485529515
89,2019,0.720267105599244
89,2020,0.719077686303192
89,2021,0.721106746792793
89,2022,0.729491345584393
89,2023,0.729411427345541
90,1996,0.593943907072147
90,1998,0.574329942464828
90,2000,0.580142330129941
90,2002,0.570230833316843
90,2003,0.570656030376752
90,2004,0.574596137041226
90,2005,0.574699306953698
90,2006,0.577676616609097
90,2007,0.562371244915994
90,2008,0.55911897784099
90,2009,0.547129081686338
90,2010,0.545769378418724
90,2011,0.546808832992489
90,2012,0.534193905132512
90,2013,0.541269653166334
90,2014,0.530656578640143
90,2015,0.522295661643147
90,2016,0.526033913282057
90,2017,0.509037450949351
90,2018,0.503464351842801
90,2019,0.509252111303309
90,2020,0.506699546799064
90,2021,0.496742862587174
90,2022,0.481947161257267
90,2023,0.480005672325691
91,1996,0.682280321628787
91,1998,0.679208676167764
91,2000,0.683150267872649
91,2002,0.680874385459659
91,2003,0.68053187407398
91,2004,0.685608601570129
91,2005,0.686954764897625
91,2006,0.683553405664861
91,2007,0.679291055941334
91,2008,0.673707025001446
91,2009,0.692306031535069
91,2010,0.694451284532746
91,2011,0.692083670323094
91,2012,0.691052010903756
91,2013,0.689602973560492
91,2014,0.694960505697462
91,2015,0.692003009960883
91,2016,0.696770733466579
91,2017,0.702275108479791
91,2018,0.700900025917734
91,2019,0.694667271706793
91,2020,0.676017353617483
91,2021,0.678778166133496
91,2022,0.679400617563062
91,2023,0.66896664502927
92,1996,0.682280321628787
92,1998,0.679208676167764
92,2000,0.683150267872649
92,2002,0.680874385459659
92,2003,0.68053187407398
92,2004,0.685608601570129
92,2005,0.686954764897625
92,2006,0.683553405664861
92,2007,0.679291055941334
92,2008,0.673707025001446
92,2009,0.692306031535069
92,2010,0.694451284532746
92,2011,0.692083670323094
92,2012,0.691052010903756
92,2013,0.689602973560492
92,2014,0.694960505697462
92,2015,0.692003009960883
92,2016,0.696770733466579
92,2017,0.702275108479791
92,2018,0.700900025917734
92,2019,0.694667271706793
92,2020,0.676017353617483
92,2021,0.678778166133496
92,2022,0.679400617563062
92,2023,0.66896664502927
93,1996,0.682280321628787
93,1998,0.679208676167764
93,2000,0.683150267872649
93,2002,0.680874385459659
93,2003,0.68053187407398
93,2004,0.685608601570129
93,2005,0.686954764897625
93,2006,0.683553405664861
93,2007,0.679291055941334
93,2008,0.673707025001446
93,2009,0.692306031535069
93,2010,0.694451284532746
93,2011,0.692083670323094
93,2012,0.691052010903756
93,2013,0.689602973560492
93,2014,0.694960505697462
93,2015,0.692003009960883
93,2016,0.696770733466579
93,2017,0.702275108479791
93,2018,0.700900025917734
93,2019,0.694667271706793
93,2020,0.676017353617483
93,2021,0.678778166133496
93,2022,0.679400617563062
93,2023,0.66896664502927
94,1996,0.819841070969899
94,1998,0.80264180501302
94,2000,0.823240292072296
94,2002,0.806849499543508
94,2003,0.813561538855234
94,2004,0.831147607167562
94,2005,0.813330924510956
94,2006,0.811882487932841
94,2007,0.818200208743413
94,2008,0.821999589602152
94,2009,0.817752486467362
94,2010,0.818310753504435
94,2011,0.823425157864888
94,2012,0.820883999268214
94,2013,0.814634946982066
94,2014,0.820667918523153
94,2015,0.80570678114891
94,2016,0.80981209675471
94,2017,0.80250072479248
94,2018,0.808655297756195
94,2019,0.802479054530462
94,2020,0.793214372793834
94,2021,0.794735274712245
94,2022,0.800137819846472
94,2023,0.808671106894811
95,1996,0.760695120950794
95,1998,0.760341227313137
95,2000,0.759303479320728
95,2002,0.758500391172293
95,2003,0.749495205541707
95,2004,0.745539429032395
95,2005,0.749322366087228
95,2006,0.752861426681535
95,2007,0.751103072772678
95,2008,0.747385651280737
95,2009,0.739919905979027
95,2010,0.748431146883557
95,2011,0.75549046413766
95,2012,0.754000269373258
95,2013,0.754367619256179
95,2014,0.725109916263156
95,2015,0.729386744979355
95,2016,0.719134483651982
95,2017,0.716041206734048
95,2018,0.714442485529515
95,2019,0.720267105599244
95,2020,0.719077686303192
95,2021,0.721106746792793
95,2022,0.729491345584393
95,2023,0.729411427345541
96,1996,0.254587930440903
96,1998,0.220563062032064
96,2000,0.219738411903382
96,2002,0.288104240099589
96,2003,0.299165652195613
96,2004,0.330909738938014
96,2005,0.310199928283692
96,2006,0.336979755759239
96,2007,0.352113330985109
96,2008,0.352124715348085
96,2009,0.353763527174791
96,2010,0.363623664776484
96,2011,0.366160050531228
96,2012,0.354789850115776
96,2013,0.358751604457696
96,2014,0.355106103171905
96,2015,0.356961198151111
96,2016,0.36050265878439
96,2017,0.373298780123393
96,2018,0.376989980787039
96,2019,0.381537786126137
96,2020,0.381479935348034
96,2021,0.380280076464017
96,2022,0.371408446629842
96,2023,0.361254474023978
97,1996,0.138367664813996
97,1998,0.184420945247014
97,2000,0.183637237548828
97,2002,0.191275258858998
97,2003,0.188659087816874
97,2004,0.205925401051839
97,2005,0.256595682104429
97,2006,0.311311242481073
97,2007,0.331849972407023
97,2008,0.304751791556677
97,2009,0.326226266225179
97,2010,0.349334635337194
97,2011,0.346193272868792
97,2012,0.350173858801524
97,2013,0.341618913412094
97,2014,0.343527489900589
97,2015,0.337659607827663
97,2016,0.34825527643164
97,2017,0.357316689069072
97,2018,0.352722267371913
97,2019,0.341927013794581
97,2020,0.339296255260706
97,2021,0.347934986837208
97,2022,0.349240209224324
97,2023,0.357954675580064
98,1996,0.366135590275129
98,1998,0.333528304100037
98,2000,0.343195338050524
98,2002,0.336700944975019
98,2003,0.326511439184348
98,2004,0.305160193641981
98,2005,0.270042463143666
98,2006,0.295524132251739
98,2007,0.305431093772252
98,2008,0.319302020967007
98,2009,0.323113650580247
98,2010,0.323144819835822
98,2011,0.3207377354304
98,2012,0.31698984404405
98,2013,0.316395372152329
98,2014,0.339840097228686
98,2015,0.346757607658704
98,2016,0.365511050820351
98,2017,0.334539906183879
98,2018,0.339550960063934
98,2019,0.343568887313207
98,2020,0.351997643709183
98,2021,0.363376329342524
98,2022,0.368681740760803
98,2023,0.368171335260073
99,1996,0.508563160523772
99,1998,0.502490310619275
99,2000,0.492416529854139
99,2002,0.45553219653666
99,2003,0.456030994653702
99,2004,0.437825302531322
99,2005,0.423997322159509
99,2006,0.45610386232535
99,2007,0.457364351550738
99,2008,0.454292964935303
99,2009,0.449033840497335
99,2010,0.440834244092305
99,2011,0.442377908031146
99,2012,0.437599673122168
99,2013,0.440613763034344
99,2014,0.434339194806914
99,2015,0.428348954704901
99,2016,0.434472099505365
99,2017,0.432127563655376
99,2018,0.433052678902944
99,2019,0.423305263494452
99,2020,0.429996828238169
99,2021,0.429571421444416
99,2022,0.437206057955821
99,2023,0.44547813658913
100,1996,0.288215897480647
100,1998,0.226955242951711
100,2000,0.266684548060099
100,2002,0.264462333917618
100,2003,0.276278740167617
100,2004,0.284973953167597
100,2005,0.25497359832128
100,2006,0.269368304808935
100,2007,0.270373394091924
100,2008,0.276330453157425
100,2009,0.290448965628942
100,2010,0.291918474435806
100,2011,0.290759694576264
100,2012,0.281805450717608
100,2013,0.286551859974861
100,2014,0.295342762271563
100,2015,0.289929435650508
100,2016,0.286591915289561
100,2017,0.272139547268549
100,2018,0.27775395611922
100,2019,0.281735567251841
100,2020,0.274059235056242
100,2021,0.283025655647119
100,2022,0.291938133537769
100,2023,0.297514512389898
101,1996,0.606775250037511
101,1998,0.583702064553897
101,2000,0.552858215322097
101,2002,0.551702520996332
101,2003,0.553926538924376
101,2004,0.546576938095192
101,2005,0.541901684552431
101,2006,0.566359473268191
101,2007,0.572736233969529
101,2008,0.61479663948218
101,2009,0.575921829044819
101,2010,0.569832835098108
101,2011,0.563993977506955
101,2012,0.579253547887007
101,2013,0.580590762197971
101,2014,0.564286212126414
101,2015,0.571693752581874
101,2016,0.573510876468693
101,2017,0.560531885921955
101,2018,0.563350463388876
101,2019,0.560400710006555
101,2020,0.55760398923109
101,2021,0.555270062511166
101,2022,0.560381403534363
101,2023,0.555094403773546
102,1996,0.593943907072147
102,1998,0.574329942464828
102,2000,0.580142330129941
102,2002,0.570230833316843
102,2003,0.570656030376752
102,2004,0.574596137041226
102,2005,0.574699306953698
102,2006,0.577676616609097
102,2007,0.562371244915994
102,2008,0.55911897784099
102,2009,0.547129081686338
102,2010,0.545769378418724
102,2011,0.546808832992489
102,2012,0.534193905132512
102,2013,0.541269653166334
102,2014,0.530656578640143
102,2015,0.522295661643147
102,2016,0.526033913282057
102,2017,0.509037450949351
102,2018,0.503464351842801
102,2019,0.509252111303309
102,2020,0.506699546799064
102,2021,0.496742862587174
102,2022,0.481947161257267
102,2023,0.480005672325691
103,1996,0.533786867062251
103,1998,0.542273317774137
103,2000,0.537368335326513
103,2002,0.512795481582483
103,2003,0.472900433838367
103,2004,0.444920759151379
103,2005,0.430979861939947
103,2006,0.443871272603671
103,2007,0.442303415636221
103,2008,0.436563404897849
103,2009,0.42946802576383
103,2010,0.420076528439919
103,2011,0.430067868437618
103,2012,0.424656262869636
103,2013,0.42444043358167
103,2014,0.434161902312189
103,2015,0.429521165043116
103,2016,0.438574647406737
103,2017,0.4389823893706
103,2018,0.446688642104467
103,2019,0.452918987472852
103,2020,0.452700099597375
103,2021,0.457375251750151
103,2022,0.456077239910761
103,2023,0.45052415728569
104,1996,0.280010894437631
104,1998,0.271543893963098
104,2000,0.270312365020315
104,2002,0.258854844172795
104,2003,0.280293299257755
104,2004,0.265803274139762
104,2005,0.253669832150142
104,2006,0.27023740808169
104,2007,0.281510615348816
104,2008,0.284494004150232
104,2009,0.287677943706513
104,2010,0.277526247998079
104,2011,0.275615291794141
104,2012,0.272801065444946
104,2013,0.25887675061822
104,2014,0.238811553517977
104,2015,0.240611672401428
104,2016,0.239637536803881
104,2017,0.236488456030687
104,2018,0.24061011398832
104,2019,0.246380588412285
104,2020,0.244672642151514
104,2021,0.245528289675712
104,2022,0.24196123133103
104,2023,0.246131448447705
105,1996,0.852123439311981
105,1998,0.845488488674164
105,2000,0.831236056486766
105,2002,0.837122825781505
105,2003,0.825585428873698
105,2004,0.842459583282471
105,2005,0.83954135576884
105,2006,0.832692639032999
105,2007,0.831803226470947
105,2008,0.829628340403239
105,2009,0.832881836096446
105,2010,0.84266847372055
105,2011,0.846860913435618
105,2012,0.856477371851603
105,2013,0.862735537687937
105,2014,0.850441539287567
105,2015,0.847898868719737
105,2016,0.850325075785319
105,2017,0.858913020292918
105,2018,0.847730652491251
105,2019,0.84652928908666
105,2020,0.850652194023132
105,2021,0.842229906717936
105,2022,0.83094218770663
105,2023,0.833835788567861
106,1996,0.450699366132418
106,1998,0.448902479807536
106,2000,0.490856885622876
106,2002,0.465071389079094
106,2003,0.480858908997228
106,2004,0.467374237254262
106,2005,0.482308229804039
106,2006,0.512538981484249
106,2007,0.515863660474618
106,2008,0.504022474152346
106,2009,0.512861321369807
106,2010,0.515753985972454
106,2011,0.520368686310636
106,2012,0.515354753906528
106,2013,0.516139920676748
106,2014,0.495575155317783
106,2015,0.497830804934104
106,2016,0.491609319175283
106,2017,0.505150313923756
106,2018,0.499067152788242
106,2019,0.503252086477975
106,2020,0.506196024765571
106,2021,0.4969302482903
106,2022,0.492532333234946
106,2023,0.497225268247227
107,1996,0.682280321628787
107,1998,0.679208676167764
107,2000,0.683150267872649
107,2002,0.680874385459659
107,2003,0.68053187407398
107,2004,0.685608601570129
107,2005,0.686954764897625
107,2006,0.683553405664861
107,2007,0.679291055941334
107,2008,0.673707025001446
107,2009,0.692306031535069
107,2010,0.694451284532746
107,2011,0.692083670323094
107,2012,0.691052010903756
107,2013,0.689602973560492
107,2014,0.694960505697462
107,2015,0.692003009960883
107,2016,0.696770733466579
107,2017,0.702275108479791
107,2018,0.700900025917734
107,2019,0.694667271706793
107,2020,0.676017353617483
107,2021,0.678778166133496
107,2022,0.679400617563062
107,2023,0.66896664502927
108,1996,0.736321993668873
108,1998,0.735802203416824
108,2000,0.726090385516485
108,2002,0.732053087155024
108,2003,0.737321025133133
108,2004,0.734135886033376
108,2005,0.715681312481562
108,2006,0.707489271958669
108,2007,0.706716388463974
108,2008,0.709973442554474
108,2009,0.708493242661158
108,2010,0.723425070444743
108,2011,0.723099452257156
108,2012,0.722877478599549
108,2013,0.721970136960348
108,2014,0.667982614636421
108,2015,0.695356160004934
108,2016,0.704664911429087
108,2017,0.706222571531931
108,2018,0.710882474581401
108,2019,0.707024212280909
108,2020,0.711590845982234
108,2021,0.713087790807088
108,2022,0.707825781504313
108,2023,0.704832487901052
110,1996,0.72726647456487
110,1998,0.735838321844737
110,2000,0.748409740130106
110,2002,0.750457149744034
110,2003,0.735373115539551
110,2004,0.733149425188701
110,2005,0.729566538333893
110,2006,0.715466473499934
110,2007,0.717970681190491
110,2008,0.720213309923808
110,2009,0.694091892242432
110,2010,0.688872599601745
110,2011,0.683985028664271
110,2012,0.680757333834966
110,2013,0.669339244564374
110,2014,0.66235010077556
110,2015,0.644618564347426
110,2016,0.63461900750796
110,2017,0.625646036366622
110,2018,0.61514036556085
110,2019,0.608034043634931
110,2020,0.609277137753088
110,2021,0.615290079265833
110,2022,0.614066709081332
110,2023,0.619764168793336
111,1996,0.760695120950794
111,1998,0.760341227313137
111,2000,0.759303479320728
111,2002,0.758500391172293
111,2003,0.749495205541707
111,2004,0.745539429032395
111,2005,0.749322366087228
111,2006,0.752861426681535
111,2007,0.751103072772678
111,2008,0.747385651280737
111,2009,0.739919905979027
111,2010,0.748431146883557
111,2011,0.75549046413766
111,2012,0.754000269373258
111,2013,0.754367619256179
111,2014,0.725109916263156
111,2015,0.729386744979355
111,2016,0.719134483651982
111,2017,0.716041206734048
111,2018,0.714442485529515
111,2019,0.720267105599244
111,2020,0.719077686303192
111,2021,0.721106746792793
111,2022,0.729491345584393
111,2023,0.729411427345541
112,1996,0.364996845523516
112,1998,0.363392889716973
112,2000,0.377599390844504
112,2002,0.365317511558533
112,2003,0.357092725733916
112,2004,0.354115709662437
112,2005,0.364863496025403
112,2006,0.380039778351784
112,2007,0.382012421389421
112,2008,0.37676763733228
112,2009,0.375874427954356
112,2010,0.3770606448253
112,2011,0.375509561101596
112,2012,0.379141535858313
112,2013,0.377156900117795
112,2014,0.401587196687857
112,2015,0.40501457483042
112,2016,0.410342342158159
112,2017,0.410637449721495
112,2018,0.404186407725016
112,2019,0.405412872352948
112,2020,0.400139858325323
112,2021,0.393784725790222
112,2022,0.396287481486797
112,2023,0.38834290355444
113,1996,0.768968609968821
113,1998,0.767952320973078
113,2000,0.774021530151367
113,2002,0.782311326265335
113,2003,0.737999123334885
113,2004,0.741154893239339
113,2005,0.728576918443044
113,2006,0.727926558256149
113,2007,0.726937146981557
113,2008,0.706379999717077
113,2009,0.702622769276301
113,2010,0.704885786771774
113,2011,0.716971073547999
113,2012,0.70402778784434
113,2013,0.704906256993612
113,2014,0.671447016795476
113,2015,0.676127008597056
113,2016,0.659231727321943
113,2017,0.659868758916855
113,2018,0.663431179523468
113,2019,0.670889166990916
113,2020,0.674576908349991
113,2021,0.696213757991791
113,2022,0.698105621337891
113,2023,0.69511360625426
114,1996,0.302739113569259
114,1998,0.290781289339065
114,2000,0.293265694379806
114,2002,0.229760865370432
114,2003,0.218258361021678
114,2004,0.176572847366333
114,2005,0.211719751358032
114,2006,0.266574958960215
114,2007,0.275680073102315
114,2008,0.281479394435883
114,2009,0.283692739407221
114,2010,0.269995341698329
114,2011,0.261920086542765
114,2012,0.275688807169596
114,2013,0.288404323657354
114,2014,0.26588970820109
114,2015,0.258944813410441
114,2016,0.256589212020238
114,2017,0.258726910750071
114,2018,0.266419905424118
114,2019,0.255396413803101
114,2020,0.246155387163162
114,2021,0.221801563103994
114,2022,0.200279792149861
114,2023,0.198736115296682
115,1996,0.452691558375955
115,1998,0.424781241764625
115,2000,0.444123310502619
115,2002,0.451123313357433
115,2003,0.409605811536312
115,2004,0.410787129526337
115,2005,0.412150595337152
115,2006,0.433215840657552
115,2007,0.427564711123705
115,2008,0.42982557254533
115,2009,0.422894275359188
115,2010,0.416238883758585
115,2011,0.421093338519374
115,2012,0.438752255092065
115,2013,0.4455219446371
115,2014,0.456177151824037
115,2015,0.45326008554548
115,2016,0.463949416329463
115,2017,0.455786877746383
115,2018,0.45079601459826
115,2019,0.454892635097106
115,2020,0.474061878398061
115,2021,0.498357357511607
115,2022,0.501011012742917
115,2023,0.509535172581673
116,1996,0.672040438475475
116,1998,0.672627231630985
116,2000,0.684379744398686
116,2002,0.694131524606518
116,2003,0.685062191789531
116,2004,0.676614372955791
116,2005,0.680860058416912
116,2006,0.641682655529474
116,2007,0.636048434950559
116,2008,0.633407228919974
116,2009,0.617618266671216
116,2010,0.621340787597263
116,2011,0.623767782978002
116,2012,0.631384935104773
116,2013,0.61084680378302
116,2014,0.635959866827509
116,2015,0.612325804678865
116,2016,0.602297732276382
116,2017,0.581991026467195
116,2018,0.571369606468052
116,2019,0.559589661790721
116,2020,0.569568989941863
116,2021,0.583682079595117
116,2022,0.569106833776541
116,2023,0.56020110904789
117,1996,0.760695120950794
117,1998,0.760341227313137
117,2000,0.759303479320728
117,2002,0.758500391172293
117,2003,0.749495205541707
117,2004,0.745539429032395
117,2005,0.749322366087228
117,2006,0.752861426681535
117,2007,0.751103072772678
117,2008,0.747385651280737
117,2009,0.739919905979027
117,2010,0.748431146883557
117,2011,0.75549046413766
117,2012,0.754000269373258
117,2013,0.754367619256179
117,2014,0.725109916263156
117,2015,0.729386744979355
117,2016,0.719134483651982
117,2017,0.716041206734048
117,2018,0.714442485529515
117,2019,0.720267105599244
117,2020,0.719077686303192
117,2021,0.721106746792793
117,2022,0.729491345584393
117,2023,0.729411427345541
118,1996,0.716814217070738
118,1998,0.716814217070738
118,2000,0.716814217070738
118,2002,0.716814217070738
118,2003,0.716814217070738
118,2004,0.686362767219543
118,2005,0.755380644400914
118,2006,0.761612244447072
118,2007,0.760653638839722
118,2008,0.764765463272731
118,2009,0.749511728684107
118,2010,0.764708862702052
118,2011,0.76832578976949
118,2012,0.765520743529002
118,2013,0.766826562086741
118,2014,0.673463181058566
118,2015,0.670742453038693
118,2016,0.680910836557547
118,2017,0.665665946304798
118,2018,0.661682828168074
118,2019,0.678716968894005
118,2020,0.677405214707057
118,2021,0.679480271935463
118,2022,0.699453212221463
118,2023,0.705094983577728
119,1996,0.668531225632935
119,1998,0.671289905420253
119,2000,0.670012079190522
119,2002,0.669009229055354
119,2003,0.673252484189967
119,2004,0.609823241829872
119,2005,0.734719703594843
119,2006,0.725793317953745
119,2007,0.704265818993251
119,2008,0.721450916926066
119,2009,0.731170956293742
119,2010,0.729238599538803
119,2011,0.723325258493423
119,2012,0.722560479243597
119,2013,0.722023687760036
119,2014,0.550916370501121
119,2015,0.60797846019268
119,2016,0.615324813127518
119,2017,0.621087729930878
119,2018,0.615607656041781
119,2019,0.609177061915398
119,2020,0.623719736933708
119,2021,0.61612024406592
119,2022,0.619113944967588
119,2023,0.617097829778989
120,1996,0.646772502859434
120,1998,0.647669817010562
120,2000,0.645689686139425
120,2002,0.642677971720696
120,2003,0.644498570760091
120,2004,0.650954099496206
120,2005,0.626585978269577
120,2006,0.647571090857188
120,2007,0.64387679596742
120,2008,0.65812511742115
120,2009,0.658431026339531
120,2010,0.659534804026286
120,2011,0.659863386551539
120,2012,0.663419891397158
120,2013,0.658379982908567
120,2014,0.582025404274464
120,2015,0.610574583212535
120,2016,0.605243116617203
120,2017,0.571547188609838
120,2018,0.578755973403652
120,2019,0.589606866737207
120,2020,0.587016407152017
120,2021,0.579835944374402
120,2022,0.583107796808084
120,2023,0.609902239839236
121,1996,0.760695120950794
121,1998,0.760341227313137
121,2000,0.759303479320728
121,2002,0.758500391172293
121,2003,0.749495205541707
121,2004,0.745539429032395
121,2005,0.749322366087228
121,2006,0.752861426681535
121,2007,0.751103072772678
121,2008,0.747385651280737
121,2009,0.739919905979027
121,2010,0.748431146883557
121,2011,0.75549046413766
121,2012,0.754000269373258
121,2013,0.754367619256179
121,2014,0.725109916263156
121,2015,0.729386744979355
121,2016,0.719134483651982
121,2017,0.716041206734048
121,2018,0.714442485529515
121,2019,0.720267105599244
121,2020,0.719077686303192
121,2021,0.721106746792793
121,2022,0.729491345584393
121,2023,0.729411427345541
122,1996,0.655686655187358
122,1998,0.635608329915752
122,2000,0.66353583191211
122,2002,0.635372763418903
122,2003,0.66200820857659
122,2004,0.614616911609968
122,2005,0.720027760664622
122,2006,0.700556222597758
122,2007,0.677629951635996
122,2008,0.676963176329931
122,2009,0.685017944375674
122,2010,0.677065707246462
122,2011,0.683802605668704
122,2012,0.660907435417175
122,2013,0.662996823589007
122,2014,0.612329667185744
122,2015,0.615730788807074
122,2016,0.618908028304577
122,2017,0.62808976372083
122,2018,0.623457938432693
122,2019,0.619801395138105
122,2020,0.620575332641602
122,2021,0.603746600200733
122,2022,0.61546872407198
122,2023,0.616695264726877
123,1996,0.671442435185115
123,1998,0.673704930146535
123,2000,0.670173183083534
123,2002,0.669699529806773
123,2003,0.671522506078084
123,2004,0.659474726517995
123,2005,0.651807922124863
123,2006,0.660636496543884
123,2007,0.650157415866852
123,2008,0.651486191153526
123,2009,0.646528505285581
123,2010,0.646766488750776
123,2011,0.649654321372509
123,2012,0.645720436175664
123,2013,0.652749009927114
123,2014,0.627016007403532
123,2015,0.623243459065755
123,2016,0.616585906843344
123,2017,0.607904476424058
123,2018,0.598739205797513
123,2019,0.601166437069575
123,2020,0.622602977355321
123,2021,0.618499727298816
123,2022,0.620757742226124
123,2023,0.626993129650752
124,1996,0.756190212567647
124,1998,0.760679733753204
124,2000,0.765577654043833
124,2002,0.758606394131978
124,2003,0.752087523539861
124,2004,0.743237507343292
124,2005,0.74173709154129
124,2006,0.731533346573512
124,2007,0.739734598000844
124,2008,0.73723265727361
124,2009,0.720835767189662
124,2010,0.722018057107925
124,2011,0.742003804445267
124,2012,0.72986774345239
124,2013,0.728644839922587
124,2014,0.705690078934034
124,2015,0.708739999930064
124,2016,0.684501387675603
124,2017,0.678252769509951
124,2018,0.655171379446983
124,2019,0.653568929433823
124,2020,0.654840569694837
124,2021,0.661424958705902
124,2022,0.6608905484279
124,2023,0.666388434171677
125,1996,0.633896092573802
125,1998,0.639112861951192
125,2000,0.635708357890447
125,2002,0.631445671121279
125,2003,0.628588105241458
125,2004,0.611241814494133
125,2005,0.593773092826207
125,2006,0.600103447834651
125,2007,0.584923204779625
125,2008,0.572231271862984
125,2009,0.575190968314807
125,2010,0.578891606132189
125,2011,0.57621185729901
125,2012,0.581601809958617
125,2013,0.5790335988005
125,2014,0.565967172011733
125,2015,0.574655808011691
125,2016,0.597942680244645
125,2017,0.581673072154323
125,2018,0.553926634291808
125,2019,0.557989316930374
125,2020,0.576104844322738
125,2021,0.602573211242755
125,2022,0.607050085440278
125,2023,0.608109276120861
126,1996,0.596473903954029
126,1998,0.614290279150009
126,2000,0.587876409292221
126,2002,0.566830079257488
126,2003,0.560296647871534
126,2004,0.552050996944308
126,2005,0.542821877698104
126,2006,0.526818420489629
126,2007,0.535260622327526
126,2008,0.533573102205992
126,2009,0.535741713891427
126,2010,0.531503987312317
126,2011,0.541988724470138
126,2012,0.532771239429712
126,2013,0.524835359801849
126,2014,0.520996183902025
126,2015,0.518322113404671
126,2016,0.518207947723567
126,2017,0.517793963383883
126,2018,0.510095212856928
126,2019,0.504904654622078
126,2020,0.513908309241136
126,2021,0.516788543512424
126,2022,0.511669915107389
126,2023,0.506331959739327
127,1996,0.656571338561674
127,1998,0.661948808021843
127,2000,0.664360489435494
127,2002,0.634415806320806
127,2003,0.649360322939853
127,2004,0.613502987225851
127,2005,0.714476152261098
127,2006,0.688969345887502
127,2007,0.666022805372874
127,2008,0.672969873746236
127,2009,0.671785266200701
127,2010,0.664031724135081
127,2011,0.670363907019297
127,2012,0.672691591580709
127,2013,0.670412282148997
127,2014,0.628320981065432
127,2015,0.621223481496175
127,2016,0.623245600859324
127,2017,0.619195204973221
127,2018,0.616693410277367
127,2019,0.622361972928047
127,2020,0.632868906855583
127,2021,0.630416783690453
127,2022,0.631719816724459
127,2023,0.618342189739148
129,1996,0.525183752179146
129,1998,0.559757404029369
129,2000,0.540305825074514
129,2002,0.53447167823712
129,2003,0.508237618456284
129,2004,0.51212883045276
129,2005,0.500778305033843
129,2006,0.513137935350339
129,2007,0.519070825477441
129,2008,0.534031982223193
129,2009,0.52430445017914
129,2010,0.519539927442868
129,2011,0.528100564082464
129,2012,0.515372727811336
129,2013,0.513803182045619
129,2014,0.534477164596319
129,2015,0.536169219017029
129,2016,0.533545771489541
129,2017,0.524904687469825
129,2018,0.514616500400007
129,2019,0.51782781307896
129,2020,0.514257362981637
129,2021,0.509627165148656
129,2022,0.494497121373812
129,2023,0.489854610462983
130,1996,0.638832811514537
130,1998,0.65558272699515
130,2000,0.638628786802292
130,2002,0.630902549624443
130,2003,0.614601221680641
130,2004,0.604987323284149
130,2005,0.604385914405187
130,2006,0.594440672298272
130,2007,0.599706955750783
130,2008,0.6036727587382
130,2009,0.624216414491336
130,2010,0.627217836181323
130,2011,0.615941027800242
130,2012,0.634810583790143
130,2013,0.636695273717244
130,2014,0.634779186050097
130,2015,0.632415345311165
130,2016,0.622872314850489
130,2017,0.607868446409702
130,2018,0.612341550985972
130,2019,0.619107901056608
130,2020,0.623381342490514
130,2021,0.616543722649415
130,2022,0.618381971741716
130,2023,0.63003010948499
131,1996,0.414716523140669
131,1998,0.404943689455589
131,2000,0.400326822946469
131,2002,0.410925116017461
131,2003,0.41408360650142
131,2004,0.407314776908606
131,2005,0.396981711685657
131,2006,0.393024682501952
131,2007,0.390051067620516
131,2008,0.383103109399478
131,2009,0.378118267655373
131,2010,0.372592665751775
131,2011,0.381423976023992
131,2012,0.379930025339127
131,2013,0.39195934633414
131,2014,0.390499687319001
131,2015,0.384946140150229
131,2016,0.380118903517723
131,2017,0.376928131779035
131,2018,0.310100070635478
131,2019,0.306129658222198
131,2020,0.319262154897054
131,2021,0.296117655436198
131,2022,0.291377259294192
131,2023,0.295249435802301
132,1996,0.367099682241678
132,1998,0.37270936469237
132,2000,0.377001229921977
132,2002,0.370078456774354
132,2003,0.363431579371293
132,2004,0.375728133817514
132,2005,0.387567620351911
132,2006,0.405121676375468
132,2007,0.41833505195876
132,2008,0.419486773076157
132,2009,0.403367007275423
132,2010,0.422305635362863
132,2011,0.444997184847792
132,2012,0.437047015712596
132,2013,0.439673957477013
132,2014,0.450027291476727
132,2015,0.454850851061444
132,2016,0.462877834091584
132,2017,0.455114540457726
132,2018,0.457553615669409
132,2019,0.463364123056332
132,2020,0.464403215547403
132,2021,0.448566652213534
132,2022,0.463437534558276
132,2023,0.458186421295007
133,1996,0.362090524037679
133,1998,0.403160169596473
133,2000,0.390332236389319
133,2002,0.382141358156999
133,2003,0.372553371886412
133,2004,0.377523366610209
133,2005,0.371154694755872
133,2006,0.375086079537868
133,2007,0.393770165244738
133,2008,0.378395450115204
133,2009,0.379013564189275
133,2010,0.378384277721246
133,2011,0.390928554534912
133,2012,0.372733273605506
133,2013,0.368223350246747
133,2014,0.370170984665553
133,2015,0.37653072476387
133,2016,0.367121905088425
133,2017,0.373761722445488
133,2018,0.37211699783802
133,2019,0.360892000794411
133,2020,0.359780350327492
133,2021,0.341645773251851
133,2022,0.352272244294484
133,2023,0.351133511463801
134,1996,0.402063758174578
134,1998,0.433965841680765
134,2000,0.436642042733729
134,2002,0.441893198092778
134,2003,0.442884486168623
134,2004,0.451085526301176
134,2005,0.439096986254056
134,2006,0.453666957219442
134,2007,0.4589723271473
134,2008,0.466169482221206
134,2009,0.474872580527638
134,2010,0.47770484664167
134,2011,0.48164487083753
134,2012,0.471559550240636
134,2013,0.469074010973175
134,2014,0.482679815217853
134,2015,0.461638987064362
134,2016,0.445844970146815
134,2017,0.430848916868369
134,2018,0.420563195459545
134,2019,0.434158273786306
134,2020,0.441782689839602
134,2021,0.424074447030822
134,2022,0.40358513991038
134,2023,0.444658565622134
135,1996,0.438339750096202
135,1998,0.475074922541777
135,2000,0.501818213363489
135,2002,0.511493516837557
135,2003,0.502592218667269
135,2004,0.493086041510105
135,2005,0.473915797472
135,2006,0.470435703421632
135,2007,0.467076533784469
135,2008,0.460168036321799
135,2009,0.463459158937136
135,2010,0.457096261034409
135,2011,0.462200082093477
135,2012,0.471517523129781
135,2013,0.465777219086885
135,2014,0.446335293611628
135,2015,0.439099626243114
135,2016,0.436499738693237
135,2017,0.422807111591101
135,2018,0.417286925048878
135,2019,0.409908130268256
135,2020,0.411136497712384
135,2021,0.393713850528002
135,2022,0.395981034139792
135,2023,0.401894349853198
136,1996,0.366780446469784
136,1998,0.390610113739967
136,2000,0.379304678241412
136,2002,0.380911596616109
136,2003,0.366096487641335
136,2004,0.37179711163044
136,2005,0.359182127316793
136,2006,0.371765239040057
136,2007,0.373850324253241
136,2008,0.379865681628386
136,2009,0.378380823632081
136,2010,0.382196138799191
136,2011,0.381303674479326
136,2012,0.373223043481509
136,2013,0.37370107571284
136,2014,0.374891659617424
136,2015,0.372269481420517
136,2016,0.379577487707138
136,2017,0.371390829483668
136,2018,0.373362179597219
136,2019,0.367050044735273
136,2020,0.366243741909663
136,2021,0.357522531350454
136,2022,0.355910483002663
136,2023,0.361250786483288
137,1996,0.410836256512751
137,1998,0.440047251433134
137,2000,0.385906452437242
137,2002,0.367010096088052
137,2003,0.358284938583771
137,2004,0.358810476958752
137,2005,0.351320221026738
137,2006,0.331348153948784
137,2007,0.341533851623535
137,2008,0.343569143613179
137,2009,0.33763868411382
137,2010,0.351090276241303
137,2011,0.358330676952998
137,2012,0.371439309914907
137,2013,0.396969336767991
137,2014,0.392039018062254
137,2015,0.382529804110527
137,2016,0.399636616806189
137,2017,0.400954185426235
137,2018,0.413622145804887
137,2019,0.419229566554228
137,2020,0.410946032808473
137,2021,0.431048828363419
137,2022,0.421204160588483
137,2023,0.39274581708014
138,1996,0.4280699296544
138,1998,0.443746244410674
138,2000,0.422270342210929
138,2002,0.431917197505633
138,2003,0.423402708272139
138,2004,0.413906718790531
138,2005,0.408447626264145
138,2006,0.421385694295168
138,2007,0.430675716449817
138,2008,0.440407042702039
138,2009,0.427470736453931
138,2010,0.448155845204989
138,2011,0.458129412432512
138,2012,0.449002685397863
138,2013,0.449963589509328
138,2014,0.455561506748199
138,2015,0.459890575210253
138,2016,0.478254023691018
138,2017,0.46906414826711
138,2018,0.46310278425614
138,2019,0.482102844615777
138,2020,0.471939533948898
138,2021,0.446729739258687
138,2022,0.433842001482844
138,2023,0.435995158801476
139,1996,0.395325232048829
139,1998,0.394152640054623
139,2000,0.388415158043305
139,2002,0.31100392639637
139,2003,0.296902217467626
139,2004,0.288464949528376
139,2005,0.293652294079462
139,2006,0.279710912704468
139,2007,0.260974709192911
139,2008,0.254439705610275
139,2009,0.251225916544596
139,2010,0.244358233610789
139,2011,0.253182564179102
139,2012,0.252196602026621
139,2013,0.241130328178406
139,2014,0.228150314092636
139,2015,0.213597587744395
139,2016,0.197832544644674
139,2017,0.182423814137777
139,2018,0.145759749412537
139,2019,0.137989672025045
139,2020,0.128939588864644
139,2021,0.130455986658732
139,2022,0.153995219866435
139,2023,0.160422134399414
140,1996,0.667093446850777
140,1998,0.667039985458056
140,2000,0.672029816110929
140,2002,0.668628197908401
140,2003,0.671964901685715
140,2004,0.684596129258474
140,2005,0.670032316446304
140,2006,0.661907207965851
140,2007,0.660931285222371
140,2008,0.647076443831126
140,2009,0.642542876799901
140,2010,0.641349628567696
140,2011,0.647067316373189
140,2012,0.64510870774587
140,2013,0.646610250075658
140,2014,0.656864811115795
140,2015,0.654461505644852
140,2016,0.685003195338779
140,2017,0.695055820677015
140,2018,0.693883506589466
140,2019,0.678456169499291
140,2020,0.644222126536899
140,2021,0.646445093684726
140,2022,0.650255805386437
140,2023,0.634145345422957
141,1996,0.811932383643256
141,1998,0.811604480610953
141,2000,0.815245239602195
141,2002,0.818768201933967
141,2003,0.817430312103695
141,2004,0.823318772183524
141,2005,0.815542227692074
141,2006,0.82048342095481
141,2007,0.82400623427497
141,2008,0.819829017586178
141,2009,0.817276579141617
141,2010,0.817477146784465
141,2011,0.824360487858454
141,2012,0.819140244523684
141,2013,0.818900230526924
141,2014,0.812059865395228
141,2015,0.806536731123924
141,2016,0.801132683952649
141,2017,0.79849428832531
141,2018,0.801799501975377
141,2019,0.799899167815844
141,2020,0.802501769860585
141,2021,0.806801411509514
141,2022,0.801911841829618
141,2023,0.801806632677714
143,1996,0.807887387275696
143,1998,0.817493704954783
143,2000,0.851983257134755
143,2002,0.853648114204407
143,2003,0.862971524397532
143,2004,0.860791357358297
143,2005,0.860826420783997
143,2006,0.845700673262279
143,2007,0.841362830003103
143,2008,0.831816661357879
143,2009,0.799655473232269
143,2010,0.787022425731023
143,2011,0.79685169061025
143,2012,0.794675195217133
143,2013,0.796708675225576
143,2014,0.794352702299754
143,2015,0.79761148293813
143,2016,0.790179471174876
143,2017,0.797311997413635
143,2018,0.803443503379822
143,2019,0.80547376871109
143,2020,0.803093794981638
143,2021,0.810979108015696
143,2022,0.79392823378245
143,2023,0.792409801483154
144,1996,0.852123439311981
144,1998,0.845488488674164
144,2000,0.831236056486766
144,2002,0.837122825781505
144,2003,0.825585428873698
144,2004,0.842459583282471
144,2005,0.83954135576884
144,2006,0.832692639032999
144,2007,0.831803226470947
144,2008,0.829628340403239
144,2009,0.832881836096446
144,2010,0.84266847372055
144,2011,0.846860913435618
144,2012,0.856477371851603
144,2013,0.862735537687937
144,2014,0.850441539287567
144,2015,0.847898868719737
144,2016,0.850325075785319
144,2017,0.858913020292918
144,2018,0.847730652491251
144,2019,0.84652928908666
144,2020,0.850652194023132
144,2021,0.842229906717936
144,2022,0.83094218770663
144,2023,0.833835788567861
145,1996,0.771352554692162
145,1998,0.771352554692162
145,2000,0.771352554692162
145,2002,0.771352554692162
145,2003,0.771352554692162
145,2004,0.771352554692162
145,2005,0.771352554692162
145,2006,0.771352554692162
145,2007,0.771352554692162
145,2008,0.771352554692162
145,2009,0.76790904601415
145,2010,0.774699505170186
145,2011,0.783241601785024
145,2012,0.783856942256291
145,2013,0.782110969225566
145,2014,0.780944224198659
145,2015,0.774446821212769
145,2016,0.773407826821009
145,2017,0.772753689686458
145,2018,0.774424916505813
145,2019,0.770233035087585
145,2020,0.768200512727102
145,2021,0.765000893672307
145,2022,0.750635236501693
145,2023,0.748423099517822
146,1996,0.760695120950794
146,1998,0.760341227313137
146,2000,0.759303479320728
146,2002,0.758500391172293
146,2003,0.749495205541707
146,2004,0.745539429032395
146,2005,0.749322366087228
146,2006,0.752861426681535
146,2007,0.751103072772678
146,2008,0.747385651280737
146,2009,0.739919905979027
146,2010,0.748431146883557
146,2011,0.75549046413766
146,2012,0.754000269373258
146,2013,0.754367619256179
146,2014,0.725109916263156
146,2015,0.729386744979355
146,2016,0.719134483651982
146,2017,0.716041206734048
146,2018,0.714442485529515
146,2019,0.720267105599244
146,2020,0.719077686303192
146,2021,0.721106746792793
146,2022,0.729491345584393
146,2023,0.729411427345541
147,1996,0.682280321628787
147,1998,0.679208676167764
147,2000,0.683150267872649
147,2002,0.680874385459659
147,2003,0.68053187407398
147,2004,0.685608601570129
147,2005,0.686954764897625
147,2006,0.683553405664861
147,2007,0.679291055941334
147,2008,0.673707025001446
147,2009,0.692306031535069
147,2010,0.694451284532746
147,2011,0.692083670323094
147,2012,0.691052010903756
147,2013,0.689602973560492
147,2014,0.694960505697462
147,2015,0.692003009960883
147,2016,0.696770733466579
147,2017,0.702275108479791
147,2018,0.700900025917734
147,2019,0.694667271706793
147,2020,0.676017353617483
147,2021,0.678778166133496
147,2022,0.679400617563062
147,2023,0.66896664502927
148,1996,0.569801392089132
148,1998,0.572855293682022
148,2000,0.570533682833913
148,2002,0.568601461182836
148,2003,0.564975080251073
148,2004,0.566971731185913
148,2005,0.534026548328499
148,2006,0.551820563028256
148,2007,0.539403391381105
148,2008,0.52186492147545
148,2009,0.500766112903754
148,2010,0.495190699150165
148,2011,0.506262766569853
148,2012,0.504865945503116
148,2013,0.505825496651232
148,2014,0.514444020887216
148,2015,0.521393238504728
148,2016,0.544241802891096
148,2017,0.567372358838717
148,2018,0.577327448874712
148,2019,0.595952465385199
148,2020,0.615232400099437
148,2021,0.604579641421636
148,2022,0.598760542770227
148,2023,0.593799402564764
149,1996,0.690217273860771
149,1998,0.69176784183816
149,2000,0.697545969924386
149,2002,0.693408939525511
149,2003,0.687750195972948
149,2004,0.665124612308302
149,2005,0.674134081931161
149,2006,0.659847558517331
149,2007,0.666824131900482
149,2008,0.670143513315199
149,2009,0.659080411988451
149,2010,0.658679718850246
149,2011,0.6627306344408
149,2012,0.665048989156615
149,2013,0.657647690381517
149,2014,0.679912668053846
149,2015,0.67132916584627
149,2016,0.66350953956322
149,2017,0.663272709975266
149,2018,0.661923350331357
149,2019,0.655524914310324
149,2020,0.657933003848266
149,2021,0.664718932521974
149,2022,0.662465475806211
149,2023,0.654992895448839
150,1996,0.690217273860771
150,1998,0.69176784183816
150,2000,0.697545969924386
150,2002,0.693408939525511
150,2003,0.687750195972948
150,2004,0.665124612308302
150,2005,0.674134081931161
150,2006,0.659847558517331
150,2007,0.666824131900482
150,2008,0.670143513315199
150,2009,0.659080411988451
150,2010,0.658679718850246
150,2011,0.6627306344408
150,2012,0.665048989156615
150,2013,0.657647690381517
150,2014,0.679912668053846
150,2015,0.67132916584627
150,2016,0.66350953956322
150,2017,0.663272709975266
150,2018,0.661923350331357
150,2019,0.655524914310324
150,2020,0.657933003848266
150,2021,0.664718932521974
150,2022,0.662465475806211
150,2023,0.654992895448839
151,1996,0.657567131927326
151,1998,0.657567131927326
151,2000,0.657567131927326
151,2002,0.657567131927326
151,2003,0.657567131927326
151,2004,0.608077046275139
151,2005,0.62976764390866
151,2006,0.60759362578392
151,2007,0.639875826239586
151,2008,0.642549712459247
151,2009,0.642751454313596
151,2010,0.640969404578209
151,2011,0.640405817826589
151,2012,0.640476528803507
151,2013,0.639568586150805
151,2014,0.674794055308614
151,2015,0.670050891027564
151,2016,0.670659513061955
151,2017,0.679907553678467
151,2018,0.678484885181699
151,2019,0.689220341046651
151,2020,0.686770019928614
151,2021,0.687986566623052
151,2022,0.692672510941823
151,2023,0.688760655408814
152,1996,0.613270057365298
152,1998,0.61340931430459
152,2000,0.613475272494058
152,2002,0.610675376405319
152,2003,0.615464873115222
152,2004,0.585189452798416
152,2005,0.618448654438059
152,2006,0.612041754275561
152,2007,0.601522427548965
152,2008,0.589583429694176
152,2009,0.571239247918129
152,2010,0.5593519089045
152,2011,0.565940037369728
152,2012,0.563233069827159
152,2013,0.570733506729205
152,2014,0.610863706966241
152,2015,0.617895496139924
152,2016,0.62239455829064
152,2017,0.637864065170288
152,2018,0.631969421108564
152,2019,0.631269386410713
152,2020,0.632906207442284
152,2021,0.616532677908738
152,2022,0.621186848481496
152,2023,0.632253098487854
153,1996,0.518276531346368
153,1998,0.518276531346368
153,2000,0.518276531346368
153,2002,0.518276531346368
153,2003,0.518276531346368
153,2004,0.518276531346368
153,2005,0.656234466058738
153,2006,0.641904537899025
153,2007,0.631133771461971
153,2008,0.518276531346368
153,2009,0.41550258398056
153,2010,0.418085107207298
153,2011,0.415596214681864
153,2012,0.412212065110604
153,2013,0.412528805186351
153,2014,0.518276531346368
153,2015,0.518276531346368
153,2016,0.518276531346368
153,2017,0.518276531346368
153,2018,0.537878002549211
153,2019,0.54094157996277
153,2020,0.541318722392122
153,2021,0.544696573242545
153,2022,0.543149842818578
153,2023,0.544689166297515
154,1996,0.487811388423045
154,1998,0.487811388423045
154,2000,0.487811388423045
154,2002,0.487811388423045
154,2003,0.487811388423045
154,2004,0.487811388423045
154,2005,0.487811388423045
154,2006,0.487811388423045
154,2007,0.487811388423045
154,2008,0.487811388423045
154,2009,0.41550258398056
154,2010,0.425564094384511
154,2011,0.425305344661077
154,2012,0.421910359462102
154,2013,0.422479833165805
154,2014,0.487811388423045
154,2015,0.487811388423045
154,2016,0.487811388423045
154,2017,0.487811388423045
154,2018,0.51281861041983
154,2019,0.521179004261891
154,2020,0.517895845323801
154,2021,0.517708245664835
154,2022,0.609457344810168
154,2023,0.57610400651892
155,1996,0.520319551099868
155,1998,0.523315152396293
155,2000,0.521025296916099
155,2002,0.512781202042631
155,2003,0.476956001042854
155,2004,0.488955477500955
155,2005,0.459871932864189
155,2006,0.445213114159803
155,2007,0.446325123806794
155,2008,0.447949940835436
155,2009,0.450076014424364
155,2010,0.497092608114084
155,2011,0.500702061348905
155,2012,0.495920931051175
155,2013,0.503743116681774
155,2014,0.521596198917056
155,2015,0.502305785318216
155,2016,0.521068508426348
155,2017,0.527891197303931
155,2018,0.555731657644113
155,2019,0.557431531945864
155,2020,0.560797713200251
155,2021,0.561954724788666
155,2022,0.553450706104437
155,2023,0.556344205886125
156,1996,0.619850382771004
156,1998,0.618230405349774
156,2000,0.616218070420201
156,2002,0.614423967963367
156,2003,0.616964585482321
156,2004,0.624778844481616
156,2005,0.662365846128175
156,2006,0.65601554409422
156,2007,0.653421560384408
156,2008,0.616009244884957
156,2009,0.560606708791521
156,2010,0.565205036600431
156,2011,0.568935420033005
156,2012,0.564786789566278
156,2013,0.56537394432558
156,2014,0.625524166126293
156,2015,0.624561284879091
156,2016,0.624459705318917
156,2017,0.624382668302366
156,2018,0.635967966442307
156,2019,0.636626079206665
156,2020,0.635675075178345
156,2021,0.632444861059387
156,2022,0.662779257363743
156,2023,0.654446188973056
157,1996,0.569801392089132
157,1998,0.572855293682022
157,2000,0.570533682833913
157,2002,0.568601461182836
157,2003,0.564975080251073
157,2004,0.566971731185913
157,2005,0.534026548328499
157,2006,0.551820563028256
157,2007,0.539403391381105
157,2008,0.52186492147545
157,2009,0.500766112903754
157,2010,0.495190699150165
157,2011,0.506262766569853
157,2012,0.504865945503116
157,2013,0.505825496651232
157,2014,0.514444020887216
157,2015,0.521393238504728
157,2016,0.544241802891096
157,2017,0.567372358838717
157,2018,0.577327448874712
157,2019,0.595952465385199
157,2020,0.615232400099437
157,2021,0.604579641421636
157,2022,0.598760542770227
157,2023,0.593799402564764
158,1996,0.690217273860771
158,1998,0.69176784183816
158,2000,0.697545969924386
158,2002,0.693408939525511
158,2003,0.687750195972948
158,2004,0.665124612308302
158,2005,0.674134081931161
158,2006,0.659847558517331
158,2007,0.666824131900482
158,2008,0.670143513315199
158,2009,0.659080411988451
158,2010,0.658679718850246
158,2011,0.6627306344408
158,2012,0.665048989156615
158,2013,0.657647690381517
158,2014,0.679912668053846
158,2015,0.67132916584627
158,2016,0.66350953956322
158,2017,0.663272709975266
158,2018,0.661923350331357
158,2019,0.655524914310324
158,2020,0.657933003848266
158,2021,0.664718932521974
158,2022,0.662465475806211
158,2023,0.654992895448839
159,1996,0.690217273860771
159,1998,0.69176784183816
159,2000,0.697545969924386
159,2002,0.693408939525511
159,2003,0.687750195972948
159,2004,0.665124612308302
159,2005,0.674134081931161
159,2006,0.659847558517331
159,2007,0.666824131900482
159,2008,0.670143513315199
159,2009,0.659080411988451
159,2010,0.658679718850246
159,2011,0.6627306344408
159,2012,0.665048989156615
159,2013,0.657647690381517
159,2014,0.679912668053846
159,2015,0.67132916584627
159,2016,0.66350953956322
159,2017,0.663272709975266
159,2018,0.661923350331357
159,2019,0.655524914310324
159,2020,0.657933003848266
159,2021,0.664718932521974
159,2022,0.662465475806211
159,2023,0.654992895448839
161,1996,0.682280321628787
161,1998,0.679208676167764
161,2000,0.683150267872649
161,2002,0.680874385459659
161,2003,0.68053187407398
161,2004,0.685608601570129
161,2005,0.686954764897625
161,2006,0.683553405664861
161,2007,0.679291055941334
161,2008,0.673707025001446
161,2009,0.692306031535069
161,2010,0.694451284532746
161,2011,0.692083670323094
161,2012,0.691052010903756
161,2013,0.689602973560492
161,2014,0.694960505697462
161,2015,0.692003009960883
161,2016,0.696770733466579
161,2017,0.702275108479791
161,2018,0.700900025917734
161,2019,0.694667271706793
161,2020,0.676017353617483
161,2021,0.678778166133496
161,2022,0.679400617563062
161,2023,0.66896664502927
162,1996,0.853463228543599
162,1998,0.848603296279907
162,2000,0.842566291491191
162,2002,0.837183984120687
162,2003,0.844805836677551
162,2004,0.868248613675435
162,2005,0.843051683902741
162,2006,0.838330705960591
162,2007,0.841319521268209
162,2008,0.841939814885457
162,2009,0.850814958413442
162,2010,0.851965908209483
162,2011,0.865904700756073
162,2012,0.860237944126129
162,2013,0.861113194624583
162,2014,0.870484578609467
162,2015,0.867595934867859
162,2016,0.867291196187338
162,2017,0.867060085137685
162,2018,0.85720728635788
162,2019,0.847757653395335
162,2020,0.847810657819112
162,2021,0.834929764270782
162,2022,0.835730584462484
162,2023,0.842545394102732
163,1996,0.782431638240814
163,1998,0.788047116994858
163,2000,0.799407116572062
163,2002,0.773107214768728
163,2003,0.759541573375464
163,2004,0.754127038518588
163,2005,0.747889539971948
163,2006,0.758421303828557
163,2007,0.753648795684179
163,2008,0.764360255002976
163,2009,0.744122018416723
163,2010,0.748814291755358
163,2011,0.751340438922246
163,2012,0.754429372151693
163,2013,0.745942652225494
163,2014,0.745663996537526
163,2015,0.745597740014394
163,2016,0.744457946221034
163,2017,0.745200473070145
163,2018,0.743341442942619
163,2019,0.713866650561492
163,2020,0.690524077725907
163,2021,0.700312913426509
163,2022,0.700744365248829
163,2023,0.698966269443433
164,1996,0.565767427533865
164,1998,0.564999873812
164,2000,0.559616257374485
164,2002,0.551662309095263
164,2003,0.563362045337757
164,2004,0.535752760991454
164,2005,0.52538015122215
164,2006,0.497453244961798
164,2007,0.492212613796194
164,2008,0.490173583229383
164,2009,0.493890450770656
164,2010,0.495137794005374
164,2011,0.481442546347777
164,2012,0.4935585608085
164,2013,0.495455871149898
164,2014,0.452962898711364
164,2015,0.450964840501547
164,2016,0.443059882273277
164,2017,0.436470441209773
164,2018,0.437405351370884
164,2019,0.444149466107289
164,2020,0.462201273441315
164,2021,0.457760830720266
164,2022,0.478226702908675
164,2023,0.481857002278169
166,1996,0.529794523119926
166,1998,0.538223520914714
166,2000,0.522505310899578
166,2002,0.489705817153056
166,2003,0.479824813952049
166,2004,0.484084356824557
166,2005,0.478707906107108
166,2006,0.500694635013739
166,2007,0.50949579278628
166,2008,0.506782275438309
166,2009,0.499518063664436
166,2010,0.495545428991318
166,2011,0.513158812622229
166,2012,0.506536871567368
166,2013,0.512032300978899
166,2014,0.510011394818624
166,2015,0.517633227848758
166,2016,0.538841541111469
166,2017,0.541517072295149
166,2018,0.543084716796875
166,2019,0.541635751972596
166,2020,0.53888810488085
166,2021,0.538292098542055
166,2022,0.555169497740766
166,2023,0.538928255190452
167,1996,0.469688121477763
167,1998,0.490074237187703
167,2000,0.465018126741052
167,2002,0.455856302380562
167,2003,0.45648214177539
167,2004,0.435472914328178
167,2005,0.403268598516782
167,2006,0.410144799202681
167,2007,0.428602867449323
167,2008,0.419238751133283
167,2009,0.418729197730621
167,2010,0.428006701171398
167,2011,0.42348224427551
167,2012,0.416371533608374
167,2013,0.42258612010628
167,2014,0.430489893257618
167,2015,0.432815962533156
167,2016,0.461433088158568
167,2017,0.457152088110646
167,2018,0.4534222488602
167,2019,0.446814916531245
167,2020,0.449511138598124
167,2021,0.457168533901373
167,2022,0.460375146133204
167,2023,0.450337852165103
168,1996,0.474049892773231
168,1998,0.500382812398796
168,2000,0.511655710513393
168,2002,0.50777806888024
168,2003,0.510827701414625
168,2004,0.493419598663847
168,2005,0.49542770087719
168,2006,0.476972997219612
168,2007,0.48016707651938
168,2008,0.492442854307592
168,2009,0.483849052588145
168,2010,0.476643075669805
168,2011,0.482041703909636
168,2012,0.484292826460054
168,2013,0.489812952714662
168,2014,0.478945970535278
168,2015,0.472099643945694
168,2016,0.468087220191956
168,2017,0.465566083292166
168,2018,0.455696982145309
168,2019,0.453956723709901
168,2020,0.462217264870803
168,2021,0.459015718102455
168,2022,0.450041651725769
168,2023,0.4534686849763
169,1996,0.6438962208728
169,1998,0.643835471570492
169,2000,0.640982416272163
169,2002,0.644318736592928
169,2003,0.646116520961126
169,2004,0.606317946314812
169,2005,0.628960295021534
169,2006,0.618839762856563
169,2007,0.610186498736342
169,2008,0.61333645482858
169,2009,0.700995245575905
169,2010,0.701374743878842
169,2011,0.698849764962991
169,2012,0.699769396583239
169,2013,0.699575894077619
169,2014,0.715304104487102
169,2015,0.719735457499822
169,2016,0.71737687587738
169,2017,0.716755789518356
169,2018,0.717690608898799
169,2019,0.705766279995442
169,2020,0.703453998764356
169,2021,0.701069343090057
169,2022,0.699617066979408
169,2023,0.697331353028615
171,1996,0.497777823979656
171,1998,0.498585236569246
171,2000,0.518519655863444
171,2002,0.525444034735362
171,2003,0.514928233297542
171,2004,0.48765236971279
171,2005,0.481475039074818
171,2006,0.474983187019825
171,2007,0.479074437730014
171,2008,0.496659336425364
171,2009,0.515937559803327
171,2010,0.528160097605238
171,2011,0.52334142960608
171,2012,0.513759207601349
171,2013,0.499869936456283
171,2014,0.492613885800044
171,2015,0.468155043323835
171,2016,0.466140146553516
171,2017,0.455207376182079
171,2018,0.444008705019951
171,2019,0.453316296637058
171,2020,0.453426004697879
171,2021,0.447312978406747
171,2022,0.439910031855106
171,2023,0.443953251838684
172,1996,0.538709107041359
172,1998,0.526063205550114
172,2000,0.50938707968841
172,2002,0.406538930038611
172,2003,0.433549963310361
172,2004,0.429549277698
172,2005,0.455622460196416
172,2006,0.461622227891348
172,2007,0.464153252510975
172,2008,0.443679826209943
172,2009,0.426014164090157
172,2010,0.44896050542593
172,2011,0.460079607864221
172,2012,0.440821774303913
172,2013,0.435641357302666
172,2014,0.424882242595777
172,2015,0.438104105554521
172,2016,0.498094789683819
172,2017,0.502786372601986
172,2018,0.501988034152115
172,2019,0.47882332727313
172,2020,0.47033538967371
172,2021,0.456301079011367
172,2022,0.451236459861199
172,2023,0.459154690305392
173,1996,0.652163290977478
173,1998,0.659017713864644
173,2000,0.653204026818275
173,2002,0.655255717039108
173,2003,0.641012201706568
173,2004,0.612908772627513
173,2005,0.637135997414589
173,2006,0.646398864189784
173,2007,0.656874490777651
173,2008,0.660190796852112
173,2009,0.667705317338307
173,2010,0.676288735866547
173,2011,0.674964028596878
173,2012,0.659262921412786
173,2013,0.665896550814311
173,2014,0.680271625518799
173,2015,0.673929545283318
173,2016,0.675462760527928
173,2017,0.668916530410449
173,2018,0.670717453956604
173,2019,0.676961398124695
173,2020,0.69303991595904
173,2021,0.704507265488307
173,2022,0.710412321488063
173,2023,0.70218838651975
174,1996,0.843945606549581
174,1998,0.86012225151062
174,2000,0.881568439801534
174,2002,0.883034749825795
174,2003,0.887085314591726
174,2004,0.88937619527181
174,2005,0.877794110774994
174,2006,0.872608153025309
174,2007,0.858408447106679
174,2008,0.859744942188263
174,2009,0.872104847431183
174,2010,0.870674355824788
174,2011,0.869366586208343
174,2012,0.873474760850271
174,2013,0.87123384475708
174,2014,0.867025705178579
174,2015,0.850309145450592
174,2016,0.845229701201121
174,2017,0.853310449918111
174,2018,0.849346280097961
174,2019,0.844603192806244
174,2020,0.851075700918833
174,2021,0.85431328813235
174,2022,0.841336667537689
174,2023,0.834631373484929
175,1996,0.85251221259435
175,1998,0.851856406529745
175,2000,0.859137924512227
175,2002,0.866183849175771
175,2003,0.863508069515229
175,2004,0.875284989674886
175,2005,0.859731900691986
175,2006,0.869614287217458
175,2007,0.876659913857778
175,2008,0.868305480480194
175,2009,0.866644112269083
175,2010,0.860254788398743
175,2011,0.865479373931885
175,2012,0.854423546791076
175,2013,0.855689491828283
175,2014,0.843175506591797
175,2015,0.83862664103508
175,2016,0.828857541084289
175,2017,0.824234886964162
175,2018,0.829174087444941
175,2019,0.829565300544103
175,2020,0.836803026994069
175,2021,0.848601929346721
175,2022,0.853188447157542
175,2023,0.855190165837606
176,1996,0.811276729901632
176,1998,0.806592627366384
176,2000,0.813259239991506
176,2002,0.806804788112641
176,2003,0.778801423311233
176,2004,0.784397162993749
176,2005,0.797267367442449
176,2006,0.805630469322205
176,2007,0.802063006162643
176,2008,0.792115686337153
176,2009,0.789376926422119
176,2010,0.786164371172587
176,2011,0.786686835686366
176,2012,0.790542674064636
176,2013,0.794295132160187
176,2014,0.812861531972885
176,2015,0.8004312535127
176,2016,0.795451533794403
176,2017,0.792209444443385
176,2018,0.793021563688914
176,2019,0.785309183597565
176,2020,0.775201684236526
176,2021,0.78047862648964
176,2022,0.77349773645401
176,2023,0.763538022836049
177,1996,0.854814032713572
177,1998,0.861867499351501
177,2000,0.873124547799429
177,2002,0.843345642089844
177,2003,0.83556481997172
177,2004,0.842084829012553
177,2005,0.831981197992961
177,2006,0.824011921882629
177,2007,0.825115154186885
177,2008,0.822043673197429
177,2009,0.825785287221273
177,2010,0.826417334874471
177,2011,0.839016155401865
177,2012,0.844039646784464
177,2013,0.837417940298716
177,2014,0.837495628992716
177,2015,0.82768098115921
177,2016,0.830895702044169
177,2017,0.825390561421712
177,2018,0.826502887407939
177,2019,0.817453134059906
177,2020,0.820357451836268
177,2021,0.818338340520858
177,2022,0.804635634024938
177,2023,0.804688320557277
178,1996,0.658490993579229
178,1998,0.658483286698659
178,2000,0.632873906691869
178,2002,0.632958509524663
178,2003,0.623566211263339
178,2004,0.596354118486245
178,2005,0.609454094370206
178,2006,0.594353798031807
178,2007,0.612758088111877
178,2008,0.639143180847168
178,2009,0.651326620578766
178,2010,0.664477252960205
178,2011,0.667067265510559
178,2012,0.674854791164398
178,2013,0.672284360726674
178,2014,0.677794663111369
178,2015,0.66986191868782
178,2016,0.641717791557312
178,2017,0.624712572495143
178,2018,0.620388356844584
178,2019,0.625037200252215
178,2020,0.61417641043663
178,2021,0.604294557372729
178,2022,0.600653873880704
178,2023,0.613726933797201
179,1996,0.741012807687124
179,1998,0.728840436538061
179,2000,0.742470028003057
179,2002,0.73343179623286
179,2003,0.726927262544632
179,2004,0.750334167480469
179,2005,0.751776008804639
179,2006,0.755992009242376
179,2007,0.749576171239217
179,2008,0.753271633386612
179,2009,0.744134388367335
179,2010,0.754808451732
179,2011,0.742983955144882
179,2012,0.739983487129211
179,2013,0.733553022146225
179,2014,0.724904291828474
179,2015,0.715075400223335
179,2016,0.704988546917836
179,2017,0.716546670595805
179,2018,0.713880432428171
179,2019,0.725854874650637
179,2020,0.705393535892169
179,2021,0.71432856520017
179,2022,0.70992266535759
179,2023,0.705394122997919
180,1996,0.825521938006083
180,1998,0.824934655427933
180,2000,0.822350776195526
180,2002,0.803279749552408
180,2003,0.788292900721232
180,2004,0.795039060711861
180,2005,0.779751354207595
180,2006,0.803596518437068
180,2007,0.795767295360566
180,2008,0.786651035149892
180,2009,0.762347728262345
180,2010,0.781023194392522
180,2011,0.772543173034986
180,2012,0.778844267129898
180,2013,0.783227297663689
180,2014,0.791838214794795
180,2015,0.798116530974706
180,2016,0.781908601522446
180,2017,0.778019216656685
180,2018,0.766665564229091
180,2019,0.772397728761037
180,2020,0.754832145571709
180,2021,0.749425386389097
180,2022,0.754341232776642
180,2023,0.745118298133214
181,1996,0.803962941964468
181,1998,0.812666845321655
181,2000,0.80970252752304
181,2002,0.800999148686727
181,2003,0.78674727678299
181,2004,0.783860826492309
181,2005,0.810325706005097
181,2006,0.812257099151612
181,2007,0.816162133216858
181,2008,0.815177969137828
181,2009,0.797748462359111
181,2010,0.791643488407135
181,2011,0.786728628476461
181,2012,0.784981755415599
181,2013,0.788202265898387
181,2014,0.806029411156973
181,2015,0.798701659838359
181,2016,0.77665338118871
181,2017,0.768050177892049
181,2018,0.775073111057281
181,2019,0.763939815759659
181,2020,0.774966728687287
181,2021,0.779656477769216
181,2022,0.790942859649658
181,2023,0.797824980815251
182,1996,0.72875582476457
182,1998,0.729577359557151
182,2000,0.746537387371063
182,2002,0.745804090301196
182,2003,0.731361871957779
182,2004,0.711274697631597
182,2005,0.719184870024523
182,2006,0.674414406220118
182,2007,0.676049622893334
182,2008,0.677738446990649
182,2009,0.668069061636925
182,2010,0.674082959691684
182,2011,0.682423367847999
182,2012,0.674906136902669
182,2013,0.668452625566473
182,2014,0.660409375031789
182,2015,0.658394409716129
182,2016,0.669011446833611
182,2017,0.658633345365525
182,2018,0.66012707054615
182,2019,0.66638091703256
182,2020,0.653253564238548
182,2021,0.659087673823039
182,2022,0.651252259810766
182,2023,0.646003517508507
183,1996,0.764492777983347
183,1998,0.749883282184601
183,2000,0.733082493146261
183,2002,0.755556134382884
183,2003,0.747459860642751
183,2004,0.734167806307475
183,2005,0.735451638698578
183,2006,0.70340384443601
183,2007,0.702034876743952
183,2008,0.714594006538391
183,2009,0.706709124644597
183,2010,0.687091642618179
183,2011,0.682339058319728
183,2012,0.687288282314936
183,2013,0.691966297229131
183,2014,0.689055126905441
183,2015,0.70422351360321
183,2016,0.699966990947724
183,2017,0.714034120241801
183,2018,0.708808594942093
183,2019,0.706341803073883
183,2020,0.698117617766063
183,2021,0.690242824951807
183,2022,0.688614696264267
183,2023,0.681024827559789
184,1996,0.679985632499059
184,1998,0.669657612840335
184,2000,0.666986497243246
184,2002,0.659941591819127
184,2003,0.645966749389966
184,2004,0.63701986571153
184,2005,0.633715019623439
184,2006,0.626149314641952
184,2007,0.616319006681442
184,2008,0.617927542328834
184,2009,0.61195262124141
184,2010,0.617887263496717
184,2011,0.610425064961116
184,2012,0.60716890146335
184,2013,0.608940755327543
184,2014,0.599872236140072
184,2015,0.597194244526327
184,2016,0.602707735200723
184,2017,0.598707777758439
184,2018,0.595667563875516
184,2019,0.606214255094528
184,2020,0.600622410078843
184,2021,0.608142327765624
184,2022,0.610829374194145
184,2023,0.62981360356013
185,1996,0.760793635485664
185,1998,0.763576784966484
185,2000,0.76246791008919
185,2002,0.76144326452225
185,2003,0.756659817695618
185,2004,0.753719607988993
185,2005,0.749155648549398
185,2006,0.755505569775899
185,2007,0.753085547685623
185,2008,0.754875445365906
185,2009,0.753992410500844
185,2010,0.753832735617955
185,2011,0.750934578975042
185,2012,0.750529487927755
185,2013,0.751637399196625
185,2014,0.762192107240359
185,2015,0.786319065093994
185,2016,0.78135125041008
185,2017,0.794214735428493
185,2018,0.786714448531469
185,2019,0.786607452233633
185,2020,0.761544990539551
185,2021,0.764435523748398
185,2022,0.770140665769577
185,2023,0.764690009752909
186,1996,0.511355940183784
186,1998,0.486481306774132
186,2000,0.5040693663783
186,2002,0.520487954260372
186,2003,0.499441274824453
186,2004,0.497188429109963
186,2005,0.50287217674432
186,2006,0.477532456815243
186,2007,0.479478760808706
186,2008,0.519760869691769
186,2009,0.528156289240966
186,2010,0.519408384586374
186,2011,0.518940015209228
186,2012,0.526038437709212
186,2013,0.520285274336735
186,2014,0.526219507679343
186,2015,0.51681145640711
186,2016,0.516566145420075
186,2017,0.511999206244946
186,2018,0.519001815390463
186,2019,0.518200181253875
186,2020,0.507117017482718
186,2021,0.512607737009724
186,2022,0.513508284091949
186,2023,0.53037021694084
187,1996,0.450602925692995
187,1998,0.455841251090169
187,2000,0.532344032948216
187,2002,0.562953141331673
187,2003,0.572657442341248
187,2004,0.586729282016555
187,2005,0.568028646459182
187,2006,0.565326755493879
187,2007,0.569624436770876
187,2008,0.56675561076651
187,2009,0.570489587634802
187,2010,0.575312676342825
187,2011,0.574233797813455
187,2012,0.576539587477843
187,2013,0.582892466584841
187,2014,0.583532645801703
187,2015,0.57214087943236
187,2016,0.577871584892273
187,2017,0.578821846594413
187,2018,0.586396804700295
187,2019,0.584990101804336
187,2020,0.579575533171495
187,2021,0.586065605779489
187,2022,0.596277416249116
187,2023,0.602218177417914
188,1996,0.724923714001974
188,1998,0.719661269585292
188,2000,0.671181545654933
188,2002,0.691099888086319
188,2003,0.694635236263275
188,2004,0.695652564366658
188,2005,0.69130325516065
188,2006,0.694369182984034
188,2007,0.693535023927689
188,2008,0.702498131990433
188,2009,0.705642578999202
188,2010,0.686955404281616
188,2011,0.689425903558731
188,2012,0.680663508176803
188,2013,0.674225572745005
188,2014,0.676569942633311
188,2015,0.672129786014557
188,2016,0.68467851281166
188,2017,0.67790333032608
188,2018,0.681647541125616
188,2019,0.693039520581563
188,2020,0.682798105478287
188,2021,0.677152081330617
188,2022,0.672910730044047
188,2023,0.682796766360601
189,1996,0.632567759354909
189,1998,0.614840131998062
189,2000,0.589531825731198
189,2002,0.63253540545702
189,2003,0.652564990520477
189,2004,0.644276738166809
189,2005,0.642054000496864
189,2006,0.642816389103731
189,2007,0.638643447309732
189,2008,0.633230290561914
189,2009,0.637475434442361
189,2010,0.649267123142878
189,2011,0.64149444103241
189,2012,0.663054153323174
189,2013,0.670876298348109
189,2014,0.678680268923442
189,2015,0.689959957202275
189,2016,0.688183464606603
189,2017,0.676933334271113
189,2018,0.671503320336342
189,2019,0.685733224948247
189,2020,0.691592844327291
189,2021,0.700901238123576
189,2022,0.694032255808512
189,2023,0.708337650696437
190,1996,0.509761006136735
190,1998,0.546929617722829
190,2000,0.563317659062644
190,2002,0.567962730924289
190,2003,0.568915191789468
190,2004,0.573469645778338
190,2005,0.581800336639086
190,2006,0.582950697342555
190,2007,0.565348480145137
190,2008,0.598580400149028
190,2009,0.644408226013184
190,2010,0.627808777491252
190,2011,0.603298177321752
190,2012,0.634986849625905
190,2013,0.636575090885163
190,2014,0.607227923472722
190,2015,0.601427390178045
190,2016,0.592345203955968
190,2017,0.566661623120308
190,2018,0.568643218278885
190,2019,0.575942907730738
190,2020,0.594230512777964
190,2021,0.609227732817332
190,2022,0.62133994102478
190,2023,0.627744313081106
191,1996,0.342650527755419
191,1998,0.33976075053215
191,2000,0.343039961655935
191,2002,0.33926936040322
191,2003,0.339430962006251
191,2004,0.339966852466265
191,2005,0.325144120057424
191,2006,0.300273037950198
191,2007,0.289475973447164
191,2008,0.282223214705785
191,2009,0.258333800236384
191,2010,0.252699227134387
191,2011,0.272427743673325
191,2012,0.279726686080297
191,2013,0.27567583322525
191,2014,0.298989365498225
191,2015,0.313164966305097
191,2016,0.330800931652387
191,2017,0.325398216148217
191,2018,0.291847794254621
191,2019,0.267235483725866
191,2020,0.244115688403447
191,2021,0.244797919193904
191,2022,0.243132052818934
191,2023,0.22831996679306
192,1996,0.127328618367513
192,1998,0.147617503007253
192,2000,0.143030695120493
192,2002,0.149492692947387
192,2003,0.16851311524709
192,2004,0.119757835070292
192,2005,0.158040757973989
192,2006,0.154475506146749
192,2007,0.163838279247284
192,2008,0.193812052408854
192,2009,0.219348394870758
192,2010,0.218842564026515
192,2011,0.239489634831747
192,2012,0.232497652371725
192,2013,0.229085663954417
192,2014,0.212441062927246
192,2015,0.20905587275823
192,2016,0.207652046283086
192,2017,0.204573214054108
192,2018,0.196296457449595
192,2019,0.195238176981608
192,2020,0.191369787851969
192,2021,0.206182966629664
192,2022,0.206519110997518
192,2023,0.192861497402191
193,1996,0.245855049292247
193,1998,0.222788552443187
193,2000,0.325484073162079
193,2002,0.317381173372269
193,2003,0.301551934083303
193,2004,0.292360966404279
193,2005,0.300937687357267
193,2006,0.313801313440005
193,2007,0.301884170373281
193,2008,0.290233167012532
193,2009,0.292140563329061
193,2010,0.293118544419606
193,2011,0.289441672960917
193,2012,0.245076523224512
193,2013,0.2352321545283
193,2014,0.256372946500778
193,2015,0.267417504390081
193,2016,0.258127757906914
193,2017,0.253994679450989
193,2018,0.268043154478073
193,2019,0.277440520127615
193,2020,0.276910236477852
193,2021,0.298775149385134
193,2022,0.291631643970807
193,2023,0.297939677039782
194,1996,0.27409584124883
194,1998,0.306019433339437
194,2000,0.261695341269175
194,2002,0.279819881916046
194,2003,0.307810785373052
194,2004,0.286248091856639
194,2005,0.269164864222209
194,2006,0.230167031288147
194,2007,0.201293698946635
194,2008,0.212523953119913
194,2009,0.225555964310964
194,2010,0.250189600388209
194,2011,0.266778727372487
194,2012,0.26555278301239
194,2013,0.27064569791158
194,2014,0.281464459498723
194,2015,0.315572676062584
194,2016,0.323220349351565
194,2017,0.310635024309159
194,2018,0.307548582553864
194,2019,0.318976996342341
194,2020,0.30957732796669
194,2021,0.298613546291987
194,2022,0.301477549473445
194,2023,0.299381204446157
195,1996,0.424821139127016
195,1998,0.407279682656129
195,2000,0.307999976476034
195,2002,0.284029146035512
195,2003,0.259451832373937
195,2004,0.222931830088298
195,2005,0.211723631620407
195,2006,0.236559253931046
195,2007,0.243030118942261
195,2008,0.242955722411473
195,2009,0.271501996119817
195,2010,0.257839242617289
195,2011,0.270949459075928
195,2012,0.304725915193558
195,2013,0.328450866540273
195,2014,0.365534280737241
195,2015,0.378027833501498
195,2016,0.380096692840258
195,2017,0.373464103539785
195,2018,0.394047309458256
195,2019,0.389366285006205
195,2020,0.376911655068397
195,2021,0.398801146944364
195,2022,0.424039399127165
195,2023,0.424764440705379
196,1996,0.267293069760004
196,1998,0.297986940542857
196,2000,0.291065416733424
196,2002,0.251432144641876
196,2003,0.254190945625305
196,2004,0.246578282117844
196,2005,0.274653434753418
196,2006,0.274192655086518
196,2007,0.272349150975545
196,2008,0.288707123200099
196,2009,0.26659751534462
196,2010,0.263091697295507
196,2011,0.272005446751912
196,2012,0.273963328202565
196,2013,0.273026162385941
196,2014,0.263834603627522
196,2015,0.291386798024177
196,2016,0.288656880458196
196,2017,0.290603187680244
196,2018,0.282651032010714
196,2019,0.280918583273888
196,2020,0.279935594399771
196,2021,0.287755950291951
196,2022,0.279380210240682
196,2023,0.298995598157247
197,1996,0.270851717392603
197,1998,0.298891349633535
197,2000,0.307133346796035
197,2002,0.293862162033717
197,2003,0.318338988224665
197,2004,0.327895313501358
197,2005,0.318340823054314
197,2006,0.322089253862699
197,2007,0.323821295301119
197,2008,0.319766501585643
197,2009,0.32366661131382
197,2010,0.313137823343277
197,2011,0.311762473980586
197,2012,0.307931164900462
197,2013,0.308973763386408
197,2014,0.306934676567713
197,2015,0.306347111860911
197,2016,0.301241521040599
197,2017,0.295750280221303
197,2018,0.284431300560634
197,2019,0.271835299332937
197,2020,0.273736115296682
197,2021,0.279178394873937
197,2022,0.284135667483012
197,2023,0.283755777279536
198,1996,0.432853448390961
198,1998,0.448031480113665
198,2000,0.465957850466172
198,2002,0.458431048939625
198,2003,0.439766370505095
198,2004,0.401280163725217
198,2005,0.418182304004828
198,2006,0.376509169737498
198,2007,0.378250218431155
198,2008,0.372172988454501
198,2009,0.378282301624616
198,2010,0.394531949361165
198,2011,0.395981017748515
198,2012,0.395168812076251
198,2013,0.394226612647374
198,2014,0.394405990839005
198,2015,0.378014189222207
198,2016,0.366691341251135
198,2017,0.351678473750751
198,2018,0.349527680873871
198,2019,0.344138058523337
198,2020,0.350567655265331
198,2021,0.36063548947374
198,2022,0.364192685484886
198,2023,0.345749028523763
199,1996,0.126186617215474
199,1998,0.10869365533193
199,2000,0.129245511690776
199,2002,0.155010747909546
199,2003,0.154795515537262
199,2004,0.155078566074371
199,2005,0.172771104176839
199,2006,0.18442227045695
199,2007,0.187473789850871
199,2008,0.195048276583354
199,2009,0.178869473934174
199,2010,0.168069239457448
199,2011,0.167831937472025
199,2012,0.177239449818929
199,2013,0.189882969856262
199,2014,0.194020390510559
199,2015,0.188078117370605
199,2016,0.182219096024831
199,2017,0.163097755114238
199,2018,0.1679203748703
199,2019,0.183682986100515
199,2020,0.176210753122965
199,2021,0.188635941346486
199,2022,0.179487244288127
199,2023,0.183097263177236
200,1996,0.209548765420913
200,1998,0.202063488960266
200,2000,0.204088775316874
200,2002,0.232330413659414
200,2003,0.252999595801036
200,2004,0.23991094827652
200,2005,0.258062326908111
200,2006,0.270629443724951
200,2007,0.272836013634999
200,2008,0.288955098390579
200,2009,0.29625406563282
200,2010,0.29497930208842
200,2011,0.285333290696144
200,2012,0.298262313008309
200,2013,0.28607903222243
200,2014,0.302366900444031
200,2015,0.302210175991058
200,2016,0.303646911183993
200,2017,0.301141723990441
200,2018,0.324757213393847
200,2019,0.326599256197612
200,2020,0.319453936815262
200,2021,0.33336305419604
200,2022,0.343172307809194
200,2023,0.348065284887949
202,1996,0.390441063543161
202,1998,0.405156181255976
202,2000,0.390025554100672
202,2002,0.400564708312352
202,2003,0.385427605112394
202,2004,0.391111081838608
202,2005,0.407624887426694
202,2006,0.430347972611586
202,2007,0.429136966665586
202,2008,0.425304980576038
202,2009,0.430078828831514
202,2010,0.42572484218205
202,2011,0.420212079895039
202,2012,0.415382828811804
202,2013,0.410308261712392
202,2014,0.400860157112281
202,2015,0.405586262047291
202,2016,0.410355238616467
202,2017,0.396717069546382
202,2018,0.385650931795438
202,2019,0.385982515414556
202,2020,0.377812790870666
202,2021,0.390511192878087
202,2022,0.408179850379626
202,2023,0.422555013497671
203,1996,0.459046293298403
203,1998,0.456966180602709
203,2000,0.464959266285102
203,2002,0.435744469302396
203,2003,0.436095637828112
203,2004,0.438886185735464
203,2005,0.459303677330415
203,2006,0.463258155186971
203,2007,0.460738382488489
203,2008,0.456195402486871
203,2009,0.443931555802313
203,2010,0.442898234600822
203,2011,0.438042978942394
203,2012,0.42987742498517
203,2013,0.433497313037515
203,2014,0.439686399698257
203,2015,0.455030626803637
203,2016,0.461231744537751
203,2017,0.469188466481864
203,2018,0.472281844033083
203,2019,0.46938691586256
203,2020,0.472664473329981
203,2021,0.471075054258108
203,2022,0.484722183893124
203,2023,0.487327264249325
204,1996,0.362379417444269
204,1998,0.376504525790612
204,2000,0.343124708533287
204,2002,0.310410781701406
204,2003,0.291841995716095
204,2004,0.271299535036087
204,2005,0.272682229677836
204,2006,0.294895922144254
204,2007,0.311077731847763
204,2008,0.319915852944056
204,2009,0.321175453066826
204,2010,0.32799145479997
204,2011,0.328675690293312
204,2012,0.321966174244881
204,2013,0.315979658563932
204,2014,0.340839819113413
204,2015,0.333049740393956
204,2016,0.336060525973638
204,2017,0.333863343795141
204,2018,0.336162936687469
204,2019,0.332602073748906
204,2020,0.335325862963994
204,2021,0.335890366633733
204,2022,0.327726006507874
204,2023,0.336748206615448
205,1996,0.196145248413086
205,1998,0.192002681891123
205,2000,0.1757732629776
205,2002,0.172019731998443
205,2003,0.175445806980133
205,2004,0.152758322159449
205,2005,0.166457631190618
205,2006,0.168428023656209
205,2007,0.15925311644872
205,2008,0.159540927410126
205,2009,0.14932324886322
205,2010,0.151678053538005
205,2011,0.176530532042185
205,2012,0.223282704750697
205,2013,0.237957497437795
205,2014,0.259748991330465
205,2015,0.265448937813441
205,2016,0.332215325037638
205,2017,0.319173041979472
205,2018,0.311141522725423
205,2019,0.304955649375916
205,2020,0.301188945770264
205,2021,0.206926659742992
205,2022,0.179777371883392
205,2023,0.166934657096863
206,1996,0.587174437940121
206,1998,0.554750805844863
206,2000,0.555829798678557
206,2002,0.570961126685143
206,2003,0.581418114900589
206,2004,0.580044748385747
206,2005,0.590047946075599
206,2006,0.572726475199064
206,2007,0.564396272599697
206,2008,0.534638870507479
206,2009,0.52998387341698
206,2010,0.558403573185205
206,2011,0.552054308975736
206,2012,0.554161297079797
206,2013,0.564928243060907
206,2014,0.592398182551066
206,2015,0.568951486051083
206,2016,0.553659623426696
206,2017,0.551459781328837
206,2018,0.586915596326192
206,2019,0.577955109129349
206,2020,0.582065936426322
206,2021,0.574660089239478
206,2022,0.587019174578018
206,2023,0.588664495448271
207,1996,0.409408924976985
207,1998,0.4014824817578
207,2000,0.406799963116646
207,2002,0.382018663485845
207,2003,0.382792338728905
207,2004,0.380512957771619
207,2005,0.406806429227193
207,2006,0.390906108915806
207,2007,0.393533215423425
207,2008,0.388743674755097
207,2009,0.394469409187635
207,2010,0.385757248600324
207,2011,0.39180283844471
207,2012,0.3945164869229
207,2013,0.399599471191565
207,2014,0.40516363196075
207,2015,0.414999077717463
207,2016,0.430290733774503
207,2017,0.42474295621117
207,2018,0.4210214599967
207,2019,0.423038016632199
207,2020,0.432567237938444
207,2021,0.431062059352795
207,2022,0.432213857024908
207,2023,0.432144618903597
208,1996,0.792417161166668
208,1998,0.785473713775476
208,2000,0.795339949429035
208,2002,0.787818698336681
208,2003,0.775844484567642
208,2004,0.796261454373598
208,2005,0.796085577209791
208,2006,0.78708719710509
208,2007,0.795155555009842
208,2008,0.805824988087018
208,2009,0.79312759488821
208,2010,0.793846149245898
208,2011,0.794339759896199
208,2012,0.814051344742378
208,2013,0.809025198593736
208,2014,0.81397941360871
208,2015,0.815612915158272
208,2016,0.818043547868728
208,2017,0.821333145101866
208,2018,0.82278358216087
208,2019,0.820621785024802
208,2020,0.822593267758687
208,2021,0.824562003711859
208,2022,0.820391466096043
208,2023,0.825940501441558
209,1996,0.405240167825842
209,1998,0.397374814205406
209,2000,0.408234971254345
209,2002,0.378591680338298
209,2003,0.38338982616698
209,2004,0.387012644859037
209,2005,0.382490857528986
209,2006,0.378024772542363
209,2007,0.386096489765597
209,2008,0.393875818341497
209,2009,0.39085223844326
209,2010,0.381969962518956
209,2011,0.389418370142186
209,2012,0.387956372991585
209,2013,0.389099604118879
209,2014,0.407257004893259
209,2015,0.406959133164819
209,2016,0.415019588298898
209,2017,0.433816125307565
209,2018,0.43656465765145
209,2019,0.427701797246
209,2020,0.439531798764749
209,2021,0.446767843926451
209,2022,0.434809842406094
209,2023,0.443534819678074
210,1996,0.715239918231964
210,1998,0.706009465456009
210,2000,0.720483620961507
210,2002,0.692939103643099
210,2003,0.722367147604624
210,2004,0.733301325639089
210,2005,0.734026145935059
210,2006,0.753666534026464
210,2007,0.736693874994914
210,2008,0.735328676303228
210,2009,0.740009572108586
210,2010,0.744412449995676
210,2011,0.748849135637283
210,2012,0.75218742887179
210,2013,0.764410940806071
210,2014,0.774537446101506
210,2015,0.767130740483602
210,2016,0.767304575443268
210,2017,0.768599979082743
210,2018,0.762784459193548
210,2019,0.758054095506668
210,2020,0.761287599802018
210,2021,0.762947964668273
210,2022,0.77365756034851
210,2023,0.769614418347677
212,1996,0.569801392089132
212,1998,0.572855293682022
212,2000,0.570533682833913
212,2002,0.568601461182836
212,2003,0.564975080251073
212,2004,0.566971731185913
212,2005,0.534026548328499
212,2006,0.551820563028256
212,2007,0.539403391381105
212,2008,0.52186492147545
212,2009,0.500766112903754
212,2010,0.495190699150165
212,2011,0.506262766569853
212,2012,0.504865945503116
212,2013,0.505825496651232
212,2014,0.514444020887216
212,2015,0.521393238504728
212,2016,0.544241802891096
212,2017,0.567372358838717
212,2018,0.577327448874712
212,2019,0.595952465385199
212,2020,0.615232400099437
212,2021,0.604579641421636
212,2022,0.598760542770227
212,2023,0.593799402564764
214,1996,0.421231528736341
214,1998,0.436228974039356
214,2000,0.437817587951819
214,2002,0.404297003491471
214,2003,0.392606748275769
214,2004,0.393721972312778
214,2005,0.400435155680558
214,2006,0.36802241007487
214,2007,0.386797515054544
214,2008,0.393309917549292
214,2009,0.410039582848549
214,2010,0.38909669816494
214,2011,0.353932495911916
214,2012,0.353835756580035
214,2013,0.320639713605245
214,2014,0.317030862967174
214,2015,0.320705231030782
214,2016,0.328601186474164
214,2017,0.334367507696152
214,2018,0.347096529603004
214,2019,0.347802139321963
214,2020,0.339701850215594
214,2021,0.350593973199526
214,2022,0.348804354667664
214,2023,0.363896794617176
215,1996,0.498325994300346
215,1998,0.516416491071383
215,2000,0.514227352984502
215,2002,0.461640492205818
215,2003,0.509493346512318
215,2004,0.503794762119651
215,2005,0.499888104572892
215,2006,0.486697743833065
215,2007,0.507009073098501
215,2008,0.507839960853259
215,2009,0.491793863972028
215,2010,0.479603712881605
215,2011,0.479753452291091
215,2012,0.481134675815701
215,2013,0.472846763022244
215,2014,0.484736339002848
215,2015,0.482903687904278
215,2016,0.482458102703094
215,2017,0.482105001062155
215,2018,0.479461865127087
215,2019,0.478183721192181
215,2020,0.485235266014934
215,2021,0.481135471723974
215,2022,0.486826823155085
215,2023,0.499096792936325
216,1996,0.361160276209315
216,1998,0.30952909886837
216,2000,0.35009547372659
216,2002,0.32681581278642
216,2003,0.310124765833219
216,2004,0.330004193385442
216,2005,0.350212725500266
216,2006,0.373151531070471
216,2007,0.391885833938917
216,2008,0.400312340507905
216,2009,0.403383953069958
216,2010,0.400031811743975
216,2011,0.407801986423631
216,2012,0.421644746760527
216,2013,0.431848060091337
216,2014,0.458434868976474
216,2015,0.437908044457436
216,2016,0.463464295615753
216,2017,0.465934950361649
216,2018,0.470524489693344
216,2019,0.465858072973788
216,2020,0.47832151701053
216,2021,0.484953193863233
216,2022,0.486957231163979
216,2023,0.499194532632828
218,1996,0.82365681330363
218,1998,0.822182587782542
218,2000,0.824261685212453
218,2002,0.825182867050171
218,2003,0.822609035174052
218,2004,0.818501144647598
218,2005,0.810122050841649
218,2006,0.821839984258016
218,2007,0.818028922875722
218,2008,0.822214718659719
218,2009,0.827205228805542
218,2010,0.820689922571182
218,2011,0.820431979497274
218,2012,0.823000399271647
218,2013,0.821745987733205
218,2014,0.82995894352595
218,2015,0.827314035097758
218,2016,0.830111944675445
218,2017,0.830262657006582
218,2018,0.811542858680089
218,2019,0.809407597780228
218,2020,0.795352327823639
218,2021,0.793069205681483
218,2022,0.789587165911993
218,2023,0.786936237414678
219,1996,0.682280321628787
219,1998,0.679208676167764
219,2000,0.683150267872649
219,2002,0.680874385459659
219,2003,0.68053187407398
219,2004,0.685608601570129
219,2005,0.686954764897625
219,2006,0.683553405664861
219,2007,0.679291055941334
219,2008,0.673707025001446
219,2009,0.692306031535069
219,2010,0.694451284532746
219,2011,0.692083670323094
219,2012,0.691052010903756
219,2013,0.689602973560492
219,2014,0.694960505697462
219,2015,0.692003009960883
219,2016,0.696770733466579
219,2017,0.702275108479791
219,2018,0.700900025917734
219,2019,0.694667271706793
219,2020,0.676017353617483
219,2021,0.678778166133496
219,2022,0.679400617563062
219,2023,0.66896664502927
220,1996,0.662159121533235
220,1998,0.662159121533235
220,2000,0.662159121533235
220,2002,0.662159121533235
220,2003,0.662159121533235
220,2004,0.651133402188619
220,2005,0.682451597849528
220,2006,0.677764743566513
220,2007,0.676828098297119
220,2008,0.676174676418304
220,2009,0.650263225038846
220,2010,0.652788081765175
220,2011,0.65913969874382
220,2012,0.654157001773516
220,2013,0.640890689690908
220,2014,0.662159121533235
220,2015,0.662159121533235
220,2016,0.662159121533235
220,2017,0.662159121533235
220,2018,0.662159121533235
220,2019,0.662159121533235
220,2020,0.662159121533235
220,2021,0.662159121533235
220,2022,0.662159121533235
220,2023,0.662159121533235
221,1996,0.682280321628787
221,1998,0.679208676167764
221,2000,0.683150267872649
221,2002,0.680874385459659
221,2003,0.68053187407398
221,2004,0.685608601570129
221,2005,0.686954764897625
221,2006,0.683553405664861
221,2007,0.679291055941334
221,2008,0.673707025001446
221,2009,0.692306031535069
221,2010,0.694451284532746
221,2011,0.692083670323094
221,2012,0.691052010903756
221,2013,0.689602973560492
221,2014,0.694960505697462
221,2015,0.692003009960883
221,2016,0.696770733466579
221,2017,0.702275108479791
221,2018,0.700900025917734
221,2019,0.694667271706793
221,2020,0.676017353617483
221,2021,0.678778166133496
221,2022,0.679400617563062
221,2023,0.66896664502927
222,1996,0.839564168453216
222,1998,0.830190638701121
222,2000,0.840662038326264
222,2002,0.852624793847402
222,2003,0.85173229376475
222,2004,0.86252768834432
222,2005,0.837189904848734
222,2006,0.835242398579916
222,2007,0.849971087773641
222,2008,0.845397790273031
222,2009,0.850767950216929
222,2010,0.846859733263652
222,2011,0.858238550027211
222,2012,0.862580931186676
222,2013,0.855343461036682
222,2014,0.841632274786632
222,2015,0.837419044971466
222,2016,0.837659211953481
222,2017,0.830783637364705
222,2018,0.829750867684682
222,2019,0.830744314193726
222,2020,0.823532732327779
222,2021,0.822022922833761
222,2022,0.814701640605927
222,2023,0.809495564301809
223,1996,0.852123439311981
223,1998,0.845488488674164
223,2000,0.831236056486766
223,2002,0.837122825781505
223,2003,0.825585428873698
223,2004,0.842459583282471
223,2005,0.83954135576884
223,2006,0.832692639032999
223,2007,0.831803226470947
223,2008,0.829628340403239
223,2009,0.832881836096446
223,2010,0.84266847372055
223,2011,0.846860913435618
223,2012,0.856477371851603
223,2013,0.862735537687937
223,2014,0.850441539287567
223,2015,0.847898868719737
223,2016,0.850325075785319
223,2017,0.858913020292918
223,2018,0.847730652491251
223,2019,0.84652928908666
223,2020,0.850652194023132
223,2021,0.842229906717936
223,2022,0.83094218770663
223,2023,0.833835788567861
224,1996,0.728260300556819
224,1998,0.684026291469733
224,2000,0.719525567690532
224,2002,0.743645747502645
224,2003,0.719857676823934
224,2004,0.729130667448044
224,2005,0.740990579128265
224,2006,0.721694552898407
224,2007,0.724130511283874
224,2008,0.717946420113246
224,2009,0.723325894276301
224,2010,0.733823545773824
224,2011,0.728640046715737
224,2012,0.731797900795937
224,2013,0.728833272059759
224,2014,0.727083877722422
224,2015,0.702343420187632
224,2016,0.685971083243688
224,2017,0.68416496515274
224,2018,0.684826816121737
224,2019,0.66301677779605
224,2020,0.65753256517152
224,2021,0.649718049665292
224,2022,0.643002053598563
224,2023,0.64636980642875
227,1996,0.758271983495125
227,1998,0.758271983495125
227,2000,0.758271983495125
227,2002,0.758271983495125
227,2003,0.758271983495125
227,2004,0.758271983495125
227,2005,0.758271983495125
227,2006,0.758271983495125
227,2007,0.758271983495125
227,2008,0.758271983495125
227,2009,0.758271983495125
227,2010,0.758271983495125
227,2011,0.776001648108165
227,2012,0.776365669568379
227,2013,0.774637730916341
227,2014,0.772964235146841
227,2015,0.767989158630371
227,2016,0.744045412540435
227,2017,0.743235373497009
227,2018,0.741996433337529
227,2019,0.7462872783343
227,2020,0.74803050160408
227,2021,0.74421663681666
227,2022,0.758611112833023
227,2023,0.763154594103495
228,1996,0.758271983495125
228,1998,0.758271983495125
228,2000,0.758271983495125
228,2002,0.758271983495125
228,2003,0.758271983495125
228,2004,0.758271983495125
228,2005,0.758271983495125
228,2006,0.758271983495125
228,2007,0.758271983495125
228,2008,0.758271983495125
228,2009,0.758271983495125
228,2010,0.758271983495125
228,2011,0.776001648108165
228,2012,0.776365669568379
228,2013,0.774637730916341
228,2014,0.772964235146841
228,2015,0.767989158630371
228,2016,0.744045412540435
228,2017,0.743235373497009
228,2018,0.741996433337529
228,2019,0.7462872783343
228,2020,0.74803050160408
228,2021,0.74421663681666
228,2022,0.758611112833023
228,2023,0.763154594103495
231,1996,0.298079106545907
231,1998,0.298834380841715
231,2000,0.435172467791673
231,2002,0.390802465875943
231,2003,0.398772822817167
231,2004,0.399594008922577
231,2005,0.361799832681815
231,2006,0.313824400678277
231,2007,0.313574005663395
231,2008,0.343673091630141
231,2009,0.339094638327757
231,2010,0.343069660787781
231,2011,0.347374396026135
231,2012,0.356819208959739
231,2013,0.352048061539729
231,2014,0.37356950143973
231,2015,0.372043715417385
231,2016,0.381885556255778
231,2017,0.397437065343062
231,2018,0.406025671958923
231,2019,0.414507025976976
231,2020,0.416963631411393
231,2021,0.433842354516188
231,2022,0.445241383711497
231,2023,0.443433443208536
232,1996,0.389555766930183
232,1998,0.369743754311154
232,2000,0.380800439169009
232,2002,0.400885265072187
232,2003,0.418614725271861
232,2004,0.447825907667478
232,2005,0.420560762782892
232,2006,0.428220203022162
232,2007,0.4170079489549
232,2008,0.430911538408448
232,2009,0.425492601981387
232,2010,0.422391194601854
232,2011,0.418888445943594
232,2012,0.444618485743801
232,2013,0.452875173091888
232,2014,0.46479187682271
232,2015,0.433515387028456
232,2016,0.439844042062759
232,2017,0.437000368783871
232,2018,0.423184082408746
232,2019,0.420775207380454
232,2020,0.40039326697588
232,2021,0.400781498849392
232,2022,0.39927337616682
232,2023,0.409489251176516
237,1996,0.298079106545907
237,1998,0.298834380841715
237,2000,0.435172467791673
237,2002,0.390802465875943
237,2003,0.398772822817167
237,2004,0.399594008922577
237,2005,0.361799832681815
237,2006,0.313824400678277
237,2007,0.313574005663395
237,2008,0.343673091630141
237,2009,0.339094638327757
237,2010,0.343069660787781
237,2011,0.347374396026135
237,2012,0.356819208959739
237,2013,0.352048061539729
237,2014,0.37356950143973
237,2015,0.372043715417385
237,2016,0.381885556255778
237,2017,0.397437065343062
237,2018,0.406025671958923
237,2019,0.414507025976976
237,2020,0.416963631411393
237,2021,0.433842354516188
237,2022,0.445241383711497
237,2023,0.443433443208536
244,1996,0.662159121533235
244,1998,0.662159121533235
244,2000,0.662159121533235
244,2002,0.662159121533235
244,2003,0.662159121533235
244,2004,0.651133402188619
244,2005,0.682451597849528
244,2006,0.677764743566513
244,2007,0.676828098297119
244,2008,0.676174676418304
244,2009,0.650263225038846
244,2010,0.652788081765175
244,2011,0.65913969874382
244,2012,0.654157001773516
244,2013,0.640890689690908
244,2014,0.662159121533235
244,2015,0.662159121533235
244,2016,0.662159121533235
244,2017,0.662159121533235
244,2018,0.662159121533235
244,2019,0.662159121533235
244,2020,0.662159121533235
244,2021,0.662159121533235
244,2022,0.662159121533235
244,2023,0.662159121533235
245,1996,0.662159121533235
245,1998,0.662159121533235
245,2000,0.662159121533235
245,2002,0.662159121533235
245,2003,0.662159121533235
245,2004,0.651133402188619
245,2005,0.682451597849528
245,2006,0.677764743566513
245,2007,0.676828098297119
245,2008,0.676174676418304
245,2009,0.650263225038846
245,2010,0.652788081765175
245,2011,0.65913969874382
245,2012,0.654157001773516
245,2013,0.640890689690908
245,2014,0.662159121533235
245,2015,0.662159121533235
245,2016,0.662159121533235
245,2017,0.662159121533235
245,2018,0.662159121533235
245,2019,0.662159121533235
245,2020,0.662159121533235
245,2021,0.662159121533235
245,2022,0.662159121533235
245,2023,0.662159121533235
247,1996,0.638589850068092
247,1998,0.601875341931979
247,2000,0.608940786123276
247,2002,0.599694727857908
247,2003,0.597233371933301
247,2004,0.591943644483884
247,2005,0.58046323855718
247,2006,0.571459467957417
247,2007,0.585359266400337
247,2008,0.590426016847293
247,2009,0.647404776016871
247,2010,0.642087793350219
247,2011,0.640421392520268
247,2012,0.623741465806961
247,2013,0.625363328059514
247,2014,0.623254629969597
247,2015,0.608724823594093
247,2016,0.597944625218709
247,2017,0.610404189427694
247,2018,0.620968212683995
247,2019,0.613462263345719
247,2020,0.656412754456202
247,2021,0.659831895430883
247,2022,0.667509990930557
247,2023,0.673137207825979
248,1996,0.662159121533235
248,1998,0.662159121533235
248,2000,0.662159121533235
248,2002,0.662159121533235
248,2003,0.662159121533235
248,2004,0.651133402188619
248,2005,0.682451597849528
248,2006,0.677764743566513
248,2007,0.676828098297119
248,2008,0.676174676418304
248,2009,0.650263225038846
248,2010,0.652788081765175
248,2011,0.65913969874382
248,2012,0.654157001773516
248,2013,0.640890689690908
248,2014,0.662159121533235
248,2015,0.662159121533235
248,2016,0.662159121533235
248,2017,0.662159121533235
248,2018,0.662159121533235
248,2019,0.662159121533235
248,2020,0.662159121533235
248,2021,0.662159121533235
248,2022,0.662159121533235
248,2023,0.662159121533235
249,1996,0.662159121533235
249,1998,0.662159121533235
249,2000,0.662159121533235
249,2002,0.662159121533235
249,2003,0.662159121533235
249,2004,0.651133402188619
249,2005,0.682451597849528
249,2006,0.677764743566513
249,2007,0.676828098297119
249,2008,0.676174676418304
249,2009,0.650263225038846
249,2010,0.652788081765175
249,2011,0.65913969874382
249,2012,0.654157001773516
249,2013,0.640890689690908
249,2014,0.662159121533235
249,2015,0.662159121533235
249,2016,0.662159121533235
249,2017,0.662159121533235
249,2018,0.662159121533235
249,2019,0.662159121533235
249,2020,0.662159121533235
249,2021,0.662159121533235
249,2022,0.662159121533235
249,2023,0.662159121533235
250,1996,0.730970048308373
250,1998,0.730970048308373
250,2000,0.730970048308373
250,2002,0.730970048308373
250,2003,0.730970048308373
250,2004,0.695219115416209
250,2005,0.726613996426264
250,2006,0.717252771059672
250,2007,0.715694665908814
250,2008,0.71910742521286
250,2009,0.756506971518199
250,2010,0.750381048520406
250,2011,0.751281261444091
250,2012,0.753442505995433
250,2013,0.754816142717997
250,2014,0.72082270582517
250,2015,0.738847172260284
250,2016,0.739608112970988
250,2017,0.74008026321729
250,2018,0.731570994853973
250,2019,0.727835917472839
250,2020,0.737087901433309
250,2021,0.717363945643107
250,2022,0.720100408792496
250,2023,0.705767639478047
